[SCOUT] Connecting to mavlink-router TCP 127.0.0.1:5760
[SCOUT] Connected
[TELEM] Connecting to MAVLink router UDP 14550[MAIN] Waiting for telemetry (GPS)...

[TELEM] Waiting for heartbeat...
[TELEM] Heartbeat OK
[MAIN] Telemetry ready: lat=28.4586362, lon=77.5054388, h=2.528
Loading model engine: best.engine
[SCOUT] Connecting to mavlink-router TCP 127.0.0.1:5760
[SCOUT] Connected
[TELEM] Connecting to MAVLink router UDP 14550[MAIN] Waiting for telemetry (GPS)...

[TELEM] Waiting for heartbeat...
[TELEM] Heartbeat OK
[MAIN] Telemetry ready: lat=28.4586362, lon=77.5054388, h=2.553
Loading model engine: best.engine
[SCOUT] Connecting to mavlink-router TCP 127.0.0.1:5760
[SCOUT] Connected
[TELEM] Connecting to MAVLink router UDP 14550[MAIN] Waiting for telemetry (GPS)...

[TELEM] Waiting for heartbeat...
[TELEM] Heartbeat OK
[MAIN] Telemetry ready: lat=28.4586362, lon=77.5054388, h=2.558
Loading model engine: best.engine
[SCOUT] Connecting to mavlink-router TCP 127.0.0.1:5760
[SCOUT] Connected
[TELEM] Connecting to MAVLink router UDP 14550[MAIN] Waiting for telemetry (GPS)...

[TELEM] Waiting for heartbeat...
[TELEM] Heartbeat OK
[MAIN] Telemetry ready: lat=28.4586362, lon=77.5054388, h=2.543
Loading model engine: best.engine
[SCOUT] Connecting to mavlink-router TCP 127.0.0.1:5760
[SCOUT] Connected
[TELEM] Connecting to MAVLink router UDP 14550
[MAIN] Waiting for telemetry (GPS)...[TELEM] Waiting for heartbeat...

[TELEM] Heartbeat OK
[MAIN] Telemetry ready: lat=28.4586362, lon=77.5054388, h=2.556
Loading model engine: best.engine
[SCOUT] Connecting to mavlink-router TCP 127.0.0.1:5760
[SCOUT] Connected
[TELEM] Connecting to MAVLink router UDP 14550[MAIN] Waiting for telemetry (GPS)...

[TELEM] Waiting for heartbeat...
[TELEM] Heartbeat OK
[MAIN] Telemetry ready: lat=28.4586362, lon=77.5054388, h=2.573
Loading model engine: best.engine
[SCOUT] Connecting to mavlink-router TCP 127.0.0.1:5760
[SCOUT] Connected
[TELEM] Connecting to MAVLink router UDP 14550[MAIN] Waiting for telemetry (GPS)...

[TELEM] Waiting for heartbeat...
[TELEM] Heartbeat OK
[MAIN] Telemetry ready: lat=28.4586362, lon=77.5054388, h=2.625
Loading model engine: best.engine
[SCOUT] Connecting to mavlink-router TCP 127.0.0.1:5760
[SCOUT] Connected
[TELEM] Connecting to MAVLink router UDP 14550[MAIN] Waiting for telemetry (GPS)...

[TELEM] Waiting for heartbeat...
[TELEM] Heartbeat OK
[MAIN] Telemetry ready: lat=28.4586362, lon=77.5054388, h=2.597
Loading model engine: best.engine
[SCOUT] Connecting to mavlink-router TCP 127.0.0.1:5760
[SCOUT] Connected
[TELEM] Connecting to MAVLink router UDP 14550[MAIN] Waiting for telemetry (GPS)...

[TELEM] Waiting for heartbeat...
[TELEM] Heartbeat OK
[MAIN] Telemetry ready: lat=28.4586362, lon=77.5054388, h=2.788
Loading model engine: best.engine
[SCOUT] Connecting to mavlink-router TCP 127.0.0.1:5760
[SCOUT] Connected
[TELEM] Connecting to MAVLink router UDP 14550[MAIN] Waiting for telemetry (GPS)...

[TELEM] Waiting for heartbeat...
[TELEM] Heartbeat OK
[MAIN] Telemetry ready: lat=28.4586362, lon=77.5054388, h=2.831
Loading model engine: best.engine
[SCOUT] Connecting to mavlink-router TCP 127.0.0.1:5760
[SCOUT] Connected
[TELEM] Connecting to MAVLink router UDP 14550[MAIN] Waiting for telemetry (GPS)...

[TELEM] Waiting for heartbeat...
[TELEM] Heartbeat OK
[MAIN] Telemetry ready: lat=28.4586362, lon=77.5054388, h=2.84
Loading model engine: best.engine
[SCOUT] Connecting to mavlink-router TCP 127.0.0.1:5760
[SCOUT] Connected
[TELEM] Connecting to MAVLink router UDP 14550[MAIN] Waiting for telemetry (GPS)...

[TELEM] Waiting for heartbeat...
[TELEM] Heartbeat OK
[MAIN] Telemetry ready: lat=28.4586362, lon=77.5054388, h=2.868
Loading model engine: best.engine
[SCOUT] Connecting to mavlink-router TCP 127.0.0.1:5760
[SCOUT] Connected
[TELEM] Connecting to MAVLink router UDP 14550[MAIN] Waiting for telemetry (GPS)...

[TELEM] Waiting for heartbeat...
[TELEM] Heartbeat OK
[MAIN] Telemetry ready: lat=28.4586362, lon=77.5054388, h=2.88
Loading model engine: best.engine
[SCOUT] Connecting to mavlink-router TCP 127.0.0.1:5760
[SCOUT] Connected
[TELEM] Connecting to MAVLink router UDP 14550[MAIN] Waiting for telemetry (GPS)...

[TELEM] Waiting for heartbeat...
[TELEM] Heartbeat OK
[MAIN] Telemetry ready: lat=28.4586362, lon=77.5054388, h=2.895
Loading model engine: best.engine
[SCOUT] Connecting to mavlink-router TCP 127.0.0.1:5760
[SCOUT] Connected
[TELEM] Connecting to MAVLink router UDP 14550[MAIN] Waiting for telemetry (GPS)...

[TELEM] Waiting for heartbeat...
[TELEM] Heartbeat OK
[MAIN] Telemetry ready: lat=28.4586362, lon=77.5054388, h=2.893
Loading model engine: best.engine
[SCOUT] Connecting to mavlink-router TCP 127.0.0.1:5760
[SCOUT] Connected
[TELEM] Connecting to MAVLink router UDP 14550[MAIN] Waiting for telemetry (GPS)...

[TELEM] Waiting for heartbeat...
[TELEM] Heartbeat OK
[MAIN] Telemetry ready: lat=28.4586362, lon=77.5054388, h=2.918
Loading model engine: best.engine
[SCOUT] Connecting to mavlink-router TCP 127.0.0.1:5760
[SCOUT] Connected
[TELEM] Connecting to MAVLink router UDP 14550[MAIN] Waiting for telemetry (GPS)...

[TELEM] Waiting for heartbeat...
[TELEM] Heartbeat OK
[MAIN] Telemetry ready: lat=28.4586362, lon=77.5054388, h=2.895
Loading model engine: best.engine
[SCOUT] Connecting to mavlink-router TCP 127.0.0.1:5760
[SCOUT] Connected
[TELEM] Connecting to MAVLink router UDP 14550[MAIN] Waiting for telemetry (GPS)...

[TELEM] Waiting for heartbeat...
[TELEM] Heartbeat OK
[MAIN] Telemetry ready: lat=28.4586362, lon=77.5054388, h=3.007
Loading model engine: best.engine
[SCOUT] Connecting to mavlink-router TCP 127.0.0.1:5760
[SCOUT] Connected
[TELEM] Connecting to MAVLink router UDP 14550[MAIN] Waiting for telemetry (GPS)...

[TELEM] Waiting for heartbeat...
[TELEM] Heartbeat OK
[MAIN] Telemetry ready: lat=28.4586362, lon=77.5054388, h=2.971
Loading model engine: best.engine
[SCOUT] Connecting to mavlink-router TCP 127.0.0.1:5760
[SCOUT] Connected
[TELEM] Connecting to MAVLink router UDP 14550[MAIN] Waiting for telemetry (GPS)...

[TELEM] Waiting for heartbeat...
[TELEM] Heartbeat OK
[MAIN] Telemetry ready: lat=28.4586362, lon=77.5054388, h=2.946
Loading model engine: best.engine
[SCOUT] Connecting to mavlink-router TCP 127.0.0.1:5760
[SCOUT] Connected
[TELEM] Connecting to MAVLink router UDP 14550[MAIN] Waiting for telemetry (GPS)...

[TELEM] Waiting for heartbeat...
[TELEM] Heartbeat OK
[MAIN] Telemetry ready: lat=28.4586362, lon=77.5054388, h=2.998
Loading model engine: best.engine
[SCOUT] Connecting to mavlink-router TCP 127.0.0.1:5760
[SCOUT] Connected
[TELEM] Connecting to MAVLink router UDP 14550[MAIN] Waiting for telemetry (GPS)...

[TELEM] Waiting for heartbeat...
[TELEM] Heartbeat OK
[MAIN] Telemetry ready: lat=0.0, lon=0.0, h=-0.152
Loading model engine: best.engine
[SCOUT] Connecting to mavlink-router TCP 127.0.0.1:5760
[SCOUT] Connected
[TELEM] Connecting to MAVLink router UDP 14550[MAIN] Waiting for telemetry (GPS)...

[TELEM] Waiting for heartbeat...
[TELEM] Heartbeat OK
[MAIN] Telemetry ready: lat=0.0, lon=0.0, h=-0.129
Loading model engine: best.engine
[SCOUT] Connecting to mavlink-router TCP 127.0.0.1:5760
[SCOUT] Connected
[TELEM] Connecting to MAVLink router UDP 14550[MAIN] Waiting for telemetry (GPS)...

[TELEM] Waiting for heartbeat...
[TELEM] Heartbeat OK
[MAIN] Telemetry ready: lat=0.0, lon=0.0, h=-0.217
Loading model engine: best.engine
[SCOUT] Connecting to mavlink-router TCP 127.0.0.1:5760
[SCOUT] Connected
[TELEM] Connecting to MAVLink router UDP 14550[MAIN] Waiting for telemetry (GPS)...

[TELEM] Waiting for heartbeat...
[TELEM] Heartbeat OK
[MAIN] Telemetry ready: lat=0.0, lon=0.0, h=0.026
Loading model engine: best.engine
[SCOUT] Connecting to mavlink-router TCP 127.0.0.1:5760
[SCOUT] Connected
[TELEM] Connecting to MAVLink router UDP 14550[MAIN] Waiting for telemetry (GPS)...

[TELEM] Waiting for heartbeat...
[TELEM] Heartbeat OK
[MAIN] Telemetry ready: lat=0.0, lon=0.0, h=-0.079
Loading model engine: best.engine
[SCOUT] Connecting to mavlink-router TCP 127.0.0.1:5760
[SCOUT] Connected
[TELEM] Connecting to MAVLink router UDP 14550[MAIN] Waiting for telemetry (GPS)...

[TELEM] Waiting for heartbeat...
[TELEM] Heartbeat OK
[MAIN] Telemetry ready: lat=0.0, lon=0.0, h=-0.132
Loading model engine: best.engine
[SCOUT] Connecting to mavlink-router TCP 127.0.0.1:5760
[SCOUT] Connected
[TELEM] Connecting to MAVLink router UDP 14550[MAIN] Waiting for telemetry (GPS)...

[TELEM] Waiting for heartbeat...
[TELEM] Heartbeat OK
[MAIN] Telemetry ready: lat=0.0, lon=0.0, h=-0.238
Loading model engine: best.engine
[SCOUT] Connecting to mavlink-router TCP 127.0.0.1:5760
[SCOUT] Connected
[TELEM] Connecting to MAVLink router UDP 14550[MAIN] Waiting for telemetry (GPS)...

[TELEM] Waiting for heartbeat...
[TELEM] Heartbeat OK
[MAIN] Telemetry ready: lat=0.0, lon=0.0, h=0.017
Loading model engine: best.engine
[SCOUT] Connecting to mavlink-router TCP 127.0.0.1:5760
[SCOUT] Connected
[TELEM] Connecting to MAVLink router UDP 14550[MAIN] Waiting for telemetry (GPS)...

[TELEM] Waiting for heartbeat...
[TELEM] Heartbeat OK
[MAIN] Telemetry ready: lat=0.0, lon=0.0, h=0.041
Loading model engine: best.engine
[SCOUT] Connecting to mavlink-router TCP 127.0.0.1:5760
[SCOUT] Connected
[TELEM] Connecting to MAVLink router UDP 14550[MAIN] Waiting for telemetry (GPS)...

[TELEM] Waiting for heartbeat...
[TELEM] Heartbeat OK
[MAIN] Telemetry ready: lat=0.0, lon=0.0, h=-0.041
Loading model engine: best.engine
[SCOUT] Connecting to mavlink-router TCP 127.0.0.1:5760
[SCOUT] Connected
[TELEM] Connecting to MAVLink router UDP 14550[MAIN] Waiting for telemetry (GPS)...

[TELEM] Waiting for heartbeat...
[TELEM] Heartbeat OK
[MAIN] Telemetry ready: lat=0.0, lon=0.0, h=-0.017
Loading model engine: best.engine
[SCOUT] Connecting to mavlink-router TCP 127.0.0.1:5760
[SCOUT] Connected
[TELEM] Connecting to MAVLink router UDP 14550[MAIN] Waiting for telemetry (GPS)...

[TELEM] Waiting for heartbeat...
[TELEM] Heartbeat OK
[MAIN] Telemetry ready: lat=0.0, lon=0.0, h=-0.073
Loading model engine: best.engine
[SCOUT] Connecting to mavlink-router TCP 127.0.0.1:5760
[SCOUT] Connected
[TELEM] Connecting to MAVLink router UDP 14550[MAIN] Waiting for telemetry (GPS)...

[TELEM] Waiting for heartbeat...
[TELEM] Heartbeat OK
[MAIN] Telemetry ready: lat=0.0, lon=0.0, h=-0.008
Loading model engine: best.engine
[SCOUT] Connecting to mavlink-router TCP 127.0.0.1:5760
[SCOUT] Connected
[TELEM] Connecting to MAVLink router UDP 14550[MAIN] Waiting for telemetry (GPS)...

[TELEM] Waiting for heartbeat...
[TELEM] Heartbeat OK
[MAIN] Telemetry ready: lat=0.0, lon=0.0, h=0.182
Loading model engine: best.engine
[SCOUT] Connecting to mavlink-router TCP 127.0.0.1:5760
[SCOUT] Connected
[TELEM] Connecting to MAVLink router UDP 14550[MAIN] Waiting for telemetry (GPS)...

[TELEM] Waiting for heartbeat...
[TELEM] Heartbeat OK
[MAIN] Telemetry ready: lat=0.0, lon=0.0, h=-0.111
Loading model engine: best.engine
[SCOUT] Connecting to mavlink-router TCP 127.0.0.1:5760
[SCOUT] Connected
[TELEM] Connecting to MAVLink router UDP 14550[MAIN] Waiting for telemetry (GPS)...

[TELEM] Waiting for heartbeat...
[TELEM] Heartbeat OK
[MAIN] Telemetry ready: lat=0.0, lon=0.0, h=0.211
Loading model engine: best.engine
[SCOUT] Connecting to mavlink-router TCP 127.0.0.1:5760
[SCOUT] Connected
[TELEM] Connecting to MAVLink router UDP 14550[MAIN] Waiting for telemetry (GPS)...

[TELEM] Waiting for heartbeat...
[TELEM] Heartbeat OK
[MAIN] Telemetry ready: lat=0.0, lon=0.0, h=0.229
Loading model engine: best.engine
[SCOUT] Connecting to mavlink-router TCP 127.0.0.1:5760
[SCOUT] Connected
[TELEM] Connecting to MAVLink router UDP 14550[MAIN] Waiting for telemetry (GPS)...

[TELEM] Waiting for heartbeat...
[TELEM] Heartbeat OK
[MAIN] Telemetry ready: lat=0.0, lon=0.0, h=0.061
Loading model engine: best.engine
[SCOUT] Connecting to mavlink-router TCP 127.0.0.1:5760
[SCOUT] Connected
[TELEM] Connecting to MAVLink router UDP 14550[MAIN] Waiting for telemetry (GPS)...

[TELEM] Waiting for heartbeat...
[TELEM] Heartbeat OK
[MAIN] Telemetry ready: lat=0.0, lon=0.0, h=0.085
Loading model engine: best.engine
[SCOUT] Connecting to mavlink-router TCP 127.0.0.1:5760
[SCOUT] Connected
[TELEM] Connecting to MAVLink router UDP 14550[MAIN] Waiting for telemetry (GPS)...

[TELEM] Waiting for heartbeat...
[TELEM] Heartbeat OK
[MAIN] Telemetry ready: lat=0.0, lon=0.0, h=0.149
Loading model engine: best.engine
[SCOUT] Connecting to mavlink-router TCP 127.0.0.1:5760
[SCOUT] Connected
[TELEM] Connecting to MAVLink router UDP 14550[MAIN] Waiting for telemetry (GPS)...

[TELEM] Waiting for heartbeat...
[TELEM] Heartbeat OK
[MAIN] Telemetry ready: lat=0.0, lon=0.0, h=0.264
Loading model engine: best.engine
[SCOUT] Connecting to mavlink-router TCP 127.0.0.1:5760
[SCOUT] Connected
[TELEM] Connecting to MAVLink router UDP 14550[MAIN] Waiting for telemetry (GPS)...

[TELEM] Waiting for heartbeat...
[TELEM] Heartbeat OK
[MAIN] Telemetry ready: lat=0.0, lon=0.0, h=0.543
Loading model engine: best.engine
[SCOUT] Connecting to mavlink-router TCP 127.0.0.1:5760
[SCOUT] Connected
[TELEM] Connecting to MAVLink router UDP 14550[MAIN] Waiting for telemetry (GPS)...

[TELEM] Waiting for heartbeat...
[TELEM] Heartbeat OK
[MAIN] Telemetry ready: lat=0.0, lon=0.0, h=0.308
Loading model engine: best.engine
[SCOUT] Connecting to mavlink-router TCP 127.0.0.1:5760
[SCOUT] Connected
[TELEM] Connecting to MAVLink router UDP 14550[MAIN] Waiting for telemetry (GPS)...

[TELEM] Waiting for heartbeat...
[TELEM] Heartbeat OK
[MAIN] Telemetry ready: lat=0.0, lon=0.0, h=0.323
Loading model engine: best.engine
[SCOUT] Connecting to mavlink-router TCP 127.0.0.1:5760
[SCOUT] Connected
[TELEM] Connecting to MAVLink router UDP 14550[MAIN] Waiting for telemetry (GPS)...

[TELEM] Waiting for heartbeat...
[TELEM] Heartbeat OK
[MAIN] Telemetry ready: lat=0.0, lon=0.0, h=0.488
Loading model engine: best.engine
[SCOUT] Connecting to mavlink-router TCP 127.0.0.1:5760
[SCOUT] Connected
[TELEM] Connecting to MAVLink router UDP 14550[MAIN] Waiting for telemetry (GPS)...

[TELEM] Waiting for heartbeat...
[TELEM] Heartbeat OK
[MAIN] Telemetry ready: lat=0.0, lon=0.0, h=0.332
Loading model engine: best.engine
[SCOUT] Connecting to mavlink-router TCP 127.0.0.1:5760
[SCOUT] Connected
[TELEM] Connecting to MAVLink router UDP 14550[MAIN] Waiting for telemetry (GPS)...

[TELEM] Waiting for heartbeat...
[TELEM] Heartbeat OK
[MAIN] Telemetry ready: lat=0.0, lon=0.0, h=0.438
Loading model engine: best.engine
[SCOUT] Connecting to mavlink-router TCP 127.0.0.1:5760
[SCOUT] Connected
[TELEM] Connecting to MAVLink router UDP 14550[MAIN] Waiting for telemetry (GPS)...

[TELEM] Waiting for heartbeat...
[TELEM] Heartbeat OK
[MAIN] Telemetry ready: lat=0.0, lon=0.0, h=0.335
Loading model engine: best.engine
[SCOUT] Connecting to mavlink-router TCP 127.0.0.1:5760
[SCOUT] Connected
[TELEM] Connecting to MAVLink router UDP 14550[MAIN] Waiting for telemetry (GPS)...

[TELEM] Waiting for heartbeat...
[TELEM] Heartbeat OK
[MAIN] Telemetry ready: lat=0.0, lon=0.0, h=0.561
Loading model engine: best.engine
[SCOUT] Connecting to mavlink-router TCP 127.0.0.1:5760
[SCOUT] Connected
[TELEM] Connecting to MAVLink router UDP 14550[MAIN] Waiting for telemetry (GPS)...

[TELEM] Waiting for heartbeat...
[TELEM] Heartbeat OK
[MAIN] Telemetry ready: lat=0.0, lon=0.0, h=0.623
Loading model engine: best.engine
[SCOUT] Connecting to mavlink-router TCP 127.0.0.1:5760
[SCOUT] Connected
[TELEM] Connecting to MAVLink router UDP 14550[MAIN] Waiting for telemetry (GPS)...

[TELEM] Waiting for heartbeat...
[TELEM] Heartbeat OK
[MAIN] Telemetry ready: lat=0.0, lon=0.0, h=0.429
Loading model engine: best.engine
[SCOUT] Connecting to mavlink-router TCP 127.0.0.1:5760
[SCOUT] Connected
[TELEM] Connecting to MAVLink router UDP 14550[MAIN] Waiting for telemetry (GPS)...

[TELEM] Waiting for heartbeat...
[TELEM] Heartbeat OK
[MAIN] Telemetry ready: lat=0.0, lon=0.0, h=0.614
Loading model engine: best.engine
[SCOUT] Connecting to mavlink-router TCP 127.0.0.1:5760
[SCOUT] Connected
[TELEM] Connecting to MAVLink router UDP 14550[MAIN] Waiting for telemetry (GPS)...

[TELEM] Waiting for heartbeat...
[TELEM] Heartbeat OK
[MAIN] Telemetry ready: lat=0.0, lon=0.0, h=0.743
Loading model engine: best.engine
[SCOUT] Connecting to mavlink-router TCP 127.0.0.1:5760
[SCOUT] Connected
[TELEM] Connecting to MAVLink router UDP 14550[MAIN] Waiting for telemetry (GPS)...

[TELEM] Waiting for heartbeat...
[TELEM] Heartbeat OK
[MAIN] Telemetry ready: lat=0.0, lon=0.0, h=0.611
Loading model engine: best.engine
[SCOUT] Connecting to mavlink-router TCP 127.0.0.1:5760
[SCOUT] Connected
[TELEM] Connecting to MAVLink router UDP 14550[MAIN] Waiting for telemetry (GPS)...

[TELEM] Waiting for heartbeat...
[TELEM] Heartbeat OK
[MAIN] Telemetry ready: lat=0.0, lon=0.0, h=0.776
Loading model engine: best.engine
[SCOUT] Connecting to mavlink-router TCP 127.0.0.1:5760
[SCOUT] Connected
[TELEM] Connecting to MAVLink router UDP 14550[MAIN] Waiting for telemetry (GPS)...

[TELEM] Waiting for heartbeat...
[TELEM] Heartbeat OK
[MAIN] Telemetry ready: lat=0.0, lon=0.0, h=0.682
Loading model engine: best.engine
[SCOUT] Connecting to mavlink-router TCP 127.0.0.1:5760
[SCOUT] Connected
[TELEM] Connecting to MAVLink router UDP 14550[MAIN] Waiting for telemetry (GPS)...

[TELEM] Waiting for heartbeat...
[TELEM] Heartbeat OK
[MAIN] Telemetry ready: lat=0.0, lon=0.0, h=0.546
Loading model engine: best.engine
[SCOUT] Connecting to mavlink-router TCP 127.0.0.1:5760
[SCOUT] Connected
[TELEM] Connecting to MAVLink router UDP 14550[MAIN] Waiting for telemetry (GPS)...

[TELEM] Waiting for heartbeat...
[TELEM] Heartbeat OK
[MAIN] Telemetry ready: lat=0.0, lon=0.0, h=0.796
Loading model engine: best.engine
[SCOUT] Connecting to mavlink-router TCP 127.0.0.1:5760
[SCOUT] Connected
[TELEM] Connecting to MAVLink router UDP 14550[MAIN] Waiting for telemetry (GPS)...

[TELEM] Waiting for heartbeat...
[TELEM] Heartbeat OK
[MAIN] Telemetry ready: lat=0.0, lon=0.0, h=0.82
Loading model engine: best.engine
[SCOUT] Connecting to mavlink-router TCP 127.0.0.1:5760
[SCOUT] Connected
[TELEM] Connecting to MAVLink router UDP 14550[MAIN] Waiting for telemetry (GPS)...

[TELEM] Waiting for heartbeat...
[TELEM] Heartbeat OK
[MAIN] Telemetry ready: lat=28.4582007, lon=77.5059565, h=0.652
Loading model engine: best.engine
[SCOUT] Connecting to mavlink-router TCP 127.0.0.1:5760
[SCOUT] Connected
[TELEM] Connecting to MAVLink router UDP 14550[MAIN] Waiting for telemetry (GPS)...

[TELEM] Waiting for heartbeat...
[TELEM] Heartbeat OK
[MAIN] Telemetry ready: lat=28.4582585, lon=77.5059504, h=0.746
Loading model engine: best.engine
[SCOUT] Connecting to mavlink-router TCP 127.0.0.1:5760
[SCOUT] Connected
[TELEM] Connecting to MAVLink router UDP 14550[MAIN] Waiting for telemetry (GPS)...

[TELEM] Waiting for heartbeat...
[TELEM] Heartbeat OK
[MAIN] Telemetry ready: lat=28.4585415, lon=77.5057598, h=0.996
Loading model engine: best.engine
[SCOUT] Connecting to mavlink-router TCP 127.0.0.1:5760
[SCOUT] Connected
[TELEM] Connecting to MAVLink router UDP 14550[MAIN] Waiting for telemetry (GPS)...

[TELEM] Waiting for heartbeat...
[TELEM] Heartbeat OK
[MAIN] Telemetry ready: lat=28.4585387, lon=77.5057613, h=0.817
Loading model engine: best.engine
[SCOUT] Connecting to mavlink-router TCP 127.0.0.1:5760
[SCOUT] Connected
[TELEM] Connecting to MAVLink router UDP 14550[MAIN] Waiting for telemetry (GPS)...

[TELEM] Waiting for heartbeat...
[TELEM] Heartbeat OK
[MAIN] Telemetry ready: lat=28.4585373, lon=77.5057645, h=0.949
Loading model engine: best.engine
[SCOUT] Connecting to mavlink-router TCP 127.0.0.1:5760
[SCOUT] Connected
[TELEM] Connecting to MAVLink router UDP 14550[MAIN] Waiting for telemetry (GPS)...

[TELEM] Waiting for heartbeat...
[TELEM] Heartbeat OK
[MAIN] Telemetry ready: lat=28.4585455, lon=77.5057638, h=0.77
Loading model engine: best.engine
[SCOUT] Connecting to mavlink-router TCP 127.0.0.1:5760
[SCOUT] Connected
[TELEM] Connecting to MAVLink router UDP 14550[MAIN] Waiting for telemetry (GPS)...

[TELEM] Waiting for heartbeat...
[TELEM] Heartbeat OK
[MAIN] Telemetry ready: lat=28.458547, lon=77.505768, h=0.923
Loading model engine: best.engine
[SCOUT] Connecting to mavlink-router TCP 127.0.0.1:5760
[SCOUT] Connected
[TELEM] Connecting to MAVLink router UDP 14550[MAIN] Waiting for telemetry (GPS)...

[TELEM] Waiting for heartbeat...
[TELEM] Heartbeat OK
[MAIN] Telemetry ready: lat=28.4585535, lon=77.5057703, h=0.876
Loading model engine: best.engine
[SCOUT] Connecting to mavlink-router TCP 127.0.0.1:5760
[SCOUT] Connected
[TELEM] Connecting to MAVLink router UDP 14550[MAIN] Waiting for telemetry (GPS)...

[TELEM] Waiting for heartbeat...
[TELEM] Heartbeat OK
[MAIN] Telemetry ready: lat=28.4585504, lon=77.5057785, h=1.135
Loading model engine: best.engine
[SCOUT] Connecting to mavlink-router TCP 127.0.0.1:5760
[SCOUT] Connected
[TELEM] Connecting to MAVLink router UDP 14550[MAIN] Waiting for telemetry (GPS)...

[TELEM] Waiting for heartbeat...
[TELEM] Heartbeat OK
[MAIN] Telemetry ready: lat=28.4585594, lon=77.5057693, h=1.09
Loading model engine: best.engine
[SCOUT] Connecting to mavlink-router TCP 127.0.0.1:5760
[SCOUT] Connected
[TELEM] Connecting to MAVLink router UDP 14550[MAIN] Waiting for telemetry (GPS)...

[TELEM] Waiting for heartbeat...
[TELEM] Heartbeat OK
[MAIN] Telemetry ready: lat=28.4585622, lon=77.5057636, h=1.046
Loading model engine: best.engine
[SCOUT] Connecting to mavlink-router TCP 127.0.0.1:5760
[SCOUT] Connected
[TELEM] Connecting to MAVLink router UDP 14550[MAIN] Waiting for telemetry (GPS)...

[TELEM] Waiting for heartbeat...
[TELEM] Heartbeat OK
[MAIN] Telemetry ready: lat=28.4585205, lon=77.5057924, h=1.182
Loading model engine: best.engine
[SCOUT] Connecting to mavlink-router TCP 127.0.0.1:5760
[SCOUT] Connected
[TELEM] Connecting to MAVLink router UDP 14550[MAIN] Waiting for telemetry (GPS)...

[TELEM] Waiting for heartbeat...
[TELEM] Heartbeat OK
[MAIN] Telemetry ready: lat=28.4585203, lon=77.5057899, h=1.023
Loading model engine: best.engine
[SCOUT] Connecting to mavlink-router TCP 127.0.0.1:5760
[SCOUT] Connected
[TELEM] Connecting to MAVLink router UDP 14550[MAIN] Waiting for telemetry (GPS)...

[TELEM] Waiting for heartbeat...
[TELEM] Heartbeat OK
[MAIN] Telemetry ready: lat=28.4585127, lon=77.5057916, h=0.97
Loading model engine: best.engine
[SCOUT] Connecting to mavlink-router TCP 127.0.0.1:5760
[SCOUT] Connected
[TELEM] Connecting to MAVLink router UDP 14550[MAIN] Waiting for telemetry (GPS)...

[TELEM] Waiting for heartbeat...
[TELEM] Heartbeat OK
[MAIN] Telemetry ready: lat=28.4585191, lon=77.5057841, h=1.146
Loading model engine: best.engine
[SCOUT] Connecting to mavlink-router TCP 127.0.0.1:5760
[SCOUT] Connected
[TELEM] Connecting to MAVLink router UDP 14550[MAIN] Waiting for telemetry (GPS)...

[TELEM] Waiting for heartbeat...
[TELEM] Heartbeat OK
[MAIN] Telemetry ready: lat=28.4585176, lon=77.505785, h=0.946
Loading model engine: best.engine
[SCOUT] Connecting to mavlink-router TCP 127.0.0.1:5760
[SCOUT] Connected
[TELEM] Connecting to MAVLink router UDP 14550[MAIN] Waiting for telemetry (GPS)...

[TELEM] Waiting for heartbeat...
[TELEM] Heartbeat OK
[MAIN] Telemetry ready: lat=28.4585185, lon=77.5057875, h=1.093
Loading model engine: best.engine
[SCOUT] Connecting to mavlink-router TCP 127.0.0.1:5760
[SCOUT] Connected
[TELEM] Connecting to MAVLink router UDP 14550[MAIN] Waiting for telemetry (GPS)...

[TELEM] Waiting for heartbeat...
[TELEM] Heartbeat OK
[MAIN] Telemetry ready: lat=28.4585157, lon=77.5057901, h=1.173
Loading model engine: best.engine
[SCOUT] Connecting to mavlink-router TCP 127.0.0.1:5760
[SCOUT] Connected
[TELEM] Connecting to MAVLink router UDP 14550[MAIN] Waiting for telemetry (GPS)...

[TELEM] Waiting for heartbeat...
[TELEM] Heartbeat OK
[MAIN] Telemetry ready: lat=28.4584984, lon=77.5058033, h=1.187
Loading model engine: best.engine
[SCOUT] Connecting to mavlink-router TCP 127.0.0.1:5760
[SCOUT] Connected
[TELEM] Connecting to MAVLink router UDP 14550[MAIN] Waiting for telemetry (GPS)...

[TELEM] Waiting for heartbeat...
[TELEM] Heartbeat OK
[MAIN] Telemetry ready: lat=28.4584893, lon=77.5058087, h=0.087
Loading model engine: best.engine
[SCOUT] Connecting to mavlink-router TCP 127.0.0.1:5760
[SCOUT] Connected
[TELEM] Connecting to MAVLink router UDP 14550[MAIN] Waiting for telemetry (GPS)...

[TELEM] Waiting for heartbeat...
[TELEM] Heartbeat OK
[MAIN] Telemetry ready: lat=28.4584931, lon=77.5058065, h=-0.055
Loading model engine: best.engine
[SCOUT] Connecting to mavlink-router TCP 127.0.0.1:5760
[SCOUT] Connected
[TELEM] Connecting to MAVLink router UDP 14550[MAIN] Waiting for telemetry (GPS)...

[TELEM] Waiting for heartbeat...
[TELEM] Heartbeat OK
[MAIN] Telemetry ready: lat=28.4584963, lon=77.5058028, h=-0.007
Loading model engine: best.engine
[SCOUT] Connecting to mavlink-router TCP 127.0.0.1:5760
[SCOUT] Connected
[TELEM] Connecting to MAVLink router UDP 14550[MAIN] Waiting for telemetry (GPS)...

[TELEM] Waiting for heartbeat...
[TELEM] Heartbeat OK
[MAIN] Telemetry ready: lat=28.4584948, lon=77.5058017, h=0.162
Loading model engine: best.engine
[SCOUT] Connecting to mavlink-router TCP 127.0.0.1:5760
[SCOUT] Connected
[TELEM] Connecting to MAVLink router UDP 14550[MAIN] Waiting for telemetry (GPS)...

[TELEM] Waiting for heartbeat...
[TELEM] Heartbeat OK
[MAIN] Telemetry ready: lat=28.4584964, lon=77.5058008, h=0.311
Loading model engine: best.engine
[SCOUT] Connecting to mavlink-router TCP 127.0.0.1:5760
[SCOUT] Connected
[TELEM] Connecting to MAVLink router UDP 14550
[MAIN] Waiting for telemetry (GPS)...
[TELEM] Waiting for heartbeat...
[TELEM] Heartbeat OK
[MAIN] Telemetry ready: lat=28.4585003, lon=77.5057984, h=0.078
Loading model engine: best.engine
[SCOUT] Connecting to mavlink-router TCP 127.0.0.1:5760
[SCOUT] Connected
[TELEM] Connecting to MAVLink router UDP 14550[MAIN] Waiting for telemetry (GPS)...

[TELEM] Waiting for heartbeat...
[TELEM] Heartbeat OK
[MAIN] Telemetry ready: lat=28.4585004, lon=77.5058023, h=0.108
Loading model engine: best.engine
[SCOUT] Connecting to mavlink-router TCP 127.0.0.1:5760
[SCOUT] Connected
[TELEM] Connecting to MAVLink router UDP 14550[MAIN] Waiting for telemetry (GPS)...

[TELEM] Waiting for heartbeat...
[TELEM] Heartbeat OK
[MAIN] Telemetry ready: lat=28.4584931, lon=77.5058097, h=0.221
Loading model engine: best.engine
[SCOUT] Connecting to mavlink-router TCP 127.0.0.1:5760
[SCOUT] Connected
[TELEM] Connecting to MAVLink router UDP 14550[MAIN] Waiting for telemetry (GPS)...

[TELEM] Waiting for heartbeat...
[TELEM] Heartbeat OK
[MAIN] Telemetry ready: lat=28.4584885, lon=77.5058128, h=0.251
Loading model engine: best.engine
[SCOUT] Connecting to mavlink-router TCP 127.0.0.1:5760
[SCOUT] Connected
[TELEM] Connecting to MAVLink router UDP 14550[MAIN] Waiting for telemetry (GPS)...

[TELEM] Waiting for heartbeat...
[TELEM] Heartbeat OK
[MAIN] Telemetry ready: lat=28.4584825, lon=77.5058169, h=0.167
Loading model engine: best.engine
[SCOUT] Connecting to mavlink-router TCP 127.0.0.1:5760
[SCOUT] Connected
[TELEM] Connecting to MAVLink router UDP 14550[MAIN] Waiting for telemetry (GPS)...

[TELEM] Waiting for heartbeat...
[TELEM] Heartbeat OK
[MAIN] Telemetry ready: lat=28.4584769, lon=77.5058236, h=0.235
Loading model engine: best.engine
[SCOUT] Connecting to mavlink-router TCP 127.0.0.1:5760
[SCOUT] Connected
[TELEM] Connecting to MAVLink router UDP 14550[MAIN] Waiting for telemetry (GPS)...

[TELEM] Waiting for heartbeat...
[TELEM] Heartbeat OK
[MAIN] Telemetry ready: lat=28.4584695, lon=77.5058264, h=0.201
Loading model engine: best.engine
[SCOUT] Connecting to mavlink-router TCP 127.0.0.1:5760
[SCOUT] Connected
[TELEM] Connecting to MAVLink router UDP 14550[MAIN] Waiting for telemetry (GPS)...

[TELEM] Waiting for heartbeat...
[TELEM] Heartbeat OK
[MAIN] Telemetry ready: lat=28.4584675, lon=77.5058268, h=0.311
Loading model engine: best.engine
[SCOUT] Connecting to mavlink-router TCP 127.0.0.1:5760
[SCOUT] Connected
[TELEM] Connecting to MAVLink router UDP 14550[MAIN] Waiting for telemetry (GPS)...

[TELEM] Waiting for heartbeat...
[TELEM] Heartbeat OK
[MAIN] Telemetry ready: lat=28.4584696, lon=77.5058232, h=0.28
Loading model engine: best.engine
[SCOUT] Connecting to mavlink-router TCP 127.0.0.1:5760
[SCOUT] Connected
[TELEM] Connecting to MAVLink router UDP 14550[MAIN] Waiting for telemetry (GPS)...

[TELEM] Waiting for heartbeat...
[TELEM] Heartbeat OK
[MAIN] Telemetry ready: lat=28.4584681, lon=77.5058146, h=0.329
Loading model engine: best.engine
[SCOUT] Connecting to mavlink-router TCP 127.0.0.1:5760
[SCOUT] Connected
[TELEM] Connecting to MAVLink router UDP 14550[MAIN] Waiting for telemetry (GPS)...

[TELEM] Waiting for heartbeat...
[TELEM] Heartbeat OK
[MAIN] Telemetry ready: lat=28.4584666, lon=77.50581, h=0.326
Loading model engine: best.engine
[SCOUT] Connecting to mavlink-router TCP 127.0.0.1:5760
[SCOUT] Connected
[TELEM] Connecting to MAVLink router UDP 14550[MAIN] Waiting for telemetry (GPS)...

[TELEM] Waiting for heartbeat...
[TELEM] Heartbeat OK
[MAIN] Telemetry ready: lat=28.4584611, lon=77.5058073, h=0.297
Loading model engine: best.engine
[SCOUT] Connecting to mavlink-router TCP 127.0.0.1:5760
[SCOUT] Connected
[TELEM] Connecting to MAVLink router UDP 14550[MAIN] Waiting for telemetry (GPS)...

[TELEM] Waiting for heartbeat...
[TELEM] Heartbeat OK
[MAIN] Telemetry ready: lat=28.4584606, lon=77.5058056, h=0.542
Loading model engine: best.engine
[SCOUT] Connecting to mavlink-router TCP 127.0.0.1:5760
[SCOUT] Connected
[TELEM] Connecting to MAVLink router UDP 14550[MAIN] Waiting for telemetry (GPS)...

[TELEM] Waiting for heartbeat...
[TELEM] Heartbeat OK
[MAIN] Telemetry ready: lat=28.4584753, lon=77.5057978, h=0.326
Loading model engine: best.engine
[SCOUT] Connecting to mavlink-router TCP 127.0.0.1:5760
[SCOUT] Connected
[TELEM] Connecting to MAVLink router UDP 14550[MAIN] Waiting for telemetry (GPS)...

[TELEM] Waiting for heartbeat...
[TELEM] Heartbeat OK
[MAIN] Telemetry ready: lat=28.4584867, lon=77.5057849, h=0.139
Loading model engine: best.engine
[SCOUT] Connecting to mavlink-router TCP 127.0.0.1:5760
[SCOUT] Connected
[TELEM] Connecting to MAVLink router UDP 14550[MAIN] Waiting for telemetry (GPS)...

[TELEM] Waiting for heartbeat...
[TELEM] Heartbeat OK
[MAIN] Telemetry ready: lat=28.4584978, lon=77.5057693, h=0.313
Loading model engine: best.engine
[SCOUT] Connecting to mavlink-router TCP 127.0.0.1:5760
[SCOUT] Connected
[TELEM] Connecting to MAVLink router UDP 14550[MAIN] Waiting for telemetry (GPS)...

[TELEM] Waiting for heartbeat...
[TELEM] Heartbeat OK
[MAIN] Telemetry ready: lat=28.4585011, lon=77.5057609, h=0.392
Loading model engine: best.engine
[SCOUT] Connecting to mavlink-router TCP 127.0.0.1:5760
[SCOUT] Connected
[TELEM] Connecting to MAVLink router UDP 14550[MAIN] Waiting for telemetry (GPS)...

[TELEM] Waiting for heartbeat...
[TELEM] Heartbeat OK
[MAIN] Telemetry ready: lat=28.4585129, lon=77.5057484, h=0.267
Loading model engine: best.engine
[SCOUT] Connecting to mavlink-router TCP 127.0.0.1:5760
[SCOUT] Connected
[TELEM] Connecting to MAVLink router UDP 14550[MAIN] Waiting for telemetry (GPS)...

[TELEM] Waiting for heartbeat...
[TELEM] Heartbeat OK
[MAIN] Telemetry ready: lat=28.4585095, lon=77.5057495, h=0.42
Loading model engine: best.engine
[SCOUT] Connecting to mavlink-router TCP 127.0.0.1:5760
[SCOUT] Connected
[TELEM] Connecting to MAVLink router UDP 14550[MAIN] Waiting for telemetry (GPS)...

[TELEM] Waiting for heartbeat...
[TELEM] Heartbeat OK
[MAIN] Telemetry ready: lat=28.4585136, lon=77.5057516, h=0.48
Loading model engine: best.engine
[SCOUT] Connecting to mavlink-router TCP 127.0.0.1:5760
[SCOUT] Connected
[TELEM] Connecting to MAVLink router UDP 14550[MAIN] Waiting for telemetry (GPS)...

[TELEM] Waiting for heartbeat...
[TELEM] Heartbeat OK
[MAIN] Telemetry ready: lat=28.4585362, lon=77.5057387, h=0.483
Loading model engine: best.engine
[SCOUT] Connecting to mavlink-router TCP 127.0.0.1:5760
[SCOUT] Connected
[TELEM] Connecting to MAVLink router UDP 14550[MAIN] Waiting for telemetry (GPS)...

[TELEM] Waiting for heartbeat...
[TELEM] Heartbeat OK
[MAIN] Telemetry ready: lat=28.4585419, lon=77.5057402, h=0.361
Loading model engine: best.engine
[SCOUT] Connecting to mavlink-router TCP 127.0.0.1:5760
[SCOUT] Connected
[TELEM] Connecting to MAVLink router UDP 14550[MAIN] Waiting for telemetry (GPS)...

[TELEM] Waiting for heartbeat...
[TELEM] Heartbeat OK
[MAIN] Telemetry ready: lat=28.4585436, lon=77.505746, h=0.444
Loading model engine: best.engine
[SCOUT] Connecting to mavlink-router TCP 127.0.0.1:5760
[SCOUT] Connected
[TELEM] Connecting to MAVLink router UDP 14550[MAIN] Waiting for telemetry (GPS)...

[TELEM] Waiting for heartbeat...
[TELEM] Heartbeat OK
[MAIN] Telemetry ready: lat=28.4585519, lon=77.5057436, h=0.369
Loading model engine: best.engine
[SCOUT] Connecting to mavlink-router TCP 127.0.0.1:5760
[SCOUT] Connected
[TELEM] Connecting to MAVLink router UDP 14550[MAIN] Waiting for telemetry (GPS)...

[TELEM] Waiting for heartbeat...
[TELEM] Heartbeat OK
[MAIN] Telemetry ready: lat=28.4585542, lon=77.5057388, h=0.609
Loading model engine: best.engine
[SCOUT] Connecting to mavlink-router TCP 127.0.0.1:5760
[SCOUT] Connected
[TELEM] Connecting to MAVLink router UDP 14550[MAIN] Waiting for telemetry (GPS)...

[TELEM] Waiting for heartbeat...
[TELEM] Heartbeat OK
[MAIN] Telemetry ready: lat=28.4585582, lon=77.5057365, h=0.396
Loading model engine: best.engine
[SCOUT] Connecting to mavlink-router TCP 127.0.0.1:5760
[SCOUT] Connected
[TELEM] Connecting to MAVLink router UDP 14550[MAIN] Waiting for telemetry (GPS)...

[TELEM] Waiting for heartbeat...
[TELEM] Heartbeat OK
[MAIN] Telemetry ready: lat=28.4585495, lon=77.5057438, h=0.575
Loading model engine: best.engine
[SCOUT] Connecting to mavlink-router TCP 127.0.0.1:5760
[SCOUT] Connected
[TELEM] Connecting to MAVLink router UDP 14550[MAIN] Waiting for telemetry (GPS)...

[TELEM] Waiting for heartbeat...
[TELEM] Heartbeat OK
[MAIN] Telemetry ready: lat=28.4585508, lon=77.5057505, h=0.701
Loading model engine: best.engine
[SCOUT] Connecting to mavlink-router TCP 127.0.0.1:5760
[SCOUT] Connected
[TELEM] Connecting to MAVLink router UDP 14550[MAIN] Waiting for telemetry (GPS)...

[TELEM] Waiting for heartbeat...
[TELEM] Heartbeat OK
[MAIN] Telemetry ready: lat=28.4585525, lon=77.5057593, h=0.412
Loading model engine: best.engine
[SCOUT] Connecting to mavlink-router TCP 127.0.0.1:5760
[SCOUT] Connected
[TELEM] Connecting to MAVLink router UDP 14550[MAIN] Waiting for telemetry (GPS)...

[TELEM] Waiting for heartbeat...
[TELEM] Heartbeat OK
[MAIN] Telemetry ready: lat=28.4585465, lon=77.5057722, h=0.603
Loading model engine: best.engine
[SCOUT] Connecting to mavlink-router TCP 127.0.0.1:5760
[SCOUT] Connected
[TELEM] Connecting to MAVLink router UDP 14550[MAIN] Waiting for telemetry (GPS)...

[TELEM] Waiting for heartbeat...
[TELEM] Heartbeat OK
[MAIN] Telemetry ready: lat=28.4585404, lon=77.5057887, h=0.388
Loading model engine: best.engine
[SCOUT] Connecting to mavlink-router TCP 127.0.0.1:5760
[SCOUT] Connected
[TELEM] Connecting to MAVLink router UDP 14550[MAIN] Waiting for telemetry (GPS)...

[TELEM] Waiting for heartbeat...
[TELEM] Heartbeat OK
[MAIN] Telemetry ready: lat=28.4585443, lon=77.5057905, h=0.721
Loading model engine: best.engine
[SCOUT] Connecting to mavlink-router TCP 127.0.0.1:5760
[SCOUT] Connected
[TELEM] Connecting to MAVLink router UDP 14550[MAIN] Waiting for telemetry (GPS)...

[TELEM] Waiting for heartbeat...
[TELEM] Heartbeat OK
[MAIN] Telemetry ready: lat=28.4585525, lon=77.5057845, h=0.538
Loading model engine: best.engine
[SCOUT] Connecting to mavlink-router TCP 127.0.0.1:5760
[SCOUT] Connected
[TELEM] Connecting to MAVLink router UDP 14550[MAIN] Waiting for telemetry (GPS)...

[TELEM] Waiting for heartbeat...
[TELEM] Heartbeat OK
[MAIN] Telemetry ready: lat=28.4585516, lon=77.5057797, h=0.654
Loading model engine: best.engine
[SCOUT] Connecting to mavlink-router TCP 127.0.0.1:5760
[SCOUT] Connected
[TELEM] Connecting to MAVLink router UDP 14550[MAIN] Waiting for telemetry (GPS)...

[TELEM] Waiting for heartbeat...
[TELEM] Heartbeat OK
[MAIN] Telemetry ready: lat=28.4585512, lon=77.5057778, h=0.77
Loading model engine: best.engine
[SCOUT] Connecting to mavlink-router TCP 127.0.0.1:5760
[SCOUT] Connected
[TELEM] Connecting to MAVLink router UDP 14550[MAIN] Waiting for telemetry (GPS)...

[TELEM] Waiting for heartbeat...
[TELEM] Heartbeat OK
[MAIN] Telemetry ready: lat=28.4585364, lon=77.505777, h=0.636
Loading model engine: best.engine
[SCOUT] Connecting to mavlink-router TCP 127.0.0.1:5760
[SCOUT] Connected
[TELEM] Connecting to MAVLink router UDP 14550[MAIN] Waiting for telemetry (GPS)...

[TELEM] Waiting for heartbeat...
[TELEM] Heartbeat OK
[MAIN] Telemetry ready: lat=28.4585426, lon=77.5057718, h=0.345
Loading model engine: best.engine
[SCOUT] Connecting to mavlink-router TCP 127.0.0.1:5760
[SCOUT] Connected
[TELEM] Connecting to MAVLink router UDP 14550[MAIN] Waiting for telemetry (GPS)...

[TELEM] Waiting for heartbeat...
[TELEM] Heartbeat OK
[MAIN] Telemetry ready: lat=28.45855, lon=77.5057634, h=0.394
Loading model engine: best.engine
[SCOUT] Connecting to mavlink-router TCP 127.0.0.1:5760
[SCOUT] Connected
[TELEM] Connecting to MAVLink router UDP 14550[MAIN] Waiting for telemetry (GPS)...

[TELEM] Waiting for heartbeat...
[TELEM] Heartbeat OK
[MAIN] Telemetry ready: lat=28.4585548, lon=77.5057591, h=0.461
Loading model engine: best.engine
[SCOUT] Connecting to mavlink-router TCP 127.0.0.1:5760
[SCOUT] Connected
[TELEM] Connecting to MAVLink router UDP 14550[MAIN] Waiting for telemetry (GPS)...

[TELEM] Waiting for heartbeat...
[TELEM] Heartbeat OK
[MAIN] Telemetry ready: lat=28.4585602, lon=77.5057496, h=0.662
Loading model engine: best.engine
[SCOUT] Connecting to mavlink-router TCP 127.0.0.1:5760
[SCOUT] Connected
[TELEM] Connecting to MAVLink router UDP 14550[MAIN] Waiting for telemetry (GPS)...

[TELEM] Waiting for heartbeat...
[TELEM] Heartbeat OK
[MAIN] Telemetry ready: lat=28.4585599, lon=77.5057483, h=0.556
Loading model engine: best.engine
[SCOUT] Connecting to mavlink-router TCP 127.0.0.1:5760
[SCOUT] Connected
[TELEM] Connecting to MAVLink router UDP 14550[MAIN] Waiting for telemetry (GPS)...

[TELEM] Waiting for heartbeat...
[TELEM] Heartbeat OK
[MAIN] Telemetry ready: lat=28.4585653, lon=77.5057381, h=0.347
Loading model engine: best.engine
[SCOUT] Connecting to mavlink-router TCP 127.0.0.1:5760
[SCOUT] Connected
[TELEM] Connecting to MAVLink router UDP 14550[MAIN] Waiting for telemetry (GPS)...

[TELEM] Waiting for heartbeat...
[TELEM] Heartbeat OK
[MAIN] Telemetry ready: lat=28.4585676, lon=77.5057335, h=0.436
Loading model engine: best.engine
[SCOUT] Connecting to mavlink-router TCP 127.0.0.1:5760
[SCOUT] Connected
[TELEM] Connecting to MAVLink router UDP 14550[MAIN] Waiting for telemetry (GPS)...

[TELEM] Waiting for heartbeat...
[TELEM] Heartbeat OK
[MAIN] Telemetry ready: lat=28.4585682, lon=77.5057372, h=0.367
Loading model engine: best.engine
[SCOUT] Connecting to mavlink-router TCP 127.0.0.1:5760
[SCOUT] Connected
[TELEM] Connecting to MAVLink router UDP 14550[MAIN] Waiting for telemetry (GPS)...

[TELEM] Waiting for heartbeat...
[TELEM] Heartbeat OK
[MAIN] Telemetry ready: lat=28.4585632, lon=77.5057457, h=0.291
Loading model engine: best.engine
[SCOUT] Connecting to mavlink-router TCP 127.0.0.1:5760
[SCOUT] Connected
[TELEM] Connecting to MAVLink router UDP 14550[MAIN] Waiting for telemetry (GPS)...

[TELEM] Waiting for heartbeat...
[TELEM] Heartbeat OK
[MAIN] Telemetry ready: lat=28.4585632, lon=77.5057513, h=0.343
Loading model engine: best.engine
[SCOUT] Connecting to mavlink-router TCP 127.0.0.1:5760
[SCOUT] Connected
[TELEM] Connecting to MAVLink router UDP 14550[MAIN] Waiting for telemetry (GPS)...

[TELEM] Waiting for heartbeat...
[TELEM] Heartbeat OK
[MAIN] Telemetry ready: lat=28.458568, lon=77.5057561, h=0.287
Loading model engine: best.engine
[SCOUT] Connecting to mavlink-router TCP 127.0.0.1:5760
[SCOUT] Connected
[TELEM] Connecting to MAVLink router UDP 14550[MAIN] Waiting for telemetry (GPS)...

[TELEM] Waiting for heartbeat...
[TELEM] Heartbeat OK
[MAIN] Telemetry ready: lat=28.4585706, lon=77.5057608, h=0.229
Loading model engine: best.engine
[SCOUT] Connecting to mavlink-router TCP 127.0.0.1:5760
[SCOUT] Connected
[TELEM] Connecting to MAVLink router UDP 14550[MAIN] Waiting for telemetry (GPS)...

[TELEM] Waiting for heartbeat...
[TELEM] Heartbeat OK
[MAIN] Telemetry ready: lat=28.45857, lon=77.5057615, h=0.207
Loading model engine: best.engine
[SCOUT] Connecting to mavlink-router TCP 127.0.0.1:5760
[SCOUT] Connected
[TELEM] Connecting to MAVLink router UDP 14550[MAIN] Waiting for telemetry (GPS)...

[TELEM] Waiting for heartbeat...
[TELEM] Heartbeat OK
[MAIN] Telemetry ready: lat=28.4585757, lon=77.5057473, h=-0.019
Loading model engine: best.engine
[SCOUT] Connecting to mavlink-router TCP 127.0.0.1:5760
[SCOUT] Connected
[TELEM] Connecting to MAVLink router UDP 14550[MAIN] Waiting for telemetry (GPS)...

[TELEM] Waiting for heartbeat...
[TELEM] Heartbeat OK
[MAIN] Telemetry ready: lat=28.4585805, lon=77.505734, h=0.147
Loading model engine: best.engine
[SCOUT] Connecting to mavlink-router TCP 127.0.0.1:5760
[SCOUT] Connected
[TELEM] Connecting to MAVLink router UDP 14550[MAIN] Waiting for telemetry (GPS)...

[TELEM] Waiting for heartbeat...
[TELEM] Heartbeat OK
[MAIN] Telemetry ready: lat=28.4585865, lon=77.5057243, h=0.143
Loading model engine: best.engine
[SCOUT] Connecting to mavlink-router TCP 127.0.0.1:5760
[SCOUT] Connected
[TELEM] Connecting to MAVLink router UDP 14550[MAIN] Waiting for telemetry (GPS)...

[TELEM] Waiting for heartbeat...
[TELEM] Heartbeat OK
[MAIN] Telemetry ready: lat=28.4585929, lon=77.5057189, h=0.134
Loading model engine: best.engine
[SCOUT] Connecting to mavlink-router TCP 127.0.0.1:5760
[SCOUT] Connected
[TELEM] Connecting to MAVLink router UDP 14550[MAIN] Waiting for telemetry (GPS)...

[TELEM] Waiting for heartbeat...
[TELEM] Heartbeat OK
[MAIN] Telemetry ready: lat=28.4585878, lon=77.5057207, h=0.283
Loading model engine: best.engine
[SCOUT] Connecting to mavlink-router TCP 127.0.0.1:5760
[SCOUT] Connected
[TELEM] Connecting to MAVLink router UDP 14550[MAIN] Waiting for telemetry (GPS)...

[TELEM] Waiting for heartbeat...
[TELEM] Heartbeat OK
[MAIN] Telemetry ready: lat=28.4585853, lon=77.5057191, h=0.436
Loading model engine: best.engine
[SCOUT] Connecting to mavlink-router TCP 127.0.0.1:5760
[SCOUT] Connected
[TELEM] Connecting to MAVLink router UDP 14550[MAIN] Waiting for telemetry (GPS)...

[TELEM] Waiting for heartbeat...
[TELEM] Heartbeat OK
[MAIN] Telemetry ready: lat=28.4585823, lon=77.5057171, h=0.347
Loading model engine: best.engine
[SCOUT] Connecting to mavlink-router TCP 127.0.0.1:5760
[SCOUT] Connected
[TELEM] Connecting to MAVLink router UDP 14550[MAIN] Waiting for telemetry (GPS)...

[TELEM] Waiting for heartbeat...
[TELEM] Heartbeat OK
[MAIN] Telemetry ready: lat=28.4585771, lon=77.5057132, h=0.374
Loading model engine: best.engine
[SCOUT] Connecting to mavlink-router TCP 127.0.0.1:5760
[SCOUT] Connected
[TELEM] Connecting to MAVLink router UDP 14550[MAIN] Waiting for telemetry (GPS)...

[TELEM] Waiting for heartbeat...
[TELEM] Heartbeat OK
[MAIN] Telemetry ready: lat=28.4585704, lon=77.5057092, h=0.22
Loading model engine: best.engine
[SCOUT] Connecting to mavlink-router TCP 127.0.0.1:5760
[SCOUT] Connected
[TELEM] Connecting to MAVLink router UDP 14550[MAIN] Waiting for telemetry (GPS)...

[TELEM] Waiting for heartbeat...
[TELEM] Heartbeat OK
[MAIN] Telemetry ready: lat=28.4585623, lon=77.5057085, h=0.451
Loading model engine: best.engine
[SCOUT] Connecting to mavlink-router TCP 127.0.0.1:5760
[SCOUT] Connected
[TELEM] Connecting to MAVLink router UDP 14550[MAIN] Waiting for telemetry (GPS)...

[TELEM] Waiting for heartbeat...
[TELEM] Heartbeat OK
[MAIN] Telemetry ready: lat=28.4585626, lon=77.5057113, h=-0.006
Loading model engine: best.engine
[SCOUT] Connecting to mavlink-router TCP 127.0.0.1:5760
[SCOUT] Connected
[TELEM] Connecting to MAVLink router UDP 14550[MAIN] Waiting for telemetry (GPS)...

[TELEM] Waiting for heartbeat...
[TELEM] Heartbeat OK
[MAIN] Telemetry ready: lat=28.4585603, lon=77.5057175, h=0.141
Loading model engine: best.engine
[SCOUT] Connecting to mavlink-router TCP 127.0.0.1:5760
[SCOUT] Connected
[TELEM] Connecting to MAVLink router UDP 14550[MAIN] Waiting for telemetry (GPS)...

[TELEM] Waiting for heartbeat...
[TELEM] Heartbeat OK
[MAIN] Telemetry ready: lat=28.4585561, lon=77.505721, h=0.69
Loading model engine: best.engine
[SCOUT] Connecting to mavlink-router TCP 127.0.0.1:5760
[SCOUT] Connected
[TELEM] Connecting to MAVLink router UDP 14550[MAIN] Waiting for telemetry (GPS)...

[TELEM] Waiting for heartbeat...
[TELEM] Heartbeat OK
[MAIN] Telemetry ready: lat=28.4585544, lon=77.5057297, h=0.381
Loading model engine: best.engine
[SCOUT] Connecting to mavlink-router TCP 127.0.0.1:5760
[SCOUT] Connected
[TELEM] Connecting to MAVLink router UDP 14550[MAIN] Waiting for telemetry (GPS)...

[TELEM] Waiting for heartbeat...
[TELEM] Heartbeat OK
[MAIN] Telemetry ready: lat=28.4585594, lon=77.5057383, h=0.155
Loading model engine: best.engine
[SCOUT] Connecting to mavlink-router TCP 127.0.0.1:5760
[SCOUT] Connected
[TELEM] Connecting to MAVLink router UDP 14550[MAIN] Waiting for telemetry (GPS)...

[TELEM] Waiting for heartbeat...
[TELEM] Heartbeat OK
[MAIN] Telemetry ready: lat=28.4585614, lon=77.5057437, h=0.211
Loading model engine: best.engine
[SCOUT] Connecting to mavlink-router TCP 127.0.0.1:5760
[SCOUT] Connected
[TELEM] Connecting to MAVLink router UDP 14550[MAIN] Waiting for telemetry (GPS)...

[TELEM] Waiting for heartbeat...
[TELEM] Heartbeat OK
[MAIN] Telemetry ready: lat=28.4585629, lon=77.5057458, h=0.295
Loading model engine: best.engine
[SCOUT] Connecting to mavlink-router TCP 127.0.0.1:5760
[SCOUT] Connected
[TELEM] Connecting to MAVLink router UDP 14550[MAIN] Waiting for telemetry (GPS)...

[TELEM] Waiting for heartbeat...
[TELEM] Heartbeat OK
[MAIN] Telemetry ready: lat=28.4585684, lon=77.5057438, h=0.291
Loading model engine: best.engine
[SCOUT] Connecting to mavlink-router TCP 127.0.0.1:5760
[SCOUT] Connected
[TELEM] Connecting to MAVLink router UDP 14550[MAIN] Waiting for telemetry (GPS)...

[TELEM] Waiting for heartbeat...
[TELEM] Heartbeat OK
[MAIN] Telemetry ready: lat=28.4585766, lon=77.5057401, h=0.177
Loading model engine: best.engine
[SCOUT] Connecting to mavlink-router TCP 127.0.0.1:5760
[SCOUT] Connected
[TELEM] Connecting to MAVLink router UDP 14550[MAIN] Waiting for telemetry (GPS)...

[TELEM] Waiting for heartbeat...
[TELEM] Heartbeat OK
[MAIN] Telemetry ready: lat=28.4585806, lon=77.5057392, h=0.271
Loading model engine: best.engine
[SCOUT] Connecting to mavlink-router TCP 127.0.0.1:5760
[SCOUT] Connected
[TELEM] Connecting to MAVLink router UDP 14550[MAIN] Waiting for telemetry (GPS)...

[TELEM] Waiting for heartbeat...
[TELEM] Heartbeat OK
[MAIN] Telemetry ready: lat=28.4585855, lon=77.5057323, h=0.072
Loading model engine: best.engine
[SCOUT] Connecting to mavlink-router TCP 127.0.0.1:5760
[SCOUT] Connected
[TELEM] Connecting to MAVLink router UDP 14550[MAIN] Waiting for telemetry (GPS)...

[TELEM] Waiting for heartbeat...
[TELEM] Heartbeat OK
[MAIN] Telemetry ready: lat=28.4585828, lon=77.505722, h=0.055
Loading model engine: best.engine
[SCOUT] Connecting to mavlink-router TCP 127.0.0.1:5760
[SCOUT] Connected
[TELEM] Connecting to MAVLink router UDP 14550[MAIN] Waiting for telemetry (GPS)...

[TELEM] Waiting for heartbeat...
[TELEM] Heartbeat OK
[MAIN] Telemetry ready: lat=28.4585811, lon=77.5057043, h=0.083
Loading model engine: best.engine
[SCOUT] Connecting to mavlink-router TCP 127.0.0.1:5760
[SCOUT] Connected
[TELEM] Connecting to MAVLink router UDP 14550[MAIN] Waiting for telemetry (GPS)...

[TELEM] Waiting for heartbeat...
[TELEM] Heartbeat OK
[MAIN] Telemetry ready: lat=28.4585795, lon=77.505692, h=0.165
Loading model engine: best.engine
[SCOUT] Connecting to mavlink-router TCP 127.0.0.1:5760
[SCOUT] Connected
[TELEM] Connecting to MAVLink router UDP 14550[MAIN] Waiting for telemetry (GPS)...

[TELEM] Waiting for heartbeat...
[TELEM] Heartbeat OK
[MAIN] Telemetry ready: lat=28.4585793, lon=77.5056921, h=0.053
Loading model engine: best.engine
[SCOUT] Connecting to mavlink-router TCP 127.0.0.1:5760
[SCOUT] Connected
[TELEM] Connecting to MAVLink router UDP 14550[MAIN] Waiting for telemetry (GPS)...

[TELEM] Waiting for heartbeat...
[TELEM] Heartbeat OK
[MAIN] Telemetry ready: lat=28.4585863, lon=77.5056916, h=0.095
Loading model engine: best.engine
[SCOUT] Connecting to mavlink-router TCP 127.0.0.1:5760
[SCOUT] Connected
[TELEM] Connecting to MAVLink router UDP 14550[MAIN] Waiting for telemetry (GPS)...

[TELEM] Waiting for heartbeat...
[TELEM] Heartbeat OK
[MAIN] Telemetry ready: lat=28.458589, lon=77.5056974, h=0.213
Loading model engine: best.engine
[SCOUT] Connecting to mavlink-router TCP 127.0.0.1:5760
[SCOUT] Connected
[TELEM] Connecting to MAVLink router UDP 14550[MAIN] Waiting for telemetry (GPS)...

[TELEM] Waiting for heartbeat...
[TELEM] Heartbeat OK
[MAIN] Telemetry ready: lat=28.4585899, lon=77.505708, h=0.131
Loading model engine: best.engine
[SCOUT] Connecting to mavlink-router TCP 127.0.0.1:5760
[SCOUT] Connected
[TELEM] Connecting to MAVLink router UDP 14550[MAIN] Waiting for telemetry (GPS)...

[TELEM] Waiting for heartbeat...
[TELEM] Heartbeat OK
[MAIN] Telemetry ready: lat=28.458587, lon=77.5057217, h=0.322
Loading model engine: best.engine
[SCOUT] Connecting to mavlink-router TCP 127.0.0.1:5760
[SCOUT] Connected
[TELEM] Connecting to MAVLink router UDP 14550[MAIN] Waiting for telemetry (GPS)...

[TELEM] Waiting for heartbeat...
[TELEM] Heartbeat OK
[MAIN] Telemetry ready: lat=28.4585849, lon=77.5057273, h=0.201
Loading model engine: best.engine
[SCOUT] Connecting to mavlink-router TCP 127.0.0.1:5760
[SCOUT] Connected
[TELEM] Connecting to MAVLink router UDP 14550[MAIN] Waiting for telemetry (GPS)...

[TELEM] Waiting for heartbeat...
[TELEM] Heartbeat OK
[MAIN] Telemetry ready: lat=28.4585848, lon=77.5057331, h=0.23
Loading model engine: best.engine
[SCOUT] Connecting to mavlink-router TCP 127.0.0.1:5760
[SCOUT] Connected
[TELEM] Connecting to MAVLink router UDP 14550[MAIN] Waiting for telemetry (GPS)...

[TELEM] Waiting for heartbeat...
[TELEM] Heartbeat OK
[MAIN] Telemetry ready: lat=28.4585867, lon=77.5057336, h=0.07
Loading model engine: best.engine
[SCOUT] Connecting to mavlink-router TCP 127.0.0.1:5760
[SCOUT] Connected
[TELEM] Connecting to MAVLink router UDP 14550[MAIN] Waiting for telemetry (GPS)...

[TELEM] Waiting for heartbeat...
[TELEM] Heartbeat OK
[MAIN] Telemetry ready: lat=28.4585889, lon=77.5057299, h=0.025
Loading model engine: best.engine
[SCOUT] Connecting to mavlink-router TCP 127.0.0.1:5760
[SCOUT] Connected
[TELEM] Connecting to MAVLink router UDP 14550[MAIN] Waiting for telemetry (GPS)...

[TELEM] Waiting for heartbeat...
[TELEM] Heartbeat OK
[MAIN] Telemetry ready: lat=28.4585893, lon=77.5057273, h=0.088
Loading model engine: best.engine
[SCOUT] Connecting to mavlink-router TCP 127.0.0.1:5760
[SCOUT] Connected
[TELEM] Connecting to MAVLink router UDP 14550[MAIN] Waiting for telemetry (GPS)...

[TELEM] Waiting for heartbeat...
[TELEM] Heartbeat OK
[MAIN] Telemetry ready: lat=28.4585868, lon=77.5057277, h=0.215
Loading model engine: best.engine
[SCOUT] Connecting to mavlink-router TCP 127.0.0.1:5760
[SCOUT] Connected
[TELEM] Connecting to MAVLink router UDP 14550[MAIN] Waiting for telemetry (GPS)...

[TELEM] Waiting for heartbeat...
[TELEM] Heartbeat OK
[MAIN] Telemetry ready: lat=28.4585889, lon=77.5057244, h=0.121
Loading model engine: best.engine
[SCOUT] Connecting to mavlink-router TCP 127.0.0.1:5760
[SCOUT] Connected
[TELEM] Connecting to MAVLink router UDP 14550[MAIN] Waiting for telemetry (GPS)...

[TELEM] Waiting for heartbeat...
[TELEM] Heartbeat OK
[MAIN] Telemetry ready: lat=28.4585932, lon=77.5057222, h=0.052
Loading model engine: best.engine
[SCOUT] Connecting to mavlink-router TCP 127.0.0.1:5760
[SCOUT] Connected
[TELEM] Connecting to MAVLink router UDP 14550[MAIN] Waiting for telemetry (GPS)...

[TELEM] Waiting for heartbeat...
[TELEM] Heartbeat OK
[MAIN] Telemetry ready: lat=28.4585952, lon=77.5057254, h=0.097
Loading model engine: best.engine
[SCOUT] Connecting to mavlink-router TCP 127.0.0.1:5760
[SCOUT] Connected
[TELEM] Connecting to MAVLink router UDP 14550[MAIN] Waiting for telemetry (GPS)...

[TELEM] Waiting for heartbeat...
[TELEM] Heartbeat OK
[MAIN] Telemetry ready: lat=28.4585962, lon=77.5057263, h=0.093
Loading model engine: best.engine
[SCOUT] Connecting to mavlink-router TCP 127.0.0.1:5760
[SCOUT] Connected
[TELEM] Connecting to MAVLink router UDP 14550[MAIN] Waiting for telemetry (GPS)...

[TELEM] Waiting for heartbeat...
[TELEM] Heartbeat OK
[MAIN] Telemetry ready: lat=28.4585945, lon=77.5057137, h=0.318
Loading model engine: best.engine
[SCOUT] Connecting to mavlink-router TCP 127.0.0.1:5760
[SCOUT] Connected
[TELEM] Connecting to MAVLink router UDP 14550[MAIN] Waiting for telemetry (GPS)...

[TELEM] Waiting for heartbeat...
[TELEM] Heartbeat OK
[MAIN] Telemetry ready: lat=28.4585964, lon=77.505702, h=0.058
Loading model engine: best.engine
[SCOUT] Connecting to mavlink-router TCP 127.0.0.1:5760
[SCOUT] Connected
[TELEM] Connecting to MAVLink router UDP 14550[MAIN] Waiting for telemetry (GPS)...

[TELEM] Waiting for heartbeat...
[TELEM] Heartbeat OK
[MAIN] Telemetry ready: lat=28.4585907, lon=77.505705, h=0.3
Loading model engine: best.engine
[SCOUT] Connecting to mavlink-router TCP 127.0.0.1:5760
[SCOUT] Connected
[TELEM] Connecting to MAVLink router UDP 14550[MAIN] Waiting for telemetry (GPS)...

[TELEM] Waiting for heartbeat...
[TELEM] Heartbeat OK
[MAIN] Telemetry ready: lat=28.4585896, lon=77.5056997, h=0.342
Loading model engine: best.engine
[SCOUT] Connecting to mavlink-router TCP 127.0.0.1:5760
[SCOUT] Connected
[TELEM] Connecting to MAVLink router UDP 14550[MAIN] Waiting for telemetry (GPS)...

[TELEM] Waiting for heartbeat...
[TELEM] Heartbeat OK
[MAIN] Telemetry ready: lat=28.4585911, lon=77.505714, h=0.009
Loading model engine: best.engine
[SCOUT] Connecting to mavlink-router TCP 127.0.0.1:5760
[SCOUT] Connected
[TELEM] Connecting to MAVLink router UDP 14550
[TELEM] Waiting for heartbeat...
[MAIN] Waiting for telemetry (GPS)...
[SCOUT] Connecting to mavlink-router TCP 127.0.0.1:5760
[SCOUT] Connected
[TELEM] Connecting to MAVLink router UDP 14550[MAIN] Waiting for telemetry (GPS)...

[TELEM] Waiting for heartbeat...
[TELEM] Heartbeat OK
[MAIN] Telemetry ready: lat=28.4586691, lon=77.5060191, h=0.106
Loading model engine: best.engine
[SCOUT] Connecting to mavlink-router TCP 127.0.0.1:5760
[SCOUT] Connected
[TELEM] Connecting to MAVLink router UDP 14550[MAIN] Waiting for telemetry (GPS)...

[TELEM] Waiting for heartbeat...
[TELEM] Heartbeat OK
[MAIN] Telemetry ready: lat=28.4586258, lon=77.5059242, h=0.149
Loading model engine: best.engine
[SCOUT] Connecting to mavlink-router TCP 127.0.0.1:5760
[SCOUT] Connected
[TELEM] Connecting to MAVLink router UDP 14550[MAIN] Waiting for telemetry (GPS)...

[TELEM] Waiting for heartbeat...
[TELEM] Heartbeat OK
[MAIN] Telemetry ready: lat=28.4585733, lon=77.5059087, h=0.082
Loading model engine: best.engine
[SCOUT] Connecting to mavlink-router TCP 127.0.0.1:5760
[SCOUT] Connected
[TELEM] Connecting to MAVLink router UDP 14550[MAIN] Waiting for telemetry (GPS)...

[TELEM] Waiting for heartbeat...
[TELEM] Heartbeat OK
[MAIN] Telemetry ready: lat=28.4586098, lon=77.5058428, h=0.088
Loading model engine: best.engine
[SCOUT] Connecting to mavlink-router TCP 127.0.0.1:5760
[SCOUT] Connected
[TELEM] Connecting to MAVLink router UDP 14550[MAIN] Waiting for telemetry (GPS)...

[TELEM] Waiting for heartbeat...
[TELEM] Heartbeat OK
[MAIN] Telemetry ready: lat=28.4586069, lon=77.5056893, h=0.199
Loading model engine: best.engine
[SCOUT] Connecting to mavlink-router TCP 127.0.0.1:5760
[SCOUT] Connected
[TELEM] Connecting to MAVLink router UDP 14550[MAIN] Waiting for telemetry (GPS)...

[TELEM] Waiting for heartbeat...
[TELEM] Heartbeat OK
[MAIN] Telemetry ready: lat=28.4585778, lon=77.5057339, h=0.193
Loading model engine: best.engine
[SCOUT] Connecting to mavlink-router TCP 127.0.0.1:5760
[SCOUT] Connected
[TELEM] Connecting to MAVLink router UDP 14550[MAIN] Waiting for telemetry (GPS)...

[TELEM] Waiting for heartbeat...
[TELEM] Heartbeat OK
[MAIN] Telemetry ready: lat=28.4585317, lon=77.5056064, h=0.19
Loading model engine: best.engine
[SCOUT] Connecting to mavlink-router TCP 127.0.0.1:5760
[SCOUT] Connected
[TELEM] Connecting to MAVLink router UDP 14550[MAIN] Waiting for telemetry (GPS)...

[TELEM] Waiting for heartbeat...
[TELEM] Heartbeat OK
[MAIN] Telemetry ready: lat=28.4584584, lon=77.5054929, h=0.148
Loading model engine: best.engine
[SCOUT] Connecting to mavlink-router TCP 127.0.0.1:5760
[SCOUT] Connected
[TELEM] Connecting to MAVLink router UDP 14550[MAIN] Waiting for telemetry (GPS)...

[TELEM] Waiting for heartbeat...
[TELEM] Heartbeat OK
[MAIN] Telemetry ready: lat=28.4584239, lon=77.5057374, h=0.159
Loading model engine: best.engine
[SCOUT] Connecting to mavlink-router TCP 127.0.0.1:5760
[SCOUT] Connected
[TELEM] Connecting to MAVLink router UDP 14550[MAIN] Waiting for telemetry (GPS)...

[TELEM] Waiting for heartbeat...
[TELEM] Heartbeat OK
[MAIN] Telemetry ready: lat=28.4583942, lon=77.5057577, h=0.152
Loading model engine: best.engine
[SCOUT] Connecting to mavlink-router TCP 127.0.0.1:5760
[SCOUT] Connected
[TELEM] Connecting to MAVLink router UDP 14550[MAIN] Waiting for telemetry (GPS)...

[TELEM] Waiting for heartbeat...
[TELEM] Heartbeat OK
[MAIN] Telemetry ready: lat=28.4583041, lon=77.5061636, h=0.15
Loading model engine: best.engine
[SCOUT] Connecting to mavlink-router TCP 127.0.0.1:5760
[SCOUT] Connected
[TELEM] Connecting to MAVLink router UDP 14550[MAIN] Waiting for telemetry (GPS)...

[TELEM] Waiting for heartbeat...
[TELEM] Heartbeat OK
[MAIN] Telemetry ready: lat=28.4581814, lon=77.5062079, h=0.119
Loading model engine: best.engine
[SCOUT] Connecting to mavlink-router TCP 127.0.0.1:5760
[SCOUT] Connected
[TELEM] Connecting to MAVLink router UDP 14550[MAIN] Waiting for telemetry (GPS)...

[TELEM] Waiting for heartbeat...
[TELEM] Heartbeat OK
[MAIN] Telemetry ready: lat=28.4581267, lon=77.5063032, h=0.195
Loading model engine: best.engine
[SCOUT] Connecting to mavlink-router TCP 127.0.0.1:5760
[SCOUT] Connected
[TELEM] Connecting to MAVLink router UDP 14550[MAIN] Waiting for telemetry (GPS)...

[TELEM] Waiting for heartbeat...
[TELEM] Heartbeat OK
[MAIN] Telemetry ready: lat=28.4584239, lon=77.5057139, h=0.159
Loading model engine: best.engine
[SCOUT] Connecting to mavlink-router TCP 127.0.0.1:5760
[SCOUT] Connected
[TELEM] Connecting to MAVLink router UDP 14550[MAIN] Waiting for telemetry (GPS)...

[TELEM] Waiting for heartbeat...
[TELEM] Heartbeat OK
[MAIN] Telemetry ready: lat=28.4587102, lon=77.505201, h=0.207
Loading model engine: best.engine
[SCOUT] Connecting to mavlink-router TCP 127.0.0.1:5760
[SCOUT] Connected
[TELEM] Connecting to MAVLink router UDP 14550[MAIN] Waiting for telemetry (GPS)...

[TELEM] Waiting for heartbeat...
[TELEM] Heartbeat OK
[MAIN] Telemetry ready: lat=28.458932, lon=77.5048905, h=0.24
Loading model engine: best.engine
[SCOUT] Connecting to mavlink-router TCP 127.0.0.1:5760
[SCOUT] Connected
[TELEM] Connecting to MAVLink router UDP 14550[MAIN] Waiting for telemetry (GPS)...

[TELEM] Waiting for heartbeat...
[TELEM] Heartbeat OK
[MAIN] Telemetry ready: lat=28.4589275, lon=77.5051699, h=0.236
Loading model engine: best.engine
[SCOUT] Connecting to mavlink-router TCP 127.0.0.1:5760
[SCOUT] Connected
[TELEM] Connecting to MAVLink router UDP 14550[MAIN] Waiting for telemetry (GPS)...

[TELEM] Waiting for heartbeat...
[TELEM] Heartbeat OK
[MAIN] Telemetry ready: lat=28.4590821, lon=77.5048755, h=0.234
Loading model engine: best.engine
[SCOUT] Connecting to mavlink-router TCP 127.0.0.1:5760
[SCOUT] Connected
[TELEM] Connecting to MAVLink router UDP 14550[MAIN] Waiting for telemetry (GPS)...

[TELEM] Waiting for heartbeat...
[TELEM] Heartbeat OK
[MAIN] Telemetry ready: lat=28.4589722, lon=77.5051346, h=0.193
Loading model engine: best.engine
[SCOUT] Connecting to mavlink-router TCP 127.0.0.1:5760
[SCOUT] Connected
[TELEM] Connecting to MAVLink router UDP 14550[MAIN] Waiting for telemetry (GPS)...

[TELEM] Waiting for heartbeat...
[TELEM] Heartbeat OK
[MAIN] Telemetry ready: lat=28.4586935, lon=77.505671, h=0.276
Loading model engine: best.engine
[SCOUT] Connecting to mavlink-router TCP 127.0.0.1:5760
[SCOUT] Connected
[TELEM] Connecting to MAVLink router UDP 14550[MAIN] Waiting for telemetry (GPS)...

[TELEM] Waiting for heartbeat...
[TELEM] Heartbeat OK
[MAIN] Telemetry ready: lat=28.4586707, lon=77.5056827, h=0.253
Loading model engine: best.engine
[SCOUT] Connecting to mavlink-router TCP 127.0.0.1:5760
[SCOUT] Connected
[TELEM] Connecting to MAVLink router UDP 14550[MAIN] Waiting for telemetry (GPS)...

[TELEM] Waiting for heartbeat...
[TELEM] Heartbeat OK
[MAIN] Telemetry ready: lat=28.4586761, lon=77.5057165, h=0.317
Loading model engine: best.engine
[SCOUT] Connecting to mavlink-router TCP 127.0.0.1:5760
[SCOUT] Connected
[TELEM] Connecting to MAVLink router UDP 14550[MAIN] Waiting for telemetry (GPS)...

[TELEM] Waiting for heartbeat...
[TELEM] Heartbeat OK
[MAIN] Telemetry ready: lat=28.4586504, lon=77.505658, h=0.363
Loading model engine: best.engine
[SCOUT] Connecting to mavlink-router TCP 127.0.0.1:5760
[SCOUT] Connected
[TELEM] Connecting to MAVLink router UDP 14550[MAIN] Waiting for telemetry (GPS)...

[TELEM] Waiting for heartbeat...
[TELEM] Heartbeat OK
[MAIN] Telemetry ready: lat=28.4586801, lon=77.5055765, h=0.36
Loading model engine: best.engine
[SCOUT] Connecting to mavlink-router TCP 127.0.0.1:5760
[SCOUT] Connected
[TELEM] Connecting to MAVLink router UDP 14550[MAIN] Waiting for telemetry (GPS)...

[TELEM] Waiting for heartbeat...
[TELEM] Heartbeat OK
[MAIN] Telemetry ready: lat=28.4587566, lon=77.5054337, h=0.27
Loading model engine: best.engine
[SCOUT] Connecting to mavlink-router TCP 127.0.0.1:5760
[SCOUT] Connected
[TELEM] Connecting to MAVLink router UDP 14550[MAIN] Waiting for telemetry (GPS)...

[TELEM] Waiting for heartbeat...
[TELEM] Heartbeat OK
[MAIN] Telemetry ready: lat=28.4587234, lon=77.5054886, h=0.366
Loading model engine: best.engine
[SCOUT] Connecting to mavlink-router TCP 127.0.0.1:5760
[SCOUT] Connected
[TELEM] Connecting to MAVLink router UDP 14550[MAIN] Waiting for telemetry (GPS)...

[TELEM] Waiting for heartbeat...
[TELEM] Heartbeat OK
[MAIN] Telemetry ready: lat=28.4587202, lon=77.5054992, h=0.408
Loading model engine: best.engine
[SCOUT] Connecting to mavlink-router TCP 127.0.0.1:5760
[SCOUT] Connected
[TELEM] Connecting to MAVLink router UDP 14550[MAIN] Waiting for telemetry (GPS)...

[TELEM] Waiting for heartbeat...
[TELEM] Heartbeat OK
[MAIN] Telemetry ready: lat=28.4586534, lon=77.5054597, h=0.486
Loading model engine: best.engine
[SCOUT] Connecting to mavlink-router TCP 127.0.0.1:5760
[SCOUT] Connected
[TELEM] Connecting to MAVLink router UDP 14550[MAIN] Waiting for telemetry (GPS)...

[TELEM] Waiting for heartbeat...
[TELEM] Heartbeat OK
[MAIN] Telemetry ready: lat=28.4585114, lon=77.5057025, h=0.424
Loading model engine: best.engine
[SCOUT] Connecting to mavlink-router TCP 127.0.0.1:5760
[SCOUT] Connected
[TELEM] Connecting to MAVLink router UDP 14550[MAIN] Waiting for telemetry (GPS)...

[TELEM] Waiting for heartbeat...
[TELEM] Heartbeat OK
[MAIN] Telemetry ready: lat=28.4584691, lon=77.5056809, h=0.46
Loading model engine: best.engine
[SCOUT] Connecting to mavlink-router TCP 127.0.0.1:5760
[SCOUT] Connected
[TELEM] Connecting to MAVLink router UDP 14550[MAIN] Waiting for telemetry (GPS)...

[TELEM] Waiting for heartbeat...
[TELEM] Heartbeat OK
[MAIN] Telemetry ready: lat=28.4584907, lon=77.5056579, h=0.474
Loading model engine: best.engine
[SCOUT] Connecting to mavlink-router TCP 127.0.0.1:5760
[SCOUT] Connected
[TELEM] Connecting to MAVLink router UDP 14550[MAIN] Waiting for telemetry (GPS)...

[TELEM] Waiting for heartbeat...
[TELEM] Heartbeat OK
[MAIN] Telemetry ready: lat=28.4583708, lon=77.5059606, h=0.491
Loading model engine: best.engine
[SCOUT] Connecting to mavlink-router TCP 127.0.0.1:5760
[SCOUT] Connected
[TELEM] Connecting to MAVLink router UDP 14550[MAIN] Waiting for telemetry (GPS)...

[TELEM] Waiting for heartbeat...
[TELEM] Heartbeat OK
[MAIN] Telemetry ready: lat=28.4585335, lon=77.5057788, h=0.484
Loading model engine: best.engine
[SCOUT] Connecting to mavlink-router TCP 127.0.0.1:5760
[SCOUT] Connected
[TELEM] Connecting to MAVLink router UDP 14550[MAIN] Waiting for telemetry (GPS)...

[TELEM] Waiting for heartbeat...
[TELEM] Heartbeat OK
[MAIN] Telemetry ready: lat=28.458525, lon=77.50579, h=0.456
Loading model engine: best.engine
[SCOUT] Connecting to mavlink-router TCP 127.0.0.1:5760
[SCOUT] Connected
[TELEM] Connecting to MAVLink router UDP 14550[MAIN] Waiting for telemetry (GPS)...

[TELEM] Waiting for heartbeat...
[TELEM] Heartbeat OK
[MAIN] Telemetry ready: lat=28.4585323, lon=77.5057491, h=0.506
Loading model engine: best.engine
[SCOUT] Connecting to mavlink-router TCP 127.0.0.1:5760
[SCOUT] Connected
[TELEM] Connecting to MAVLink router UDP 14550[MAIN] Waiting for telemetry (GPS)...

[TELEM] Waiting for heartbeat...
[TELEM] Heartbeat OK
[MAIN] Telemetry ready: lat=28.4585355, lon=77.5057434, h=0.456
Loading model engine: best.engine
[SCOUT] Connecting to mavlink-router TCP 127.0.0.1:5760
[SCOUT] Connected
[TELEM] Connecting to MAVLink router UDP 14550[MAIN] Waiting for telemetry (GPS)...

[TELEM] Waiting for heartbeat...
[TELEM] Heartbeat OK
[MAIN] Telemetry ready: lat=28.4585383, lon=77.5057519, h=0.433
Loading model engine: best.engine
[SCOUT] Connecting to mavlink-router TCP 127.0.0.1:5760
[SCOUT] Connected
[TELEM] Connecting to MAVLink router UDP 14550[MAIN] Waiting for telemetry (GPS)...

[TELEM] Waiting for heartbeat...
[TELEM] Heartbeat OK
[MAIN] Telemetry ready: lat=28.458547, lon=77.5057592, h=0.482
Loading model engine: best.engine
[SCOUT] Connecting to mavlink-router TCP 127.0.0.1:5760
[SCOUT] Connected
[TELEM] Connecting to MAVLink router UDP 14550[MAIN] Waiting for telemetry (GPS)...

[TELEM] Waiting for heartbeat...
[TELEM] Heartbeat OK
[MAIN] Telemetry ready: lat=28.4585546, lon=77.5057563, h=0.402
Loading model engine: best.engine
[SCOUT] Connecting to mavlink-router TCP 127.0.0.1:5760
[SCOUT] Connected
[TELEM] Connecting to MAVLink router UDP 14550[MAIN] Waiting for telemetry (GPS)...

[TELEM] Waiting for heartbeat...
[TELEM] Heartbeat OK
[MAIN] Telemetry ready: lat=28.458553, lon=77.5057534, h=0.705
Loading model engine: best.engine
[SCOUT] Connecting to mavlink-router TCP 127.0.0.1:5760
[SCOUT] Connected
[TELEM] Connecting to MAVLink router UDP 14550[MAIN] Waiting for telemetry (GPS)...

[TELEM] Waiting for heartbeat...
[TELEM] Heartbeat OK
[MAIN] Telemetry ready: lat=28.4585591, lon=77.5057488, h=0.653
Loading model engine: best.engine
[SCOUT] Connecting to mavlink-router TCP 127.0.0.1:5760
[SCOUT] Connected
[TELEM] Connecting to MAVLink router UDP 14550[MAIN] Waiting for telemetry (GPS)...

[TELEM] Waiting for heartbeat...
[TELEM] Heartbeat OK
[MAIN] Telemetry ready: lat=28.4585625, lon=77.5057426, h=0.533
Loading model engine: best.engine
[SCOUT] Connecting to mavlink-router TCP 127.0.0.1:5760
[SCOUT] Connected
[TELEM] Connecting to MAVLink router UDP 14550[MAIN] Waiting for telemetry (GPS)...

[TELEM] Waiting for heartbeat...
[TELEM] Heartbeat OK
[MAIN] Telemetry ready: lat=28.4585616, lon=77.5057441, h=0.574
Loading model engine: best.engine
[SCOUT] Connecting to mavlink-router TCP 127.0.0.1:5760
[SCOUT] Connected
[TELEM] Connecting to MAVLink router UDP 14550[MAIN] Waiting for telemetry (GPS)...

[TELEM] Waiting for heartbeat...
[TELEM] Heartbeat OK
[MAIN] Telemetry ready: lat=28.4585661, lon=77.5057435, h=0.593
Loading model engine: best.engine
[SCOUT] Connecting to mavlink-router TCP 127.0.0.1:5760
[SCOUT] Connected
[TELEM] Connecting to MAVLink router UDP 14550[MAIN] Waiting for telemetry (GPS)...

[TELEM] Waiting for heartbeat...
[TELEM] Heartbeat OK
[MAIN] Telemetry ready: lat=28.4585723, lon=77.5057427, h=0.594
Loading model engine: best.engine
[SCOUT] Connecting to mavlink-router TCP 127.0.0.1:5760
[SCOUT] Connected
[TELEM] Connecting to MAVLink router UDP 14550[MAIN] Waiting for telemetry (GPS)...

[TELEM] Waiting for heartbeat...
[TELEM] Heartbeat OK
[MAIN] Telemetry ready: lat=28.4585752, lon=77.5057382, h=0.553
Loading model engine: best.engine
[SCOUT] Connecting to mavlink-router TCP 127.0.0.1:5760
[SCOUT] Connected
[TELEM] Connecting to MAVLink router UDP 14550[MAIN] Waiting for telemetry (GPS)...

[TELEM] Waiting for heartbeat...
[TELEM] Heartbeat OK
[MAIN] Telemetry ready: lat=28.45857, lon=77.505741, h=0.869
Loading model engine: best.engine
[SCOUT] Connecting to mavlink-router TCP 127.0.0.1:5760
[SCOUT] Connected
[TELEM] Connecting to MAVLink router UDP 14550[MAIN] Waiting for telemetry (GPS)...

[TELEM] Waiting for heartbeat...
[TELEM] Heartbeat OK
[MAIN] Telemetry ready: lat=28.4585734, lon=77.5057386, h=0.661
Loading model engine: best.engine
[SCOUT] Connecting to mavlink-router TCP 127.0.0.1:5760
[SCOUT] Connected
[TELEM] Connecting to MAVLink router UDP 14550[MAIN] Waiting for telemetry (GPS)...

[TELEM] Waiting for heartbeat...
[TELEM] Heartbeat OK
[MAIN] Telemetry ready: lat=28.4585765, lon=77.5057275, h=0.44
Loading model engine: best.engine
[SCOUT] Connecting to mavlink-router TCP 127.0.0.1:5760
[SCOUT] Connected
[TELEM] Connecting to MAVLink router UDP 14550[MAIN] Waiting for telemetry (GPS)...

[TELEM] Waiting for heartbeat...
[TELEM] Heartbeat OK
[MAIN] Telemetry ready: lat=28.4585747, lon=77.5057268, h=0.655
Loading model engine: best.engine
[SCOUT] Connecting to mavlink-router TCP 127.0.0.1:5760
[SCOUT] Connected
[TELEM] Connecting to MAVLink router UDP 14550[MAIN] Waiting for telemetry (GPS)...

[TELEM] Waiting for heartbeat...
[TELEM] Heartbeat OK
[MAIN] Telemetry ready: lat=28.4585771, lon=77.505726, h=0.645
Loading model engine: best.engine
[SCOUT] Connecting to mavlink-router TCP 127.0.0.1:5760
[SCOUT] Connected
[TELEM] Connecting to MAVLink router UDP 14550[MAIN] Waiting for telemetry (GPS)...

[TELEM] Waiting for heartbeat...
[TELEM] Heartbeat OK
[MAIN] Telemetry ready: lat=28.458581, lon=77.5057118, h=0.594
Loading model engine: best.engine
[SCOUT] Connecting to mavlink-router TCP 127.0.0.1:5760
[SCOUT] Connected
[TELEM] Connecting to MAVLink router UDP 14550[MAIN] Waiting for telemetry (GPS)...

[TELEM] Waiting for heartbeat...
[TELEM] Heartbeat OK
[MAIN] Telemetry ready: lat=28.458572, lon=77.5057109, h=0.774
Loading model engine: best.engine
[SCOUT] Connecting to mavlink-router TCP 127.0.0.1:5760
[SCOUT] Connected
[TELEM] Connecting to MAVLink router UDP 14550[MAIN] Waiting for telemetry (GPS)...

[TELEM] Waiting for heartbeat...
[TELEM] Heartbeat OK
[MAIN] Telemetry ready: lat=28.4585631, lon=77.5057134, h=0.798
Loading model engine: best.engine
[SCOUT] Connecting to mavlink-router TCP 127.0.0.1:5760
[SCOUT] Connected
[TELEM] Connecting to MAVLink router UDP 14550[MAIN] Waiting for telemetry (GPS)...

[TELEM] Waiting for heartbeat...
[TELEM] Heartbeat OK
[MAIN] Telemetry ready: lat=28.4585641, lon=77.5057145, h=0.695
Loading model engine: best.engine
[SCOUT] Connecting to mavlink-router TCP 127.0.0.1:5760
[SCOUT] Connected
[TELEM] Connecting to MAVLink router UDP 14550[MAIN] Waiting for telemetry (GPS)...

[TELEM] Waiting for heartbeat...
[TELEM] Heartbeat OK
[MAIN] Telemetry ready: lat=28.4585676, lon=77.5057389, h=0.669
Loading model engine: best.engine
[SCOUT] Connecting to mavlink-router TCP 127.0.0.1:5760
[SCOUT] Connected
[TELEM] Connecting to MAVLink router UDP 14550[MAIN] Waiting for telemetry (GPS)...

[TELEM] Waiting for heartbeat...
[TELEM] Heartbeat OK
[MAIN] Telemetry ready: lat=28.4585704, lon=77.5057529, h=0.756
Loading model engine: best.engine
[SCOUT] Connecting to mavlink-router TCP 127.0.0.1:5760
[SCOUT] Connected
[TELEM] Connecting to MAVLink router UDP 14550[MAIN] Waiting for telemetry (GPS)...

[TELEM] Waiting for heartbeat...
[TELEM] Heartbeat OK
[MAIN] Telemetry ready: lat=28.4585778, lon=77.5057722, h=0.715
Loading model engine: best.engine
[SCOUT] Connecting to mavlink-router TCP 127.0.0.1:5760
[SCOUT] Connected
[TELEM] Connecting to MAVLink router UDP 14550[MAIN] Waiting for telemetry (GPS)...

[TELEM] Waiting for heartbeat...
[TELEM] Heartbeat OK
[MAIN] Telemetry ready: lat=28.4585779, lon=77.5057903, h=0.678
Loading model engine: best.engine
[SCOUT] Connecting to mavlink-router TCP 127.0.0.1:5760
[SCOUT] Connected
[TELEM] Connecting to MAVLink router UDP 14550[MAIN] Waiting for telemetry (GPS)...

[TELEM] Waiting for heartbeat...
[TELEM] Heartbeat OK
[MAIN] Telemetry ready: lat=28.4585743, lon=77.5057895, h=0.662
Loading model engine: best.engine
[SCOUT] Connecting to mavlink-router TCP 127.0.0.1:5760
[SCOUT] Connected
[TELEM] Connecting to MAVLink router UDP 14550[MAIN] Waiting for telemetry (GPS)...

[TELEM] Waiting for heartbeat...
[TELEM] Heartbeat OK
[MAIN] Telemetry ready: lat=28.4585756, lon=77.5057926, h=0.577
Loading model engine: best.engine
[SCOUT] Connecting to mavlink-router TCP 127.0.0.1:5760
[SCOUT] Connected
[TELEM] Connecting to MAVLink router UDP 14550[MAIN] Waiting for telemetry (GPS)...

[TELEM] Waiting for heartbeat...
[TELEM] Heartbeat OK
[MAIN] Telemetry ready: lat=28.4585619, lon=77.5058042, h=0.839
Loading model engine: best.engine
[SCOUT] Connecting to mavlink-router TCP 127.0.0.1:5760
[SCOUT] Connected
[TELEM] Connecting to MAVLink router UDP 14550[MAIN] Waiting for telemetry (GPS)...

[TELEM] Waiting for heartbeat...
[TELEM] Heartbeat OK
[MAIN] Telemetry ready: lat=28.4585532, lon=77.5057896, h=0.731
Loading model engine: best.engine
[SCOUT] Connecting to mavlink-router TCP 127.0.0.1:5760
[SCOUT] Connected
[TELEM] Connecting to MAVLink router UDP 14550[MAIN] Waiting for telemetry (GPS)...

[TELEM] Waiting for heartbeat...
[TELEM] Heartbeat OK
[MAIN] Telemetry ready: lat=28.4585466, lon=77.5057853, h=0.604
Loading model engine: best.engine
[SCOUT] Connecting to mavlink-router TCP 127.0.0.1:5760
[SCOUT] Connected
[TELEM] Connecting to MAVLink router UDP 14550[MAIN] Waiting for telemetry (GPS)...

[TELEM] Waiting for heartbeat...
[TELEM] Heartbeat OK
[MAIN] Telemetry ready: lat=28.4585506, lon=77.5057784, h=0.553
Loading model engine: best.engine
[SCOUT] Connecting to mavlink-router TCP 127.0.0.1:5760
[SCOUT] Connected
[TELEM] Connecting to MAVLink router UDP 14550[MAIN] Waiting for telemetry (GPS)...

[TELEM] Waiting for heartbeat...
[TELEM] Heartbeat OK
[MAIN] Telemetry ready: lat=28.4585588, lon=77.5057762, h=0.385
Loading model engine: best.engine
[SCOUT] Connecting to mavlink-router TCP 127.0.0.1:5760
[SCOUT] Connected
[TELEM] Connecting to MAVLink router UDP 14550[MAIN] Waiting for telemetry (GPS)...

[TELEM] Waiting for heartbeat...
[TELEM] Heartbeat OK
[MAIN] Telemetry ready: lat=28.4585622, lon=77.5057913, h=0.764
Loading model engine: best.engine
[SCOUT] Connecting to mavlink-router TCP 127.0.0.1:5760
[SCOUT] Connected
[TELEM] Connecting to MAVLink router UDP 14550[MAIN] Waiting for telemetry (GPS)...

[TELEM] Waiting for heartbeat...
[TELEM] Heartbeat OK
[MAIN] Telemetry ready: lat=28.4585574, lon=77.5057969, h=0.731
Loading model engine: best.engine
[SCOUT] Connecting to mavlink-router TCP 127.0.0.1:5760
[SCOUT] Connected
[TELEM] Connecting to MAVLink router UDP 14550[MAIN] Waiting for telemetry (GPS)...

[TELEM] Waiting for heartbeat...
[TELEM] Heartbeat OK
[MAIN] Telemetry ready: lat=28.4585573, lon=77.5057917, h=0.768
Loading model engine: best.engine
[SCOUT] Connecting to mavlink-router TCP 127.0.0.1:5760
[SCOUT] Connected
[TELEM] Connecting to MAVLink router UDP 14550[MAIN] Waiting for telemetry (GPS)...

[TELEM] Waiting for heartbeat...
[TELEM] Heartbeat OK
[MAIN] Telemetry ready: lat=28.4585674, lon=77.5057617, h=0.57
Loading model engine: best.engine
[SCOUT] Connecting to mavlink-router TCP 127.0.0.1:5760
[SCOUT] Connected
[TELEM] Connecting to MAVLink router UDP 14550[MAIN] Waiting for telemetry (GPS)...

[TELEM] Waiting for heartbeat...
[TELEM] Heartbeat OK
[MAIN] Telemetry ready: lat=28.4585741, lon=77.5057509, h=0.696
Loading model engine: best.engine
[SCOUT] Connecting to mavlink-router TCP 127.0.0.1:5760
[SCOUT] Connected
[TELEM] Connecting to MAVLink router UDP 14550[MAIN] Waiting for telemetry (GPS)...

[TELEM] Waiting for heartbeat...
[TELEM] Heartbeat OK
[MAIN] Telemetry ready: lat=28.4585766, lon=77.5057466, h=0.835
Loading model engine: best.engine
[SCOUT] Connecting to mavlink-router TCP 127.0.0.1:5760
[SCOUT] Connected
[TELEM] Connecting to MAVLink router UDP 14550[MAIN] Waiting for telemetry (GPS)...

[TELEM] Waiting for heartbeat...
[TELEM] Heartbeat OK
[MAIN] Telemetry ready: lat=28.4585809, lon=77.5057405, h=0.76
Loading model engine: best.engine
[SCOUT] Connecting to mavlink-router TCP 127.0.0.1:5760
[SCOUT] Connected
[TELEM] Connecting to MAVLink router UDP 14550[MAIN] Waiting for telemetry (GPS)...

[TELEM] Waiting for heartbeat...
[TELEM] Heartbeat OK
[MAIN] Telemetry ready: lat=28.458579, lon=77.5057426, h=0.658
Loading model engine: best.engine
[SCOUT] Connecting to mavlink-router TCP 127.0.0.1:5760
[SCOUT] Connected
[TELEM] Connecting to MAVLink router UDP 14550[MAIN] Waiting for telemetry (GPS)...

[TELEM] Waiting for heartbeat...
[TELEM] Heartbeat OK
[MAIN] Telemetry ready: lat=28.4585747, lon=77.5057414, h=0.709
Loading model engine: best.engine
[SCOUT] Connecting to mavlink-router TCP 127.0.0.1:5760
[SCOUT] Connected
[TELEM] Connecting to MAVLink router UDP 14550[MAIN] Waiting for telemetry (GPS)...

[TELEM] Waiting for heartbeat...
[TELEM] Heartbeat OK
[MAIN] Telemetry ready: lat=28.4585699, lon=77.5057473, h=0.65
Loading model engine: best.engine
[SCOUT] Connecting to mavlink-router TCP 127.0.0.1:5760
[SCOUT] Connected
[TELEM] Connecting to MAVLink router UDP 14550[MAIN] Waiting for telemetry (GPS)...

[TELEM] Waiting for heartbeat...
[TELEM] Heartbeat OK
[MAIN] Telemetry ready: lat=28.4585642, lon=77.5057472, h=0.828
Loading model engine: best.engine
[SCOUT] Connecting to mavlink-router TCP 127.0.0.1:5760
[SCOUT] Connected
[TELEM] Connecting to MAVLink router UDP 14550[MAIN] Waiting for telemetry (GPS)...

[TELEM] Waiting for heartbeat...
[TELEM] Heartbeat OK
[MAIN] Telemetry ready: lat=28.4585628, lon=77.5057279, h=0.671
Loading model engine: best.engine
[SCOUT] Connecting to mavlink-router TCP 127.0.0.1:5760
[SCOUT] Connected
[TELEM] Connecting to MAVLink router UDP 14550[MAIN] Waiting for telemetry (GPS)...

[TELEM] Waiting for heartbeat...
[TELEM] Heartbeat OK
[MAIN] Telemetry ready: lat=28.4585586, lon=77.5057129, h=0.615
Loading model engine: best.engine
[SCOUT] Connecting to mavlink-router TCP 127.0.0.1:5760
[SCOUT] Connected
[TELEM] Connecting to MAVLink router UDP 14550[MAIN] Waiting for telemetry (GPS)...

[TELEM] Waiting for heartbeat...
[TELEM] Heartbeat OK
[MAIN] Telemetry ready: lat=28.4585595, lon=77.5056819, h=0.758
Loading model engine: best.engine
[SCOUT] Connecting to mavlink-router TCP 127.0.0.1:5760
[SCOUT] Connected
[TELEM] Connecting to MAVLink router UDP 14550[MAIN] Waiting for telemetry (GPS)...

[TELEM] Waiting for heartbeat...
[TELEM] Heartbeat OK
[MAIN] Telemetry ready: lat=28.4585605, lon=77.5056699, h=0.755
Loading model engine: best.engine
[SCOUT] Connecting to mavlink-router TCP 127.0.0.1:5760
[SCOUT] Connected
[TELEM] Connecting to MAVLink router UDP 14550[MAIN] Waiting for telemetry (GPS)...

[TELEM] Waiting for heartbeat...
[TELEM] Heartbeat OK
[MAIN] Telemetry ready: lat=28.4585672, lon=77.5056771, h=0.688
Loading model engine: best.engine
[SCOUT] Connecting to mavlink-router TCP 127.0.0.1:5760
[SCOUT] Connected
[TELEM] Connecting to MAVLink router UDP 14550[MAIN] Waiting for telemetry (GPS)...

[TELEM] Waiting for heartbeat...
                                                                                                                       [SCOUT] Connecting to mavlink-router TCP 127.0.0.1:5760
[SCOUT] Connected
[TELEM] Connecting to MAVLink router UDP 14550[MAIN] Waiting for telemetry (GPS)...

[TELEM] Waiting for heartbeat...
[TELEM] Heartbeat OK
[MAIN] WARNING: telemetry not ready after 30s, continuing anyway
Loading model engine: best.engine
[SCOUT] Connecting to mavlink-router TCP 127.0.0.1:5760
[SCOUT] Connected
[TELEM] Connecting to MAVLink router UDP 14550[MAIN] Waiting for telemetry (GPS)...

[TELEM] Waiting for heartbeat...
[TELEM] Heartbeat OK
[MAIN] WARNING: telemetry not ready after 30s, continuing anyway
Loading model engine: best.engine
[SCOUT] Connecting to mavlink-router TCP 127.0.0.1:5760
[SCOUT] Connected
[TELEM] Connecting to MAVLink router UDP 14550[MAIN] Waiting for telemetry (GPS)...

[TELEM] Waiting for heartbeat...
[TELEM] Heartbeat OK
[MAIN] WARNING: telemetry not ready after 30s, continuing anyway
Loading model engine: best.engine
[SCOUT] Connecting to mavlink-router TCP 127.0.0.1:5760
[SCOUT] Connected
[TELEM] Connecting to MAVLink router UDP 14550[MAIN] Waiting for telemetry (GPS)...

[TELEM] Waiting for heartbeat...
[TELEM] Heartbeat OK
[MAIN] WARNING: telemetry not ready after 30s, continuing anyway
Loading model engine: best.engine
[SCOUT] Connecting to mavlink-router TCP 127.0.0.1:5760
[SCOUT] Connected
[TELEM] Connecting to MAVLink router UDP 14550[MAIN] Waiting for telemetry (GPS)...

[TELEM] Waiting for heartbeat...
[TELEM] Heartbeat OK
[MAIN] WARNING: telemetry not ready after 30s, continuing anyway
Loading model engine: best.engine
[SCOUT] Connecting to mavlink-router TCP 127.0.0.1:5760
[SCOUT] Connected
[TELEM] Connecting to MAVLink router UDP 14550[MAIN] Waiting for telemetry (GPS)...

[TELEM] Waiting for heartbeat...
[TELEM] Heartbeat OK
[MAIN] WARNING: telemetry not ready after 30s, continuing anyway
Loading model engine: best.engine
[SCOUT] Connecting to mavlink-router TCP 127.0.0.1:5760
[SCOUT] Connected
[TELEM] Connecting to MAVLink router UDP 14550[MAIN] Waiting for telemetry (GPS)...

[TELEM] Waiting for heartbeat...
[TELEM] Heartbeat OK
[MAIN] WARNING: telemetry not ready after 30s, continuing anyway
Loading model engine: best.engine
[SCOUT] Connecting to mavlink-router TCP 127.0.0.1:5760
[SCOUT] Connected
[TELEM] Connecting to MAVLink router UDP 14550[MAIN] Waiting for telemetry (GPS)...

[TELEM] Waiting for heartbeat...
[TELEM] Heartbeat OK
[MAIN] WARNING: telemetry not ready after 30s, continuing anyway
Loading model engine: best.engine
[SCOUT] Connecting to mavlink-router TCP 127.0.0.1:5760
[SCOUT] Connected
[TELEM] Connecting to MAVLink router UDP 14550[MAIN] Waiting for telemetry (GPS)...

[TELEM] Waiting for heartbeat...
[TELEM] Heartbeat OK
[MAIN] WARNING: telemetry not ready after 30s, continuing anyway
Loading model engine: best.engine
[SCOUT] Connecting to mavlink-router TCP 127.0.0.1:5760
[SCOUT] Connected
[TELEM] Connecting to MAVLink router UDP 14550[MAIN] Waiting for telemetry (GPS)...

[TELEM] Waiting for heartbeat...
[TELEM] Heartbeat OK
[MAIN] WARNING: telemetry not ready after 30s, continuing anyway
Loading model engine: best.engine
[SCOUT] Connecting to mavlink-router TCP 127.0.0.1:5760
[SCOUT] Connected
[TELEM] Connecting to MAVLink router UDP 14550[MAIN] Waiting for telemetry (GPS)...

[TELEM] Waiting for heartbeat...
[TELEM] Heartbeat OK
[MAIN] WARNING: telemetry not ready after 30s, continuing anyway
Loading model engine: best.engine
[SCOUT] Connecting to mavlink-router TCP 127.0.0.1:5760
[SCOUT] Connected
[TELEM] Connecting to MAVLink router UDP 14550[MAIN] Waiting for telemetry (GPS)...

[TELEM] Waiting for heartbeat...
[TELEM] Heartbeat OK
[MAIN] WARNING: telemetry not ready after 30s, continuing anyway
Loading model engine: best.engine
[SCOUT] Connecting to mavlink-router TCP 127.0.0.1:5760
[SCOUT] Connected
[TELEM] Connecting to MAVLink router UDP 14550[MAIN] Waiting for telemetry (GPS)...

[TELEM] Waiting for heartbeat...
[TELEM] Heartbeat OK
[MAIN] WARNING: telemetry not ready after 30s, continuing anyway
Loading model engine: best.engine
[SCOUT] Connecting to mavlink-router TCP 127.0.0.1:5760
[SCOUT] Connected
[TELEM] Connecting to MAVLink router UDP 14550[MAIN] Waiting for telemetry (GPS)...

[TELEM] Waiting for heartbeat...
[TELEM] Heartbeat OK
[MAIN] WARNING: telemetry not ready after 30s, continuing anyway
Loading model engine: best.engine
[SCOUT] Connecting to mavlink-router TCP 127.0.0.1:5760
[SCOUT] Connected
[TELEM] Connecting to MAVLink router UDP 14550[MAIN] Waiting for telemetry (GPS)...

[TELEM] Waiting for heartbeat...
[TELEM] Heartbeat OK
[MAIN] WARNING: telemetry not ready after 30s, continuing anyway
Loading model engine: best.engine
[SCOUT] Connecting to mavlink-router TCP 127.0.0.1:5760
[SCOUT] Connected
[TELEM] Connecting to MAVLink router UDP 14550[MAIN] Waiting for telemetry (GPS)...

[TELEM] Waiting for heartbeat...
[TELEM] Heartbeat OK
[MAIN] WARNING: telemetry not ready after 30s, continuing anyway
Loading model engine: best.engine
[SCOUT] Connecting to mavlink-router TCP 127.0.0.1:5760
[SCOUT] Connected
[TELEM] Connecting to MAVLink router UDP 14550[MAIN] Waiting for telemetry (GPS)...

[TELEM] Waiting for heartbeat...
[TELEM] Heartbeat OK
[MAIN] WARNING: telemetry not ready after 30s, continuing anyway
Loading model engine: best.engine
[SCOUT] Connecting to mavlink-router TCP 127.0.0.1:5760
[SCOUT] Connected
[MAIN] Waiting for telemetry (GPS)...
[TELEM] Connecting to MAVLink router UDP 14550
[TELEM] Waiting for heartbeat...
[TELEM] Heartbeat OK
[MAIN] WARNING: telemetry not ready after 30s, continuing anyway
Loading model engine: best.engine
[SCOUT] Connecting to mavlink-router TCP 127.0.0.1:5760
[SCOUT] Connected
[TELEM] Connecting to MAVLink router UDP 14550[MAIN] Waiting for telemetry (GPS)...

[TELEM] Waiting for heartbeat...
[TELEM] Heartbeat OK
[MAIN] WARNING: telemetry not ready after 30s, continuing anyway
Loading model engine: best.engine
[SCOUT] Connecting to mavlink-router TCP 127.0.0.1:5760
[SCOUT] Connected
[TELEM] Connecting to MAVLink router UDP 14550
[TELEM] Waiting for heartbeat...[MAIN] Waiting for telemetry (GPS)...

[TELEM] Heartbeat OK
[MAIN] Telemetry ready: lat=28.458573, lon=77.505765, h=-0.032
Loading model engine: best.engine
[SCOUT] Connecting to mavlink-router TCP 127.0.0.1:5760
[SCOUT] Connected
[MAIN] Waiting for telemetry (GPS)...
[TELEM] Connecting to MAVLink router UDP 14550
[TELEM] Waiting for heartbeat...
[TELEM] Heartbeat OK
[MAIN] Telemetry ready: lat=28.4585686, lon=77.5057724, h=-0.167
Loading model engine: best.engine
[SCOUT] Connecting to mavlink-router TCP 127.0.0.1:5760
[SCOUT] Connected
[TELEM] Connecting to MAVLink router UDP 14550[MAIN] Waiting for telemetry (GPS)...

[TELEM] Waiting for heartbeat...
[TELEM] Heartbeat OK
[MAIN] Telemetry ready: lat=28.458572, lon=77.505773, h=-0.155
Loading model engine: best.engine
[SCOUT] Connecting to mavlink-router TCP 127.0.0.1:5760
[SCOUT] Connected
[TELEM] Connecting to MAVLink router UDP 14550[MAIN] Waiting for telemetry (GPS)...

[TELEM] Waiting for heartbeat...
[TELEM] Heartbeat OK
[MAIN] Telemetry ready: lat=28.4585508, lon=77.5057749, h=-0.02
Loading model engine: best.engine
[SCOUT] Connecting to mavlink-router TCP 127.0.0.1:5760
[SCOUT] Connected
[TELEM] Connecting to MAVLink router UDP 14550[MAIN] Waiting for telemetry (GPS)...

[TELEM] Waiting for heartbeat...
[TELEM] Heartbeat OK
[MAIN] Telemetry ready: lat=28.4585363, lon=77.5057805, h=-0.332
Loading model engine: best.engine
[SCOUT] Connecting to mavlink-router TCP 127.0.0.1:5760
[SCOUT] Connected
[TELEM] Connecting to MAVLink router UDP 14550[MAIN] Waiting for telemetry (GPS)...

[TELEM] Waiting for heartbeat...
[TELEM] Heartbeat OK
[MAIN] Telemetry ready: lat=28.4585409, lon=77.505784, h=-0.364
Loading model engine: best.engine
[SCOUT] Connecting to mavlink-router TCP 127.0.0.1:5760
[SCOUT] Connected
[TELEM] Connecting to MAVLink router UDP 14550[MAIN] Waiting for telemetry (GPS)...

[TELEM] Waiting for heartbeat...
[TELEM] Heartbeat OK
[MAIN] Telemetry ready: lat=28.4585402, lon=77.5058009, h=-0.511
Loading model engine: best.engine
[SCOUT] Connecting to mavlink-router TCP 127.0.0.1:5760
[SCOUT] Connected
[TELEM] Connecting to MAVLink router UDP 14550[MAIN] Waiting for telemetry (GPS)...

[TELEM] Waiting for heartbeat...
[TELEM] Heartbeat OK
[MAIN] Telemetry ready: lat=28.4585434, lon=77.5058106, h=-0.052
Loading model engine: best.engine
[SCOUT] Connecting to mavlink-router TCP 127.0.0.1:5760
[SCOUT] Connected
[TELEM] Connecting to MAVLink router UDP 14550[MAIN] Waiting for telemetry (GPS)...

[TELEM] Waiting for heartbeat...
[TELEM] Heartbeat OK
[MAIN] Telemetry ready: lat=28.4585526, lon=77.5058032, h=-0.106
Loading model engine: best.engine
[SCOUT] Connecting to mavlink-router TCP 127.0.0.1:5760
[SCOUT] Connected
[TELEM] Connecting to MAVLink router UDP 14550[MAIN] Waiting for telemetry (GPS)...

[TELEM] Waiting for heartbeat...
[TELEM] Heartbeat OK
[MAIN] Telemetry ready: lat=28.4585813, lon=77.5057493, h=-0.275
Loading model engine: best.engine
[SCOUT] Connecting to mavlink-router TCP 127.0.0.1:5760
[SCOUT] Connected
[TELEM] Connecting to MAVLink router UDP 14550[MAIN] Waiting for telemetry (GPS)...

[TELEM] Waiting for heartbeat...
[TELEM] Heartbeat OK
[MAIN] Telemetry ready: lat=28.4585862, lon=77.505731, h=-0.295
Loading model engine: best.engine
[SCOUT] Connecting to mavlink-router TCP 127.0.0.1:5760
[SCOUT] Connected
[TELEM] Connecting to MAVLink router UDP 14550[MAIN] Waiting for telemetry (GPS)...

[TELEM] Waiting for heartbeat...
[TELEM] Heartbeat OK
[MAIN] Telemetry ready: lat=28.4585867, lon=77.5057297, h=-0.254
Loading model engine: best.engine
[SCOUT] Connecting to mavlink-router TCP 127.0.0.1:5760
[SCOUT] Connected
[TELEM] Connecting to MAVLink router UDP 14550[MAIN] Waiting for telemetry (GPS)...

[TELEM] Waiting for heartbeat...
[TELEM] Heartbeat OK
[MAIN] Telemetry ready: lat=28.4585773, lon=77.5057396, h=-0.242
Loading model engine: best.engine
[SCOUT] Connecting to mavlink-router TCP 127.0.0.1:5760
[SCOUT] Connected
[TELEM] Connecting to MAVLink router UDP 14550[MAIN] Waiting for telemetry (GPS)...

[TELEM] Waiting for heartbeat...
[TELEM] Heartbeat OK
[MAIN] Telemetry ready: lat=28.4585802, lon=77.5057382, h=-0.218
Loading model engine: best.engine
[SCOUT] Connecting to mavlink-router TCP 127.0.0.1:5760
[SCOUT] Connected
[TELEM] Connecting to MAVLink router UDP 14550[MAIN] Waiting for telemetry (GPS)...

[TELEM] Waiting for heartbeat...
[TELEM] Heartbeat OK
[MAIN] Telemetry ready: lat=28.4585828, lon=77.5057175, h=-0.243
Loading model engine: best.engine
[SCOUT] Connecting to mavlink-router TCP 127.0.0.1:5760
[SCOUT] Connected
[TELEM] Connecting to MAVLink router UDP 14550[MAIN] Waiting for telemetry (GPS)...

[TELEM] Waiting for heartbeat...
[TELEM] Heartbeat OK
[MAIN] Telemetry ready: lat=28.4585843, lon=77.5057262, h=-0.256
Loading model engine: best.engine
[SCOUT] Connecting to mavlink-router TCP 127.0.0.1:5760
[SCOUT] Connected
[TELEM] Connecting to MAVLink router UDP 14550[MAIN] Waiting for telemetry (GPS)...

[TELEM] Waiting for heartbeat...
[TELEM] Heartbeat OK
[MAIN] Telemetry ready: lat=28.4585839, lon=77.5057401, h=-0.177
Loading model engine: best.engine
[SCOUT] Connecting to mavlink-router TCP 127.0.0.1:5760
[SCOUT] Connected
[TELEM] Connecting to MAVLink router UDP 14550[MAIN] Waiting for telemetry (GPS)...

[TELEM] Waiting for heartbeat...
[TELEM] Heartbeat OK
[MAIN] Telemetry ready: lat=28.4585822, lon=77.5057414, h=-0.141
Loading model engine: best.engine
[SCOUT] Connecting to mavlink-router TCP 127.0.0.1:5760
[SCOUT] Connected
[TELEM] Connecting to MAVLink router UDP 14550[MAIN] Waiting for telemetry (GPS)...

[TELEM] Waiting for heartbeat...
[TELEM] Heartbeat OK
[MAIN] Telemetry ready: lat=28.458578, lon=77.5057698, h=-0.243
Loading model engine: best.engine
[SCOUT] Connecting to mavlink-router TCP 127.0.0.1:5760
[SCOUT] Connected
[TELEM] Connecting to MAVLink router UDP 14550[MAIN] Waiting for telemetry (GPS)...

[TELEM] Waiting for heartbeat...
[TELEM] Heartbeat OK
[MAIN] Telemetry ready: lat=28.4585767, lon=77.5057832, h=-0.081
Loading model engine: best.engine
[SCOUT] Connecting to mavlink-router TCP 127.0.0.1:5760
[SCOUT] Connected
[TELEM] Connecting to MAVLink router UDP 14550[MAIN] Waiting for telemetry (GPS)...

[TELEM] Waiting for heartbeat...
[TELEM] Heartbeat OK
[MAIN] Telemetry ready: lat=28.4585775, lon=77.5057714, h=-0.61
Loading model engine: best.engine
[SCOUT] Connecting to mavlink-router TCP 127.0.0.1:5760
[SCOUT] Connected
[TELEM] Connecting to MAVLink router UDP 14550[MAIN] Waiting for telemetry (GPS)...

[TELEM] Waiting for heartbeat...
[TELEM] Heartbeat OK
[MAIN] Telemetry ready: lat=28.4585766, lon=77.5057748, h=-0.203
Loading model engine: best.engine
[SCOUT] Connecting to mavlink-router TCP 127.0.0.1:5760
[SCOUT] Connected
[TELEM] Connecting to MAVLink router UDP 14550[MAIN] Waiting for telemetry (GPS)...

[TELEM] Waiting for heartbeat...
[TELEM] Heartbeat OK
[MAIN] Telemetry ready: lat=28.4585776, lon=77.5057678, h=-0.297
Loading model engine: best.engine
[SCOUT] Connecting to mavlink-router TCP 127.0.0.1:5760
[SCOUT] Connected
[TELEM] Connecting to MAVLink router UDP 14550[MAIN] Waiting for telemetry (GPS)...

[TELEM] Waiting for heartbeat...
[TELEM] Heartbeat OK
[MAIN] Telemetry ready: lat=28.4585752, lon=77.5057685, h=-0.14
Loading model engine: best.engine
[SCOUT] Connecting to mavlink-router TCP 127.0.0.1:5760
[SCOUT] Connected
[TELEM] Connecting to MAVLink router UDP 14550[MAIN] Waiting for telemetry (GPS)...

[TELEM] Waiting for heartbeat...
[TELEM] Heartbeat OK
[MAIN] Telemetry ready: lat=28.4585715, lon=77.5057704, h=-0.444
Loading model engine: best.engine
[SCOUT] Connecting to mavlink-router TCP 127.0.0.1:5760
[SCOUT] Connected
[TELEM] Connecting to MAVLink router UDP 14550[MAIN] Waiting for telemetry (GPS)...

[TELEM] Waiting for heartbeat...
[TELEM] Heartbeat OK
[MAIN] Telemetry ready: lat=28.4585763, lon=77.5057843, h=0.226
Loading model engine: best.engine
[SCOUT] Connecting to mavlink-router TCP 127.0.0.1:5760
[SCOUT] Connected
[TELEM] Connecting to MAVLink router UDP 14550[MAIN] Waiting for telemetry (GPS)...

[TELEM] Waiting for heartbeat...
[TELEM] Heartbeat OK
[MAIN] Telemetry ready: lat=28.4585773, lon=77.5057887, h=0.124
Loading model engine: best.engine
[SCOUT] Connecting to mavlink-router TCP 127.0.0.1:5760
[SCOUT] Connected
[TELEM] Connecting to MAVLink router UDP 14550[MAIN] Waiting for telemetry (GPS)...

[TELEM] Waiting for heartbeat...
[TELEM] Heartbeat OK
[MAIN] Telemetry ready: lat=28.4585781, lon=77.5057927, h=-0.163
Loading model engine: best.engine
[SCOUT] Connecting to mavlink-router TCP 127.0.0.1:5760
[SCOUT] Connected
[TELEM] Connecting to MAVLink router UDP 14550[MAIN] Waiting for telemetry (GPS)...

[TELEM] Waiting for heartbeat...
[TELEM] Heartbeat OK
[MAIN] Telemetry ready: lat=28.4585801, lon=77.5057607, h=-0.555
Loading model engine: best.engine
[SCOUT] Connecting to mavlink-router TCP 127.0.0.1:5760
[SCOUT] Connected
[TELEM] Connecting to MAVLink router UDP 14550[MAIN] Waiting for telemetry (GPS)...

[TELEM] Waiting for heartbeat...
[TELEM] Heartbeat OK
[MAIN] Telemetry ready: lat=28.458581, lon=77.5057578, h=-0.013
Loading model engine: best.engine
[SCOUT] Connecting to mavlink-router TCP 127.0.0.1:5760
[SCOUT] Connected
[TELEM] Connecting to MAVLink router UDP 14550[MAIN] Waiting for telemetry (GPS)...

[TELEM] Waiting for heartbeat...
[TELEM] Heartbeat OK
[MAIN] Telemetry ready: lat=28.4585834, lon=77.5057419, h=-0.253
Loading model engine: best.engine
[SCOUT] Connecting to mavlink-router TCP 127.0.0.1:5760
[SCOUT] Connected
[TELEM] Connecting to MAVLink router UDP 14550[MAIN] Waiting for telemetry (GPS)...

[TELEM] Waiting for heartbeat...
[TELEM] Heartbeat OK
[MAIN] WARNING: telemetry not ready after 30s, continuing anyway
Loading model engine: best.engine
[SCOUT] Connecting to mavlink-router TCP 127.0.0.1:5760
[SCOUT] Connected
[TELEM] Connecting to MAVLink router UDP 14550[MAIN] Waiting for telemetry (GPS)...

[TELEM] Waiting for heartbeat...
[TELEM] Heartbeat OK
[MAIN] WARNING: telemetry not ready after 30s, continuing anyway
Loading model engine: best.engine
[SCOUT] Connecting to mavlink-router TCP 127.0.0.1:5760
[SCOUT] Connected
[TELEM] Connecting to MAVLink router UDP 14550[MAIN] Waiting for telemetry (GPS)...

[TELEM] Waiting for heartbeat...
[TELEM] Heartbeat OK
[MAIN] WARNING: telemetry not ready after 30s, continuing anyway
Loading model engine: best.engine
[SCOUT] Connecting to mavlink-router TCP 127.0.0.1:5760
[SCOUT] Connected
[TELEM] Connecting to MAVLink router UDP 14550[MAIN] Waiting for telemetry (GPS)...

[TELEM] Waiting for heartbeat...
[TELEM] Heartbeat OK
[MAIN] WARNING: telemetry not ready after 30s, continuing anyway
Loading model engine: best.engine
[SCOUT] Connecting to mavlink-router TCP 127.0.0.1:5760
[SCOUT] Connected
[TELEM] Connecting to MAVLink router UDP 14550[MAIN] Waiting for telemetry (GPS)...

[TELEM] Waiting for heartbeat...
[TELEM] Heartbeat OK
[MAIN] WARNING: telemetry not ready after 30s, continuing anyway
Loading model engine: best.engine
[SCOUT] Connecting to mavlink-router TCP 127.0.0.1:5760
[SCOUT] Connected
[TELEM] Connecting to MAVLink router UDP 14550[MAIN] Waiting for telemetry (GPS)...

[TELEM] Waiting for heartbeat...
[TELEM] Heartbeat OK
[MAIN] WARNING: telemetry not ready after 30s, continuing anyway
Loading model engine: best.engine
[SCOUT] Connecting to mavlink-router TCP 127.0.0.1:5760
[SCOUT] Connected
[TELEM] Connecting to MAVLink router UDP 14550[MAIN] Waiting for telemetry (GPS)...

[TELEM] Waiting for heartbeat...
[TELEM] Heartbeat OK
[MAIN] WARNING: telemetry not ready after 30s, continuing anyway
Loading model engine: best.engine
[SCOUT] Connecting to mavlink-router TCP 127.0.0.1:5760
[SCOUT] Connected
[TELEM] Connecting to MAVLink router UDP 14550[MAIN] Waiting for telemetry (GPS)...

[TELEM] Waiting for heartbeat...
[TELEM] Heartbeat OK
[MAIN] WARNING: telemetry not ready after 30s, continuing anyway
Loading model engine: best.engine
[SCOUT] Connecting to mavlink-router TCP 127.0.0.1:5760
[SCOUT] Connected
[TELEM] Connecting to MAVLink router UDP 14550[MAIN] Waiting for telemetry (GPS)...

[TELEM] Waiting for heartbeat...
[TELEM] Heartbeat OK
[MAIN] WARNING: telemetry not ready after 30s, continuing anyway
Loading model engine: best.engine
[SCOUT] Connecting to mavlink-router TCP 127.0.0.1:5760
[SCOUT] Connected
[TELEM] Connecting to MAVLink router UDP 14550[MAIN] Waiting for telemetry (GPS)...

[TELEM] Waiting for heartbeat...
[TELEM] Heartbeat OK
[MAIN] WARNING: telemetry not ready after 30s, continuing anyway
Loading model engine: best.engine
[SCOUT] Connecting to mavlink-router TCP 127.0.0.1:5760
[SCOUT] Connected
[TELEM] Connecting to MAVLink router UDP 14550[MAIN] Waiting for telemetry (GPS)...

[TELEM] Waiting for heartbeat...
[TELEM] Heartbeat OK
[MAIN] WARNING: telemetry not ready after 30s, continuing anyway
Loading model engine: best.engine
[SCOUT] Connecting to mavlink-router TCP 127.0.0.1:5760
[SCOUT] Connected
[TELEM] Connecting to MAVLink router UDP 14550[MAIN] Waiting for telemetry (GPS)...

[TELEM] Waiting for heartbeat...
[TELEM] Heartbeat OK
[MAIN] WARNING: telemetry not ready after 30s, continuing anyway
Loading model engine: best.engine
[SCOUT] Connecting to mavlink-router TCP 127.0.0.1:5760
[SCOUT] Connected
[TELEM] Connecting to MAVLink router UDP 14550[MAIN] Waiting for telemetry (GPS)...

[TELEM] Waiting for heartbeat...
[TELEM] Heartbeat OK
[MAIN] WARNING: telemetry not ready after 30s, continuing anyway
Loading model engine: best.engine
[SCOUT] Connecting to mavlink-router TCP 127.0.0.1:5760
[SCOUT] Connected
[TELEM] Connecting to MAVLink router UDP 14550[MAIN] Waiting for telemetry (GPS)...

[TELEM] Waiting for heartbeat...
[TELEM] Heartbeat OK
[MAIN] WARNING: telemetry not ready after 30s, continuing anyway
Loading model engine: best.engine
[SCOUT] Connecting to mavlink-router TCP 127.0.0.1:5760
[SCOUT] Connected
[TELEM] Connecting to MAVLink router UDP 14550[MAIN] Waiting for telemetry (GPS)...

[TELEM] Waiting for heartbeat...
[TELEM] Heartbeat OK
[MAIN] WARNING: telemetry not ready after 30s, continuing anyway
Loading model engine: best.engine
[SCOUT] Connecting to mavlink-router TCP 127.0.0.1:5760
[SCOUT] Connected
[TELEM] Connecting to MAVLink router UDP 14550[MAIN] Waiting for telemetry (GPS)...

[TELEM] Waiting for heartbeat...
[TELEM] Heartbeat OK
[SCOUT] Connecting to mavlink-router TCP 127.0.0.1:5760
[SCOUT] Connected
[TELEM] Connecting to MAVLink router UDP 14550
[TELEM] Waiting for heartbeat...
[MAIN] Waiting for telemetry (GPS)...
[TELEM] Heartbeat OK
[MAIN] WARNING: telemetry not ready after 30s, continuing anyway
Loading model engine: best.engine
[SCOUT] Connecting to mavlink-router TCP 127.0.0.1:5760
[SCOUT] Connected
[TELEM] Connecting to MAVLink router UDP 14550[MAIN] Waiting for telemetry (GPS)...

[TELEM] Waiting for heartbeat...
[TELEM] Heartbeat OK
[MAIN] WARNING: telemetry not ready after 30s, continuing anyway
Loading model engine: best.engine
[SCOUT] Connecting to mavlink-router TCP 127.0.0.1:5760
[SCOUT] Connected
[TELEM] Connecting to MAVLink router UDP 14550[MAIN] Waiting for telemetry (GPS)...

[TELEM] Waiting for heartbeat...
[TELEM] Heartbeat OK
[MAIN] WARNING: telemetry not ready after 30s, continuing anyway
Loading model engine: best.engine
[SCOUT] Connecting to mavlink-router TCP 127.0.0.1:5760
[SCOUT] Connected
[TELEM] Connecting to MAVLink router UDP 14550[MAIN] Waiting for telemetry (GPS)...

[TELEM] Waiting for heartbeat...
[TELEM] Heartbeat OK
[MAIN] WARNING: telemetry not ready after 30s, continuing anyway
Loading model engine: best.engine
[SCOUT] Connecting to mavlink-router TCP 127.0.0.1:5760
[SCOUT] Connected
[TELEM] Connecting to MAVLink router UDP 14550[MAIN] Waiting for telemetry (GPS)...

[TELEM] Waiting for heartbeat...
[TELEM] Heartbeat OK
[MAIN] WARNING: telemetry not ready after 30s, continuing anyway
Loading model engine: best.engine
[SCOUT] Connecting to mavlink-router TCP 127.0.0.1:5760
[SCOUT] Connected
[TELEM] Connecting to MAVLink router UDP 14550[MAIN] Waiting for telemetry (GPS)...

[TELEM] Waiting for heartbeat...
[TELEM] Heartbeat OK
[MAIN] WARNING: telemetry not ready after 30s, continuing anyway
Loading model engine: best.engine
[SCOUT] Connecting to mavlink-router TCP 127.0.0.1:5760
[SCOUT] Connected
[TELEM] Connecting to MAVLink router UDP 14550[MAIN] Waiting for telemetry (GPS)...

[TELEM] Waiting for heartbeat...
[TELEM] Heartbeat OK
[MAIN] WARNING: telemetry not ready after 30s, continuing anyway
Loading model engine: best.engine
[SCOUT] Connecting to mavlink-router TCP 127.0.0.1:5760
[SCOUT] Connected
[TELEM] Connecting to MAVLink router UDP 14550[MAIN] Waiting for telemetry (GPS)...

[TELEM] Waiting for heartbeat...
[TELEM] Heartbeat OK
[MAIN] WARNING: telemetry not ready after 30s, continuing anyway
Loading model engine: best.engine
[SCOUT] Connecting to mavlink-router TCP 127.0.0.1:5760
[SCOUT] Connected
[TELEM] Connecting to MAVLink router UDP 14550[MAIN] Waiting for telemetry (GPS)...

[TELEM] Waiting for heartbeat...
[TELEM] Heartbeat OK
[MAIN] WARNING: telemetry not ready after 30s, continuing anyway
Loading model engine: best.engine
[SCOUT] Connecting to mavlink-router TCP 127.0.0.1:5760
[SCOUT] Connected
[TELEM] Connecting to MAVLink router UDP 14550[MAIN] Waiting for telemetry (GPS)...

[TELEM] Waiting for heartbeat...
[TELEM] Heartbeat OK
[MAIN] WARNING: telemetry not ready after 30s, continuing anyway
Loading model engine: best.engine
[SCOUT] Connecting to mavlink-router TCP 127.0.0.1:5760
[SCOUT] Connected
[TELEM] Connecting to MAVLink router UDP 14550[MAIN] Waiting for telemetry (GPS)...

[TELEM] Waiting for heartbeat...
[TELEM] Heartbeat OK
[MAIN] WARNING: telemetry not ready after 30s, continuing anyway
Loading model engine: best.engine
[SCOUT] Connecting to mavlink-router TCP 127.0.0.1:5760
[SCOUT] Connected
[TELEM] Connecting to MAVLink router UDP 14550[MAIN] Waiting for telemetry (GPS)...

[TELEM] Waiting for heartbeat...
[TELEM] Heartbeat OK
[MAIN] Telemetry ready: lat=28.4582183, lon=77.506451, h=-1.364
Loading model engine: best.engine
[SCOUT] Connecting to mavlink-router TCP 127.0.0.1:5760
[SCOUT] Connected
[TELEM] Connecting to MAVLink router UDP 14550[MAIN] Waiting for telemetry (GPS)...

[TELEM] Waiting for heartbeat...
[TELEM] Heartbeat OK
[MAIN] Telemetry ready: lat=28.4582183, lon=77.506451, h=-1.208
Loading model engine: best.engine
[SCOUT] Connecting to mavlink-router TCP 127.0.0.1:5760
[SCOUT] Connected
[TELEM] Connecting to MAVLink router UDP 14550[MAIN] Waiting for telemetry (GPS)...

[TELEM] Waiting for heartbeat...
[TELEM] Heartbeat OK
[MAIN] Telemetry ready: lat=28.4582183, lon=77.506451, h=-1.476
Loading model engine: best.engine
[SCOUT] Connecting to mavlink-router TCP 127.0.0.1:5760
[SCOUT] Connected
[TELEM] Connecting to MAVLink router UDP 14550[MAIN] Waiting for telemetry (GPS)...

[TELEM] Waiting for heartbeat...
[TELEM] Heartbeat OK
[MAIN] Telemetry ready: lat=28.4582183, lon=77.506451, h=-1.137
Loading model engine: best.engine
[SCOUT] Connecting to mavlink-router TCP 127.0.0.1:5760
[SCOUT] Connected
[TELEM] Connecting to MAVLink router UDP 14550[MAIN] Waiting for telemetry (GPS)...

[TELEM] Waiting for heartbeat...
[TELEM] Heartbeat OK
[MAIN] Telemetry ready: lat=28.4582183, lon=77.506451, h=-1.59
Loading model engine: best.engine
[SCOUT] Connecting to mavlink-router TCP 127.0.0.1:5760
[SCOUT] Connected
[TELEM] Connecting to MAVLink router UDP 14550[MAIN] Waiting for telemetry (GPS)...

[TELEM] Waiting for heartbeat...
[TELEM] Heartbeat OK
[MAIN] Telemetry ready: lat=28.4582183, lon=77.506451, h=-1.176
Loading model engine: best.engine
[SCOUT] Connecting to mavlink-router TCP 127.0.0.1:5760
[SCOUT] Connected
[TELEM] Connecting to MAVLink router UDP 14550[MAIN] Waiting for telemetry (GPS)...

[TELEM] Waiting for heartbeat...
[TELEM] Heartbeat OK
[MAIN] Telemetry ready: lat=28.4582183, lon=77.506451, h=-1.602
Loading model engine: best.engine
[SCOUT] Connecting to mavlink-router TCP 127.0.0.1:5760
[SCOUT] Connected
[TELEM] Connecting to MAVLink router UDP 14550[MAIN] Waiting for telemetry (GPS)...

[TELEM] Waiting for heartbeat...
[TELEM] Heartbeat OK
[MAIN] Telemetry ready: lat=28.4582183, lon=77.506451, h=-1.514
Loading model engine: best.engine
[SCOUT] Connecting to mavlink-router TCP 127.0.0.1:5760
[SCOUT] Connected
[TELEM] Connecting to MAVLink router UDP 14550[MAIN] Waiting for telemetry (GPS)...

[TELEM] Waiting for heartbeat...
[TELEM] Heartbeat OK
[MAIN] Telemetry ready: lat=28.4582183, lon=77.506451, h=-1.337
Loading model engine: best.engine
[SCOUT] Connecting to mavlink-router TCP 127.0.0.1:5760
[SCOUT] Connected
[TELEM] Connecting to MAVLink router UDP 14550[MAIN] Waiting for telemetry (GPS)...

[TELEM] Waiting for heartbeat...
[TELEM] Heartbeat OK
[MAIN] Telemetry ready: lat=28.4582183, lon=77.506451, h=-1.229
Loading model engine: best.engine
[SCOUT] Connecting to mavlink-router TCP 127.0.0.1:5760
[SCOUT] Connected
[TELEM] Connecting to MAVLink router UDP 14550[MAIN] Waiting for telemetry (GPS)...

[TELEM] Waiting for heartbeat...
[TELEM] Heartbeat OK
[MAIN] Telemetry ready: lat=28.4582183, lon=77.506451, h=-1.558
Loading model engine: best.engine
[SCOUT] Connecting to mavlink-router TCP 127.0.0.1:5760
[SCOUT] Connected
[TELEM] Connecting to MAVLink router UDP 14550[MAIN] Waiting for telemetry (GPS)...

[TELEM] Waiting for heartbeat...
[TELEM] Heartbeat OK
[MAIN] Telemetry ready: lat=28.4582183, lon=77.506451, h=-1.34
Loading model engine: best.engine
[SCOUT] Connecting to mavlink-router TCP 127.0.0.1:5760
[SCOUT] Connected
[TELEM] Connecting to MAVLink router UDP 14550[MAIN] Waiting for telemetry (GPS)...

[TELEM] Waiting for heartbeat...
[TELEM] Heartbeat OK
[MAIN] Telemetry ready: lat=28.4582183, lon=77.506451, h=-1.34
Loading model engine: best.engine
[SCOUT] Connecting to mavlink-router TCP 127.0.0.1:5760
[SCOUT] Connected
[TELEM] Connecting to MAVLink router UDP 14550[MAIN] Waiting for telemetry (GPS)...

[TELEM] Waiting for heartbeat...
[TELEM] Heartbeat OK
[MAIN] Telemetry ready: lat=28.4582183, lon=77.506451, h=-1.576
Loading model engine: best.engine
[SCOUT] Connecting to mavlink-router TCP 127.0.0.1:5760
[SCOUT] Connected
[TELEM] Connecting to MAVLink router UDP 14550[MAIN] Waiting for telemetry (GPS)...

[TELEM] Waiting for heartbeat...
[TELEM] Heartbeat OK
[MAIN] Telemetry ready: lat=28.4582183, lon=77.506451, h=-1.432
Loading model engine: best.engine
[SCOUT] Connecting to mavlink-router TCP 127.0.0.1:5760
[SCOUT] Connected
[TELEM] Connecting to MAVLink router UDP 14550[MAIN] Waiting for telemetry (GPS)...

[TELEM] Waiting for heartbeat...
[TELEM] Heartbeat OK
[MAIN] Telemetry ready: lat=28.4582183, lon=77.506451, h=-1.479
Loading model engine: best.engine
[SCOUT] Connecting to mavlink-router TCP 127.0.0.1:5760
[SCOUT] Connected
[TELEM] Connecting to MAVLink router UDP 14550[MAIN] Waiting for telemetry (GPS)...

[TELEM] Waiting for heartbeat...
[TELEM] Heartbeat OK
[MAIN] Telemetry ready: lat=28.4582183, lon=77.506451, h=-1.02
Loading model engine: best.engine
[SCOUT] Connecting to mavlink-router TCP 127.0.0.1:5760
[SCOUT] Connected
[TELEM] Connecting to MAVLink router UDP 14550[MAIN] Waiting for telemetry (GPS)...

[TELEM] Waiting for heartbeat...
[TELEM] Heartbeat OK
[MAIN] Telemetry ready: lat=28.4582183, lon=77.506451, h=-1.187
Loading model engine: best.engine
[SCOUT] Connecting to mavlink-router TCP 127.0.0.1:5760
[SCOUT] Connected
[TELEM] Connecting to MAVLink router UDP 14550[MAIN] Waiting for telemetry (GPS)...

[TELEM] Waiting for heartbeat...
[TELEM] Heartbeat OK
[MAIN] Telemetry ready: lat=28.4582183, lon=77.506451, h=-1.384
Loading model engine: best.engine
[SCOUT] Connecting to mavlink-router TCP 127.0.0.1:5760
[SCOUT] Connected
[TELEM] Connecting to MAVLink router UDP 14550[MAIN] Waiting for telemetry (GPS)...

[TELEM] Waiting for heartbeat...
[TELEM] Heartbeat OK
[MAIN] Telemetry ready: lat=28.4582183, lon=77.506451, h=-1.232
Loading model engine: best.engine
[SCOUT] Connecting to mavlink-router TCP 127.0.0.1:5760
[SCOUT] Connected
[TELEM] Connecting to MAVLink router UDP 14550[MAIN] Waiting for telemetry (GPS)...

[TELEM] Waiting for heartbeat...
[TELEM] Heartbeat OK
[MAIN] Telemetry ready: lat=28.4582183, lon=77.506451, h=-1.02
Loading model engine: best.engine
[SCOUT] Connecting to mavlink-router TCP 127.0.0.1:5760
[SCOUT] Connected
[TELEM] Connecting to MAVLink router UDP 14550[MAIN] Waiting for telemetry (GPS)...

[TELEM] Waiting for heartbeat...
[TELEM] Heartbeat OK
[MAIN] Telemetry ready: lat=28.4582183, lon=77.506451, h=-1.467
Loading model engine: best.engine
[SCOUT] Connecting to mavlink-router TCP 127.0.0.1:5760
[SCOUT] Connected
[TELEM] Connecting to MAVLink router UDP 14550[MAIN] Waiting for telemetry (GPS)...

[TELEM] Waiting for heartbeat...
[TELEM] Heartbeat OK
[MAIN] Telemetry ready: lat=28.4584047, lon=77.5053275, h=-1.493
Loading model engine: best.engine
[SCOUT] Connecting to mavlink-router TCP 127.0.0.1:5760
[SCOUT] Connected
[TELEM] Connecting to MAVLink router UDP 14550[MAIN] Waiting for telemetry (GPS)...

[TELEM] Waiting for heartbeat...
[TELEM] Heartbeat OK
[MAIN] Telemetry ready: lat=28.4584248, lon=77.5053333, h=-1.473
Loading model engine: best.engine
[SCOUT] Connecting to mavlink-router TCP 127.0.0.1:5760
[SCOUT] Connected
[TELEM] Connecting to MAVLink router UDP 14550[MAIN] Waiting for telemetry (GPS)...

[TELEM] Waiting for heartbeat...
[TELEM] Heartbeat OK
[MAIN] Telemetry ready: lat=28.4584341, lon=77.5053214, h=-1.373
Loading model engine: best.engine
[SCOUT] Connecting to mavlink-router TCP 127.0.0.1:5760
[SCOUT] Connected
[TELEM] Connecting to MAVLink router UDP 14550[MAIN] Waiting for telemetry (GPS)...

[TELEM] Waiting for heartbeat...
[TELEM] Heartbeat OK
[MAIN] Telemetry ready: lat=28.4584317, lon=77.5052201, h=-1.337
Loading model engine: best.engine
[SCOUT] Connecting to mavlink-router TCP 127.0.0.1:5760
[SCOUT] Connected
[TELEM] Connecting to MAVLink router UDP 14550[MAIN] Waiting for telemetry (GPS)...

[TELEM] Waiting for heartbeat...
[TELEM] Heartbeat OK
[MAIN] Telemetry ready: lat=28.4583435, lon=77.5049227, h=-1.352
Loading model engine: best.engine
[SCOUT] Connecting to mavlink-router TCP 127.0.0.1:5760
[SCOUT] Connected
[TELEM] Connecting to MAVLink router UDP 14550[MAIN] Waiting for telemetry (GPS)...

[TELEM] Waiting for heartbeat...
[TELEM] Heartbeat OK
[MAIN] Telemetry ready: lat=28.4583435, lon=77.5049227, h=-1.258
Loading model engine: best.engine
[SCOUT] Connecting to mavlink-router TCP 127.0.0.1:5760
[SCOUT] Connected
[TELEM] Connecting to MAVLink router UDP 14550[MAIN] Waiting for telemetry (GPS)...

[TELEM] Waiting for heartbeat...
[TELEM] Heartbeat OK
[MAIN] Telemetry ready: lat=28.4583435, lon=77.5049227, h=-1.546
Loading model engine: best.engine
[SCOUT] Connecting to mavlink-router TCP 127.0.0.1:5760
[SCOUT] Connected
[TELEM] Connecting to MAVLink router UDP 14550[MAIN] Waiting for telemetry (GPS)...

[TELEM] Waiting for heartbeat...
[TELEM] Heartbeat OK
[MAIN] Telemetry ready: lat=28.4583435, lon=77.5049227, h=-1.417
Loading model engine: best.engine
[SCOUT] Connecting to mavlink-router TCP 127.0.0.1:5760
[SCOUT] Connected
[TELEM] Connecting to MAVLink router UDP 14550[MAIN] Waiting for telemetry (GPS)...

[TELEM] Waiting for heartbeat...
[TELEM] Heartbeat OK
[MAIN] Telemetry ready: lat=28.4583435, lon=77.5049227, h=-1.255
Loading model engine: best.engine
[SCOUT] Connecting to mavlink-router TCP 127.0.0.1:5760
[SCOUT] Connected
[TELEM] Connecting to MAVLink router UDP 14550[MAIN] Waiting for telemetry (GPS)...

[TELEM] Waiting for heartbeat...
[TELEM] Heartbeat OK
[MAIN] Telemetry ready: lat=28.4585494, lon=77.5056456, h=-1.311
Loading model engine: best.engine
[SCOUT] Connecting to mavlink-router TCP 127.0.0.1:5760
[SCOUT] Connected
[TELEM] Connecting to MAVLink router UDP 14550[MAIN] Waiting for telemetry (GPS)...

[TELEM] Waiting for heartbeat...
[TELEM] Heartbeat OK
[MAIN] Telemetry ready: lat=28.4585363, lon=77.5057446, h=-1.317
Loading model engine: best.engine
[SCOUT] Connecting to mavlink-router TCP 127.0.0.1:5760
[SCOUT] Connected
[TELEM] Connecting to MAVLink router UDP 14550[MAIN] Waiting for telemetry (GPS)...

[TELEM] Waiting for heartbeat...
[TELEM] Heartbeat OK
[MAIN] Telemetry ready: lat=28.4585403, lon=77.5055514, h=-0.993
Loading model engine: best.engine
[SCOUT] Connecting to mavlink-router TCP 127.0.0.1:5760
[SCOUT] Connected
[TELEM] Connecting to MAVLink router UDP 14550[MAIN] Waiting for telemetry (GPS)...

[TELEM] Waiting for heartbeat...
[TELEM] Heartbeat OK
[MAIN] Telemetry ready: lat=28.4585526, lon=77.5057209, h=-1.246
Loading model engine: best.engine
[SCOUT] Connecting to mavlink-router TCP 127.0.0.1:5760
[SCOUT] Connected
[TELEM] Connecting to MAVLink router UDP 14550[MAIN] Waiting for telemetry (GPS)...

[TELEM] Waiting for heartbeat...
[TELEM] Heartbeat OK
[MAIN] Telemetry ready: lat=28.4585131, lon=77.5058338, h=-1.255
Loading model engine: best.engine
[SCOUT] Connecting to mavlink-router TCP 127.0.0.1:5760
[SCOUT] Connected
[TELEM] Connecting to MAVLink router UDP 14550[MAIN] Waiting for telemetry (GPS)...

[TELEM] Waiting for heartbeat...
[TELEM] Heartbeat OK
[MAIN] Telemetry ready: lat=28.4585082, lon=77.5058556, h=-1.314
Loading model engine: best.engine
[SCOUT] Connecting to mavlink-router TCP 127.0.0.1:5760
[SCOUT] Connected
[TELEM] Connecting to MAVLink router UDP 14550[MAIN] Waiting for telemetry (GPS)...

[TELEM] Waiting for heartbeat...
[TELEM] Heartbeat OK
[MAIN] Telemetry ready: lat=28.4585156, lon=77.5058599, h=-1.284
Loading model engine: best.engine
[SCOUT] Connecting to mavlink-router TCP 127.0.0.1:5760
[SCOUT] Connected
[TELEM] Connecting to MAVLink router UDP 14550[MAIN] Waiting for telemetry (GPS)...

[TELEM] Waiting for heartbeat...
[TELEM] Heartbeat OK
[MAIN] Telemetry ready: lat=28.4585162, lon=77.5058477, h=-1.258
Loading model engine: best.engine
[SCOUT] Connecting to mavlink-router TCP 127.0.0.1:5760
[SCOUT] Connected
[TELEM] Connecting to MAVLink router UDP 14550[MAIN] Waiting for telemetry (GPS)...

[TELEM] Waiting for heartbeat...
[TELEM] Heartbeat OK
[MAIN] Telemetry ready: lat=28.4585123, lon=77.5058262, h=-1.143
Loading model engine: best.engine
[SCOUT] Connecting to mavlink-router TCP 127.0.0.1:5760
[SCOUT] Connected
[TELEM] Connecting to MAVLink router UDP 14550[MAIN] Waiting for telemetry (GPS)...

[TELEM] Waiting for heartbeat...
[TELEM] Heartbeat OK
[MAIN] Telemetry ready: lat=28.4585102, lon=77.5058281, h=-1.287
Loading model engine: best.engine
[SCOUT] Connecting to mavlink-router TCP 127.0.0.1:5760
[SCOUT] Connected
[TELEM] Connecting to MAVLink router UDP 14550[MAIN] Waiting for telemetry (GPS)...

[TELEM] Waiting for heartbeat...
[TELEM] Heartbeat OK
[MAIN] Telemetry ready: lat=28.4585056, lon=77.5058002, h=-1.479
Loading model engine: best.engine
[SCOUT] Connecting to mavlink-router TCP 127.0.0.1:5760
[SCOUT] Connected
[TELEM] Connecting to MAVLink router UDP 14550[MAIN] Waiting for telemetry (GPS)...

[TELEM] Waiting for heartbeat...
[TELEM] Heartbeat OK
[MAIN] Telemetry ready: lat=28.458502, lon=77.505788, h=-1.123
Loading model engine: best.engine
[SCOUT] Connecting to mavlink-router TCP 127.0.0.1:5760
[SCOUT] Connected
[TELEM] Connecting to MAVLink router UDP 14550[MAIN] Waiting for telemetry (GPS)...

[TELEM] Waiting for heartbeat...
[TELEM] Heartbeat OK
[MAIN] Telemetry ready: lat=28.4585013, lon=77.5057894, h=-1.246
Loading model engine: best.engine
[SCOUT] Connecting to mavlink-router TCP 127.0.0.1:5760
[SCOUT] Connected
[TELEM] Connecting to MAVLink router UDP 14550[MAIN] Waiting for telemetry (GPS)...

[TELEM] Waiting for heartbeat...
[TELEM] Heartbeat OK
[MAIN] Telemetry ready: lat=28.4585036, lon=77.5058112, h=-1.261
Loading model engine: best.engine
[SCOUT] Connecting to mavlink-router TCP 127.0.0.1:5760
[SCOUT] Connected
[TELEM] Connecting to MAVLink router UDP 14550[MAIN] Waiting for telemetry (GPS)...

[TELEM] Waiting for heartbeat...
[TELEM] Heartbeat OK
[MAIN] Telemetry ready: lat=28.4585092, lon=77.505835, h=-1.384
Loading model engine: best.engine
[SCOUT] Connecting to mavlink-router TCP 127.0.0.1:5760
[SCOUT] Connected
[TELEM] Connecting to MAVLink router UDP 14550[MAIN] Waiting for telemetry (GPS)...

[TELEM] Waiting for heartbeat...
[TELEM] Heartbeat OK
[MAIN] Telemetry ready: lat=28.4585134, lon=77.5058385, h=-1.32
Loading model engine: best.engine
[SCOUT] Connecting to mavlink-router TCP 127.0.0.1:5760
[SCOUT] Connected
[TELEM] Connecting to MAVLink router UDP 14550[MAIN] Waiting for telemetry (GPS)...

[TELEM] Waiting for heartbeat...
[TELEM] Heartbeat OK
[MAIN] Telemetry ready: lat=28.4585243, lon=77.5058523, h=-1.311
Loading model engine: best.engine
[SCOUT] Connecting to mavlink-router TCP 127.0.0.1:5760
[SCOUT] Connected
[TELEM] Connecting to MAVLink router UDP 14550[MAIN] Waiting for telemetry (GPS)...

[TELEM] Waiting for heartbeat...
[TELEM] Heartbeat OK
[MAIN] Telemetry ready: lat=28.4585266, lon=77.5058424, h=-1.573
Loading model engine: best.engine
[SCOUT] Connecting to mavlink-router TCP 127.0.0.1:5760
[SCOUT] Connected
[TELEM] Connecting to MAVLink router UDP 14550[MAIN] Waiting for telemetry (GPS)...

[TELEM] Waiting for heartbeat...
[TELEM] Heartbeat OK
[MAIN] Telemetry ready: lat=28.4585309, lon=77.5058367, h=-1.229
Loading model engine: best.engine
[SCOUT] Connecting to mavlink-router TCP 127.0.0.1:5760
[SCOUT] Connected
[TELEM] Connecting to MAVLink router UDP 14550[MAIN] Waiting for telemetry (GPS)...

[TELEM] Waiting for heartbeat...
[TELEM] Heartbeat OK
[MAIN] Telemetry ready: lat=28.4583754, lon=77.506068, h=-1.429
Loading model engine: best.engine
[SCOUT] Connecting to mavlink-router TCP 127.0.0.1:5760
[SCOUT] Connected
[TELEM] Connecting to MAVLink router UDP 14550[MAIN] Waiting for telemetry (GPS)...

[TELEM] Waiting for heartbeat...
[TELEM] Heartbeat OK
[MAIN] Telemetry ready: lat=28.4582503, lon=77.5062581, h=-1.355
Loading model engine: best.engine
[SCOUT] Connecting to mavlink-router TCP 127.0.0.1:5760
[SCOUT] Connected
[TELEM] Connecting to MAVLink router UDP 14550[MAIN] Waiting for telemetry (GPS)...

[TELEM] Waiting for heartbeat...
[TELEM] Heartbeat OK
[MAIN] Telemetry ready: lat=28.4582503, lon=77.5062581, h=-1.402
Loading model engine: best.engine
[SCOUT] Connecting to mavlink-router TCP 127.0.0.1:5760
[SCOUT] Connected
[TELEM] Connecting to MAVLink router UDP 14550[MAIN] Waiting for telemetry (GPS)...

[TELEM] Waiting for heartbeat...
[TELEM] Heartbeat OK
[MAIN] Telemetry ready: lat=28.4582503, lon=77.5062581, h=-1.552
Loading model engine: best.engine
[SCOUT] Connecting to mavlink-router TCP 127.0.0.1:5760
[SCOUT] Connected
[TELEM] Connecting to MAVLink router UDP 14550[MAIN] Waiting for telemetry (GPS)...

[TELEM] Waiting for heartbeat...
[TELEM] Heartbeat OK
[MAIN] Telemetry ready: lat=28.4582503, lon=77.5062581, h=-1.729
Loading model engine: best.engine
[SCOUT] Connecting to mavlink-router TCP 127.0.0.1:5760
[SCOUT] Connected
[TELEM] Connecting to MAVLink router UDP 14550[MAIN] Waiting for telemetry (GPS)...

[TELEM] Waiting for heartbeat...
[TELEM] Heartbeat OK
[MAIN] Telemetry ready: lat=28.4582503, lon=77.5062581, h=-1.323
Loading model engine: best.engine
[SCOUT] Connecting to mavlink-router TCP 127.0.0.1:5760
[SCOUT] Connected
[TELEM] Connecting to MAVLink router UDP 14550[MAIN] Waiting for telemetry (GPS)...

[TELEM] Waiting for heartbeat...
[TELEM] Heartbeat OK
[MAIN] Telemetry ready: lat=28.4582503, lon=77.5062581, h=-1.434
Loading model engine: best.engine
[SCOUT] Connecting to mavlink-router TCP 127.0.0.1:5760
[SCOUT] Connected
[TELEM] Connecting to MAVLink router UDP 14550[MAIN] Waiting for telemetry (GPS)...

[TELEM] Waiting for heartbeat...
[TELEM] Heartbeat OK
[MAIN] Telemetry ready: lat=28.4582503, lon=77.5062581, h=-1.823
Loading model engine: best.engine
[SCOUT] Connecting to mavlink-router TCP 127.0.0.1:5760
[SCOUT] Connected
[TELEM] Connecting to MAVLink router UDP 14550[MAIN] Waiting for telemetry (GPS)...

[TELEM] Waiting for heartbeat...
[TELEM] Heartbeat OK
[MAIN] Telemetry ready: lat=28.4582503, lon=77.5062581, h=-1.496
Loading model engine: best.engine
[SCOUT] Connecting to mavlink-router TCP 127.0.0.1:5760
[SCOUT] Connected
[TELEM] Connecting to MAVLink router UDP 14550[MAIN] Waiting for telemetry (GPS)...

[TELEM] Waiting for heartbeat...
[TELEM] Heartbeat OK
[MAIN] Telemetry ready: lat=28.4582503, lon=77.5062581, h=-1.749
Loading model engine: best.engine
[SCOUT] Connecting to mavlink-router TCP 127.0.0.1:5760
[SCOUT] Connected
[TELEM] Connecting to MAVLink router UDP 14550[MAIN] Waiting for telemetry (GPS)...

[TELEM] Waiting for heartbeat...
[TELEM] Heartbeat OK
[MAIN] Telemetry ready: lat=28.4582503, lon=77.5062581, h=-1.599
Loading model engine: best.engine
[SCOUT] Connecting to mavlink-router TCP 127.0.0.1:5760
[SCOUT] Connected
[TELEM] Connecting to MAVLink router UDP 14550[MAIN] Waiting for telemetry (GPS)...

[TELEM] Waiting for heartbeat...
[TELEM] Heartbeat OK
[MAIN] Telemetry ready: lat=28.4582503, lon=77.5062581, h=-1.22
Loading model engine: best.engine
[SCOUT] Connecting to mavlink-router TCP 127.0.0.1:5760
[SCOUT] Connected
[TELEM] Connecting to MAVLink router UDP 14550[MAIN] Waiting for telemetry (GPS)...

[TELEM] Waiting for heartbeat...
[TELEM] Heartbeat OK
[MAIN] Telemetry ready: lat=28.4582503, lon=77.5062581, h=-1.584
Loading model engine: best.engine
[SCOUT] Connecting to mavlink-router TCP 127.0.0.1:5760
[SCOUT] Connected
[TELEM] Connecting to MAVLink router UDP 14550[MAIN] Waiting for telemetry (GPS)...

[TELEM] Waiting for heartbeat...
[TELEM] Heartbeat OK
[MAIN] Telemetry ready: lat=28.4582503, lon=77.5062581, h=-1.382
Loading model engine: best.engine
[SCOUT] Connecting to mavlink-router TCP 127.0.0.1:5760
[SCOUT] Connected
[TELEM] Connecting to MAVLink router UDP 14550[MAIN] Waiting for telemetry (GPS)...

[TELEM] Waiting for heartbeat...
[TELEM] Heartbeat OK
[MAIN] Telemetry ready: lat=28.4582503, lon=77.5062581, h=-1.596
Loading model engine: best.engine
[SCOUT] Connecting to mavlink-router TCP 127.0.0.1:5760
[SCOUT] Connected
[TELEM] Connecting to MAVLink router UDP 14550[MAIN] Waiting for telemetry (GPS)...

[TELEM] Waiting for heartbeat...
[TELEM] Heartbeat OK
[MAIN] Telemetry ready: lat=28.4582503, lon=77.5062581, h=-1.296
Loading model engine: best.engine
[SCOUT] Connecting to mavlink-router TCP 127.0.0.1:5760
[SCOUT] Connected
[TELEM] Connecting to MAVLink router UDP 14550[MAIN] Waiting for telemetry (GPS)...

[TELEM] Waiting for heartbeat...
[TELEM] Heartbeat OK
[MAIN] Telemetry ready: lat=28.4582503, lon=77.5062581, h=-1.499
Loading model engine: best.engine
[SCOUT] Connecting to mavlink-router TCP 127.0.0.1:5760
[SCOUT] Connected
[TELEM] Connecting to MAVLink router UDP 14550[MAIN] Waiting for telemetry (GPS)...

[TELEM] Waiting for heartbeat...
[TELEM] Heartbeat OK
[MAIN] Telemetry ready: lat=28.4582503, lon=77.5062581, h=-1.205
Loading model engine: best.engine
[SCOUT] Connecting to mavlink-router TCP 127.0.0.1:5760
[SCOUT] Connected
[TELEM] Connecting to MAVLink router UDP 14550[MAIN] Waiting for telemetry (GPS)...

[TELEM] Waiting for heartbeat...
[TELEM] Heartbeat OK
[MAIN] Telemetry ready: lat=28.4582503, lon=77.5062581, h=-1.379
Loading model engine: best.engine
[SCOUT] Connecting to mavlink-router TCP 127.0.0.1:5760
[SCOUT] Connected
[TELEM] Connecting to MAVLink router UDP 14550[MAIN] Waiting for telemetry (GPS)...

[TELEM] Waiting for heartbeat...
[TELEM] Heartbeat OK
[MAIN] Telemetry ready: lat=28.4582503, lon=77.5062581, h=-1.493
Loading model engine: best.engine
[SCOUT] Connecting to mavlink-router TCP 127.0.0.1:5760
[SCOUT] Connected
[TELEM] Connecting to MAVLink router UDP 14550[MAIN] Waiting for telemetry (GPS)...

[TELEM] Waiting for heartbeat...
[TELEM] Heartbeat OK
[MAIN] Telemetry ready: lat=28.4582503, lon=77.5062581, h=-1.408
Loading model engine: best.engine
[SCOUT] Connecting to mavlink-router TCP 127.0.0.1:5760
[SCOUT] Connected
[TELEM] Connecting to MAVLink router UDP 14550[MAIN] Waiting for telemetry (GPS)...

[TELEM] Waiting for heartbeat...
[TELEM] Heartbeat OK
[MAIN] Telemetry ready: lat=28.4582503, lon=77.5062581, h=-1.308
Loading model engine: best.engine
[SCOUT] Connecting to mavlink-router TCP 127.0.0.1:5760
[SCOUT] Connected
[TELEM] Connecting to MAVLink router UDP 14550[MAIN] Waiting for telemetry (GPS)...

[TELEM] Waiting for heartbeat...
[TELEM] Heartbeat OK
[MAIN] Telemetry ready: lat=28.4582503, lon=77.5062581, h=-1.505
Loading model engine: best.engine
[SCOUT] Connecting to mavlink-router TCP 127.0.0.1:5760
[SCOUT] Connected
[TELEM] Connecting to MAVLink router UDP 14550[MAIN] Waiting for telemetry (GPS)...

[TELEM] Waiting for heartbeat...
[TELEM] Heartbeat OK
[MAIN] Telemetry ready: lat=28.4582503, lon=77.5062581, h=-1.546
Loading model engine: best.engine
[SCOUT] Connecting to mavlink-router TCP 127.0.0.1:5760
[SCOUT] Connected
[TELEM] Connecting to MAVLink router UDP 14550[MAIN] Waiting for telemetry (GPS)...

[TELEM] Waiting for heartbeat...
[TELEM] Heartbeat OK
[MAIN] Telemetry ready: lat=28.4582503, lon=77.5062581, h=-1.434
Loading model engine: best.engine
[SCOUT] Connecting to mavlink-router TCP 127.0.0.1:5760
[SCOUT] Connected
[TELEM] Connecting to MAVLink router UDP 14550[MAIN] Waiting for telemetry (GPS)...

[TELEM] Waiting for heartbeat...
[TELEM] Heartbeat OK
[MAIN] Telemetry ready: lat=28.4582503, lon=77.5062581, h=-1.582
Loading model engine: best.engine
[SCOUT] Connecting to mavlink-router TCP 127.0.0.1:5760
[SCOUT] Connected
[TELEM] Connecting to MAVLink router UDP 14550[MAIN] Waiting for telemetry (GPS)...

[TELEM] Waiting for heartbeat...
[TELEM] Heartbeat OK
[MAIN] Telemetry ready: lat=28.4582503, lon=77.5062581, h=-1.432
Loading model engine: best.engine
[SCOUT] Connecting to mavlink-router TCP 127.0.0.1:5760
[SCOUT] Connected
[TELEM] Connecting to MAVLink router UDP 14550[MAIN] Waiting for telemetry (GPS)...

[TELEM] Waiting for heartbeat...
[TELEM] Heartbeat OK
[MAIN] Telemetry ready: lat=28.4582503, lon=77.5062581, h=-1.329
Loading model engine: best.engine
[SCOUT] Connecting to mavlink-router TCP 127.0.0.1:5760
[SCOUT] Connected
[TELEM] Connecting to MAVLink router UDP 14550[MAIN] Waiting for telemetry (GPS)...

[TELEM] Waiting for heartbeat...
[TELEM] Heartbeat OK
[MAIN] Telemetry ready: lat=28.4582503, lon=77.5062581, h=-1.505
Loading model engine: best.engine
[SCOUT] Connecting to mavlink-router TCP 127.0.0.1:5760
[SCOUT] Connected
[TELEM] Connecting to MAVLink router UDP 14550[MAIN] Waiting for telemetry (GPS)...

[TELEM] Waiting for heartbeat...
[TELEM] Heartbeat OK
[MAIN] Telemetry ready: lat=28.4582503, lon=77.5062581, h=-1.334
Loading model engine: best.engine
[SCOUT] Connecting to mavlink-router TCP 127.0.0.1:5760
[SCOUT] Connected
[TELEM] Connecting to MAVLink router UDP 14550[MAIN] Waiting for telemetry (GPS)...

[TELEM] Waiting for heartbeat...
[TELEM] Heartbeat OK
[MAIN] Telemetry ready: lat=28.4582503, lon=77.5062581, h=-1.452
Loading model engine: best.engine
[SCOUT] Connecting to mavlink-router TCP 127.0.0.1:5760
[SCOUT] Connected
[TELEM] Connecting to MAVLink router UDP 14550[MAIN] Waiting for telemetry (GPS)...

[TELEM] Waiting for heartbeat...
[TELEM] Heartbeat OK
[MAIN] Telemetry ready: lat=28.4582503, lon=77.5062581, h=-1.167
Loading model engine: best.engine
[SCOUT] Connecting to mavlink-router TCP 127.0.0.1:5760
[SCOUT] Connected
[TELEM] Connecting to MAVLink router UDP 14550[MAIN] Waiting for telemetry (GPS)...

[TELEM] Waiting for heartbeat...
[TELEM] Heartbeat OK
[MAIN] Telemetry ready: lat=28.4582503, lon=77.5062581, h=-1.32
Loading model engine: best.engine
[SCOUT] Connecting to mavlink-router TCP 127.0.0.1:5760
[SCOUT] Connected
[TELEM] Connecting to MAVLink router UDP 14550[MAIN] Waiting for telemetry (GPS)...

[TELEM] Waiting for heartbeat...
[TELEM] Heartbeat OK
[MAIN] Telemetry ready: lat=28.4582503, lon=77.5062581, h=-1.246
Loading model engine: best.engine
[SCOUT] Connecting to mavlink-router TCP 127.0.0.1:5760
[SCOUT] Connected
[TELEM] Connecting to MAVLink router UDP 14550[MAIN] Waiting for telemetry (GPS)...

[TELEM] Waiting for heartbeat...
[TELEM] Heartbeat OK
[MAIN] Telemetry ready: lat=28.4582503, lon=77.5062581, h=-1.279
Loading model engine: best.engine
[SCOUT] Connecting to mavlink-router TCP 127.0.0.1:5760
[SCOUT] Connected
[TELEM] Connecting to MAVLink router UDP 14550[MAIN] Waiting for telemetry (GPS)...

[TELEM] Waiting for heartbeat...
[TELEM] Heartbeat OK
[MAIN] Telemetry ready: lat=28.4582503, lon=77.5062581, h=-1.264
Loading model engine: best.engine
[SCOUT] Connecting to mavlink-router TCP 127.0.0.1:5760
[SCOUT] Connected
[TELEM] Connecting to MAVLink router UDP 14550[MAIN] Waiting for telemetry (GPS)...

[TELEM] Waiting for heartbeat...
[TELEM] Heartbeat OK
[MAIN] Telemetry ready: lat=28.4582503, lon=77.5062581, h=-1.279
Loading model engine: best.engine
[SCOUT] Connecting to mavlink-router TCP 127.0.0.1:5760
[SCOUT] Connected
[TELEM] Connecting to MAVLink router UDP 14550[MAIN] Waiting for telemetry (GPS)...

[TELEM] Waiting for heartbeat...
[TELEM] Heartbeat OK
[MAIN] Telemetry ready: lat=28.4582503, lon=77.5062581, h=-1.311
Loading model engine: best.engine
[SCOUT] Connecting to mavlink-router TCP 127.0.0.1:5760
[SCOUT] Connected
[TELEM] Connecting to MAVLink router UDP 14550[MAIN] Waiting for telemetry (GPS)...

[TELEM] Waiting for heartbeat...
[TELEM] Heartbeat OK
[MAIN] Telemetry ready: lat=28.4582503, lon=77.5062581, h=-1.146
Loading model engine: best.engine
[SCOUT] Connecting to mavlink-router TCP 127.0.0.1:5760
[SCOUT] Connected
[TELEM] Connecting to MAVLink router UDP 14550[MAIN] Waiting for telemetry (GPS)...

[TELEM] Waiting for heartbeat...
[TELEM] Heartbeat OK
[MAIN] Telemetry ready: lat=28.4582503, lon=77.5062581, h=-1.284
Loading model engine: best.engine
[SCOUT] Connecting to mavlink-router TCP 127.0.0.1:5760
[SCOUT] Connected
[TELEM] Connecting to MAVLink router UDP 14550[MAIN] Waiting for telemetry (GPS)...

[TELEM] Waiting for heartbeat...
[TELEM] Heartbeat OK
[MAIN] Telemetry ready: lat=28.4582503, lon=77.5062581, h=-1.023
Loading model engine: best.engine
[SCOUT] Connecting to mavlink-router TCP 127.0.0.1:5760
[SCOUT] Connected
[TELEM] Connecting to MAVLink router UDP 14550[MAIN] Waiting for telemetry (GPS)...

[TELEM] Waiting for heartbeat...
[TELEM] Heartbeat OK
[MAIN] Telemetry ready: lat=28.4582503, lon=77.5062581, h=-1.179
Loading model engine: best.engine
[SCOUT] Connecting to mavlink-router TCP 127.0.0.1:5760
[SCOUT] Connected
[TELEM] Connecting to MAVLink router UDP 14550[MAIN] Waiting for telemetry (GPS)...

[TELEM] Waiting for heartbeat...
[TELEM] Heartbeat OK
[MAIN] Telemetry ready: lat=28.4582503, lon=77.5062581, h=-0.988
Loading model engine: best.engine
[SCOUT] Connecting to mavlink-router TCP 127.0.0.1:5760
[SCOUT] Connected
[TELEM] Connecting to MAVLink router UDP 14550[MAIN] Waiting for telemetry (GPS)...

[TELEM] Waiting for heartbeat...
[TELEM] Heartbeat OK
[MAIN] Telemetry ready: lat=28.4582503, lon=77.5062581, h=-1.323
Loading model engine: best.engine
[SCOUT] Connecting to mavlink-router TCP 127.0.0.1:5760
[SCOUT] Connected
[TELEM] Connecting to MAVLink router UDP 14550[MAIN] Waiting for telemetry (GPS)...

[TELEM] Waiting for heartbeat...
[TELEM] Heartbeat OK
[MAIN] Telemetry ready: lat=28.4582503, lon=77.5062581, h=-1.155
Loading model engine: best.engine
[SCOUT] Connecting to mavlink-router TCP 127.0.0.1:5760
[SCOUT] Connected
[TELEM] Connecting to MAVLink router UDP 14550[MAIN] Waiting for telemetry (GPS)...

[TELEM] Waiting for heartbeat...
[TELEM] Heartbeat OK
[MAIN] Telemetry ready: lat=28.4582503, lon=77.5062581, h=-0.985
Loading model engine: best.engine
[SCOUT] Connecting to mavlink-router TCP 127.0.0.1:5760
[SCOUT] Connected
[TELEM] Connecting to MAVLink router UDP 14550[MAIN] Waiting for telemetry (GPS)...

[TELEM] Waiting for heartbeat...
[TELEM] Heartbeat OK
[MAIN] Telemetry ready: lat=28.4582503, lon=77.5062581, h=-1.067
Loading model engine: best.engine
[SCOUT] Connecting to mavlink-router TCP 127.0.0.1:5760
[SCOUT] Connected
[TELEM] Connecting to MAVLink router UDP 14550[MAIN] Waiting for telemetry (GPS)...

[TELEM] Waiting for heartbeat...
[TELEM] Heartbeat OK
[MAIN] Telemetry ready: lat=28.4582503, lon=77.5062581, h=-0.776
Loading model engine: best.engine
[SCOUT] Connecting to mavlink-router TCP 127.0.0.1:5760
[SCOUT] Connected
[TELEM] Connecting to MAVLink router UDP 14550[MAIN] Waiting for telemetry (GPS)...

[TELEM] Waiting for heartbeat...
[TELEM] Heartbeat OK
[MAIN] Telemetry ready: lat=28.4582503, lon=77.5062581, h=-0.873
Loading model engine: best.engine
[SCOUT] Connecting to mavlink-router TCP 127.0.0.1:5760
[SCOUT] Connected
[TELEM] Connecting to MAVLink router UDP 14550[MAIN] Waiting for telemetry (GPS)...

[TELEM] Waiting for heartbeat...
[TELEM] Heartbeat OK
[MAIN] Telemetry ready: lat=28.4582503, lon=77.5062581, h=-0.923
Loading model engine: best.engine
[SCOUT] Connecting to mavlink-router TCP 127.0.0.1:5760
[SCOUT] Connected
[TELEM] Connecting to MAVLink router UDP 14550[MAIN] Waiting for telemetry (GPS)...

[TELEM] Waiting for heartbeat...
[TELEM] Heartbeat OK
[MAIN] Telemetry ready: lat=28.4582503, lon=77.5062581, h=-0.708
Loading model engine: best.engine
[SCOUT] Connecting to mavlink-router TCP 127.0.0.1:5760
[SCOUT] Connected
[TELEM] Connecting to MAVLink router UDP 14550[MAIN] Waiting for telemetry (GPS)...

[TELEM] Waiting for heartbeat...
[TELEM] Heartbeat OK
[MAIN] Telemetry ready: lat=28.4582503, lon=77.5062581, h=-0.87
Loading model engine: best.engine
[SCOUT] Connecting to mavlink-router TCP 127.0.0.1:5760
[SCOUT] Connected
[TELEM] Connecting to MAVLink router UDP 14550[MAIN] Waiting for telemetry (GPS)...

[TELEM] Waiting for heartbeat...
[TELEM] Heartbeat OK
[MAIN] Telemetry ready: lat=28.4582503, lon=77.5062581, h=-0.843
Loading model engine: best.engine
[SCOUT] Connecting to mavlink-router TCP 127.0.0.1:5760
[SCOUT] Connected
[TELEM] Connecting to MAVLink router UDP 14550[MAIN] Waiting for telemetry (GPS)...

[TELEM] Waiting for heartbeat...
[TELEM] Heartbeat OK
[MAIN] Telemetry ready: lat=28.4582503, lon=77.5062581, h=-0.655
Loading model engine: best.engine
[SCOUT] Connecting to mavlink-router TCP 127.0.0.1:5760
[SCOUT] Connected
[TELEM] Connecting to MAVLink router UDP 14550[MAIN] Waiting for telemetry (GPS)...

[TELEM] Waiting for heartbeat...
[TELEM] Heartbeat OK
[MAIN] Telemetry ready: lat=28.4582503, lon=77.5062581, h=-0.896
Loading model engine: best.engine
[SCOUT] Connecting to mavlink-router TCP 127.0.0.1:5760
[SCOUT] Connected
[TELEM] Connecting to MAVLink router UDP 14550[MAIN] Waiting for telemetry (GPS)...

[TELEM] Waiting for heartbeat...
[TELEM] Heartbeat OK
[MAIN] Telemetry ready: lat=28.4582503, lon=77.5062581, h=-0.808
Loading model engine: best.engine
[SCOUT] Connecting to mavlink-router TCP 127.0.0.1:5760
[SCOUT] Connected
[TELEM] Connecting to MAVLink router UDP 14550[MAIN] Waiting for telemetry (GPS)...

[TELEM] Waiting for heartbeat...
[TELEM] Heartbeat OK
[MAIN] Telemetry ready: lat=28.4582503, lon=77.5062581, h=-1.076
Loading model engine: best.engine
[SCOUT] Connecting to mavlink-router TCP 127.0.0.1:5760
[SCOUT] Connected
[TELEM] Connecting to MAVLink router UDP 14550[MAIN] Waiting for telemetry (GPS)...

[TELEM] Waiting for heartbeat...
[TELEM] Heartbeat OK
[MAIN] Telemetry ready: lat=28.4582503, lon=77.5062581, h=-0.852
Loading model engine: best.engine
[SCOUT] Connecting to mavlink-router TCP 127.0.0.1:5760
[SCOUT] Connected
[TELEM] Connecting to MAVLink router UDP 14550[MAIN] Waiting for telemetry (GPS)...

[TELEM] Waiting for heartbeat...
[TELEM] Heartbeat OK
[MAIN] Telemetry ready: lat=28.4582503, lon=77.5062581, h=-0.629
Loading model engine: best.engine
[SCOUT] Connecting to mavlink-router TCP 127.0.0.1:5760
[SCOUT] Connected
[TELEM] Connecting to MAVLink router UDP 14550[MAIN] Waiting for telemetry (GPS)...

[TELEM] Waiting for heartbeat...
[TELEM] Heartbeat OK
[MAIN] Telemetry ready: lat=28.4582503, lon=77.5062581, h=-0.696
Loading model engine: best.engine
[SCOUT] Connecting to mavlink-router TCP 127.0.0.1:5760
[SCOUT] Connected
[TELEM] Connecting to MAVLink router UDP 14550[MAIN] Waiting for telemetry (GPS)...

[TELEM] Waiting for heartbeat...
[TELEM] Heartbeat OK
[MAIN] Telemetry ready: lat=28.4582503, lon=77.5062581, h=-0.676
Loading model engine: best.engine
[SCOUT] Connecting to mavlink-router TCP 127.0.0.1:5760
[SCOUT] Connected
[TELEM] Connecting to MAVLink router UDP 14550[MAIN] Waiting for telemetry (GPS)...

[TELEM] Waiting for heartbeat...
[TELEM] Heartbeat OK
[MAIN] Telemetry ready: lat=28.4582503, lon=77.5062581, h=-0.793
Loading model engine: best.engine
[SCOUT] Connecting to mavlink-router TCP 127.0.0.1:5760
[SCOUT] Connected
[TELEM] Connecting to MAVLink router UDP 14550[MAIN] Waiting for telemetry (GPS)...

[TELEM] Waiting for heartbeat...
[TELEM] Heartbeat OK
[MAIN] Telemetry ready: lat=28.4582503, lon=77.5062581, h=-0.632
Loading model engine: best.engine
[SCOUT] Connecting to mavlink-router TCP 127.0.0.1:5760
[SCOUT] Connected
[TELEM] Connecting to MAVLink router UDP 14550[MAIN] Waiting for telemetry (GPS)...

[TELEM] Waiting for heartbeat...
[TELEM] Heartbeat OK
[MAIN] Telemetry ready: lat=28.4582503, lon=77.5062581, h=-0.638
Loading model engine: best.engine
[SCOUT] Connecting to mavlink-router TCP 127.0.0.1:5760
[SCOUT] Connected
[TELEM] Connecting to MAVLink router UDP 14550[MAIN] Waiting for telemetry (GPS)...

[TELEM] Waiting for heartbeat...
[TELEM] Heartbeat OK
[MAIN] Telemetry ready: lat=28.4582503, lon=77.5062581, h=-0.702
Loading model engine: best.engine
[SCOUT] Connecting to mavlink-router TCP 127.0.0.1:5760
[SCOUT] Connected
[TELEM] Connecting to MAVLink router UDP 14550[MAIN] Waiting for telemetry (GPS)...

[TELEM] Waiting for heartbeat...
[TELEM] Heartbeat OK
[MAIN] Telemetry ready: lat=28.4582503, lon=77.5062581, h=-0.426
Loading model engine: best.engine
[SCOUT] Connecting to mavlink-router TCP 127.0.0.1:5760
[SCOUT] Connected
[TELEM] Connecting to MAVLink router UDP 14550[MAIN] Waiting for telemetry (GPS)...

[TELEM] Waiting for heartbeat...
[TELEM] Heartbeat OK
[MAIN] Telemetry ready: lat=28.4582503, lon=77.5062581, h=-0.555
Loading model engine: best.engine
[SCOUT] Connecting to mavlink-router TCP 127.0.0.1:5760
[SCOUT] Connected
[TELEM] Connecting to MAVLink router UDP 14550[MAIN] Waiting for telemetry (GPS)...

[TELEM] Waiting for heartbeat...
[TELEM] Heartbeat OK
[MAIN] Telemetry ready: lat=28.4582503, lon=77.5062581, h=-0.667
Loading model engine: best.engine
[SCOUT] Connecting to mavlink-router TCP 127.0.0.1:5760
[SCOUT] Connected
[TELEM] Connecting to MAVLink router UDP 14550[MAIN] Waiting for telemetry (GPS)...

[TELEM] Waiting for heartbeat...
[TELEM] Heartbeat OK
[MAIN] Telemetry ready: lat=28.4582503, lon=77.5062581, h=-0.799
Loading model engine: best.engine
[SCOUT] Connecting to mavlink-router TCP 127.0.0.1:5760
[SCOUT] Connected
[TELEM] Connecting to MAVLink router UDP 14550[MAIN] Waiting for telemetry (GPS)...

[TELEM] Waiting for heartbeat...
[TELEM] Heartbeat OK
[MAIN] Telemetry ready: lat=28.4582503, lon=77.5062581, h=-0.808
Loading model engine: best.engine
[SCOUT] Connecting to mavlink-router TCP 127.0.0.1:5760
[SCOUT] Connected
[TELEM] Connecting to MAVLink router UDP 14550[MAIN] Waiting for telemetry (GPS)...

[TELEM] Waiting for heartbeat...
[TELEM] Heartbeat OK
[MAIN] Telemetry ready: lat=28.4582503, lon=77.5062581, h=-0.746
Loading model engine: best.engine
[SCOUT] Connecting to mavlink-router TCP 127.0.0.1:5760
[SCOUT] Connected
[TELEM] Connecting to MAVLink router UDP 14550[MAIN] Waiting for telemetry (GPS)...

[TELEM] Waiting for heartbeat...
[TELEM] Heartbeat OK
[MAIN] Telemetry ready: lat=28.4582503, lon=77.5062581, h=-0.885
Loading model engine: best.engine
[SCOUT] Connecting to mavlink-router TCP 127.0.0.1:5760
[SCOUT] Connected
[TELEM] Connecting to MAVLink router UDP 14550[MAIN] Waiting for telemetry (GPS)...

[TELEM] Waiting for heartbeat...
[TELEM] Heartbeat OK
[MAIN] Telemetry ready: lat=28.4582503, lon=77.5062581, h=-0.735
Loading model engine: best.engine
[SCOUT] Connecting to mavlink-router TCP 127.0.0.1:5760
[SCOUT] Connected
[TELEM] Connecting to MAVLink router UDP 14550[MAIN] Waiting for telemetry (GPS)...

[TELEM] Waiting for heartbeat...
[TELEM] Heartbeat OK
[MAIN] Telemetry ready: lat=28.4582503, lon=77.5062581, h=-0.496
Loading model engine: best.engine
[SCOUT] Connecting to mavlink-router TCP 127.0.0.1:5760
[SCOUT] Connected
[TELEM] Connecting to MAVLink router UDP 14550[MAIN] Waiting for telemetry (GPS)...

[TELEM] Waiting for heartbeat...
[TELEM] Heartbeat OK
[MAIN] Telemetry ready: lat=28.4582503, lon=77.5062581, h=-0.617
Loading model engine: best.engine
[SCOUT] Connecting to mavlink-router TCP 127.0.0.1:5760
[SCOUT] Connected
[TELEM] Connecting to MAVLink router UDP 14550[MAIN] Waiting for telemetry (GPS)...

[TELEM] Waiting for heartbeat...
[TELEM] Heartbeat OK
[MAIN] Telemetry ready: lat=28.4582503, lon=77.5062581, h=-0.732
Loading model engine: best.engine
[SCOUT] Connecting to mavlink-router TCP 127.0.0.1:5760
[SCOUT] Connected
[TELEM] Connecting to MAVLink router UDP 14550[MAIN] Waiting for telemetry (GPS)...

[TELEM] Waiting for heartbeat...
[TELEM] Heartbeat OK
[MAIN] Telemetry ready: lat=28.4582503, lon=77.5062581, h=-0.496
Loading model engine: best.engine
[SCOUT] Connecting to mavlink-router TCP 127.0.0.1:5760
[SCOUT] Connected
[TELEM] Connecting to MAVLink router UDP 14550[MAIN] Waiting for telemetry (GPS)...

[TELEM] Waiting for heartbeat...
[TELEM] Heartbeat OK
[MAIN] Telemetry ready: lat=28.4582503, lon=77.5062581, h=-0.546
Loading model engine: best.engine
[SCOUT] Connecting to mavlink-router TCP 127.0.0.1:5760
[SCOUT] Connected
[TELEM] Connecting to MAVLink router UDP 14550[MAIN] Waiting for telemetry (GPS)...

[TELEM] Waiting for heartbeat...
[TELEM] Heartbeat OK
[MAIN] Telemetry ready: lat=28.4582503, lon=77.5062581, h=-0.62
Loading model engine: best.engine
[SCOUT] Connecting to mavlink-router TCP 127.0.0.1:5760
[SCOUT] Connected
[TELEM] Connecting to MAVLink router UDP 14550[MAIN] Waiting for telemetry (GPS)...

[TELEM] Waiting for heartbeat...
[TELEM] Heartbeat OK
[MAIN] Telemetry ready: lat=28.4582503, lon=77.5062581, h=-0.799
Loading model engine: best.engine
[SCOUT] Connecting to mavlink-router TCP 127.0.0.1:5760
[SCOUT] Connected
[TELEM] Connecting to MAVLink router UDP 14550[MAIN] Waiting for telemetry (GPS)...

[TELEM] Waiting for heartbeat...
[TELEM] Heartbeat OK
[MAIN] Telemetry ready: lat=28.4582503, lon=77.5062581, h=-0.846
Loading model engine: best.engine
[SCOUT] Connecting to mavlink-router TCP 127.0.0.1:5760
                                                                                                                                                                                                                                                                                                                                                                                                                                                                                                                                                                                        [SCOUT] Connecting to mavlink-router TCP 127.0.0.1:5760
[SCOUT] Connected
[TELEM] Connecting to MAVLink router UDP 14550[MAIN] Waiting for telemetry (GPS)...

[TELEM] Waiting for heartbeat...
[TELEM] Heartbeat OK
[MAIN] Telemetry ready: lat=28.458444, lon=77.5059188, h=-0.541
Loading model engine: best.engine
[SCOUT] Connecting to mavlink-router TCP 127.0.0.1:5760
[SCOUT] Connected
[TELEM] Connecting to MAVLink router UDP 14550[MAIN] Waiting for telemetry (GPS)...

[TELEM] Waiting for heartbeat...
[TELEM] Heartbeat OK
[MAIN] Telemetry ready: lat=28.4584639, lon=77.5058946, h=-0.329
Loading model engine: best.engine
[SCOUT] Connecting to mavlink-router TCP 127.0.0.1:5760
[SCOUT] Connected
[TELEM] Connecting to MAVLink router UDP 14550[MAIN] Waiting for telemetry (GPS)...

[TELEM] Waiting for heartbeat...
[TELEM] Heartbeat OK
[MAIN] Telemetry ready: lat=28.4584922, lon=77.5058629, h=-0.643
Loading model engine: best.engine
[SCOUT] Connecting to mavlink-router TCP 127.0.0.1:5760
[SCOUT] Connected
[TELEM] Connecting to MAVLink router UDP 14550[MAIN] Waiting for telemetry (GPS)...

[TELEM] Waiting for heartbeat...
[TELEM] Heartbeat OK
[MAIN] Telemetry ready: lat=28.4584877, lon=77.5058865, h=-0.358
Loading model engine: best.engine
[SCOUT] Connecting to mavlink-router TCP 127.0.0.1:5760
[SCOUT] Connected
[TELEM] Connecting to MAVLink router UDP 14550[MAIN] Waiting for telemetry (GPS)...

[TELEM] Waiting for heartbeat...
[TELEM] Heartbeat OK
[MAIN] Telemetry ready: lat=28.4585327, lon=77.5058161, h=-0.567
Loading model engine: best.engine
                                                        [SCOUT] Connecting to mavlink-router TCP 127.0.0.1:5760
[SCOUT] Connected
[TELEM] Connecting to MAVLink router UDP 14550[MAIN] Waiting for telemetry (GPS)...

[TELEM] Waiting for heartbeat...
[TELEM] Heartbeat OK
[MAIN] Telemetry ready: lat=0.0, lon=0.0, h=0.029
Loading model engine: best.engine
[SCOUT] Connecting to mavlink-router TCP 127.0.0.1:5760
[SCOUT] Connected
[TELEM] Connecting to MAVLink router UDP 14550
[MAIN] Waiting for telemetry (GPS)...[TELEM] Waiting for heartbeat...

[TELEM] Heartbeat OK
[MAIN] Telemetry ready: lat=0.0, lon=0.0, h=0.167
Loading model engine: best.engine
[SCOUT] Connecting to mavlink-router TCP 127.0.0.1:5760
[SCOUT] Connected
[TELEM] Connecting to MAVLink router UDP 14550[MAIN] Waiting for telemetry (GPS)...

[TELEM] Waiting for heartbeat...
[TELEM] Heartbeat OK
[MAIN] Telemetry ready: lat=0.0, lon=0.0, h=0.123
Loading model engine: best.engine
[SCOUT] Connecting to mavlink-router TCP 127.0.0.1:5760
[SCOUT] Connected
[TELEM] Connecting to MAVLink router UDP 14550[MAIN] Waiting for telemetry (GPS)...

[TELEM] Waiting for heartbeat...
[TELEM] Heartbeat OK
[MAIN] Telemetry ready: lat=0.0, lon=0.0, h=-0.111
Loading model engine: best.engine
[SCOUT] Connecting to mavlink-router TCP 127.0.0.1:5760
[SCOUT] Connected
[TELEM] Connecting to MAVLink router UDP 14550[MAIN] Waiting for telemetry (GPS)...

[TELEM] Waiting for heartbeat...
[TELEM] Heartbeat OK
[MAIN] Telemetry ready: lat=0.0, lon=0.0, h=-0.058
Loading model engine: best.engine
[SCOUT] Connecting to mavlink-router TCP 127.0.0.1:5760
[SCOUT] Connected
[TELEM] Connecting to MAVLink router UDP 14550[MAIN] Waiting for telemetry (GPS)...

[TELEM] Waiting for heartbeat...
[TELEM] Heartbeat OK
[MAIN] Telemetry ready: lat=0.0, lon=0.0, h=0.141
Loading model engine: best.engine
[SCOUT] Connecting to mavlink-router TCP 127.0.0.1:5760
[SCOUT] Connected
[TELEM] Connecting to MAVLink router UDP 14550[MAIN] Waiting for telemetry (GPS)...

[TELEM] Waiting for heartbeat...
[TELEM] Heartbeat OK
[MAIN] Telemetry ready: lat=0.0, lon=0.0, h=0.323
Loading model engine: best.engine
[SCOUT] Connecting to mavlink-router TCP 127.0.0.1:5760
[SCOUT] Connected
[TELEM] Connecting to MAVLink router UDP 14550[MAIN] Waiting for telemetry (GPS)...

[TELEM] Waiting for heartbeat...
[TELEM] Heartbeat OK
[MAIN] Telemetry ready: lat=0.0, lon=0.0, h=0.482
Loading model engine: best.engine
[SCOUT] Connecting to mavlink-router TCP 127.0.0.1:5760
[SCOUT] Connected
[TELEM] Connecting to MAVLink router UDP 14550[MAIN] Waiting for telemetry (GPS)...

[TELEM] Waiting for heartbeat...
[TELEM] Heartbeat OK
[MAIN] Telemetry ready: lat=0.0, lon=0.0, h=-0.114
Loading model engine: best.engine
[SCOUT] Connecting to mavlink-router TCP 127.0.0.1:5760
[SCOUT] Connected
[TELEM] Connecting to MAVLink router UDP 14550[MAIN] Waiting for telemetry (GPS)...

[TELEM] Waiting for heartbeat...
[TELEM] Heartbeat OK
[MAIN] Telemetry ready: lat=0.0, lon=0.0, h=0.138
Loading model engine: best.engine
[SCOUT] Connecting to mavlink-router TCP 127.0.0.1:5760
[SCOUT] Connected
[TELEM] Connecting to MAVLink router UDP 14550[MAIN] Waiting for telemetry (GPS)...

[TELEM] Waiting for heartbeat...
[TELEM] Heartbeat OK
[MAIN] Telemetry ready: lat=0.0, lon=0.0, h=0.082
Loading model engine: best.engine
[SCOUT] Connecting to mavlink-router TCP 127.0.0.1:5760
[SCOUT] Connected
[TELEM] Connecting to MAVLink router UDP 14550[MAIN] Waiting for telemetry (GPS)...

[TELEM] Waiting for heartbeat...
[TELEM] Heartbeat OK
[MAIN] Telemetry ready: lat=0.0, lon=0.0, h=0.141
Loading model engine: best.engine
[SCOUT] Connecting to mavlink-router TCP 127.0.0.1:5760
[SCOUT] Connected
[TELEM] Connecting to MAVLink router UDP 14550[MAIN] Waiting for telemetry (GPS)...

[TELEM] Waiting for heartbeat...
[TELEM] Heartbeat OK
[MAIN] Telemetry ready: lat=0.0, lon=0.0, h=-0.185
Loading model engine: best.engine
[SCOUT] Connecting to mavlink-router TCP 127.0.0.1:5760
[SCOUT] Connected
[TELEM] Connecting to MAVLink router UDP 14550[MAIN] Waiting for telemetry (GPS)...

[TELEM] Waiting for heartbeat...
[TELEM] Heartbeat OK
[MAIN] Telemetry ready: lat=0.0, lon=0.0, h=-0.126
Loading model engine: best.engine
[SCOUT] Connecting to mavlink-router TCP 127.0.0.1:5760
[SCOUT] Connected
[TELEM] Connecting to MAVLink router UDP 14550[MAIN] Waiting for telemetry (GPS)...

[TELEM] Waiting for heartbeat...
[TELEM] Heartbeat OK
[MAIN] Telemetry ready: lat=0.0, lon=0.0, h=-0.085
Loading model engine: best.engine
[SCOUT] Connecting to mavlink-router TCP 127.0.0.1:5760
[SCOUT] Connected
[TELEM] Connecting to MAVLink router UDP 14550[MAIN] Waiting for telemetry (GPS)...

[TELEM] Waiting for heartbeat...
[TELEM] Heartbeat OK
[MAIN] Telemetry ready: lat=0.0, lon=0.0, h=-0.026
Loading model engine: best.engine
[SCOUT] Connecting to mavlink-router TCP 127.0.0.1:5760
[SCOUT] Connected
[TELEM] Connecting to MAVLink router UDP 14550[MAIN] Waiting for telemetry (GPS)...

[TELEM] Waiting for heartbeat...
[TELEM] Heartbeat OK
[MAIN] Telemetry ready: lat=0.0, lon=0.0, h=0.102
Loading model engine: best.engine
[SCOUT] Connecting to mavlink-router TCP 127.0.0.1:5760
[SCOUT] Connected
[TELEM] Connecting to MAVLink router UDP 14550[MAIN] Waiting for telemetry (GPS)...

[TELEM] Waiting for heartbeat...
[TELEM] Heartbeat OK
[MAIN] Telemetry ready: lat=0.0, lon=0.0, h=0.07
Loading model engine: best.engine
[SCOUT] Connecting to mavlink-router TCP 127.0.0.1:5760
[SCOUT] Connected
[TELEM] Connecting to MAVLink router UDP 14550[MAIN] Waiting for telemetry (GPS)...

[TELEM] Waiting for heartbeat...
[TELEM] Heartbeat OK
[MAIN] Telemetry ready: lat=0.0, lon=0.0, h=0.041
Loading model engine: best.engine
[SCOUT] Connecting to mavlink-router TCP 127.0.0.1:5760
[SCOUT] Connected
[TELEM] Connecting to MAVLink router UDP 14550[MAIN] Waiting for telemetry (GPS)...

[TELEM] Waiting for heartbeat...
[TELEM] Heartbeat OK
[MAIN] Telemetry ready: lat=0.0, lon=0.0, h=0.102
Loading model engine: best.engine
[SCOUT] Connecting to mavlink-router TCP 127.0.0.1:5760
[SCOUT] Connected
[TELEM] Connecting to MAVLink router UDP 14550[MAIN] Waiting for telemetry (GPS)...

[TELEM] Waiting for heartbeat...
[TELEM] Heartbeat OK
[MAIN] Telemetry ready: lat=0.0, lon=0.0, h=0.147
Loading model engine: best.engine
[SCOUT] Connecting to mavlink-router TCP 127.0.0.1:5760
[SCOUT] Connected
[TELEM] Connecting to MAVLink router UDP 14550[MAIN] Waiting for telemetry (GPS)...

[TELEM] Waiting for heartbeat...
[TELEM] Heartbeat OK
[MAIN] Telemetry ready: lat=0.0, lon=0.0, h=0.032
Loading model engine: best.engine
[SCOUT] Connecting to mavlink-router TCP 127.0.0.1:5760
[SCOUT] Connected
[TELEM] Connecting to MAVLink router UDP 14550[MAIN] Waiting for telemetry (GPS)...

[TELEM] Waiting for heartbeat...
[TELEM] Heartbeat OK
[MAIN] Telemetry ready: lat=0.0, lon=0.0, h=-0.152
Loading model engine: best.engine
[SCOUT] Connecting to mavlink-router TCP 127.0.0.1:5760
[SCOUT] Connected
[TELEM] Connecting to MAVLink router UDP 14550[MAIN] Waiting for telemetry (GPS)...

[TELEM] Waiting for heartbeat...
[TELEM] Heartbeat OK
[MAIN] Telemetry ready: lat=0.0, lon=0.0, h=0.088
Loading model engine: best.engine
[SCOUT] Connecting to mavlink-router TCP 127.0.0.1:5760
[SCOUT] Connected
[TELEM] Connecting to MAVLink router UDP 14550[MAIN] Waiting for telemetry (GPS)...

[TELEM] Waiting for heartbeat...
[TELEM] Heartbeat OK
[MAIN] Telemetry ready: lat=0.0, lon=0.0, h=0.035
Loading model engine: best.engine
[SCOUT] Connecting to mavlink-router TCP 127.0.0.1:5760
[SCOUT] Connected
[TELEM] Connecting to MAVLink router UDP 14550[MAIN] Waiting for telemetry (GPS)...

[TELEM] Waiting for heartbeat...
[TELEM] Heartbeat OK
[MAIN] Telemetry ready: lat=0.0, lon=0.0, h=0.02
Loading model engine: best.engine
[SCOUT] Connecting to mavlink-router TCP 127.0.0.1:5760
[SCOUT] Connected
[TELEM] Connecting to MAVLink router UDP 14550[MAIN] Waiting for telemetry (GPS)...

[TELEM] Waiting for heartbeat...
[TELEM] Heartbeat OK
[MAIN] Telemetry ready: lat=0.0, lon=0.0, h=0.023
Loading model engine: best.engine
[SCOUT] Connecting to mavlink-router TCP 127.0.0.1:5760
[SCOUT] Connected
[TELEM] Connecting to MAVLink router UDP 14550[MAIN] Waiting for telemetry (GPS)...

[TELEM] Waiting for heartbeat...
[TELEM] Heartbeat OK
[MAIN] Telemetry ready: lat=0.0, lon=0.0, h=0.041
Loading model engine: best.engine
[SCOUT] Connecting to mavlink-router TCP 127.0.0.1:5760
[SCOUT] Connected
[TELEM] Connecting to MAVLink router UDP 14550[MAIN] Waiting for telemetry (GPS)...

[TELEM] Waiting for heartbeat...
[TELEM] Heartbeat OK
[MAIN] Telemetry ready: lat=0.0, lon=0.0, h=0.346
Loading model engine: best.engine
[SCOUT] Connecting to mavlink-router TCP 127.0.0.1:5760
[SCOUT] Connected
[TELEM] Connecting to MAVLink router UDP 14550[MAIN] Waiting for telemetry (GPS)...

[TELEM] Waiting for heartbeat...
[TELEM] Heartbeat OK
[MAIN] Telemetry ready: lat=0.0, lon=0.0, h=-0.108
Loading model engine: best.engine
[SCOUT] Connecting to mavlink-router TCP 127.0.0.1:5760
[SCOUT] Connected
[TELEM] Connecting to MAVLink router UDP 14550[MAIN] Waiting for telemetry (GPS)...

[TELEM] Waiting for heartbeat...
[TELEM] Heartbeat OK
[MAIN] Telemetry ready: lat=0.0, lon=0.0, h=0.047
Loading model engine: best.engine
[SCOUT] Connecting to mavlink-router TCP 127.0.0.1:5760
[SCOUT] Connected
[TELEM] Connecting to MAVLink router UDP 14550[MAIN] Waiting for telemetry (GPS)...

[TELEM] Waiting for heartbeat...
[TELEM] Heartbeat OK
[MAIN] Telemetry ready: lat=0.0, lon=0.0, h=-0.017
Loading model engine: best.engine
[SCOUT] Connecting to mavlink-router TCP 127.0.0.1:5760
[SCOUT] Connected
[TELEM] Connecting to MAVLink router UDP 14550[MAIN] Waiting for telemetry (GPS)...

[TELEM] Waiting for heartbeat...
[TELEM] Heartbeat OK
[MAIN] Telemetry ready: lat=0.0, lon=0.0, h=0.008
Loading model engine: best.engine
[SCOUT] Connecting to mavlink-router TCP 127.0.0.1:5760
[SCOUT] Connected
[TELEM] Connecting to MAVLink router UDP 14550[MAIN] Waiting for telemetry (GPS)...

[TELEM] Waiting for heartbeat...
[TELEM] Heartbeat OK
[MAIN] Telemetry ready: lat=0.0, lon=0.0, h=0.332
Loading model engine: best.engine
[SCOUT] Connecting to mavlink-router TCP 127.0.0.1:5760
[SCOUT] Connected
[TELEM] Connecting to MAVLink router UDP 14550[MAIN] Waiting for telemetry (GPS)...

[TELEM] Waiting for heartbeat...
[TELEM] Heartbeat OK
[MAIN] Telemetry ready: lat=0.0, lon=0.0, h=0.561
Loading model engine: best.engine
[SCOUT] Connecting to mavlink-router TCP 127.0.0.1:5760
[SCOUT] Connected
[TELEM] Connecting to MAVLink router UDP 14550[MAIN] Waiting for telemetry (GPS)...

[TELEM] Waiting for heartbeat...
[TELEM] Heartbeat OK
[MAIN] Telemetry ready: lat=0.0, lon=0.0, h=0.02
Loading model engine: best.engine
[SCOUT] Connecting to mavlink-router TCP 127.0.0.1:5760
[SCOUT] Connected
[TELEM] Connecting to MAVLink router UDP 14550[MAIN] Waiting for telemetry (GPS)...

[TELEM] Waiting for heartbeat...
[TELEM] Heartbeat OK
[MAIN] Telemetry ready: lat=0.0, lon=0.0, h=-0.094
Loading model engine: best.engine
[SCOUT] Connecting to mavlink-router TCP 127.0.0.1:5760
[SCOUT] Connected
[TELEM] Connecting to MAVLink router UDP 14550[MAIN] Waiting for telemetry (GPS)...

[TELEM] Waiting for heartbeat...
[TELEM] Heartbeat OK
[MAIN] Telemetry ready: lat=0.0, lon=0.0, h=0.326
Loading model engine: best.engine
[SCOUT] Connecting to mavlink-router TCP 127.0.0.1:5760
[SCOUT] Connected
[TELEM] Connecting to MAVLink router UDP 14550[MAIN] Waiting for telemetry (GPS)...

[TELEM] Waiting for heartbeat...
[TELEM] Heartbeat OK
[MAIN] Telemetry ready: lat=0.0, lon=0.0, h=-0.055
Loading model engine: best.engine
[SCOUT] Connecting to mavlink-router TCP 127.0.0.1:5760
[SCOUT] Connected
[TELEM] Connecting to MAVLink router UDP 14550[MAIN] Waiting for telemetry (GPS)...

[TELEM] Waiting for heartbeat...
[TELEM] Heartbeat OK
[MAIN] Telemetry ready: lat=0.0, lon=0.0, h=0.299
Loading model engine: best.engine
[SCOUT] Connecting to mavlink-router TCP 127.0.0.1:5760
[SCOUT] Connected
[TELEM] Connecting to MAVLink router UDP 14550[MAIN] Waiting for telemetry (GPS)...

[TELEM] Waiting for heartbeat...
[TELEM] Heartbeat OK
[MAIN] Telemetry ready: lat=28.4582849, lon=77.5061881, h=0.264
Loading model engine: best.engine
[SCOUT] Connecting to mavlink-router TCP 127.0.0.1:5760
[SCOUT] Connected
[TELEM] Connecting to MAVLink router UDP 14550[MAIN] Waiting for telemetry (GPS)...

[TELEM] Waiting for heartbeat...
[TELEM] Heartbeat OK
[MAIN] Telemetry ready: lat=28.4584848, lon=77.5058055, h=0.208
Loading model engine: best.engine
[SCOUT] Connecting to mavlink-router TCP 127.0.0.1:5760
[SCOUT] Connected
[TELEM] Connecting to MAVLink router UDP 14550[MAIN] Waiting for telemetry (GPS)...

[TELEM] Waiting for heartbeat...
[TELEM] Heartbeat OK
[MAIN] Telemetry ready: lat=28.4585572, lon=77.5056462, h=0.432
Loading model engine: best.engine
[SCOUT] Connecting to mavlink-router TCP 127.0.0.1:5760
[SCOUT] Connected
[TELEM] Connecting to MAVLink router UDP 14550[MAIN] Waiting for telemetry (GPS)...

[TELEM] Waiting for heartbeat...
[TELEM] Heartbeat OK
[MAIN] Telemetry ready: lat=28.458529, lon=77.5057317, h=0.167
Loading model engine: best.engine
[SCOUT] Connecting to mavlink-router TCP 127.0.0.1:5760
[SCOUT] Connected
[TELEM] Connecting to MAVLink router UDP 14550[MAIN] Waiting for telemetry (GPS)...

[TELEM] Waiting for heartbeat...
[TELEM] Heartbeat OK
[MAIN] Telemetry ready: lat=28.4584932, lon=77.505814, h=0.676
Loading model engine: best.engine
[SCOUT] Connecting to mavlink-router TCP 127.0.0.1:5760
[SCOUT] Connected
[TELEM] Connecting to MAVLink router UDP 14550[MAIN] Waiting for telemetry (GPS)...

[TELEM] Waiting for heartbeat...
[TELEM] Heartbeat OK
[MAIN] Telemetry ready: lat=28.4584827, lon=77.5058407, h=0.541
Loading model engine: best.engine
[SCOUT] Connecting to mavlink-router TCP 127.0.0.1:5760
[SCOUT] Connected
[TELEM] Connecting to MAVLink router UDP 14550[MAIN] Waiting for telemetry (GPS)...

[TELEM] Waiting for heartbeat...
[TELEM] Heartbeat OK
[MAIN] Telemetry ready: lat=28.4584794, lon=77.5058659, h=0.261
Loading model engine: best.engine
[SCOUT] Connecting to mavlink-router TCP 127.0.0.1:5760
[SCOUT] Connected
[TELEM] Connecting to MAVLink router UDP 14550[MAIN] Waiting for telemetry (GPS)...

[TELEM] Waiting for heartbeat...
[TELEM] Heartbeat OK
[MAIN] Telemetry ready: lat=28.4584869, lon=77.505838, h=0.764
Loading model engine: best.engine
[SCOUT] Connecting to mavlink-router TCP 127.0.0.1:5760
[SCOUT] Connected
[TELEM] Connecting to MAVLink router UDP 14550[MAIN] Waiting for telemetry (GPS)...

[TELEM] Waiting for heartbeat...
[TELEM] Heartbeat OK
[MAIN] Telemetry ready: lat=28.4584931, lon=77.5058162, h=0.643
Loading model engine: best.engine
[SCOUT] Connecting to mavlink-router TCP 127.0.0.1:5760
[SCOUT] Connected
[TELEM] Connecting to MAVLink router UDP 14550[MAIN] Waiting for telemetry (GPS)...

[TELEM] Waiting for heartbeat...
[TELEM] Heartbeat OK
[MAIN] Telemetry ready: lat=28.4584882, lon=77.5058074, h=0.567
Loading model engine: best.engine
[SCOUT] Connecting to mavlink-router TCP 127.0.0.1:5760
[SCOUT] Connected
[TELEM] Connecting to MAVLink router UDP 14550[MAIN] Waiting for telemetry (GPS)...

[TELEM] Waiting for heartbeat...
[TELEM] Heartbeat OK
[MAIN] Telemetry ready: lat=28.4584909, lon=77.5057955, h=0.614
Loading model engine: best.engine
[SCOUT] Connecting to mavlink-router TCP 127.0.0.1:5760
[SCOUT] Connected
[TELEM] Connecting to MAVLink router UDP 14550[MAIN] Waiting for telemetry (GPS)...

[TELEM] Waiting for heartbeat...
[TELEM] Heartbeat OK
[MAIN] Telemetry ready: lat=28.4585016, lon=77.5057931, h=0.511
Loading model engine: best.engine
[SCOUT] Connecting to mavlink-router TCP 127.0.0.1:5760
[SCOUT] Connected
[TELEM] Connecting to MAVLink router UDP 14550[MAIN] Waiting for telemetry (GPS)...

[TELEM] Waiting for heartbeat...
[TELEM] Heartbeat OK
[MAIN] Telemetry ready: lat=28.458521, lon=77.5057797, h=0.62
Loading model engine: best.engine
[SCOUT] Connecting to mavlink-router TCP 127.0.0.1:5760
[SCOUT] Connected
[TELEM] Connecting to MAVLink router UDP 14550[MAIN] Waiting for telemetry (GPS)...

[TELEM] Waiting for heartbeat...
[TELEM] Heartbeat OK
[MAIN] Telemetry ready: lat=28.4585354, lon=77.5057664, h=0.593
Loading model engine: best.engine
[SCOUT] Connecting to mavlink-router TCP 127.0.0.1:5760
[SCOUT] Connected
[TELEM] Connecting to MAVLink router UDP 14550[MAIN] Waiting for telemetry (GPS)...

[TELEM] Waiting for heartbeat...
[TELEM] Heartbeat OK
[MAIN] Telemetry ready: lat=28.4585442, lon=77.5057704, h=0.373
Loading model engine: best.engine
[SCOUT] Connecting to mavlink-router TCP 127.0.0.1:5760
[SCOUT] Connected
[TELEM] Connecting to MAVLink router UDP 14550[MAIN] Waiting for telemetry (GPS)...

[TELEM] Waiting for heartbeat...
[TELEM] Heartbeat OK
[MAIN] Telemetry ready: lat=28.458552, lon=77.5057638, h=0.649
Loading model engine: best.engine
[SCOUT] Connecting to mavlink-router TCP 127.0.0.1:5760
[SCOUT] Connected
[TELEM] Connecting to MAVLink router UDP 14550[MAIN] Waiting for telemetry (GPS)...

[TELEM] Waiting for heartbeat...
[TELEM] Heartbeat OK
[MAIN] Telemetry ready: lat=28.4585549, lon=77.505753, h=0.667
Loading model engine: best.engine
[SCOUT] Connecting to mavlink-router TCP 127.0.0.1:5760
[SCOUT] Connected
[TELEM] Connecting to MAVLink router UDP 14550[MAIN] Waiting for telemetry (GPS)...

[TELEM] Waiting for heartbeat...
[TELEM] Heartbeat OK
[MAIN] Telemetry ready: lat=28.458558, lon=77.5057471, h=0.623
Loading model engine: best.engine
[SCOUT] Connecting to mavlink-router TCP 127.0.0.1:5760
[SCOUT] Connected
[TELEM] Connecting to MAVLink router UDP 14550[MAIN] Waiting for telemetry (GPS)...

[TELEM] Waiting for heartbeat...
[TELEM] Heartbeat OK
[MAIN] Telemetry ready: lat=28.4585628, lon=77.5057415, h=0.623
Loading model engine: best.engine
[SCOUT] Connecting to mavlink-router TCP 127.0.0.1:5760
[SCOUT] Connected
[TELEM] Connecting to MAVLink router UDP 14550[MAIN] Waiting for telemetry (GPS)...

[TELEM] Waiting for heartbeat...
[TELEM] Heartbeat OK
[MAIN] Telemetry ready: lat=28.4585651, lon=77.5057542, h=0.846
Loading model engine: best.engine
[SCOUT] Connecting to mavlink-router TCP 127.0.0.1:5760
[SCOUT] Connected
[TELEM] Connecting to MAVLink router UDP 14550[MAIN] Waiting for telemetry (GPS)...

[TELEM] Waiting for heartbeat...
[TELEM] Heartbeat OK
[MAIN] Telemetry ready: lat=28.4585604, lon=77.5057532, h=0.749
Loading model engine: best.engine
[SCOUT] Connecting to mavlink-router TCP 127.0.0.1:5760
[SCOUT] Connected
[TELEM] Connecting to MAVLink router UDP 14550[MAIN] Waiting for telemetry (GPS)...

[TELEM] Waiting for heartbeat...
[TELEM] Heartbeat OK
[MAIN] Telemetry ready: lat=28.4585535, lon=77.505743, h=0.511
Loading model engine: best.engine
[SCOUT] Connecting to mavlink-router TCP 127.0.0.1:5760
[SCOUT] Connected
[TELEM] Connecting to MAVLink router UDP 14550[MAIN] Waiting for telemetry (GPS)...

[TELEM] Waiting for heartbeat...
[TELEM] Heartbeat OK
[MAIN] Telemetry ready: lat=28.4585505, lon=77.5057385, h=1.102
Loading model engine: best.engine
[SCOUT] Connecting to mavlink-router TCP 127.0.0.1:5760
[SCOUT] Connected
[TELEM] Connecting to MAVLink router UDP 14550[MAIN] Waiting for telemetry (GPS)...

[TELEM] Waiting for heartbeat...
[TELEM] Heartbeat OK
[MAIN] Telemetry ready: lat=28.4585504, lon=77.5057268, h=1.143
Loading model engine: best.engine
[SCOUT] Connecting to mavlink-router TCP 127.0.0.1:5760
[SCOUT] Connected
[TELEM] Connecting to MAVLink router UDP 14550[MAIN] Waiting for telemetry (GPS)...

[TELEM] Waiting for heartbeat...
[TELEM] Heartbeat OK
[MAIN] Telemetry ready: lat=28.4585581, lon=77.5056971, h=0.985
Loading model engine: best.engine
[SCOUT] Connecting to mavlink-router TCP 127.0.0.1:5760
[SCOUT] Connected
[TELEM] Connecting to MAVLink router UDP 14550[MAIN] Waiting for telemetry (GPS)...

[TELEM] Waiting for heartbeat...
[TELEM] Heartbeat OK
[MAIN] Telemetry ready: lat=28.4585765, lon=77.5056873, h=1.093
Loading model engine: best.engine
[SCOUT] Connecting to mavlink-router TCP 127.0.0.1:5760
[SCOUT] Connected
[TELEM] Connecting to MAVLink router UDP 14550[MAIN] Waiting for telemetry (GPS)...

[TELEM] Waiting for heartbeat...
[TELEM] Heartbeat OK
[MAIN] Telemetry ready: lat=28.4585674, lon=77.5057255, h=0.864
Loading model engine: best.engine
[SCOUT] Connecting to mavlink-router TCP 127.0.0.1:5760
[SCOUT] Connected
[TELEM] Connecting to MAVLink router UDP 14550[MAIN] Waiting for telemetry (GPS)...

[TELEM] Waiting for heartbeat...
[TELEM] Heartbeat OK
[MAIN] Telemetry ready: lat=28.4585616, lon=77.5057464, h=1.087
Loading model engine: best.engine
[SCOUT] Connecting to mavlink-router TCP 127.0.0.1:5760
[SCOUT] Connected
[TELEM] Connecting to MAVLink router UDP 14550[MAIN] Waiting for telemetry (GPS)...

[TELEM] Waiting for heartbeat...
[TELEM] Heartbeat OK
[MAIN] Telemetry ready: lat=28.4585544, lon=77.5057763, h=0.949
Loading model engine: best.engine
[SCOUT] Connecting to mavlink-router TCP 127.0.0.1:5760
[SCOUT] Connected
[TELEM] Connecting to MAVLink router UDP 14550[MAIN] Waiting for telemetry (GPS)...

[TELEM] Waiting for heartbeat...
[TELEM] Heartbeat OK
[MAIN] Telemetry ready: lat=28.4585538, lon=77.5057847, h=1.14
Loading model engine: best.engine
[SCOUT] Connecting to mavlink-router TCP 127.0.0.1:5760
[SCOUT] Connected
[TELEM] Connecting to MAVLink router UDP 14550[MAIN] Waiting for telemetry (GPS)...

[TELEM] Waiting for heartbeat...
[TELEM] Heartbeat OK
[MAIN] Telemetry ready: lat=28.4585553, lon=77.5057822, h=0.996
Loading model engine: best.engine
[SCOUT] Connecting to mavlink-router TCP 127.0.0.1:5760
[SCOUT] Connected
[TELEM] Connecting to MAVLink router UDP 14550[MAIN] Waiting for telemetry (GPS)...

[TELEM] Waiting for heartbeat...
[TELEM] Heartbeat OK
[MAIN] Telemetry ready: lat=28.4585509, lon=77.5057854, h=-0.065
Loading model engine: best.engine
[SCOUT] Connecting to mavlink-router TCP 127.0.0.1:5760
[SCOUT] Connected
[TELEM] Connecting to MAVLink router UDP 14550[MAIN] Waiting for telemetry (GPS)...

[TELEM] Waiting for heartbeat...
[TELEM] Heartbeat OK
[MAIN] Telemetry ready: lat=28.4585484, lon=77.5057828, h=-0.298
Loading model engine: best.engine
[SCOUT] Connecting to mavlink-router TCP 127.0.0.1:5760
[SCOUT] Connected
[TELEM] Connecting to MAVLink router UDP 14550[MAIN] Waiting for telemetry (GPS)...

[TELEM] Waiting for heartbeat...
[TELEM] Heartbeat OK
[MAIN] Telemetry ready: lat=28.4585468, lon=77.5057785, h=-0.21
Loading model engine: best.engine
[SCOUT] Connecting to mavlink-router TCP 127.0.0.1:5760
[SCOUT] Connected
[TELEM] Connecting to MAVLink router UDP 14550[MAIN] Waiting for telemetry (GPS)...

[TELEM] Waiting for heartbeat...
[TELEM] Heartbeat OK
[MAIN] Telemetry ready: lat=28.458542, lon=77.5057771, h=-0.263
Loading model engine: best.engine
[SCOUT] Connecting to mavlink-router TCP 127.0.0.1:5760
[SCOUT] Connected
[TELEM] Connecting to MAVLink router UDP 14550[MAIN] Waiting for telemetry (GPS)...

[TELEM] Waiting for heartbeat...
[TELEM] Heartbeat OK
[MAIN] Telemetry ready: lat=28.4585414, lon=77.5057796, h=-0.14
Loading model engine: best.engine
[SCOUT] Connecting to mavlink-router TCP 127.0.0.1:5760
[SCOUT] Connected
[TELEM] Connecting to MAVLink router UDP 14550[MAIN] Waiting for telemetry (GPS)...

[TELEM] Waiting for heartbeat...
[TELEM] Heartbeat OK
[MAIN] Telemetry ready: lat=28.4585401, lon=77.5057842, h=0.063
Loading model engine: best.engine
[SCOUT] Connecting to mavlink-router TCP 127.0.0.1:5760
[SCOUT] Connected
[TELEM] Connecting to MAVLink router UDP 14550[MAIN] Waiting for telemetry (GPS)...

[TELEM] Waiting for heartbeat...
[TELEM] Heartbeat OK
[MAIN] Telemetry ready: lat=28.4585347, lon=77.5057918, h=0.079
Loading model engine: best.engine
[SCOUT] Connecting to mavlink-router TCP 127.0.0.1:5760
[SCOUT] Connected
[TELEM] Connecting to MAVLink router UDP 14550[MAIN] Waiting for telemetry (GPS)...

[TELEM] Waiting for heartbeat...
[TELEM] Heartbeat OK
[MAIN] Telemetry ready: lat=28.4585272, lon=77.5058071, h=-0.136
Loading model engine: best.engine
[SCOUT] Connecting to mavlink-router TCP 127.0.0.1:5760
[SCOUT] Connected
[TELEM] Connecting to MAVLink router UDP 14550[MAIN] Waiting for telemetry (GPS)...

[TELEM] Waiting for heartbeat...
[TELEM] Heartbeat OK
[MAIN] Telemetry ready: lat=28.4585236, lon=77.5058201, h=-0.073
Loading model engine: best.engine
[SCOUT] Connecting to mavlink-router TCP 127.0.0.1:5760
[SCOUT] Connected
[TELEM] Connecting to MAVLink router UDP 14550[MAIN] Waiting for telemetry (GPS)...

[TELEM] Waiting for heartbeat...
[TELEM] Heartbeat OK
[MAIN] Telemetry ready: lat=28.4585244, lon=77.5058242, h=-0.068
Loading model engine: best.engine
[SCOUT] Connecting to mavlink-router TCP 127.0.0.1:5760
[SCOUT] Connected
[TELEM] Connecting to MAVLink router UDP 14550[MAIN] Waiting for telemetry (GPS)...

[TELEM] Waiting for heartbeat...
[TELEM] Heartbeat OK
[MAIN] Telemetry ready: lat=28.4585247, lon=77.5058187, h=-0.068
Loading model engine: best.engine
[SCOUT] Connecting to mavlink-router TCP 127.0.0.1:5760
[SCOUT] Connected
[TELEM] Connecting to MAVLink router UDP 14550
[MAIN] Waiting for telemetry (GPS)...
[TELEM] Waiting for heartbeat...
[TELEM] Heartbeat OK
[MAIN] Telemetry ready: lat=28.4585331, lon=77.505804, h=-0.147
Loading model engine: best.engine
[SCOUT] Connecting to mavlink-router TCP 127.0.0.1:5760
[SCOUT] Connected
[TELEM] Connecting to MAVLink router UDP 14550[MAIN] Waiting for telemetry (GPS)...

[TELEM] Waiting for heartbeat...
[TELEM] Heartbeat OK
[MAIN] Telemetry ready: lat=28.4585412, lon=77.5058003, h=-0.225
Loading model engine: best.engine
[SCOUT] Connecting to mavlink-router TCP 127.0.0.1:5760
[SCOUT] Connected
[TELEM] Connecting to MAVLink router UDP 14550[MAIN] Waiting for telemetry (GPS)...

[TELEM] Waiting for heartbeat...
[TELEM] Heartbeat OK
[MAIN] Telemetry ready: lat=28.4585515, lon=77.5058006, h=-0.145
Loading model engine: best.engine
[SCOUT] Connecting to mavlink-router TCP 127.0.0.1:5760
[SCOUT] Connected
[TELEM] Connecting to MAVLink router UDP 14550[MAIN] Waiting for telemetry (GPS)...

[TELEM] Waiting for heartbeat...
[TELEM] Heartbeat OK
[MAIN] Telemetry ready: lat=28.4585571, lon=77.5058011, h=0.033
Loading model engine: best.engine
[SCOUT] Connecting to mavlink-router TCP 127.0.0.1:5760
[SCOUT] Connected
[TELEM] Connecting to MAVLink router UDP 14550[MAIN] Waiting for telemetry (GPS)...

[TELEM] Waiting for heartbeat...
[TELEM] Heartbeat OK
[MAIN] Telemetry ready: lat=28.4585582, lon=77.5058019, h=0.084
Loading model engine: best.engine
[SCOUT] Connecting to mavlink-router TCP 127.0.0.1:5760
[SCOUT] Connected
[TELEM] Connecting to MAVLink router UDP 14550[MAIN] Waiting for telemetry (GPS)...

[TELEM] Waiting for heartbeat...
[TELEM] Heartbeat OK
[MAIN] Telemetry ready: lat=28.4585539, lon=77.5057943, h=0.249
Loading model engine: best.engine
[SCOUT] Connecting to mavlink-router TCP 127.0.0.1:5760
[SCOUT] Connected
[TELEM] Connecting to MAVLink router UDP 14550[MAIN] Waiting for telemetry (GPS)...

[TELEM] Waiting for heartbeat...
[TELEM] Heartbeat OK
[MAIN] Telemetry ready: lat=28.4585483, lon=77.505781, h=-0.044
Loading model engine: best.engine
[SCOUT] Connecting to mavlink-router TCP 127.0.0.1:5760
[SCOUT] Connected
[TELEM] Connecting to MAVLink router UDP 14550[MAIN] Waiting for telemetry (GPS)...

[TELEM] Waiting for heartbeat...
[TELEM] Heartbeat OK
[MAIN] Telemetry ready: lat=28.4585502, lon=77.5057723, h=0.185
Loading model engine: best.engine
[SCOUT] Connecting to mavlink-router TCP 127.0.0.1:5760
[SCOUT] Connected
[TELEM] Connecting to MAVLink router UDP 14550[MAIN] Waiting for telemetry (GPS)...

[TELEM] Waiting for heartbeat...
[TELEM] Heartbeat OK
[MAIN] Telemetry ready: lat=28.4585496, lon=77.505774, h=0.138
Loading model engine: best.engine
[SCOUT] Connecting to mavlink-router TCP 127.0.0.1:5760
[SCOUT] Connected
[TELEM] Connecting to MAVLink router UDP 14550[MAIN] Waiting for telemetry (GPS)...

[TELEM] Waiting for heartbeat...
[TELEM] Heartbeat OK
[MAIN] Telemetry ready: lat=28.4585428, lon=77.5057725, h=0.226
Loading model engine: best.engine
[SCOUT] Connecting to mavlink-router TCP 127.0.0.1:5760
[SCOUT] Connected
[TELEM] Connecting to MAVLink router UDP 14550[MAIN] Waiting for telemetry (GPS)...

[TELEM] Waiting for heartbeat...
[TELEM] Heartbeat OK
[MAIN] Telemetry ready: lat=28.4585422, lon=77.505766, h=0.248
Loading model engine: best.engine
[SCOUT] Connecting to mavlink-router TCP 127.0.0.1:5760
[SCOUT] Connected
[TELEM] Connecting to MAVLink router UDP 14550[MAIN] Waiting for telemetry (GPS)...

[TELEM] Waiting for heartbeat...
[TELEM] Heartbeat OK
[MAIN] Telemetry ready: lat=28.4585408, lon=77.5057661, h=0.323
Loading model engine: best.engine
[SCOUT] Connecting to mavlink-router TCP 127.0.0.1:5760
[SCOUT] Connected
[TELEM] Connecting to MAVLink router UDP 14550[MAIN] Waiting for telemetry (GPS)...

[TELEM] Waiting for heartbeat...
[TELEM] Heartbeat OK
[MAIN] Telemetry ready: lat=28.458533, lon=77.5057669, h=0.556
Loading model engine: best.engine
[SCOUT] Connecting to mavlink-router TCP 127.0.0.1:5760
[SCOUT] Connected
[TELEM] Connecting to MAVLink router UDP 14550[MAIN] Waiting for telemetry (GPS)...

[TELEM] Waiting for heartbeat...
[TELEM] Heartbeat OK
[MAIN] Telemetry ready: lat=28.4585368, lon=77.5057682, h=0.573
Loading model engine: best.engine
[SCOUT] Connecting to mavlink-router TCP 127.0.0.1:5760
[SCOUT] Connected
[TELEM] Connecting to MAVLink router UDP 14550[MAIN] Waiting for telemetry (GPS)...

[TELEM] Waiting for heartbeat...
[TELEM] Heartbeat OK
[MAIN] Telemetry ready: lat=28.4585385, lon=77.5057669, h=0.56
Loading model engine: best.engine
[SCOUT] Connecting to mavlink-router TCP 127.0.0.1:5760
[SCOUT] Connected
[TELEM] Connecting to MAVLink router UDP 14550[MAIN] Waiting for telemetry (GPS)...

[TELEM] Waiting for heartbeat...
[TELEM] Heartbeat OK
[MAIN] Telemetry ready: lat=28.4585366, lon=77.505772, h=0.357
Loading model engine: best.engine
[SCOUT] Connecting to mavlink-router TCP 127.0.0.1:5760
[SCOUT] Connected
[TELEM] Connecting to MAVLink router UDP 14550[MAIN] Waiting for telemetry (GPS)...

[TELEM] Waiting for heartbeat...
[TELEM] Heartbeat OK
[MAIN] Telemetry ready: lat=28.4585344, lon=77.5057793, h=0.629
Loading model engine: best.engine
[SCOUT] Connecting to mavlink-router TCP 127.0.0.1:5760
[SCOUT] Connected
[TELEM] Connecting to MAVLink router UDP 14550[MAIN] Waiting for telemetry (GPS)...

[TELEM] Waiting for heartbeat...
[TELEM] Heartbeat OK
[MAIN] Telemetry ready: lat=28.4585321, lon=77.5057912, h=0.616
Loading model engine: best.engine
[SCOUT] Connecting to mavlink-router TCP 127.0.0.1:5760
[SCOUT] Connected
[TELEM] Connecting to MAVLink router UDP 14550[MAIN] Waiting for telemetry (GPS)...

[TELEM] Waiting for heartbeat...
[TELEM] Heartbeat OK
[MAIN] Telemetry ready: lat=28.4585303, lon=77.5057944, h=0.523
Loading model engine: best.engine
[SCOUT] Connecting to mavlink-router TCP 127.0.0.1:5760
[SCOUT] Connected
[TELEM] Connecting to MAVLink router UDP 14550[MAIN] Waiting for telemetry (GPS)...

[TELEM] Waiting for heartbeat...
[TELEM] Heartbeat OK
[MAIN] Telemetry ready: lat=28.4585302, lon=77.5058015, h=0.586
Loading model engine: best.engine
[SCOUT] Connecting to mavlink-router TCP 127.0.0.1:5760
[SCOUT] Connected
[TELEM] Connecting to MAVLink router UDP 14550[MAIN] Waiting for telemetry (GPS)...

[TELEM] Waiting for heartbeat...
[TELEM] Heartbeat OK
[MAIN] Telemetry ready: lat=28.4585242, lon=77.5058167, h=0.74
Loading model engine: best.engine
[SCOUT] Connecting to mavlink-router TCP 127.0.0.1:5760
[SCOUT] Connected
[TELEM] Connecting to MAVLink router UDP 14550[MAIN] Waiting for telemetry (GPS)...

[TELEM] Waiting for heartbeat...
[TELEM] Heartbeat OK
[MAIN] Telemetry ready: lat=28.4585188, lon=77.5058124, h=0.653
Loading model engine: best.engine
[SCOUT] Connecting to mavlink-router TCP 127.0.0.1:5760
[SCOUT] Connected
[TELEM] Connecting to MAVLink router UDP 14550[MAIN] Waiting for telemetry (GPS)...

[TELEM] Waiting for heartbeat...
[TELEM] Heartbeat OK
[MAIN] Telemetry ready: lat=28.4585169, lon=77.505817, h=0.631
Loading model engine: best.engine
[SCOUT] Connecting to mavlink-router TCP 127.0.0.1:5760
[SCOUT] Connected
[TELEM] Connecting to MAVLink router UDP 14550[MAIN] Waiting for telemetry (GPS)...

[TELEM] Waiting for heartbeat...
[TELEM] Heartbeat OK
[MAIN] Telemetry ready: lat=28.4585175, lon=77.505819, h=0.593
Loading model engine: best.engine
[SCOUT] Connecting to mavlink-router TCP 127.0.0.1:5760
[SCOUT] Connected
[TELEM] Connecting to MAVLink router UDP 14550[MAIN] Waiting for telemetry (GPS)...

[TELEM] Waiting for heartbeat...
[TELEM] Heartbeat OK
[MAIN] Telemetry ready: lat=28.4585167, lon=77.5058255, h=0.643
Loading model engine: best.engine
[SCOUT] Connecting to mavlink-router TCP 127.0.0.1:5760
[SCOUT] Connected
[TELEM] Connecting to MAVLink router UDP 14550[MAIN] Waiting for telemetry (GPS)...

[TELEM] Waiting for heartbeat...
[TELEM] Heartbeat OK
[MAIN] Telemetry ready: lat=28.4585177, lon=77.5058294, h=0.826
Loading model engine: best.engine
[SCOUT] Connecting to mavlink-router TCP 127.0.0.1:5760
[SCOUT] Connected
[TELEM] Connecting to MAVLink router UDP 14550[MAIN] Waiting for telemetry (GPS)...

[TELEM] Waiting for heartbeat...
[TELEM] Heartbeat OK
[MAIN] Telemetry ready: lat=28.4585215, lon=77.505813, h=0.731
Loading model engine: best.engine
[SCOUT] Connecting to mavlink-router TCP 127.0.0.1:5760
[SCOUT] Connected
[TELEM] Connecting to MAVLink router UDP 14550[MAIN] Waiting for telemetry (GPS)...

[TELEM] Waiting for heartbeat...
[TELEM] Heartbeat OK
[MAIN] Telemetry ready: lat=28.4585204, lon=77.5058115, h=0.585
Loading model engine: best.engine
[SCOUT] Connecting to mavlink-router TCP 127.0.0.1:5760
[SCOUT] Connected
[TELEM] Connecting to MAVLink router UDP 14550[MAIN] Waiting for telemetry (GPS)...

[TELEM] Waiting for heartbeat...
[TELEM] Heartbeat OK
[MAIN] Telemetry ready: lat=28.4585186, lon=77.5058123, h=0.559
Loading model engine: best.engine
[SCOUT] Connecting to mavlink-router TCP 127.0.0.1:5760
[SCOUT] Connected
[TELEM] Connecting to MAVLink router UDP 14550[MAIN] Waiting for telemetry (GPS)...

[TELEM] Waiting for heartbeat...
[TELEM] Heartbeat OK
[MAIN] Telemetry ready: lat=28.4585192, lon=77.5058162, h=0.854
Loading model engine: best.engine
[SCOUT] Connecting to mavlink-router TCP 127.0.0.1:5760
[SCOUT] Connected
[TELEM] Connecting to MAVLink router UDP 14550[MAIN] Waiting for telemetry (GPS)...

[TELEM] Waiting for heartbeat...
[TELEM] Heartbeat OK
[MAIN] Telemetry ready: lat=28.4585249, lon=77.5058147, h=0.769
Loading model engine: best.engine
[SCOUT] Connecting to mavlink-router TCP 127.0.0.1:5760
[SCOUT] Connected
[TELEM] Connecting to MAVLink router UDP 14550[MAIN] Waiting for telemetry (GPS)...

[TELEM] Waiting for heartbeat...
[TELEM] Heartbeat OK
[MAIN] Telemetry ready: lat=28.4585305, lon=77.5058129, h=0.737
Loading model engine: best.engine
[SCOUT] Connecting to mavlink-router TCP 127.0.0.1:5760
[SCOUT] Connected
[TELEM] Connecting to MAVLink router UDP 14550[MAIN] Waiting for telemetry (GPS)...

[TELEM] Waiting for heartbeat...
[TELEM] Heartbeat OK
[MAIN] Telemetry ready: lat=28.4585372, lon=77.5058014, h=0.6
Loading model engine: best.engine
[SCOUT] Connecting to mavlink-router TCP 127.0.0.1:5760
[SCOUT] Connected
[TELEM] Connecting to MAVLink router UDP 14550[MAIN] Waiting for telemetry (GPS)...

[TELEM] Waiting for heartbeat...
[TELEM] Heartbeat OK
[MAIN] Telemetry ready: lat=28.4585425, lon=77.5057958, h=0.716
Loading model engine: best.engine
[SCOUT] Connecting to mavlink-router TCP 127.0.0.1:5760
[SCOUT] Connected
[TELEM] Connecting to MAVLink router UDP 14550[MAIN] Waiting for telemetry (GPS)...

[TELEM] Waiting for heartbeat...
[TELEM] Heartbeat OK
[MAIN] Telemetry ready: lat=28.4585419, lon=77.5057975, h=0.83
Loading model engine: best.engine
[SCOUT] Connecting to mavlink-router TCP 127.0.0.1:5760
[SCOUT] Connected
[TELEM] Connecting to MAVLink router UDP 14550[MAIN] Waiting for telemetry (GPS)...

[TELEM] Waiting for heartbeat...
[TELEM] Heartbeat OK
[MAIN] Telemetry ready: lat=28.4585388, lon=77.5058065, h=0.812
Loading model engine: best.engine
[SCOUT] Connecting to mavlink-router TCP 127.0.0.1:5760
[SCOUT] Connected
[TELEM] Connecting to MAVLink router UDP 14550[MAIN] Waiting for telemetry (GPS)...

[TELEM] Waiting for heartbeat...
[TELEM] Heartbeat OK
[MAIN] Telemetry ready: lat=28.458532, lon=77.5058179, h=0.886
Loading model engine: best.engine
[SCOUT] Connecting to mavlink-router TCP 127.0.0.1:5760
[SCOUT] Connected
[TELEM] Connecting to MAVLink router UDP 14550[MAIN] Waiting for telemetry (GPS)...

[TELEM] Waiting for heartbeat...
[TELEM] Heartbeat OK
[MAIN] Telemetry ready: lat=28.4585266, lon=77.505831, h=0.926
Loading model engine: best.engine
[SCOUT] Connecting to mavlink-router TCP 127.0.0.1:5760
[SCOUT] Connected
[TELEM] Connecting to MAVLink router UDP 14550[MAIN] Waiting for telemetry (GPS)...

[TELEM] Waiting for heartbeat...
[TELEM] Heartbeat OK
[MAIN] Telemetry ready: lat=28.458519, lon=77.5058494, h=1.016
Loading model engine: best.engine
[SCOUT] Connecting to mavlink-router TCP 127.0.0.1:5760
[SCOUT] Connected
[TELEM] Connecting to MAVLink router UDP 14550[MAIN] Waiting for telemetry (GPS)...

[TELEM] Waiting for heartbeat...
[TELEM] Heartbeat OK
[MAIN] Telemetry ready: lat=28.4585175, lon=77.5058463, h=0.986
Loading model engine: best.engine
[SCOUT] Connecting to mavlink-router TCP 127.0.0.1:5760
[SCOUT] Connected
[TELEM] Connecting to MAVLink router UDP 14550[MAIN] Waiting for telemetry (GPS)...

[TELEM] Waiting for heartbeat...
[TELEM] Heartbeat OK
[MAIN] Telemetry ready: lat=28.4585217, lon=77.5058209, h=0.974
Loading model engine: best.engine
[SCOUT] Connecting to mavlink-router TCP 127.0.0.1:5760
[SCOUT] Connected
[TELEM] Connecting to MAVLink router UDP 14550[MAIN] Waiting for telemetry (GPS)...

[TELEM] Waiting for heartbeat...
[TELEM] Heartbeat OK
[MAIN] Telemetry ready: lat=28.4585261, lon=77.5058117, h=0.92
Loading model engine: best.engine
[SCOUT] Connecting to mavlink-router TCP 127.0.0.1:5760
[SCOUT] Connected
[TELEM] Connecting to MAVLink router UDP 14550[MAIN] Waiting for telemetry (GPS)...

[TELEM] Waiting for heartbeat...
[TELEM] Heartbeat OK
[MAIN] Telemetry ready: lat=28.4585278, lon=77.5058201, h=1.087
Loading model engine: best.engine
[SCOUT] Connecting to mavlink-router TCP 127.0.0.1:5760
[SCOUT] Connected
[TELEM] Connecting to MAVLink router UDP 14550[MAIN] Waiting for telemetry (GPS)...

[TELEM] Waiting for heartbeat...
[TELEM] Heartbeat OK
[MAIN] Telemetry ready: lat=28.4585368, lon=77.5057997, h=0.834
Loading model engine: best.engine
[SCOUT] Connecting to mavlink-router TCP 127.0.0.1:5760
[SCOUT] Connected
[TELEM] Connecting to MAVLink router UDP 14550[MAIN] Waiting for telemetry (GPS)...

[TELEM] Waiting for heartbeat...
[TELEM] Heartbeat OK
[MAIN] Telemetry ready: lat=28.458544, lon=77.5057784, h=0.6
Loading model engine: best.engine
[SCOUT] Connecting to mavlink-router TCP 127.0.0.1:5760
[SCOUT] Connected
[TELEM] Connecting to MAVLink router UDP 14550[MAIN] Waiting for telemetry (GPS)...

[TELEM] Waiting for heartbeat...
[TELEM] Heartbeat OK
[MAIN] Telemetry ready: lat=28.4585459, lon=77.5057678, h=0.966
Loading model engine: best.engine
[SCOUT] Connecting to mavlink-router TCP 127.0.0.1:5760
[SCOUT] Connected
[TELEM] Connecting to MAVLink router UDP 14550[MAIN] Waiting for telemetry (GPS)...

[TELEM] Waiting for heartbeat...
[TELEM] Heartbeat OK
[MAIN] Telemetry ready: lat=28.4585395, lon=77.5057816, h=1.133
Loading model engine: best.engine
[SCOUT] Connecting to mavlink-router TCP 127.0.0.1:5760
[SCOUT] Connected
[TELEM] Connecting to MAVLink router UDP 14550[MAIN] Waiting for telemetry (GPS)...

[TELEM] Waiting for heartbeat...
[TELEM] Heartbeat OK
[MAIN] Telemetry ready: lat=28.4585349, lon=77.5057856, h=1.068
Loading model engine: best.engine
[SCOUT] Connecting to mavlink-router TCP 127.0.0.1:5760
[SCOUT] Connected
[TELEM] Connecting to MAVLink router UDP 14550[MAIN] Waiting for telemetry (GPS)...

[TELEM] Waiting for heartbeat...
[TELEM] Heartbeat OK
[MAIN] Telemetry ready: lat=28.4585362, lon=77.505772, h=1.005
Loading model engine: best.engine
[SCOUT] Connecting to mavlink-router TCP 127.0.0.1:5760
[SCOUT] Connected
[TELEM] Connecting to MAVLink router UDP 14550[MAIN] Waiting for telemetry (GPS)...

[TELEM] Waiting for heartbeat...
[TELEM] Heartbeat OK
[MAIN] Telemetry ready: lat=28.4585349, lon=77.5057721, h=1.197
Loading model engine: best.engine
[SCOUT] Connecting to mavlink-router TCP 127.0.0.1:5760
[SCOUT] Connected
[TELEM] Connecting to MAVLink router UDP 14550[MAIN] Waiting for telemetry (GPS)...

[TELEM] Waiting for heartbeat...
[TELEM] Heartbeat OK
[MAIN] Telemetry ready: lat=28.4585369, lon=77.5057609, h=1.159
Loading model engine: best.engine
[SCOUT] Connecting to mavlink-router TCP 127.0.0.1:5760
[SCOUT] Connected
[TELEM] Connecting to MAVLink router UDP 14550[MAIN] Waiting for telemetry (GPS)...

[TELEM] Waiting for heartbeat...
[TELEM] Heartbeat OK
[MAIN] Telemetry ready: lat=28.4585347, lon=77.5057628, h=1.245
Loading model engine: best.engine
[SCOUT] Connecting to mavlink-router TCP 127.0.0.1:5760
[SCOUT] Connected
[TELEM] Connecting to MAVLink router UDP 14550[MAIN] Waiting for telemetry (GPS)...

[TELEM] Waiting for heartbeat...
[TELEM] Heartbeat OK
[MAIN] Telemetry ready: lat=28.4585286, lon=77.5057769, h=1.201
Loading model engine: best.engine
[SCOUT] Connecting to mavlink-router TCP 127.0.0.1:5760
[SCOUT] Connected
[TELEM] Connecting to MAVLink router UDP 14550[MAIN] Waiting for telemetry (GPS)...

[TELEM] Waiting for heartbeat...
[TELEM] Heartbeat OK
[MAIN] Telemetry ready: lat=28.4585282, lon=77.50579, h=1.433
Loading model engine: best.engine
[SCOUT] Connecting to mavlink-router TCP 127.0.0.1:5760
[SCOUT] Connected
[TELEM] Connecting to MAVLink router UDP 14550[MAIN] Waiting for telemetry (GPS)...

[TELEM] Waiting for heartbeat...
[TELEM] Heartbeat OK
[MAIN] Telemetry ready: lat=28.4585379, lon=77.5057874, h=1.375
Loading model engine: best.engine
[SCOUT] Connecting to mavlink-router TCP 127.0.0.1:5760
[SCOUT] Connected
[TELEM] Connecting to MAVLink router UDP 14550[MAIN] Waiting for telemetry (GPS)...

[TELEM] Waiting for heartbeat...
[TELEM] Heartbeat OK
[MAIN] Telemetry ready: lat=28.458544, lon=77.5057719, h=1.116
Loading model engine: best.engine
[SCOUT] Connecting to mavlink-router TCP 127.0.0.1:5760
[SCOUT] Connected
[TELEM] Connecting to MAVLink router UDP 14550[MAIN] Waiting for telemetry (GPS)...

[TELEM] Waiting for heartbeat...
[TELEM] Heartbeat OK
[MAIN] Telemetry ready: lat=28.4585495, lon=77.5057768, h=1.399
Loading model engine: best.engine
[SCOUT] Connecting to mavlink-router TCP 127.0.0.1:5760
[SCOUT] Connected
[TELEM] Connecting to MAVLink router UDP 14550
[MAIN] Waiting for telemetry (GPS)...
[TELEM] Waiting for heartbeat...
[TELEM] Heartbeat OK
[MAIN] Telemetry ready: lat=28.458555, lon=77.5057755, h=1.383
Loading model engine: best.engine
[SCOUT] Connecting to mavlink-router TCP 127.0.0.1:5760
[SCOUT] Connected
[TELEM] Connecting to MAVLink router UDP 14550[MAIN] Waiting for telemetry (GPS)...

[TELEM] Waiting for heartbeat...
[TELEM] Heartbeat OK
[MAIN] Telemetry ready: lat=28.4585648, lon=77.5057613, h=1.24
Loading model engine: best.engine
[SCOUT] Connecting to mavlink-router TCP 127.0.0.1:5760
[SCOUT] Connected
[TELEM] Connecting to MAVLink router UDP 14550[MAIN] Waiting for telemetry (GPS)...

[TELEM] Waiting for heartbeat...
[TELEM] Heartbeat OK
[MAIN] Telemetry ready: lat=28.4586566, lon=77.5056339, h=1.364
Loading model engine: best.engine
[SCOUT] Connecting to mavlink-router TCP 127.0.0.1:5760
[SCOUT] Connected
[TELEM] Connecting to MAVLink router UDP 14550[MAIN] Waiting for telemetry (GPS)...

[TELEM] Waiting for heartbeat...
[TELEM] Heartbeat OK
[MAIN] Telemetry ready: lat=28.4586128, lon=77.5055922, h=1.399
Loading model engine: best.engine
[SCOUT] Connecting to mavlink-router TCP 127.0.0.1:5760
[SCOUT] Connected
[TELEM] Connecting to MAVLink router UDP 14550[MAIN] Waiting for telemetry (GPS)...

[TELEM] Waiting for heartbeat...
[TELEM] Heartbeat OK
[MAIN] Telemetry ready: lat=28.4584739, lon=77.5054283, h=1.449
Loading model engine: best.engine
[SCOUT] Connecting to mavlink-router TCP 127.0.0.1:5760
[SCOUT] Connected
[TELEM] Connecting to MAVLink router UDP 14550[MAIN] Waiting for telemetry (GPS)...

[TELEM] Waiting for heartbeat...
[TELEM] Heartbeat OK
[MAIN] Telemetry ready: lat=28.4584428, lon=77.5054632, h=1.47
Loading model engine: best.engine
[SCOUT] Connecting to mavlink-router TCP 127.0.0.1:5760
[SCOUT] Connected
[TELEM] Connecting to MAVLink router UDP 14550[MAIN] Waiting for telemetry (GPS)...

[TELEM] Waiting for heartbeat...
[TELEM] Heartbeat OK
[MAIN] Telemetry ready: lat=28.4585353, lon=77.5058008, h=1.454
Loading model engine: best.engine
[SCOUT] Connecting to mavlink-router TCP 127.0.0.1:5760
[SCOUT] Connected
[TELEM] Connecting to MAVLink router UDP 14550[MAIN] Waiting for telemetry (GPS)...

[TELEM] Waiting for heartbeat...
[TELEM] Heartbeat OK
[MAIN] Telemetry ready: lat=28.4585919, lon=77.5061306, h=1.536
Loading model engine: best.engine
[SCOUT] Connecting to mavlink-router TCP 127.0.0.1:5760
[SCOUT] Connected
[TELEM] Connecting to MAVLink router UDP 14550[MAIN] Waiting for telemetry (GPS)...

[TELEM] Waiting for heartbeat...
[TELEM] Heartbeat OK
[MAIN] Telemetry ready: lat=28.4585945, lon=77.5064956, h=1.47
Loading model engine: best.engine
[SCOUT] Connecting to mavlink-router TCP 127.0.0.1:5760
[SCOUT] Connected
[TELEM] Connecting to MAVLink router UDP 14550[MAIN] Waiting for telemetry (GPS)...

[TELEM] Waiting for heartbeat...
[TELEM] Heartbeat OK
[MAIN] Telemetry ready: lat=28.4586126, lon=77.5063941, h=1.406
Loading model engine: best.engine
[SCOUT] Connecting to mavlink-router TCP 127.0.0.1:5760
[SCOUT] Connected
[TELEM] Connecting to MAVLink router UDP 14550[MAIN] Waiting for telemetry (GPS)...

[TELEM] Waiting for heartbeat...
[TELEM] Heartbeat OK
[MAIN] Telemetry ready: lat=28.4586015, lon=77.5063832, h=1.382
Loading model engine: best.engine
[SCOUT] Connecting to mavlink-router TCP 127.0.0.1:5760
[SCOUT] Connected
[TELEM] Connecting to MAVLink router UDP 14550[MAIN] Waiting for telemetry (GPS)...

[TELEM] Waiting for heartbeat...
[TELEM] Heartbeat OK
[MAIN] Telemetry ready: lat=28.4585829, lon=77.5061779, h=1.382
Loading model engine: best.engine
[SCOUT] Connecting to mavlink-router TCP 127.0.0.1:5760
[SCOUT] Connected
[TELEM] Connecting to MAVLink router UDP 14550[MAIN] Waiting for telemetry (GPS)...

[TELEM] Waiting for heartbeat...
[TELEM] Heartbeat OK
[MAIN] Telemetry ready: lat=28.4585663, lon=77.5059593, h=1.42
Loading model engine: best.engine
[SCOUT] Connecting to mavlink-router TCP 127.0.0.1:5760
[SCOUT] Connected
[TELEM] Connecting to MAVLink router UDP 14550[MAIN] Waiting for telemetry (GPS)...

[TELEM] Waiting for heartbeat...
[TELEM] Heartbeat OK
[MAIN] Telemetry ready: lat=28.4585994, lon=77.505761, h=1.375
Loading model engine: best.engine
[SCOUT] Connecting to mavlink-router TCP 127.0.0.1:5760
[SCOUT] Connected
[TELEM] Connecting to MAVLink router UDP 14550[MAIN] Waiting for telemetry (GPS)...

[TELEM] Waiting for heartbeat...
[TELEM] Heartbeat OK
[MAIN] Telemetry ready: lat=28.45865, lon=77.5057656, h=1.413
Loading model engine: best.engine
[SCOUT] Connecting to mavlink-router TCP 127.0.0.1:5760
[SCOUT] Connected
[TELEM] Connecting to MAVLink router UDP 14550[MAIN] Waiting for telemetry (GPS)...

[TELEM] Waiting for heartbeat...
[TELEM] Heartbeat OK
[MAIN] Telemetry ready: lat=28.4585809, lon=77.5061587, h=1.483
Loading model engine: best.engine
[SCOUT] Connecting to mavlink-router TCP 127.0.0.1:5760
[SCOUT] Connected
[TELEM] Connecting to MAVLink router UDP 14550[MAIN] Waiting for telemetry (GPS)...

[TELEM] Waiting for heartbeat...
[TELEM] Heartbeat OK
[MAIN] Telemetry ready: lat=28.4585809, lon=77.5061587, h=1.522
Loading model engine: best.engine
[SCOUT] Connecting to mavlink-router TCP 127.0.0.1:5760
[SCOUT] Connected
[TELEM] Connecting to MAVLink router UDP 14550[MAIN] Waiting for telemetry (GPS)...

[TELEM] Waiting for heartbeat...
[TELEM] Heartbeat OK
[MAIN] Telemetry ready: lat=28.4587191, lon=77.5054275, h=1.537
Loading model engine: best.engine
[SCOUT] Connecting to mavlink-router TCP 127.0.0.1:5760
[SCOUT] Connected
[TELEM] Connecting to MAVLink router UDP 14550[MAIN] Waiting for telemetry (GPS)...

[TELEM] Waiting for heartbeat...
[TELEM] Heartbeat OK
[MAIN] Telemetry ready: lat=28.4587275, lon=77.5053662, h=1.558
Loading model engine: best.engine
[SCOUT] Connecting to mavlink-router TCP 127.0.0.1:5760
[SCOUT] Connected
[TELEM] Connecting to MAVLink router UDP 14550[MAIN] Waiting for telemetry (GPS)...

[TELEM] Waiting for heartbeat...
[TELEM] Heartbeat OK
[MAIN] Telemetry ready: lat=28.458697, lon=77.5053509, h=1.526
Loading model engine: best.engine
[SCOUT] Connecting to mavlink-router TCP 127.0.0.1:5760
[SCOUT] Connected
[TELEM] Connecting to MAVLink router UDP 14550[MAIN] Waiting for telemetry (GPS)...

[TELEM] Waiting for heartbeat...
[TELEM] Heartbeat OK
[MAIN] Telemetry ready: lat=28.4586136, lon=77.5056144, h=1.529
Loading model engine: best.engine
[SCOUT] Connecting to mavlink-router TCP 127.0.0.1:5760
[SCOUT] Connected
[TELEM] Connecting to MAVLink router UDP 14550[MAIN] Waiting for telemetry (GPS)...

[TELEM] Waiting for heartbeat...
[TELEM] Heartbeat OK
[MAIN] Telemetry ready: lat=28.4585871, lon=77.5057863, h=1.474
Loading model engine: best.engine
[SCOUT] Connecting to mavlink-router TCP 127.0.0.1:5760
[SCOUT] Connected
[TELEM] Connecting to MAVLink router UDP 14550
[MAIN] Waiting for telemetry (GPS)...
[TELEM] Waiting for heartbeat...
[TELEM] Heartbeat OK
[MAIN] Telemetry ready: lat=28.458531, lon=77.5056661, h=1.522
Loading model engine: best.engine
[SCOUT] Connecting to mavlink-router TCP 127.0.0.1:5760
[SCOUT] Connected
[TELEM] Connecting to MAVLink router UDP 14550[MAIN] Waiting for telemetry (GPS)...

[TELEM] Waiting for heartbeat...
[TELEM] Heartbeat OK
[MAIN] Telemetry ready: lat=28.4585809, lon=77.5061587, h=1.623
Loading model engine: best.engine
[SCOUT] Connecting to mavlink-router TCP 127.0.0.1:5760
[SCOUT] Connected
[TELEM] Connecting to MAVLink router UDP 14550[MAIN] Waiting for telemetry (GPS)...

[TELEM] Waiting for heartbeat...
[TELEM] Heartbeat OK
[MAIN] Telemetry ready: lat=28.4585809, lon=77.5061587, h=1.722
Loading model engine: best.engine
[SCOUT] Connecting to mavlink-router TCP 127.0.0.1:5760
[SCOUT] Connected
[TELEM] Connecting to MAVLink router UDP 14550[MAIN] Waiting for telemetry (GPS)...

[TELEM] Waiting for heartbeat...
[TELEM] Heartbeat OK
[MAIN] Telemetry ready: lat=28.4585809, lon=77.5061587, h=1.77
Loading model engine: best.engine
[SCOUT] Connecting to mavlink-router TCP 127.0.0.1:5760
[SCOUT] Connected
[TELEM] Connecting to MAVLink router UDP 14550[MAIN] Waiting for telemetry (GPS)...

[TELEM] Waiting for heartbeat...
[TELEM] Heartbeat OK
[MAIN] Telemetry ready: lat=28.4585809, lon=77.5061587, h=1.765
Loading model engine: best.engine
[SCOUT] Connecting to mavlink-router TCP 127.0.0.1:5760
[SCOUT] Connected
[TELEM] Connecting to MAVLink router UDP 14550[MAIN] Waiting for telemetry (GPS)...

[TELEM] Waiting for heartbeat...
[TELEM] Heartbeat OK
[MAIN] Telemetry ready: lat=28.4585809, lon=77.5061587, h=1.765
Loading model engine: best.engine
[SCOUT] Connecting to mavlink-router TCP 127.0.0.1:5760
[SCOUT] Connected
[TELEM] Connecting to MAVLink router UDP 14550[MAIN] Waiting for telemetry (GPS)...

[TELEM] Waiting for heartbeat...
[TELEM] Heartbeat OK
[MAIN] Telemetry ready: lat=28.4585809, lon=77.5061587, h=1.769
Loading model engine: best.engine
[SCOUT] Connecting to mavlink-router TCP 127.0.0.1:5760
[SCOUT] Connected
[TELEM] Connecting to MAVLink router UDP 14550[MAIN] Waiting for telemetry (GPS)...

[TELEM] Waiting for heartbeat...
[TELEM] Heartbeat OK
[MAIN] Telemetry ready: lat=28.4585809, lon=77.5061587, h=1.658
Loading model engine: best.engine
[SCOUT] Connecting to mavlink-router TCP 127.0.0.1:5760
[SCOUT] Connected
[TELEM] Connecting to MAVLink router UDP 14550[MAIN] Waiting for telemetry (GPS)...

[TELEM] Waiting for heartbeat...
[TELEM] Heartbeat OK
[MAIN] Telemetry ready: lat=28.4585809, lon=77.5061587, h=1.738
Loading model engine: best.engine
[SCOUT] Connecting to mavlink-router TCP 127.0.0.1:5760
[SCOUT] Connected
[TELEM] Connecting to MAVLink router UDP 14550[MAIN] Waiting for telemetry (GPS)...

[TELEM] Waiting for heartbeat...
[TELEM] Heartbeat OK
[MAIN] Telemetry ready: lat=28.4585809, lon=77.5061587, h=1.728
Loading model engine: best.engine
[SCOUT] Connecting to mavlink-router TCP 127.0.0.1:5760
[SCOUT] Connected
[TELEM] Connecting to MAVLink router UDP 14550[MAIN] Waiting for telemetry (GPS)...

[TELEM] Waiting for heartbeat...
[TELEM] Heartbeat OK
[MAIN] Telemetry ready: lat=28.4585809, lon=77.5061587, h=1.747
Loading model engine: best.engine
[SCOUT] Connecting to mavlink-router TCP 127.0.0.1:5760
[SCOUT] Connected
[TELEM] Connecting to MAVLink router UDP 14550[MAIN] Waiting for telemetry (GPS)...

[TELEM] Waiting for heartbeat...
[TELEM] Heartbeat OK
[MAIN] Telemetry ready: lat=28.4585809, lon=77.5061587, h=1.716
Loading model engine: best.engine
[SCOUT] Connecting to mavlink-router TCP 127.0.0.1:5760
[SCOUT] Connected
[TELEM] Connecting to MAVLink router UDP 14550[MAIN] Waiting for telemetry (GPS)...

[TELEM] Waiting for heartbeat...
[TELEM] Heartbeat OK
[MAIN] Telemetry ready: lat=28.4585809, lon=77.5061587, h=1.719
Loading model engine: best.engine
[SCOUT] Connecting to mavlink-router TCP 127.0.0.1:5760
[SCOUT] Connected
[TELEM] Connecting to MAVLink router UDP 14550[MAIN] Waiting for telemetry (GPS)...

[TELEM] Waiting for heartbeat...
[TELEM] Heartbeat OK
[MAIN] Telemetry ready: lat=28.4585809, lon=77.5061587, h=1.822
Loading model engine: best.engine
[SCOUT] Connecting to mavlink-router TCP 127.0.0.1:5760
[SCOUT] Connected
[TELEM] Connecting to MAVLink router UDP 14550[MAIN] Waiting for telemetry (GPS)...

[TELEM] Waiting for heartbeat...
[TELEM] Heartbeat OK
[MAIN] Telemetry ready: lat=28.4585809, lon=77.5061587, h=1.739
Loading model engine: best.engine
[SCOUT] Connecting to mavlink-router TCP 127.0.0.1:5760
[SCOUT] Connected
[TELEM] Connecting to MAVLink router UDP 14550[MAIN] Waiting for telemetry (GPS)...

[TELEM] Waiting for heartbeat...
[TELEM] Heartbeat OK
[MAIN] Telemetry ready: lat=28.4585809, lon=77.5061587, h=1.882
Loading model engine: best.engine
[SCOUT] Connecting to mavlink-router TCP 127.0.0.1:5760
[SCOUT] Connected
[TELEM] Connecting to MAVLink router UDP 14550
[MAIN] Waiting for telemetry (GPS)...[TELEM] Waiting for heartbeat...

[TELEM] Heartbeat OK
[MAIN] Telemetry ready: lat=28.4585809, lon=77.5061587, h=1.885
Loading model engine: best.engine
[SCOUT] Connecting to mavlink-router TCP 127.0.0.1:5760
[SCOUT] Connected
[TELEM] Connecting to MAVLink router UDP 14550[MAIN] Waiting for telemetry (GPS)...

[TELEM] Waiting for heartbeat...
[TELEM] Heartbeat OK
[MAIN] Telemetry ready: lat=28.4585809, lon=77.5061587, h=1.874
Loading model engine: best.engine
[SCOUT] Connecting to mavlink-router TCP 127.0.0.1:5760
[SCOUT] Connected
[TELEM] Connecting to MAVLink router UDP 14550[MAIN] Waiting for telemetry (GPS)...

[TELEM] Waiting for heartbeat...
[TELEM] Heartbeat OK
[MAIN] Telemetry ready: lat=28.4585809, lon=77.5061587, h=1.916
Loading model engine: best.engine
[SCOUT] Connecting to mavlink-router TCP 127.0.0.1:5760
[SCOUT] Connected
[TELEM] Connecting to MAVLink router UDP 14550
[TELEM] Waiting for heartbeat...[MAIN] Waiting for telemetry (GPS)...

[TELEM] Heartbeat OK
[MAIN] Telemetry ready: lat=28.4585809, lon=77.5061587, h=1.957
Loading model engine: best.engine
[SCOUT] Connecting to mavlink-router TCP 127.0.0.1:5760
[SCOUT] Connected
[TELEM] Connecting to MAVLink router UDP 14550[MAIN] Waiting for telemetry (GPS)...

[TELEM] Waiting for heartbeat...
[TELEM] Heartbeat OK
[MAIN] Telemetry ready: lat=28.4585809, lon=77.5061587, h=2.0
Loading model engine: best.engine
[SCOUT] Connecting to mavlink-router TCP 127.0.0.1:5760
[SCOUT] Connected
[TELEM] Connecting to MAVLink router UDP 14550[MAIN] Waiting for telemetry (GPS)...

[TELEM] Waiting for heartbeat...
[TELEM] Heartbeat OK
[MAIN] Telemetry ready: lat=28.4585809, lon=77.5061587, h=2.002
Loading model engine: best.engine
[SCOUT] Connecting to mavlink-router TCP 127.0.0.1:5760
[SCOUT] Connected
[TELEM] Connecting to MAVLink router UDP 14550[MAIN] Waiting for telemetry (GPS)...

[TELEM] Waiting for heartbeat...
[TELEM] Heartbeat OK
[MAIN] Telemetry ready: lat=28.4585809, lon=77.5061587, h=2.041
Loading model engine: best.engine
[SCOUT] Connecting to mavlink-router TCP 127.0.0.1:5760
[SCOUT] Connected
[TELEM] Connecting to MAVLink router UDP 14550[MAIN] Waiting for telemetry (GPS)...

[TELEM] Waiting for heartbeat...
[TELEM] Heartbeat OK
[MAIN] Telemetry ready: lat=28.4585809, lon=77.5061587, h=2.074
Loading model engine: best.engine
[SCOUT] Connecting to mavlink-router TCP 127.0.0.1:5760
[SCOUT] Connected
[TELEM] Connecting to MAVLink router UDP 14550[MAIN] Waiting for telemetry (GPS)...

[TELEM] Waiting for heartbeat...
[TELEM] Heartbeat OK
[MAIN] Telemetry ready: lat=28.4585809, lon=77.5061587, h=2.09
Loading model engine: best.engine
[SCOUT] Connecting to mavlink-router TCP 127.0.0.1:5760
[SCOUT] Connected
[TELEM] Connecting to MAVLink router UDP 14550[MAIN] Waiting for telemetry (GPS)...

[TELEM] Waiting for heartbeat...
[TELEM] Heartbeat OK
[MAIN] Telemetry ready: lat=28.4585809, lon=77.5061587, h=2.124
Loading model engine: best.engine
[SCOUT] Connecting to mavlink-router TCP 127.0.0.1:5760
[SCOUT] Connected
[TELEM] Connecting to MAVLink router UDP 14550[MAIN] Waiting for telemetry (GPS)...

[TELEM] Waiting for heartbeat...
[TELEM] Heartbeat OK
[MAIN] Telemetry ready: lat=28.4585809, lon=77.5061587, h=2.202
Loading model engine: best.engine
[SCOUT] Connecting to mavlink-router TCP 127.0.0.1:5760
[SCOUT] Connected
[TELEM] Connecting to MAVLink router UDP 14550[MAIN] Waiting for telemetry (GPS)...

[TELEM] Waiting for heartbeat...
[TELEM] Heartbeat OK
[MAIN] Telemetry ready: lat=28.4586084, lon=77.5053643, h=2.235
Loading model engine: best.engine
[SCOUT] Connecting to mavlink-router TCP 127.0.0.1:5760
[SCOUT] Connected
[TELEM] Connecting to MAVLink router UDP 14550[MAIN] Waiting for telemetry (GPS)...

[TELEM] Waiting for heartbeat...
[TELEM] Heartbeat OK
[MAIN] Telemetry ready: lat=28.4593877, lon=77.5122474, h=2.264
Loading model engine: best.engine
[SCOUT] Connecting to mavlink-router TCP 127.0.0.1:5760
[SCOUT] Connected
[TELEM] Connecting to MAVLink router UDP 14550[MAIN] Waiting for telemetry (GPS)...

[TELEM] Waiting for heartbeat...
[TELEM] Heartbeat OK
[MAIN] Telemetry ready: lat=28.4589597, lon=77.5109023, h=2.314
Loading model engine: best.engine
[SCOUT] Connecting to mavlink-router TCP 127.0.0.1:5760
[SCOUT] Connected
[TELEM] Connecting to MAVLink router UDP 14550[MAIN] Waiting for telemetry (GPS)...

[TELEM] Waiting for heartbeat...
[TELEM] Heartbeat OK
[MAIN] Telemetry ready: lat=28.45875, lon=77.5094478, h=2.303
Loading model engine: best.engine
[SCOUT] Connecting to mavlink-router TCP 127.0.0.1:5760
[SCOUT] Connected
[TELEM] Connecting to MAVLink router UDP 14550[MAIN] Waiting for telemetry (GPS)...

[TELEM] Waiting for heartbeat...
[TELEM] Heartbeat OK
[MAIN] Telemetry ready: lat=28.4585836, lon=77.5085942, h=2.393
Loading model engine: best.engine
[SCOUT] Connecting to mavlink-router TCP 127.0.0.1:5760
[SCOUT] Connected
[TELEM] Connecting to MAVLink router UDP 14550[MAIN] Waiting for telemetry (GPS)...

[TELEM] Waiting for heartbeat...
[TELEM] Heartbeat OK
[MAIN] Telemetry ready: lat=28.4583674, lon=77.5094862, h=2.45
Loading model engine: best.engine
[SCOUT] Connecting to mavlink-router TCP 127.0.0.1:5760
[SCOUT] Connected
[TELEM] Connecting to MAVLink router UDP 14550[MAIN] Waiting for telemetry (GPS)...

[TELEM] Waiting for heartbeat...
[TELEM] Heartbeat OK
[MAIN] Telemetry ready: lat=28.4584172, lon=77.5086622, h=2.416
Loading model engine: best.engine
[SCOUT] Connecting to mavlink-router TCP 127.0.0.1:5760
[SCOUT] Connected
[TELEM] Connecting to MAVLink router UDP 14550[MAIN] Waiting for telemetry (GPS)...

[TELEM] Waiting for heartbeat...
[TELEM] Heartbeat OK
[MAIN] Telemetry ready: lat=28.4584632, lon=77.5077124, h=2.291
Loading model engine: best.engine
[SCOUT] Connecting to mavlink-router TCP 127.0.0.1:5760
[SCOUT] Connected
[TELEM] Connecting to MAVLink router UDP 14550[MAIN] Waiting for telemetry (GPS)...

[TELEM] Waiting for heartbeat...
[TELEM] Heartbeat OK
[MAIN] Telemetry ready: lat=28.4585327, lon=77.506947, h=2.397
Loading model engine: best.engine
[SCOUT] Connecting to mavlink-router TCP 127.0.0.1:5760
[SCOUT] Connected
[TELEM] Connecting to MAVLink router UDP 14550[MAIN] Waiting for telemetry (GPS)...

[TELEM] Waiting for heartbeat...
[TELEM] Heartbeat OK
[MAIN] WARNING: telemetry not ready after 30s, continuing anyway
Loading model engine: best.engine
[SCOUT] Connecting to mavlink-router TCP 127.0.0.1:5760
[SCOUT] Connected
[TELEM] Connecting to MAVLink router UDP 14550[MAIN] Waiting for telemetry (GPS)...

[TELEM] Waiting for heartbeat...
[TELEM] Heartbeat OK
[MAIN] Telemetry ready: lat=28.4585736, lon=77.5059848, h=2.431
Loading model engine: best.engine
[SCOUT] Connecting to mavlink-router TCP 127.0.0.1:5760
[SCOUT] Connected
[TELEM] Connecting to MAVLink router UDP 14550[MAIN] Waiting for telemetry (GPS)...

[TELEM] Waiting for heartbeat...
[TELEM] Heartbeat OK
[MAIN] Telemetry ready: lat=28.4585674, lon=77.5057979, h=2.474
Loading model engine: best.engine
[SCOUT] Connecting to mavlink-router TCP 127.0.0.1:5760
[SCOUT] Connected
[TELEM] Connecting to MAVLink router UDP 14550[MAIN] Waiting for telemetry (GPS)...

[TELEM] Waiting for heartbeat...
[TELEM] Heartbeat OK
[MAIN] Telemetry ready: lat=28.4585519, lon=77.5056876, h=2.555
Loading model engine: best.engine
[SCOUT] Connecting to mavlink-router TCP 127.0.0.1:5760
[SCOUT] Connected
[TELEM] Connecting to MAVLink router UDP 14550[MAIN] Waiting for telemetry (GPS)...

[TELEM] Waiting for heartbeat...
[TELEM] Heartbeat OK
[MAIN] Telemetry ready: lat=28.4585656, lon=77.505665, h=2.462
Loading model engine: best.engine
[SCOUT] Connecting to mavlink-router TCP 127.0.0.1:5760
[SCOUT] Connected
[TELEM] Connecting to MAVLink router UDP 14550[MAIN] Waiting for telemetry (GPS)...

[TELEM] Waiting for heartbeat...
[TELEM] Heartbeat OK
[MAIN] Telemetry ready: lat=28.458564, lon=77.5057644, h=2.508
Loading model engine: best.engine
[SCOUT] Connecting to mavlink-router TCP 127.0.0.1:5760
[SCOUT] Connected
[TELEM] Connecting to MAVLink router UDP 14550[MAIN] Waiting for telemetry (GPS)...

[TELEM] Waiting for heartbeat...
[TELEM] Heartbeat OK
[MAIN] Telemetry ready: lat=28.458572, lon=77.5056433, h=2.532
Loading model engine: best.engine
[SCOUT] Connecting to mavlink-router TCP 127.0.0.1:5760
[SCOUT] Connected
[TELEM] Connecting to MAVLink router UDP 14550[MAIN] Waiting for telemetry (GPS)...

[TELEM] Waiting for heartbeat...
[TELEM] Heartbeat OK
[MAIN] Telemetry ready: lat=28.4585941, lon=77.505625, h=2.588
Loading model engine: best.engine
[SCOUT] Connecting to mavlink-router TCP 127.0.0.1:5760
[SCOUT] Connected
[TELEM] Connecting to MAVLink router UDP 14550[MAIN] Waiting for telemetry (GPS)...

[TELEM] Waiting for heartbeat...
[TELEM] Heartbeat OK
[MAIN] Telemetry ready: lat=28.4586027, lon=77.5056437, h=2.541
Loading model engine: best.engine
[SCOUT] Connecting to mavlink-router TCP 127.0.0.1:5760
[SCOUT] Connected
[TELEM] Connecting to MAVLink router UDP 14550[MAIN] Waiting for telemetry (GPS)...

[TELEM] Waiting for heartbeat...
[TELEM] Heartbeat OK
[MAIN] Telemetry ready: lat=28.4585477, lon=77.5057094, h=2.527
Loading model engine: best.engine
[SCOUT] Connecting to mavlink-router TCP 127.0.0.1:5760
[SCOUT] Connected
[TELEM] Connecting to MAVLink router UDP 14550[MAIN] Waiting for telemetry (GPS)...

[TELEM] Waiting for heartbeat...
[TELEM] Heartbeat OK
[MAIN] Telemetry ready: lat=28.4585687, lon=77.5056918, h=2.517
Loading model engine: best.engine
[SCOUT] Connecting to mavlink-router TCP 127.0.0.1:5760
[SCOUT] Connected
[TELEM] Connecting to MAVLink router UDP 14550[MAIN] Waiting for telemetry (GPS)...

[TELEM] Waiting for heartbeat...
[TELEM] Heartbeat OK
[MAIN] Telemetry ready: lat=28.4585897, lon=77.505738, h=2.525
Loading model engine: best.engine
[SCOUT] Connecting to mavlink-router TCP 127.0.0.1:5760
[SCOUT] Connected
[TELEM] Connecting to MAVLink router UDP 14550[MAIN] Waiting for telemetry (GPS)...

[TELEM] Waiting for heartbeat...
[TELEM] Heartbeat OK
[MAIN] Telemetry ready: lat=28.4586025, lon=77.5057109, h=2.568
Loading model engine: best.engine
[SCOUT] Connecting to mavlink-router TCP 127.0.0.1:5760
[SCOUT] Connected
[TELEM] Connecting to MAVLink router UDP 14550[MAIN] Waiting for telemetry (GPS)...

[TELEM] Waiting for heartbeat...
[TELEM] Heartbeat OK
[MAIN] Telemetry ready: lat=28.4585982, lon=77.5056065, h=2.681
Loading model engine: best.engine
[SCOUT] Connecting to mavlink-router TCP 127.0.0.1:5760
[SCOUT] Connected
[TELEM] Connecting to MAVLink router UDP 14550[MAIN] Waiting for telemetry (GPS)...

[TELEM] Waiting for heartbeat...
[TELEM] Heartbeat OK
[MAIN] Telemetry ready: lat=28.4586076, lon=77.5054866, h=2.693
Loading model engine: best.engine
[SCOUT] Connecting to mavlink-router TCP 127.0.0.1:5760
[SCOUT] Connected
[TELEM] Connecting to MAVLink router UDP 14550[MAIN] Waiting for telemetry (GPS)...

[TELEM] Waiting for heartbeat...
[TELEM] Heartbeat OK
[MAIN] Telemetry ready: lat=28.4585983, lon=77.5054838, h=2.694
Loading model engine: best.engine
[SCOUT] Connecting to mavlink-router TCP 127.0.0.1:5760
[SCOUT] Connected
[TELEM] Connecting to MAVLink router UDP 14550[MAIN] Waiting for telemetry (GPS)...

[TELEM] Waiting for heartbeat...
[TELEM] Heartbeat OK
[MAIN] Telemetry ready: lat=28.4585788, lon=77.5055467, h=2.691
Loading model engine: best.engine
[SCOUT] Connecting to mavlink-router TCP 127.0.0.1:5760
[SCOUT] Connected
[TELEM] Connecting to MAVLink router UDP 14550[MAIN] Waiting for telemetry (GPS)...

[TELEM] Waiting for heartbeat...
[TELEM] Heartbeat OK
[MAIN] Telemetry ready: lat=28.4585856, lon=77.5055272, h=2.719
Loading model engine: best.engine
[SCOUT] Connecting to mavlink-router TCP 127.0.0.1:5760
[SCOUT] Connected
[TELEM] Connecting to MAVLink router UDP 14550[MAIN] Waiting for telemetry (GPS)...

[TELEM] Waiting for heartbeat...
[TELEM] Heartbeat OK
[MAIN] Telemetry ready: lat=28.4585549, lon=77.5055708, h=2.65
Loading model engine: best.engine
[SCOUT] Connecting to mavlink-router TCP 127.0.0.1:5760
[SCOUT] Connected
[TELEM] Connecting to MAVLink router UDP 14550[MAIN] Waiting for telemetry (GPS)...

[TELEM] Waiting for heartbeat...
[TELEM] Heartbeat OK
[MAIN] Telemetry ready: lat=28.4585449, lon=77.5057904, h=2.72
Loading model engine: best.engine
[SCOUT] Connecting to mavlink-router TCP 127.0.0.1:5760
[SCOUT] Connected
[TELEM] Connecting to MAVLink router UDP 14550[MAIN] Waiting for telemetry (GPS)...

[TELEM] Waiting for heartbeat...
[TELEM] Heartbeat OK
[MAIN] Telemetry ready: lat=28.458548, lon=77.5057473, h=2.792
Loading model engine: best.engine
[SCOUT] Connecting to mavlink-router TCP 127.0.0.1:5760
[SCOUT] Connected
[TELEM] Connecting to MAVLink router UDP 14550[MAIN] Waiting for telemetry (GPS)...

[TELEM] Waiting for heartbeat...
[TELEM] Heartbeat OK
[MAIN] Telemetry ready: lat=28.458548, lon=77.5055724, h=2.767
Loading model engine: best.engine
[SCOUT] Connecting to mavlink-router TCP 127.0.0.1:5760
[SCOUT] Connected
[TELEM] Connecting to MAVLink router UDP 14550[MAIN] Waiting for telemetry (GPS)...

[TELEM] Waiting for heartbeat...
[TELEM] Heartbeat OK
[MAIN] Telemetry ready: lat=28.4585412, lon=77.5054487, h=2.771
Loading model engine: best.engine
[SCOUT] Connecting to mavlink-router TCP 127.0.0.1:5760
[SCOUT] Connected
[TELEM] Connecting to MAVLink router UDP 14550[MAIN] Waiting for telemetry (GPS)...

[TELEM] Waiting for heartbeat...
[TELEM] Heartbeat OK
[MAIN] Telemetry ready: lat=28.458544, lon=77.5055514, h=2.724
Loading model engine: best.engine
[SCOUT] Connecting to mavlink-router TCP 127.0.0.1:5760
[SCOUT] Connected
[TELEM] Connecting to MAVLink router UDP 14550[MAIN] Waiting for telemetry (GPS)...

[TELEM] Waiting for heartbeat...
[TELEM] Heartbeat OK
[MAIN] Telemetry ready: lat=28.4585757, lon=77.5056109, h=2.789
Loading model engine: best.engine
[SCOUT] Connecting to mavlink-router TCP 127.0.0.1:5760
[SCOUT] Connected
[TELEM] Connecting to MAVLink router UDP 14550[MAIN] Waiting for telemetry (GPS)...

[TELEM] Waiting for heartbeat...
[TELEM] Heartbeat OK
[MAIN] Telemetry ready: lat=28.4585709, lon=77.505634, h=2.748
Loading model engine: best.engine
[SCOUT] Connecting to mavlink-router TCP 127.0.0.1:5760
[SCOUT] Connected
[TELEM] Connecting to MAVLink router UDP 14550[MAIN] Waiting for telemetry (GPS)...

[TELEM] Waiting for heartbeat...
[TELEM] Heartbeat OK
[MAIN] Telemetry ready: lat=28.4585769, lon=77.505577, h=2.733
Loading model engine: best.engine
[SCOUT] Connecting to mavlink-router TCP 127.0.0.1:5760
[SCOUT] Connected
[TELEM] Connecting to MAVLink router UDP 14550[MAIN] Waiting for telemetry (GPS)...

[TELEM] Waiting for heartbeat...
[TELEM] Heartbeat OK
[MAIN] Telemetry ready: lat=28.4585893, lon=77.5056298, h=2.855
Loading model engine: best.engine
[SCOUT] Connecting to mavlink-router TCP 127.0.0.1:5760
[SCOUT] Connected
[TELEM] Connecting to MAVLink router UDP 14550[MAIN] Waiting for telemetry (GPS)...

[TELEM] Waiting for heartbeat...
[TELEM] Heartbeat OK
[MAIN] Telemetry ready: lat=28.4585949, lon=77.5056198, h=2.833
Loading model engine: best.engine
[SCOUT] Connecting to mavlink-router TCP 127.0.0.1:5760
[SCOUT] Connected
[TELEM] Connecting to MAVLink router UDP 14550[MAIN] Waiting for telemetry (GPS)...

[TELEM] Waiting for heartbeat...
[TELEM] Heartbeat OK
[MAIN] Telemetry ready: lat=28.4586391, lon=77.5056223, h=2.827
Loading model engine: best.engine
[SCOUT] Connecting to mavlink-router TCP 127.0.0.1:5760
[SCOUT] Connected
[TELEM] Connecting to MAVLink router UDP 14550[MAIN] Waiting for telemetry (GPS)...

[TELEM] Waiting for heartbeat...
[TELEM] Heartbeat OK
[MAIN] Telemetry ready: lat=28.4586475, lon=77.5055617, h=2.884
Loading model engine: best.engine
[SCOUT] Connecting to mavlink-router TCP 127.0.0.1:5760
[SCOUT] Connected
[TELEM] Connecting to MAVLink router UDP 14550
[MAIN] Waiting for telemetry (GPS)...
[TELEM] Waiting for heartbeat...
[TELEM] Heartbeat OK
[MAIN] Telemetry ready: lat=28.4586315, lon=77.5055533, h=2.875
Loading model engine: best.engine
[SCOUT] Connecting to mavlink-router TCP 127.0.0.1:5760
[SCOUT] Connected
[TELEM] Connecting to MAVLink router UDP 14550[MAIN] Waiting for telemetry (GPS)...

[TELEM] Waiting for heartbeat...
[TELEM] Heartbeat OK
[MAIN] Telemetry ready: lat=28.4585656, lon=77.5055073, h=2.847
Loading model engine: best.engine
[SCOUT] Connecting to mavlink-router TCP 127.0.0.1:5760
[SCOUT] Connected
[TELEM] Connecting to MAVLink router UDP 14550[MAIN] Waiting for telemetry (GPS)...

[TELEM] Waiting for heartbeat...
[TELEM] Heartbeat OK
[MAIN] Telemetry ready: lat=28.4584943, lon=77.5055886, h=2.967
Loading model engine: best.engine
[SCOUT] Connecting to mavlink-router TCP 127.0.0.1:5760
[SCOUT] Connected
[TELEM] Connecting to MAVLink router UDP 14550
[MAIN] Waiting for telemetry (GPS)...
[TELEM] Waiting for heartbeat...
[TELEM] Heartbeat OK
[MAIN] Telemetry ready: lat=28.4584785, lon=77.5056681, h=2.848
Loading model engine: best.engine
[SCOUT] Connecting to mavlink-router TCP 127.0.0.1:5760
[SCOUT] Connected
[TELEM] Connecting to MAVLink router UDP 14550[MAIN] Waiting for telemetry (GPS)...

[TELEM] Waiting for heartbeat...
[TELEM] Heartbeat OK
[MAIN] Telemetry ready: lat=28.458495, lon=77.5056159, h=2.824
Loading model engine: best.engine
[SCOUT] Connecting to mavlink-router TCP 127.0.0.1:5760
[SCOUT] Connected
[TELEM] Connecting to MAVLink router UDP 14550[MAIN] Waiting for telemetry (GPS)...

[TELEM] Waiting for heartbeat...
[TELEM] Heartbeat OK
[MAIN] Telemetry ready: lat=28.4585344, lon=77.5057012, h=2.837
Loading model engine: best.engine
[SCOUT] Connecting to mavlink-router TCP 127.0.0.1:5760
[SCOUT] Connected
[TELEM] Connecting to MAVLink router UDP 14550[MAIN] Waiting for telemetry (GPS)...

[TELEM] Waiting for heartbeat...
[TELEM] Heartbeat OK
[MAIN] Telemetry ready: lat=28.4585254, lon=77.5056791, h=2.924
Loading model engine: best.engine
[SCOUT] Connecting to mavlink-router TCP 127.0.0.1:5760
[SCOUT] Connected
[TELEM] Connecting to MAVLink router UDP 14550[MAIN] Waiting for telemetry (GPS)...

[TELEM] Waiting for heartbeat...
[TELEM] Heartbeat OK
[MAIN] Telemetry ready: lat=28.4585434, lon=77.5056475, h=3.049
Loading model engine: best.engine
[SCOUT] Connecting to mavlink-router TCP 127.0.0.1:5760
[SCOUT] Connected
[TELEM] Connecting to MAVLink router UDP 14550[MAIN] Waiting for telemetry (GPS)...

[TELEM] Waiting for heartbeat...
[TELEM] Heartbeat OK
[MAIN] Telemetry ready: lat=28.45852, lon=77.5056384, h=2.91
Loading model engine: best.engine
[SCOUT] Connecting to mavlink-router TCP 127.0.0.1:5760
[SCOUT] Connected
[TELEM] Connecting to MAVLink router UDP 14550[MAIN] Waiting for telemetry (GPS)...

[TELEM] Waiting for heartbeat...
[TELEM] Heartbeat OK
[MAIN] Telemetry ready: lat=28.4585284, lon=77.5057015, h=2.967
Loading model engine: best.engine
[SCOUT] Connecting to mavlink-router TCP 127.0.0.1:5760
[SCOUT] Connected
[TELEM] Connecting to MAVLink router UDP 14550[MAIN] Waiting for telemetry (GPS)...

[TELEM] Waiting for heartbeat...
[TELEM] Heartbeat OK
[MAIN] Telemetry ready: lat=28.4584824, lon=77.5057172, h=3.031
Loading model engine: best.engine
[SCOUT] Connecting to mavlink-router TCP 127.0.0.1:5760
[SCOUT] Connected
[TELEM] Connecting to MAVLink router UDP 14550[MAIN] Waiting for telemetry (GPS)...

[TELEM] Waiting for heartbeat...
[TELEM] Heartbeat OK
[MAIN] Telemetry ready: lat=28.4584898, lon=77.5057141, h=3.023
Loading model engine: best.engine
[SCOUT] Connecting to mavlink-router TCP 127.0.0.1:5760
[SCOUT] Connected
[TELEM] Connecting to MAVLink router UDP 14550
[MAIN] Waiting for telemetry (GPS)...
[TELEM] Waiting for heartbeat...
[TELEM] Heartbeat OK
[MAIN] Telemetry ready: lat=28.4584756, lon=77.5057843, h=2.979
Loading model engine: best.engine
[SCOUT] Connecting to mavlink-router TCP 127.0.0.1:5760
[SCOUT] Connected
[TELEM] Connecting to MAVLink router UDP 14550[MAIN] Waiting for telemetry (GPS)...

[TELEM] Waiting for heartbeat...
[TELEM] Heartbeat OK
[MAIN] Telemetry ready: lat=28.458525, lon=77.5058369, h=3.003
Loading model engine: best.engine
[SCOUT] Connecting to mavlink-router TCP 127.0.0.1:5760
[SCOUT] Connected
[TELEM] Connecting to MAVLink router UDP 14550[MAIN] Waiting for telemetry (GPS)...

[TELEM] Waiting for heartbeat...
[TELEM] Heartbeat OK
[MAIN] Telemetry ready: lat=28.4585811, lon=77.5058811, h=3.007
Loading model engine: best.engine
[SCOUT] Connecting to mavlink-router TCP 127.0.0.1:5760
[SCOUT] Connected
[TELEM] Connecting to MAVLink router UDP 14550[MAIN] Waiting for telemetry (GPS)...

[TELEM] Waiting for heartbeat...
[TELEM] Heartbeat OK
[MAIN] Telemetry ready: lat=28.4585308, lon=77.5057946, h=3.038
Loading model engine: best.engine
[SCOUT] Connecting to mavlink-router TCP 127.0.0.1:5760
[SCOUT] Connected
[TELEM] Connecting to MAVLink router UDP 14550[MAIN] Waiting for telemetry (GPS)...

[TELEM] Waiting for heartbeat...
[TELEM] Heartbeat OK
[MAIN] Telemetry ready: lat=28.4585664, lon=77.5057891, h=3.006
Loading model engine: best.engine
[SCOUT] Connecting to mavlink-router TCP 127.0.0.1:5760
[SCOUT] Connected
[TELEM] Connecting to MAVLink router UDP 14550[MAIN] Waiting for telemetry (GPS)...

[TELEM] Waiting for heartbeat...
[TELEM] Heartbeat OK
[MAIN] Telemetry ready: lat=28.458601, lon=77.5058509, h=2.967
Loading model engine: best.engine
[SCOUT] Connecting to mavlink-router TCP 127.0.0.1:5760
[SCOUT] Connected
[TELEM] Connecting to MAVLink router UDP 14550[MAIN] Waiting for telemetry (GPS)...

[TELEM] Waiting for heartbeat...
[TELEM] Heartbeat OK
[MAIN] Telemetry ready: lat=28.4585246, lon=77.505721, h=2.876
Loading model engine: best.engine
[SCOUT] Connecting to mavlink-router TCP 127.0.0.1:5760
[SCOUT] Connected
[TELEM] Connecting to MAVLink router UDP 14550[MAIN] Waiting for telemetry (GPS)...

[TELEM] Waiting for heartbeat...
[TELEM] Heartbeat OK
[MAIN] Telemetry ready: lat=28.4585678, lon=77.5056889, h=2.871
Loading model engine: best.engine
[SCOUT] Connecting to mavlink-router TCP 127.0.0.1:5760
[SCOUT] Connected
[TELEM] Connecting to MAVLink router UDP 14550[MAIN] Waiting for telemetry (GPS)...

[TELEM] Waiting for heartbeat...
[TELEM] Heartbeat OK
[MAIN] Telemetry ready: lat=28.4585982, lon=77.5056677, h=2.951
Loading model engine: best.engine
[SCOUT] Connecting to mavlink-router TCP 127.0.0.1:5760
[SCOUT] Connected
[TELEM] Connecting to MAVLink router UDP 14550[MAIN] Waiting for telemetry (GPS)...

[TELEM] Waiting for heartbeat...
[TELEM] Heartbeat OK
[MAIN] Telemetry ready: lat=28.4585863, lon=77.5056721, h=3.009
Loading model engine: best.engine
[SCOUT] Connecting to mavlink-router TCP 127.0.0.1:5760
[SCOUT] Connected
[TELEM] Connecting to MAVLink router UDP 14550[MAIN] Waiting for telemetry (GPS)...

[TELEM] Waiting for heartbeat...
[TELEM] Heartbeat OK
[MAIN] Telemetry ready: lat=28.4586023, lon=77.5056327, h=3.154
Loading model engine: best.engine
[SCOUT] Connecting to mavlink-router TCP 127.0.0.1:5760
[SCOUT] Connected
[TELEM] Connecting to MAVLink router UDP 14550[MAIN] Waiting for telemetry (GPS)...

[TELEM] Waiting for heartbeat...
[TELEM] Heartbeat OK
[MAIN] Telemetry ready: lat=28.4585958, lon=77.5056433, h=3.135
Loading model engine: best.engine
[SCOUT] Connecting to mavlink-router TCP 127.0.0.1:5760
[SCOUT] Connected
[TELEM] Connecting to MAVLink router UDP 14550[MAIN] Waiting for telemetry (GPS)...

[TELEM] Waiting for heartbeat...
[TELEM] Heartbeat OK
[MAIN] Telemetry ready: lat=28.4585717, lon=77.5056808, h=3.154
Loading model engine: best.engine
[SCOUT] Connecting to mavlink-router TCP 127.0.0.1:5760
[SCOUT] Connected
[TELEM] Connecting to MAVLink router UDP 14550[MAIN] Waiting for telemetry (GPS)...

[TELEM] Waiting for heartbeat...
[TELEM] Heartbeat OK
[MAIN] Telemetry ready: lat=28.4585269, lon=77.5057161, h=3.133
Loading model engine: best.engine
[SCOUT] Connecting to mavlink-router TCP 127.0.0.1:5760
[SCOUT] Connected
[TELEM] Connecting to MAVLink router UDP 14550[MAIN] Waiting for telemetry (GPS)...

[TELEM] Waiting for heartbeat...
[TELEM] Heartbeat OK
[MAIN] Telemetry ready: lat=28.4585456, lon=77.505739, h=3.18
Loading model engine: best.engine
[SCOUT] Connecting to mavlink-router TCP 127.0.0.1:5760
[SCOUT] Connected
[TELEM] Connecting to MAVLink router UDP 14550[MAIN] Waiting for telemetry (GPS)...

[TELEM] Waiting for heartbeat...
[TELEM] Heartbeat OK
[MAIN] Telemetry ready: lat=28.4584822, lon=77.5054091, h=3.243
Loading model engine: best.engine
[SCOUT] Connecting to mavlink-router TCP 127.0.0.1:5760
[SCOUT] Connected
[TELEM] Connecting to MAVLink router UDP 14550[MAIN] Waiting for telemetry (GPS)...

[TELEM] Waiting for heartbeat...
[TELEM] Heartbeat OK
[MAIN] Telemetry ready: lat=28.4585361, lon=77.5054675, h=3.238
Loading model engine: best.engine
[SCOUT] Connecting to mavlink-router TCP 127.0.0.1:5760
[SCOUT] Connected
[TELEM] Connecting to MAVLink router UDP 14550[MAIN] Waiting for telemetry (GPS)...

[TELEM] Waiting for heartbeat...
[TELEM] Heartbeat OK
[MAIN] Telemetry ready: lat=28.4585043, lon=77.5055046, h=3.35
Loading model engine: best.engine
[SCOUT] Connecting to mavlink-router TCP 127.0.0.1:5760
[SCOUT] Connected
[TELEM] Connecting to MAVLink router UDP 14550[MAIN] Waiting for telemetry (GPS)...

[TELEM] Waiting for heartbeat...
[TELEM] Heartbeat OK
[MAIN] Telemetry ready: lat=28.4584916, lon=77.5055885, h=3.388
Loading model engine: best.engine
[SCOUT] Connecting to mavlink-router TCP 127.0.0.1:5760
[SCOUT] Connected
[TELEM] Connecting to MAVLink router UDP 14550[MAIN] Waiting for telemetry (GPS)...

[TELEM] Waiting for heartbeat...
[TELEM] Heartbeat OK
[MAIN] Telemetry ready: lat=28.4585462, lon=77.5055834, h=3.414
Loading model engine: best.engine
[SCOUT] Connecting to mavlink-router TCP 127.0.0.1:5760
[SCOUT] Connected
[MAIN] Waiting for telemetry (GPS)...
[TELEM] Connecting to MAVLink router UDP 14550
[TELEM] Waiting for heartbeat...
[TELEM] Heartbeat OK
[MAIN] Telemetry ready: lat=28.4585028, lon=77.5053524, h=3.369
Loading model engine: best.engine
[SCOUT] Connecting to mavlink-router TCP 127.0.0.1:5760
[SCOUT] Connected
[TELEM] Connecting to MAVLink router UDP 14550[MAIN] Waiting for telemetry (GPS)...

[TELEM] Waiting for heartbeat...
[TELEM] Heartbeat OK
[MAIN] Telemetry ready: lat=28.4585265, lon=77.5056424, h=3.52
Loading model engine: best.engine
[SCOUT] Connecting to mavlink-router TCP 127.0.0.1:5760
[SCOUT] Connected
[TELEM] Connecting to MAVLink router UDP 14550[MAIN] Waiting for telemetry (GPS)...

[TELEM] Waiting for heartbeat...
[TELEM] Heartbeat OK
[MAIN] Telemetry ready: lat=28.4585682, lon=77.5057009, h=3.548
Loading model engine: best.engine
[SCOUT] Connecting to mavlink-router TCP 127.0.0.1:5760
[SCOUT] Connected
[TELEM] Connecting to MAVLink router UDP 14550[MAIN] Waiting for telemetry (GPS)...

[TELEM] Waiting for heartbeat...
[TELEM] Heartbeat OK
[MAIN] Telemetry ready: lat=28.4585793, lon=77.5057401, h=3.67
Loading model engine: best.engine
[SCOUT] Connecting to mavlink-router TCP 127.0.0.1:5760
[SCOUT] Connected
[TELEM] Connecting to MAVLink router UDP 14550[MAIN] Waiting for telemetry (GPS)...

[TELEM] Waiting for heartbeat...
[TELEM] Heartbeat OK
[MAIN] Telemetry ready: lat=28.458591, lon=77.505943, h=3.655
Loading model engine: best.engine
[SCOUT] Connecting to mavlink-router TCP 127.0.0.1:5760
[SCOUT] Connected
[TELEM] Connecting to MAVLink router UDP 14550[MAIN] Waiting for telemetry (GPS)...

[TELEM] Waiting for heartbeat...
[TELEM] Heartbeat OK
[MAIN] Telemetry ready: lat=28.4585734, lon=77.5059712, h=3.695
Loading model engine: best.engine
[SCOUT] Connecting to mavlink-router TCP 127.0.0.1:5760
[SCOUT] Connected
[TELEM] Connecting to MAVLink router UDP 14550[MAIN] Waiting for telemetry (GPS)...

[TELEM] Waiting for heartbeat...
[TELEM] Heartbeat OK
[MAIN] Telemetry ready: lat=28.458578, lon=77.5059952, h=3.794
Loading model engine: best.engine
[SCOUT] Connecting to mavlink-router TCP 127.0.0.1:5760
[SCOUT] Connected
[TELEM] Connecting to MAVLink router UDP 14550[MAIN] Waiting for telemetry (GPS)...

[TELEM] Waiting for heartbeat...
[TELEM] Heartbeat OK
[MAIN] Telemetry ready: lat=28.4586282, lon=77.5061243, h=3.853
Loading model engine: best.engine
[SCOUT] Connecting to mavlink-router TCP 127.0.0.1:5760
[SCOUT] Connected
[TELEM] Connecting to MAVLink router UDP 14550[MAIN] Waiting for telemetry (GPS)...

[TELEM] Waiting for heartbeat...
[TELEM] Heartbeat OK
[MAIN] Telemetry ready: lat=28.4586047, lon=77.5059968, h=3.939
Loading model engine: best.engine
[SCOUT] Connecting to mavlink-router TCP 127.0.0.1:5760
[SCOUT] Connected
[TELEM] Connecting to MAVLink router UDP 14550[MAIN] Waiting for telemetry (GPS)...

[TELEM] Waiting for heartbeat...
[TELEM] Heartbeat OK
[MAIN] Telemetry ready: lat=28.4585694, lon=77.5059013, h=3.992
Loading model engine: best.engine
[SCOUT] Connecting to mavlink-router TCP 127.0.0.1:5760
[SCOUT] Connected
[TELEM] Connecting to MAVLink router UDP 14550[MAIN] Waiting for telemetry (GPS)...

[TELEM] Waiting for heartbeat...
[TELEM] Heartbeat OK
[MAIN] Telemetry ready: lat=28.4585685, lon=77.5058129, h=4.169
Loading model engine: best.engine
[SCOUT] Connecting to mavlink-router TCP 127.0.0.1:5760
[SCOUT] Connected
[TELEM] Connecting to MAVLink router UDP 14550
[MAIN] Waiting for telemetry (GPS)...
[TELEM] Waiting for heartbeat...
[TELEM] Heartbeat OK
[MAIN] Telemetry ready: lat=28.4585309, lon=77.5056056, h=4.23
Loading model engine: best.engine
[SCOUT] Connecting to mavlink-router TCP 127.0.0.1:5760
[SCOUT] Connected
[TELEM] Connecting to MAVLink router UDP 14550[MAIN] Waiting for telemetry (GPS)...

[TELEM] Waiting for heartbeat...
[TELEM] Heartbeat OK
[MAIN] Telemetry ready: lat=28.4585139, lon=77.5054879, h=4.201
Loading model engine: best.engine
[SCOUT] Connecting to mavlink-router TCP 127.0.0.1:5760
[SCOUT] Connected
[TELEM] Connecting to MAVLink router UDP 14550[MAIN] Waiting for telemetry (GPS)...

[TELEM] Waiting for heartbeat...
[TELEM] Heartbeat OK
[MAIN] Telemetry ready: lat=28.4585186, lon=77.5054761, h=4.176
Loading model engine: best.engine
[SCOUT] Connecting to mavlink-router TCP 127.0.0.1:5760
[SCOUT] Connected
[TELEM] Connecting to MAVLink router UDP 14550
[MAIN] Waiting for telemetry (GPS)...
[TELEM] Waiting for heartbeat...
[TELEM] Heartbeat OK
[MAIN] Telemetry ready: lat=28.4585319, lon=77.5052751, h=4.182
Loading model engine: best.engine
[SCOUT] Connecting to mavlink-router TCP 127.0.0.1:5760
[SCOUT] Connected
[TELEM] Connecting to MAVLink router UDP 14550[MAIN] Waiting for telemetry (GPS)...

[TELEM] Waiting for heartbeat...
[TELEM] Heartbeat OK
[MAIN] Telemetry ready: lat=28.4584757, lon=77.5052803, h=4.25
Loading model engine: best.engine
[SCOUT] Connecting to mavlink-router TCP 127.0.0.1:5760
[SCOUT] Connected
[TELEM] Connecting to MAVLink router UDP 14550[MAIN] Waiting for telemetry (GPS)...

[TELEM] Waiting for heartbeat...
[TELEM] Heartbeat OK
[MAIN] Telemetry ready: lat=28.4584982, lon=77.5052013, h=4.323
Loading model engine: best.engine
[SCOUT] Connecting to mavlink-router TCP 127.0.0.1:5760
[SCOUT] Connected
[TELEM] Connecting to MAVLink router UDP 14550[MAIN] Waiting for telemetry (GPS)...

[TELEM] Waiting for heartbeat...
[TELEM] Heartbeat OK
[MAIN] Telemetry ready: lat=28.4584664, lon=77.5050645, h=4.264
Loading model engine: best.engine
[SCOUT] Connecting to mavlink-router TCP 127.0.0.1:5760
[SCOUT] Connected
[TELEM] Connecting to MAVLink router UDP 14550[MAIN] Waiting for telemetry (GPS)...

[TELEM] Waiting for heartbeat...
[TELEM] Heartbeat OK
[MAIN] Telemetry ready: lat=28.4584901, lon=77.5049519, h=4.356
Loading model engine: best.engine
[SCOUT] Connecting to mavlink-router TCP 127.0.0.1:5760
[SCOUT] Connected
[TELEM] Connecting to MAVLink router UDP 14550[MAIN] Waiting for telemetry (GPS)...

[TELEM] Waiting for heartbeat...
[TELEM] Heartbeat OK
[MAIN] Telemetry ready: lat=28.4584871, lon=77.5050889, h=4.474
Loading model engine: best.engine
[SCOUT] Connecting to mavlink-router TCP 127.0.0.1:5760
[SCOUT] Connected
[TELEM] Connecting to MAVLink router UDP 14550[MAIN] Waiting for telemetry (GPS)...

[TELEM] Waiting for heartbeat...
[TELEM] Heartbeat OK
[MAIN] Telemetry ready: lat=28.4584708, lon=77.5051368, h=4.316
Loading model engine: best.engine
[SCOUT] Connecting to mavlink-router TCP 127.0.0.1:5760
[SCOUT] Connected
[TELEM] Connecting to MAVLink router UDP 14550[MAIN] Waiting for telemetry (GPS)...

[TELEM] Waiting for heartbeat...
[TELEM] Heartbeat OK
[MAIN] Telemetry ready: lat=28.4584416, lon=77.5051716, h=4.409
Loading model engine: best.engine
[SCOUT] Connecting to mavlink-router TCP 127.0.0.1:5760
[SCOUT] Connected
[TELEM] Connecting to MAVLink router UDP 14550[MAIN] Waiting for telemetry (GPS)...

[TELEM] Waiting for heartbeat...
[TELEM] Heartbeat OK
[MAIN] Telemetry ready: lat=28.4583295, lon=77.5047953, h=4.459
Loading model engine: best.engine
[SCOUT] Connecting to mavlink-router TCP 127.0.0.1:5760
[SCOUT] Connected
[TELEM] Connecting to MAVLink router UDP 14550[MAIN] Waiting for telemetry (GPS)...

[TELEM] Waiting for heartbeat...
[TELEM] Heartbeat OK
[MAIN] Telemetry ready: lat=28.4583651, lon=77.5049641, h=4.519
Loading model engine: best.engine
[SCOUT] Connecting to mavlink-router TCP 127.0.0.1:5760
[Errno 111] Connection refused sleeping
[Errno 111] Connection refused sleeping
[SCOUT] Connecting to mavlink-router TCP 127.0.0.1:5760
[Errno 111] Connection refused sleeping
[Errno 111] Connection refused sleeping
[SCOUT] Connecting to mavlink-router TCP 127.0.0.1:5760
[Errno 111] Connection refused sleeping
[Errno 111] Connection refused sleeping
[SCOUT] Connecting to mavlink-router TCP 127.0.0.1:5760
[Errno 111] Connection refused sleeping
[Errno 111] Connection refused sleeping
[SCOUT] Connecting to mavlink-router TCP 127.0.0.1:5760
[Errno 111] Connection refused sleeping
[Errno 111] Connection refused sleeping
[SCOUT] Connecting to mavlink-router TCP 127.0.0.1:5760
[Errno 111] Connection refused sleeping
[Errno 111] Connection refused sleeping
[SCOUT] Connecting to mavlink-router TCP 127.0.0.1:5760
[Errno 111] Connection refused sleeping
[Errno 111] Connection refused sleeping
[SCOUT] Connecting to mavlink-router TCP 127.0.0.1:5760
[Errno 111] Connection refused sleeping
[Errno 111] Connection refused sleeping
[SCOUT] Connecting to mavlink-router TCP 127.0.0.1:5760
[Errno 111] Connection refused sleeping
[Errno 111] Connection refused sleeping
[SCOUT] Connecting to mavlink-router TCP 127.0.0.1:5760
[Errno 111] Connection refused sleeping
[Errno 111] Connection refused sleeping
[SCOUT] Connecting to mavlink-router TCP 127.0.0.1:5760
[Errno 111] Connection refused sleeping
[Errno 111] Connection refused sleeping
[SCOUT] Connecting to mavlink-router TCP 127.0.0.1:5760
[Errno 111] Connection refused sleeping
[Errno 111] Connection refused sleeping
[SCOUT] Connecting to mavlink-router TCP 127.0.0.1:5760
[Errno 111] Connection refused sleeping
[Errno 111] Connection refused sleeping
[SCOUT] Connecting to mavlink-router TCP 127.0.0.1:5760
[Errno 111] Connection refused sleeping
[Errno 111] Connection refused sleeping
[SCOUT] Connecting to mavlink-router TCP 127.0.0.1:5760
[Errno 111] Connection refused sleeping
[Errno 111] Connection refused sleeping
[SCOUT] Connecting to mavlink-router TCP 127.0.0.1:5760
[Errno 111] Connection refused sleeping
[Errno 111] Connection refused sleeping
[SCOUT] Connecting to mavlink-router TCP 127.0.0.1:5760
[Errno 111] Connection refused sleeping
[Errno 111] Connection refused sleeping
[SCOUT] Connecting to mavlink-router TCP 127.0.0.1:5760
[Errno 111] Connection refused sleeping
[Errno 111] Connection refused sleeping
[SCOUT] Connecting to mavlink-router TCP 127.0.0.1:5760
[Errno 111] Connection refused sleeping
[Errno 111] Connection refused sleeping
[SCOUT] Connecting to mavlink-router TCP 127.0.0.1:5760
[Errno 111] Connection refused sleeping
[Errno 111] Connection refused sleeping
[SCOUT] Connecting to mavlink-router TCP 127.0.0.1:5760
[Errno 111] Connection refused sleeping
[Errno 111] Connection refused sleeping
[SCOUT] Connecting to mavlink-router TCP 127.0.0.1:5760
[Errno 111] Connection refused sleeping
[Errno 111] Connection refused sleeping
[SCOUT] Connecting to mavlink-router TCP 127.0.0.1:5760
[Errno 111] Connection refused sleeping
[Errno 111] Connection refused sleeping
[SCOUT] Connecting to mavlink-router TCP 127.0.0.1:5760
[Errno 111] Connection refused sleeping
[Errno 111] Connection refused sleeping
[SCOUT] Connecting to mavlink-router TCP 127.0.0.1:5760
[Errno 111] Connection refused sleeping
[Errno 111] Connection refused sleeping
[SCOUT] Connecting to mavlink-router TCP 127.0.0.1:5760
[Errno 111] Connection refused sleeping
[Errno 111] Connection refused sleeping
[SCOUT] Connecting to mavlink-router TCP 127.0.0.1:5760
[Errno 111] Connection refused sleeping
[Errno 111] Connection refused sleeping
[SCOUT] Connecting to mavlink-router TCP 127.0.0.1:5760
[Errno 111] Connection refused sleeping
[Errno 111] Connection refused sleeping
[SCOUT] Connecting to mavlink-router TCP 127.0.0.1:5760
[Errno 111] Connection refused sleeping
[Errno 111] Connection refused sleeping
[SCOUT] Connecting to mavlink-router TCP 127.0.0.1:5760
[Errno 111] Connection refused sleeping
[Errno 111] Connection refused sleeping
[SCOUT] Connecting to mavlink-router TCP 127.0.0.1:5760
[Errno 111] Connection refused sleeping
[Errno 111] Connection refused sleeping
[SCOUT] Connecting to mavlink-router TCP 127.0.0.1:5760
[Errno 111] Connection refused sleeping
[Errno 111] Connection refused sleeping
[SCOUT] Connecting to mavlink-router TCP 127.0.0.1:5760
[SCOUT] Connected
[TELEM] Connecting to MAVLink router UDP 14550[MAIN] Waiting for telemetry (GPS)...

[TELEM] Waiting for heartbeat...
[TELEM] Heartbeat OK
[MAIN] WARNING: telemetry not ready after 30s, continuing anyway
Loading model engine: best.engine
[SCOUT] Connecting to mavlink-router TCP 127.0.0.1:5760
[SCOUT] Connected
[TELEM] Connecting to MAVLink router UDP 14550[MAIN] Waiting for telemetry (GPS)...

[TELEM] Waiting for heartbeat...
[TELEM] Heartbeat OK
[MAIN] WARNING: telemetry not ready after 30s, continuing anyway
Loading model engine: best.engine
[SCOUT] Connecting to mavlink-router TCP 127.0.0.1:5760
[SCOUT] Connected
[TELEM] Connecting to MAVLink router UDP 14550[MAIN] Waiting for telemetry (GPS)...

[TELEM] Waiting for heartbeat...
[TELEM] Heartbeat OK
[MAIN] Telemetry ready: lat=0.0, lon=0.0, h=0.785
Loading model engine: best.engine
[SCOUT] Connecting to mavlink-router TCP 127.0.0.1:5760
[SCOUT] Connected
[TELEM] Connecting to MAVLink router UDP 14550[MAIN] Waiting for telemetry (GPS)...

[TELEM] Waiting for heartbeat...
[TELEM] Heartbeat OK
[MAIN] Telemetry ready: lat=0.0, lon=0.0, h=0.867
Loading model engine: best.engine
[SCOUT] Connecting to mavlink-router TCP 127.0.0.1:5760
[SCOUT] Connected
[TELEM] Connecting to MAVLink router UDP 14550[MAIN] Waiting for telemetry (GPS)...

[TELEM] Waiting for heartbeat...
[TELEM] Heartbeat OK
[MAIN] Telemetry ready: lat=0.0, lon=0.0, h=0.532
Loading model engine: best.engine
[SCOUT] Connecting to mavlink-router TCP 127.0.0.1:5760
[SCOUT] Connected
[TELEM] Connecting to MAVLink router UDP 14550[MAIN] Waiting for telemetry (GPS)...

[TELEM] Waiting for heartbeat...
[TELEM] Heartbeat OK
[MAIN] Telemetry ready: lat=0.0, lon=0.0, h=0.746
Loading model engine: best.engine
[SCOUT] Connecting to mavlink-router TCP 127.0.0.1:5760
[SCOUT] Connected
[TELEM] Connecting to MAVLink router UDP 14550[MAIN] Waiting for telemetry (GPS)...

[TELEM] Waiting for heartbeat...
[TELEM] Heartbeat OK
[MAIN] Telemetry ready: lat=0.0, lon=0.0, h=0.726
Loading model engine: best.engine
[SCOUT] Connecting to mavlink-router TCP 127.0.0.1:5760
[SCOUT] Connected
[TELEM] Connecting to MAVLink router UDP 14550[MAIN] Waiting for telemetry (GPS)...

[TELEM] Waiting for heartbeat...
[TELEM] Heartbeat OK
[MAIN] Telemetry ready: lat=0.0, lon=0.0, h=0.958
Loading model engine: best.engine
[SCOUT] Connecting to mavlink-router TCP 127.0.0.1:5760
[SCOUT] Connected
[TELEM] Connecting to MAVLink router UDP 14550[MAIN] Waiting for telemetry (GPS)...

[TELEM] Waiting for heartbeat...
[TELEM] Heartbeat OK
[MAIN] Telemetry ready: lat=0.0, lon=0.0, h=0.605
Loading model engine: best.engine
[SCOUT] Connecting to mavlink-router TCP 127.0.0.1:5760
[SCOUT] Connected
[TELEM] Connecting to MAVLink router UDP 14550[MAIN] Waiting for telemetry (GPS)...

[TELEM] Waiting for heartbeat...
[TELEM] Heartbeat OK
[MAIN] Telemetry ready: lat=0.0, lon=0.0, h=0.72
Loading model engine: best.engine
[SCOUT] Connecting to mavlink-router TCP 127.0.0.1:5760
[SCOUT] Connected
[TELEM] Connecting to MAVLink router UDP 14550[MAIN] Waiting for telemetry (GPS)...

[TELEM] Waiting for heartbeat...
[TELEM] Heartbeat OK
[MAIN] Telemetry ready: lat=0.0, lon=0.0, h=0.688
Loading model engine: best.engine
[SCOUT] Connecting to mavlink-router TCP 127.0.0.1:5760
[SCOUT] Connected
[TELEM] Connecting to MAVLink router UDP 14550[MAIN] Waiting for telemetry (GPS)...

[TELEM] Waiting for heartbeat...
[TELEM] Heartbeat OK
[MAIN] Telemetry ready: lat=0.0, lon=0.0, h=0.838
Loading model engine: best.engine
[SCOUT] Connecting to mavlink-router TCP 127.0.0.1:5760
[SCOUT] Connected
[TELEM] Connecting to MAVLink router UDP 14550[MAIN] Waiting for telemetry (GPS)...

[TELEM] Waiting for heartbeat...
[TELEM] Heartbeat OK
[MAIN] Telemetry ready: lat=0.0, lon=0.0, h=0.785
Loading model engine: best.engine
[SCOUT] Connecting to mavlink-router TCP 127.0.0.1:5760
[SCOUT] Connected
[TELEM] Connecting to MAVLink router UDP 14550[MAIN] Waiting for telemetry (GPS)...

[TELEM] Waiting for heartbeat...
[TELEM] Heartbeat OK
[MAIN] Telemetry ready: lat=0.0, lon=0.0, h=0.843
Loading model engine: best.engine
[SCOUT] Connecting to mavlink-router TCP 127.0.0.1:5760
[SCOUT] Connected
[TELEM] Connecting to MAVLink router UDP 14550[MAIN] Waiting for telemetry (GPS)...

[TELEM] Waiting for heartbeat...
[TELEM] Heartbeat OK
[MAIN] Telemetry ready: lat=0.0, lon=0.0, h=0.996
Loading model engine: best.engine
[SCOUT] Connecting to mavlink-router TCP 127.0.0.1:5760
[SCOUT] Connected
[TELEM] Connecting to MAVLink router UDP 14550[MAIN] Waiting for telemetry (GPS)...

[TELEM] Waiting for heartbeat...
[TELEM] Heartbeat OK
[MAIN] Telemetry ready: lat=0.0, lon=0.0, h=0.793
Loading model engine: best.engine
[SCOUT] Connecting to mavlink-router TCP 127.0.0.1:5760
[SCOUT] Connected
[TELEM] Connecting to MAVLink router UDP 14550[MAIN] Waiting for telemetry (GPS)...

[TELEM] Waiting for heartbeat...
[TELEM] Heartbeat OK
[MAIN] Telemetry ready: lat=0.0, lon=0.0, h=1.002
Loading model engine: best.engine
[SCOUT] Connecting to mavlink-router TCP 127.0.0.1:5760
[SCOUT] Connected
[TELEM] Connecting to MAVLink router UDP 14550[MAIN] Waiting for telemetry (GPS)...

[TELEM] Waiting for heartbeat...
[TELEM] Heartbeat OK
[MAIN] Telemetry ready: lat=0.0, lon=0.0, h=1.196
Loading model engine: best.engine
[SCOUT] Connecting to mavlink-router TCP 127.0.0.1:5760
[SCOUT] Connected
[TELEM] Connecting to MAVLink router UDP 14550[MAIN] Waiting for telemetry (GPS)...

[TELEM] Waiting for heartbeat...
[TELEM] Heartbeat OK
[MAIN] Telemetry ready: lat=0.0, lon=0.0, h=0.988
Loading model engine: best.engine
[SCOUT] Connecting to mavlink-router TCP 127.0.0.1:5760
[SCOUT] Connected
[TELEM] Connecting to MAVLink router UDP 14550[MAIN] Waiting for telemetry (GPS)...

[TELEM] Waiting for heartbeat...
[TELEM] Heartbeat OK
[MAIN] Telemetry ready: lat=0.0, lon=0.0, h=1.005
Loading model engine: best.engine
[SCOUT] Connecting to mavlink-router TCP 127.0.0.1:5760
[SCOUT] Connected
[TELEM] Connecting to MAVLink router UDP 14550[MAIN] Waiting for telemetry (GPS)...

[TELEM] Waiting for heartbeat...
[TELEM] Heartbeat OK
[MAIN] Telemetry ready: lat=0.0, lon=0.0, h=1.17
Loading model engine: best.engine
[SCOUT] Connecting to mavlink-router TCP 127.0.0.1:5760
[SCOUT] Connected
[TELEM] Connecting to MAVLink router UDP 14550[MAIN] Waiting for telemetry (GPS)...

[TELEM] Waiting for heartbeat...
[TELEM] Heartbeat OK
[MAIN] Telemetry ready: lat=0.0, lon=0.0, h=1.24
Loading model engine: best.engine
[SCOUT] Connecting to mavlink-router TCP 127.0.0.1:5760
[SCOUT] Connected
[TELEM] Connecting to MAVLink router UDP 14550[MAIN] Waiting for telemetry (GPS)...

[TELEM] Waiting for heartbeat...
[TELEM] Heartbeat OK
[MAIN] Telemetry ready: lat=0.0, lon=0.0, h=1.337
Loading model engine: best.engine
[SCOUT] Connecting to mavlink-router TCP 127.0.0.1:5760
[SCOUT] Connected
[TELEM] Connecting to MAVLink router UDP 14550[MAIN] Waiting for telemetry (GPS)...

[TELEM] Waiting for heartbeat...
[TELEM] Heartbeat OK
[MAIN] Telemetry ready: lat=0.0, lon=0.0, h=1.17
Loading model engine: best.engine
[SCOUT] Connecting to mavlink-router TCP 127.0.0.1:5760
[SCOUT] Connected
[TELEM] Connecting to MAVLink router UDP 14550[MAIN] Waiting for telemetry (GPS)...

[TELEM] Waiting for heartbeat...
[TELEM] Heartbeat OK
[MAIN] Telemetry ready: lat=0.0, lon=0.0, h=1.04
Loading model engine: best.engine
[SCOUT] Connecting to mavlink-router TCP 127.0.0.1:5760
[SCOUT] Connected
[TELEM] Connecting to MAVLink router UDP 14550[MAIN] Waiting for telemetry (GPS)...

[TELEM] Waiting for heartbeat...
[TELEM] Heartbeat OK
[MAIN] Telemetry ready: lat=0.0, lon=0.0, h=1.343
Loading model engine: best.engine
[SCOUT] Connecting to mavlink-router TCP 127.0.0.1:5760
[SCOUT] Connected
[TELEM] Connecting to MAVLink router UDP 14550[MAIN] Waiting for telemetry (GPS)...

[TELEM] Waiting for heartbeat...
[TELEM] Heartbeat OK
[MAIN] Telemetry ready: lat=0.0, lon=0.0, h=1.123
Loading model engine: best.engine
[SCOUT] Connecting to mavlink-router TCP 127.0.0.1:5760
[SCOUT] Connected
[TELEM] Connecting to MAVLink router UDP 14550[MAIN] Waiting for telemetry (GPS)...

[TELEM] Waiting for heartbeat...
[TELEM] Heartbeat OK
[MAIN] Telemetry ready: lat=0.0, lon=0.0, h=1.396
Loading model engine: best.engine
[SCOUT] Connecting to mavlink-router TCP 127.0.0.1:5760
[SCOUT] Connected
[TELEM] Connecting to MAVLink router UDP 14550[MAIN] Waiting for telemetry (GPS)...

[TELEM] Waiting for heartbeat...
[TELEM] Heartbeat OK
[MAIN] Telemetry ready: lat=0.0, lon=0.0, h=1.299
Loading model engine: best.engine
[SCOUT] Connecting to mavlink-router TCP 127.0.0.1:5760
[SCOUT] Connected
[TELEM] Connecting to MAVLink router UDP 14550[MAIN] Waiting for telemetry (GPS)...

[TELEM] Waiting for heartbeat...
[TELEM] Heartbeat OK
[MAIN] Telemetry ready: lat=0.0, lon=0.0, h=1.273
Loading model engine: best.engine
[SCOUT] Connecting to mavlink-router TCP 127.0.0.1:5760
[SCOUT] Connected
[TELEM] Connecting to MAVLink router UDP 14550[MAIN] Waiting for telemetry (GPS)...

[TELEM] Waiting for heartbeat...
[TELEM] Heartbeat OK
[MAIN] Telemetry ready: lat=0.0, lon=0.0, h=1.334
Loading model engine: best.engine
[SCOUT] Connecting to mavlink-router TCP 127.0.0.1:5760
[SCOUT] Connected
[TELEM] Connecting to MAVLink router UDP 14550[MAIN] Waiting for telemetry (GPS)...

[TELEM] Waiting for heartbeat...
[TELEM] Heartbeat OK
[MAIN] Telemetry ready: lat=0.0, lon=0.0, h=1.54
Loading model engine: best.engine
[SCOUT] Connecting to mavlink-router TCP 127.0.0.1:5760
[SCOUT] Connected
[TELEM] Connecting to MAVLink router UDP 14550[MAIN] Waiting for telemetry (GPS)...

[TELEM] Waiting for heartbeat...
[TELEM] Heartbeat OK
[MAIN] Telemetry ready: lat=0.0, lon=0.0, h=1.531
Loading model engine: best.engine
[SCOUT] Connecting to mavlink-router TCP 127.0.0.1:5760
[SCOUT] Connected
[TELEM] Connecting to MAVLink router UDP 14550[MAIN] Waiting for telemetry (GPS)...

[TELEM] Waiting for heartbeat...
[TELEM] Heartbeat OK
[MAIN] Telemetry ready: lat=0.0, lon=0.0, h=1.47
Loading model engine: best.engine
[SCOUT] Connecting to mavlink-router TCP 127.0.0.1:5760
[SCOUT] Connected
[TELEM] Connecting to MAVLink router UDP 14550[MAIN] Waiting for telemetry (GPS)...

[TELEM] Waiting for heartbeat...
[TELEM] Heartbeat OK
[MAIN] Telemetry ready: lat=0.0, lon=0.0, h=1.573
Loading model engine: best.engine
[SCOUT] Connecting to mavlink-router TCP 127.0.0.1:5760
[SCOUT] Connected
[TELEM] Connecting to MAVLink router UDP 14550[MAIN] Waiting for telemetry (GPS)...

[TELEM] Waiting for heartbeat...
[TELEM] Heartbeat OK
[MAIN] Telemetry ready: lat=0.0, lon=0.0, h=1.479
Loading model engine: best.engine
[SCOUT] Connecting to mavlink-router TCP 127.0.0.1:5760
[SCOUT] Connected
[TELEM] Connecting to MAVLink router UDP 14550[MAIN] Waiting for telemetry (GPS)...

[TELEM] Waiting for heartbeat...
[TELEM] Heartbeat OK
[MAIN] Telemetry ready: lat=0.0, lon=0.0, h=1.517
Loading model engine: best.engine
[SCOUT] Connecting to mavlink-router TCP 127.0.0.1:5760
[SCOUT] Connected
[TELEM] Connecting to MAVLink router UDP 14550[MAIN] Waiting for telemetry (GPS)...

[TELEM] Waiting for heartbeat...
[TELEM] Heartbeat OK
[MAIN] Telemetry ready: lat=0.0, lon=0.0, h=1.702
Loading model engine: best.engine
[SCOUT] Connecting to mavlink-router TCP 127.0.0.1:5760
[SCOUT] Connected
[TELEM] Connecting to MAVLink router UDP 14550[MAIN] Waiting for telemetry (GPS)...

[TELEM] Waiting for heartbeat...
[TELEM] Heartbeat OK
[MAIN] Telemetry ready: lat=0.0, lon=0.0, h=1.487
Loading model engine: best.engine
[SCOUT] Connecting to mavlink-router TCP 127.0.0.1:5760
[SCOUT] Connected
[TELEM] Connecting to MAVLink router UDP 14550[MAIN] Waiting for telemetry (GPS)...

[TELEM] Waiting for heartbeat...
[TELEM] Heartbeat OK
[MAIN] Telemetry ready: lat=0.0, lon=0.0, h=1.599
Loading model engine: best.engine
[SCOUT] Connecting to mavlink-router TCP 127.0.0.1:5760
[SCOUT] Connected
[TELEM] Connecting to MAVLink router UDP 14550
[MAIN] Waiting for telemetry (GPS)...[TELEM] Waiting for heartbeat...

[TELEM] Heartbeat OK
[MAIN] Telemetry ready: lat=0.0, lon=0.0, h=1.502
Loading model engine: best.engine
[SCOUT] Connecting to mavlink-router TCP 127.0.0.1:5760
[SCOUT] Connected
[TELEM] Connecting to MAVLink router UDP 14550[MAIN] Waiting for telemetry (GPS)...

[TELEM] Waiting for heartbeat...
[TELEM] Heartbeat OK
[MAIN] Telemetry ready: lat=0.0, lon=0.0, h=1.549
Loading model engine: best.engine
[SCOUT] Connecting to mavlink-router TCP 127.0.0.1:5760
[SCOUT] Connected
[TELEM] Connecting to MAVLink router UDP 14550[MAIN] Waiting for telemetry (GPS)...

[TELEM] Waiting for heartbeat...
[TELEM] Heartbeat OK
[MAIN] Telemetry ready: lat=28.4585076, lon=77.5057845, h=1.587
Loading model engine: best.engine
[SCOUT] Connecting to mavlink-router TCP 127.0.0.1:5760
[SCOUT] Connected
[TELEM] Connecting to MAVLink router UDP 14550[MAIN] Waiting for telemetry (GPS)...

[TELEM] Waiting for heartbeat...
[TELEM] Heartbeat OK
[MAIN] Telemetry ready: lat=28.4585206, lon=77.5057524, h=1.626
Loading model engine: best.engine
[SCOUT] Connecting to mavlink-router TCP 127.0.0.1:5760
[SCOUT] Connected
[TELEM] Connecting to MAVLink router UDP 14550[MAIN] Waiting for telemetry (GPS)...

[TELEM] Waiting for heartbeat...
[TELEM] Heartbeat OK
[MAIN] Telemetry ready: lat=28.4585348, lon=77.5057398, h=1.631
Loading model engine: best.engine
[SCOUT] Connecting to mavlink-router TCP 127.0.0.1:5760
[SCOUT] Connected
[TELEM] Connecting to MAVLink router UDP 14550[MAIN] Waiting for telemetry (GPS)...

[TELEM] Waiting for heartbeat...
[TELEM] Heartbeat OK
[MAIN] Telemetry ready: lat=28.4585361, lon=77.5057389, h=1.593
Loading model engine: best.engine
[SCOUT] Connecting to mavlink-router TCP 127.0.0.1:5760
[SCOUT] Connected
[TELEM] Connecting to MAVLink router UDP 14550[MAIN] Waiting for telemetry (GPS)...

[TELEM] Waiting for heartbeat...
[TELEM] Heartbeat OK
[MAIN] Telemetry ready: lat=28.4585307, lon=77.505742, h=1.702
Loading model engine: best.engine
[SCOUT] Connecting to mavlink-router TCP 127.0.0.1:5760
[SCOUT] Connected
[TELEM] Connecting to MAVLink router UDP 14550[MAIN] Waiting for telemetry (GPS)...

[TELEM] Waiting for heartbeat...
[TELEM] Heartbeat OK
[MAIN] Telemetry ready: lat=28.4585243, lon=77.505748, h=1.705
Loading model engine: best.engine
[SCOUT] Connecting to mavlink-router TCP 127.0.0.1:5760
[SCOUT] Connected
[TELEM] Connecting to MAVLink router UDP 14550[MAIN] Waiting for telemetry (GPS)...

[TELEM] Waiting for heartbeat...
[TELEM] Heartbeat OK
[MAIN] Telemetry ready: lat=28.4585183, lon=77.505754, h=1.684
Loading model engine: best.engine
[SCOUT] Connecting to mavlink-router TCP 127.0.0.1:5760
[SCOUT] Connected
[TELEM] Connecting to MAVLink router UDP 14550[MAIN] Waiting for telemetry (GPS)...

[TELEM] Waiting for heartbeat...
[TELEM] Heartbeat OK
[MAIN] Telemetry ready: lat=28.4585173, lon=77.5057569, h=0.054
Loading model engine: best.engine
[SCOUT] Connecting to mavlink-router TCP 127.0.0.1:5760
[SCOUT] Connected
[TELEM] Connecting to MAVLink router UDP 14550[MAIN] Waiting for telemetry (GPS)...

[TELEM] Waiting for heartbeat...
[TELEM] Heartbeat OK
[MAIN] Telemetry ready: lat=28.4585183, lon=77.5057564, h=0.156
Loading model engine: best.engine
[SCOUT] Connecting to mavlink-router TCP 127.0.0.1:5760
[SCOUT] Connected
[TELEM] Connecting to MAVLink router UDP 14550[MAIN] Waiting for telemetry (GPS)...

[TELEM] Waiting for heartbeat...
[TELEM] Heartbeat OK
[MAIN] Telemetry ready: lat=28.4585194, lon=77.5057558, h=0.233
Loading model engine: best.engine
[SCOUT] Connecting to mavlink-router TCP 127.0.0.1:5760
[SCOUT] Connected
[TELEM] Connecting to MAVLink router UDP 14550[MAIN] Waiting for telemetry (GPS)...

[TELEM] Waiting for heartbeat...
[TELEM] Heartbeat OK
[MAIN] Telemetry ready: lat=28.4585238, lon=77.5057513, h=0.15
Loading model engine: best.engine
[SCOUT] Connecting to mavlink-router TCP 127.0.0.1:5760
[SCOUT] Connected
[TELEM] Connecting to MAVLink router UDP 14550[MAIN] Waiting for telemetry (GPS)...

[TELEM] Waiting for heartbeat...
[TELEM] Heartbeat OK
[MAIN] Telemetry ready: lat=28.4585273, lon=77.5057488, h=0.084
Loading model engine: best.engine
[SCOUT] Connecting to mavlink-router TCP 127.0.0.1:5760
[SCOUT] Connected
[TELEM] Connecting to MAVLink router UDP 14550[MAIN] Waiting for telemetry (GPS)...

[TELEM] Waiting for heartbeat...
[TELEM] Heartbeat OK
[MAIN] Telemetry ready: lat=28.4585302, lon=77.5057489, h=0.108
Loading model engine: best.engine
[SCOUT] Connecting to mavlink-router TCP 127.0.0.1:5760
[SCOUT] Connected
[TELEM] Connecting to MAVLink router UDP 14550[MAIN] Waiting for telemetry (GPS)...

[TELEM] Waiting for heartbeat...
[TELEM] Heartbeat OK
[MAIN] Telemetry ready: lat=28.458538, lon=77.505744, h=0.093
Loading model engine: best.engine
[SCOUT] Connecting to mavlink-router TCP 127.0.0.1:5760
[SCOUT] Connected
[TELEM] Connecting to MAVLink router UDP 14550[MAIN] Waiting for telemetry (GPS)...

[TELEM] Waiting for heartbeat...
[TELEM] Heartbeat OK
[MAIN] Telemetry ready: lat=28.4585434, lon=77.5057361, h=-0.118
Loading model engine: best.engine
[SCOUT] Connecting to mavlink-router TCP 127.0.0.1:5760
[SCOUT] Connected
[TELEM] Connecting to MAVLink router UDP 14550[MAIN] Waiting for telemetry (GPS)...

[TELEM] Waiting for heartbeat...
[TELEM] Heartbeat OK
[MAIN] Telemetry ready: lat=28.4585419, lon=77.5057339, h=-0.011
Loading model engine: best.engine
[SCOUT] Connecting to mavlink-router TCP 127.0.0.1:5760
[SCOUT] Connected
[TELEM] Connecting to MAVLink router UDP 14550[MAIN] Waiting for telemetry (GPS)...

[TELEM] Waiting for heartbeat...
[TELEM] Heartbeat OK
[MAIN] Telemetry ready: lat=28.4585386, lon=77.5057315, h=0.077
Loading model engine: best.engine
[SCOUT] Connecting to mavlink-router TCP 127.0.0.1:5760
[SCOUT] Connected
[TELEM] Connecting to MAVLink router UDP 14550[MAIN] Waiting for telemetry (GPS)...

[TELEM] Waiting for heartbeat...
[TELEM] Heartbeat OK
[MAIN] Telemetry ready: lat=28.4585421, lon=77.5057194, h=-0.077
Loading model engine: best.engine
[SCOUT] Connecting to mavlink-router TCP 127.0.0.1:5760
[SCOUT] Connected
[TELEM] Connecting to MAVLink router UDP 14550[MAIN] Waiting for telemetry (GPS)...

[TELEM] Waiting for heartbeat...
[TELEM] Heartbeat OK
[MAIN] Telemetry ready: lat=28.4585377, lon=77.505721, h=0.147
Loading model engine: best.engine
[SCOUT] Connecting to mavlink-router TCP 127.0.0.1:5760
[SCOUT] Connected
[TELEM] Connecting to MAVLink router UDP 14550[MAIN] Waiting for telemetry (GPS)...

[TELEM] Waiting for heartbeat...
[TELEM] Heartbeat OK
[MAIN] Telemetry ready: lat=28.458526, lon=77.5057318, h=0.18
Loading model engine: best.engine
[SCOUT] Connecting to mavlink-router TCP 127.0.0.1:5760
[SCOUT] Connected
[TELEM] Connecting to MAVLink router UDP 14550[MAIN] Waiting for telemetry (GPS)...

[TELEM] Waiting for heartbeat...
[TELEM] Heartbeat OK
[MAIN] Telemetry ready: lat=28.4585131, lon=77.5057456, h=0.466
Loading model engine: best.engine
[SCOUT] Connecting to mavlink-router TCP 127.0.0.1:5760
[SCOUT] Connected
[TELEM] Connecting to MAVLink router UDP 14550[MAIN] Waiting for telemetry (GPS)...

[TELEM] Waiting for heartbeat...
[TELEM] Heartbeat OK
[MAIN] Telemetry ready: lat=28.458516, lon=77.5057481, h=0.108
Loading model engine: best.engine
[SCOUT] Connecting to mavlink-router TCP 127.0.0.1:5760
[SCOUT] Connected
[TELEM] Connecting to MAVLink router UDP 14550[MAIN] Waiting for telemetry (GPS)...

[TELEM] Waiting for heartbeat...
[TELEM] Heartbeat OK
[MAIN] Telemetry ready: lat=28.4585108, lon=77.5057594, h=0.186
Loading model engine: best.engine
[SCOUT] Connecting to mavlink-router TCP 127.0.0.1:5760
[SCOUT] Connected
[TELEM] Connecting to MAVLink router UDP 14550[MAIN] Waiting for telemetry (GPS)...

[TELEM] Waiting for heartbeat...
[TELEM] Heartbeat OK
[MAIN] Telemetry ready: lat=28.4584894, lon=77.5057769, h=-0.152
Loading model engine: best.engine
[SCOUT] Connecting to mavlink-router TCP 127.0.0.1:5760
[SCOUT] Connected
[TELEM] Connecting to MAVLink router UDP 14550[MAIN] Waiting for telemetry (GPS)...

[TELEM] Waiting for heartbeat...
[TELEM] Heartbeat OK
[MAIN] Telemetry ready: lat=28.4584772, lon=77.5057844, h=0.325
Loading model engine: best.engine
[SCOUT] Connecting to mavlink-router TCP 127.0.0.1:5760
[SCOUT] Connected
[TELEM] Connecting to MAVLink router UDP 14550[MAIN] Waiting for telemetry (GPS)...

[TELEM] Waiting for heartbeat...
[TELEM] Heartbeat OK
[MAIN] Telemetry ready: lat=28.4584637, lon=77.5057893, h=0.392
Loading model engine: best.engine
[SCOUT] Connecting to mavlink-router TCP 127.0.0.1:5760
[SCOUT] Connected
[TELEM] Connecting to MAVLink router UDP 14550[MAIN] Waiting for telemetry (GPS)...

[TELEM] Waiting for heartbeat...
[TELEM] Heartbeat OK
[MAIN] Telemetry ready: lat=28.458471, lon=77.5057759, h=-0.155
Loading model engine: best.engine
[SCOUT] Connecting to mavlink-router TCP 127.0.0.1:5760
[SCOUT] Connected
[TELEM] Connecting to MAVLink router UDP 14550[MAIN] Waiting for telemetry (GPS)...

[TELEM] Waiting for heartbeat...
[TELEM] Heartbeat OK
[MAIN] Telemetry ready: lat=28.4585936, lon=77.5056992, h=1.542
Loading model engine: best.engine
[SCOUT] Connecting to mavlink-router TCP 127.0.0.1:5760
[SCOUT] Connected
[TELEM] Connecting to MAVLink router UDP 14550[MAIN] Waiting for telemetry (GPS)...

[TELEM] Waiting for heartbeat...
[TELEM] Heartbeat OK
[MAIN] Telemetry ready: lat=28.4585945, lon=77.5057008, h=1.275
Loading model engine: best.engine
[SCOUT] Connecting to mavlink-router TCP 127.0.0.1:5760
[SCOUT] Connected
[TELEM] Connecting to MAVLink router UDP 14550[MAIN] Waiting for telemetry (GPS)...

[TELEM] Waiting for heartbeat...
[TELEM] Heartbeat OK
[MAIN] Telemetry ready: lat=28.4585871, lon=77.5057102, h=1.578
Loading model engine: best.engine
[SCOUT] Connecting to mavlink-router TCP 127.0.0.1:5760
[SCOUT] Connected
[TELEM] Connecting to MAVLink router UDP 14550[MAIN] Waiting for telemetry (GPS)...

[TELEM] Waiting for heartbeat...
[TELEM] Heartbeat OK
[MAIN] Telemetry ready: lat=28.4585853, lon=77.5057133, h=1.494
Loading model engine: best.engine
[SCOUT] Connecting to mavlink-router TCP 127.0.0.1:5760
[SCOUT] Connected
[TELEM] Connecting to MAVLink router UDP 14550[MAIN] Waiting for telemetry (GPS)...

[TELEM] Waiting for heartbeat...
[TELEM] Heartbeat OK
[MAIN] Telemetry ready: lat=28.4585832, lon=77.5057185, h=1.486
Loading model engine: best.engine
[SCOUT] Connecting to mavlink-router TCP 127.0.0.1:5760
[SCOUT] Connected
[TELEM] Connecting to MAVLink router UDP 14550[MAIN] Waiting for telemetry (GPS)...

[TELEM] Waiting for heartbeat...
[TELEM] Heartbeat OK
[MAIN] Telemetry ready: lat=28.4585793, lon=77.5057216, h=1.63
Loading model engine: best.engine
[SCOUT] Connecting to mavlink-router TCP 127.0.0.1:5760
[SCOUT] Connected
[TELEM] Connecting to MAVLink router UDP 14550[MAIN] Waiting for telemetry (GPS)...

[TELEM] Waiting for heartbeat...
[TELEM] Heartbeat OK
[MAIN] Telemetry ready: lat=28.4585888, lon=77.5057103, h=1.036
Loading model engine: best.engine
[SCOUT] Connecting to mavlink-router TCP 127.0.0.1:5760
[SCOUT] Connected
[TELEM] Connecting to MAVLink router UDP 14550[MAIN] Waiting for telemetry (GPS)...

[TELEM] Waiting for heartbeat...
[TELEM] Heartbeat OK
[MAIN] Telemetry ready: lat=28.4585893, lon=77.5057136, h=1.419
Loading model engine: best.engine
[SCOUT] Connecting to mavlink-router TCP 127.0.0.1:5760
[SCOUT] Connected
[TELEM] Connecting to MAVLink router UDP 14550[MAIN] Waiting for telemetry (GPS)...

[TELEM] Waiting for heartbeat...
[TELEM] Heartbeat OK
[MAIN] Telemetry ready: lat=28.4585856, lon=77.5057215, h=1.9
Loading model engine: best.engine
[SCOUT] Connecting to mavlink-router TCP 127.0.0.1:5760
[SCOUT] Connected
[TELEM] Connecting to MAVLink router UDP 14550[MAIN] Waiting for telemetry (GPS)...

[TELEM] Waiting for heartbeat...
[TELEM] Heartbeat OK
[MAIN] Telemetry ready: lat=28.4585868, lon=77.5057197, h=1.64
Loading model engine: best.engine
[SCOUT] Connecting to mavlink-router TCP 127.0.0.1:5760
[SCOUT] Connected
[TELEM] Connecting to MAVLink router UDP 14550[MAIN] Waiting for telemetry (GPS)...

[TELEM] Waiting for heartbeat...
[TELEM] Heartbeat OK
[MAIN] Telemetry ready: lat=28.458589, lon=77.5057178, h=1.635
Loading model engine: best.engine
[SCOUT] Connecting to mavlink-router TCP 127.0.0.1:5760
[SCOUT] Connected
[TELEM] Connecting to MAVLink router UDP 14550[MAIN] Waiting for telemetry (GPS)...

[TELEM] Waiting for heartbeat...
[TELEM] Heartbeat OK
[MAIN] Telemetry ready: lat=28.4585854, lon=77.5057224, h=1.791
Loading model engine: best.engine
[SCOUT] Connecting to mavlink-router TCP 127.0.0.1:5760
[SCOUT] Connected
[TELEM] Connecting to MAVLink router UDP 14550[MAIN] Waiting for telemetry (GPS)...

[TELEM] Waiting for heartbeat...
[TELEM] Heartbeat OK
[MAIN] Telemetry ready: lat=28.4585844, lon=77.505727, h=1.75
Loading model engine: best.engine
[SCOUT] Connecting to mavlink-router TCP 127.0.0.1:5760
[SCOUT] Connected
[TELEM] Connecting to MAVLink router UDP 14550[MAIN] Waiting for telemetry (GPS)...

[TELEM] Waiting for heartbeat...
[TELEM] Heartbeat OK
[MAIN] Telemetry ready: lat=28.4585897, lon=77.5057229, h=1.765
Loading model engine: best.engine
[SCOUT] Connecting to mavlink-router TCP 127.0.0.1:5760
[SCOUT] Connected
[TELEM] Connecting to MAVLink router UDP 14550[MAIN] Waiting for telemetry (GPS)...

[TELEM] Waiting for heartbeat...
[TELEM] Heartbeat OK
[MAIN] Telemetry ready: lat=28.4585858, lon=77.505727, h=1.886
Loading model engine: best.engine
[SCOUT] Connecting to mavlink-router TCP 127.0.0.1:5760
[SCOUT] Connected
[TELEM] Connecting to MAVLink router UDP 14550[MAIN] Waiting for telemetry (GPS)...

[TELEM] Waiting for heartbeat...
[TELEM] Heartbeat OK
[MAIN] Telemetry ready: lat=28.458585, lon=77.5057261, h=1.872
Loading model engine: best.engine
[SCOUT] Connecting to mavlink-router TCP 127.0.0.1:5760
[SCOUT] Connected
[TELEM] Connecting to MAVLink router UDP 14550[MAIN] Waiting for telemetry (GPS)...

[TELEM] Waiting for heartbeat...
[TELEM] Heartbeat OK
[MAIN] Telemetry ready: lat=28.4585829, lon=77.5057283, h=1.786
Loading model engine: best.engine
[SCOUT] Connecting to mavlink-router TCP 127.0.0.1:5760
[SCOUT] Connected
[TELEM] Connecting to MAVLink router UDP 14550[MAIN] Waiting for telemetry (GPS)...

[TELEM] Waiting for heartbeat...
[TELEM] Heartbeat OK
[MAIN] Telemetry ready: lat=28.4585811, lon=77.5057312, h=1.913
Loading model engine: best.engine
[SCOUT] Connecting to mavlink-router TCP 127.0.0.1:5760
[SCOUT] Connected
[TELEM] Connecting to MAVLink router UDP 14550[MAIN] Waiting for telemetry (GPS)...

[TELEM] Waiting for heartbeat...
[TELEM] Heartbeat OK
[MAIN] Telemetry ready: lat=28.4585823, lon=77.5057316, h=1.889
Loading model engine: best.engine
[SCOUT] Connecting to mavlink-router TCP 127.0.0.1:5760
[SCOUT] Connected
[TELEM] Connecting to MAVLink router UDP 14550[MAIN] Waiting for telemetry (GPS)...

[TELEM] Waiting for heartbeat...
[TELEM] Heartbeat OK
[MAIN] Telemetry ready: lat=28.4585844, lon=77.5057321, h=1.922
Loading model engine: best.engine
[SCOUT] Connecting to mavlink-router TCP 127.0.0.1:5760
[SCOUT] Connected
[TELEM] Connecting to MAVLink router UDP 14550[MAIN] Waiting for telemetry (GPS)...

[TELEM] Waiting for heartbeat...
[TELEM] Heartbeat OK
[MAIN] Telemetry ready: lat=28.4585819, lon=77.5057359, h=2.207
Loading model engine: best.engine
[SCOUT] Connecting to mavlink-router TCP 127.0.0.1:5760
[SCOUT] Connected
[TELEM] Connecting to MAVLink router UDP 14550[MAIN] Waiting for telemetry (GPS)...

[TELEM] Waiting for heartbeat...
[TELEM] Heartbeat OK
[MAIN] Telemetry ready: lat=28.4585853, lon=77.505731, h=2.034
Loading model engine: best.engine
[SCOUT] Connecting to mavlink-router TCP 127.0.0.1:5760
[SCOUT] Connected
[TELEM] Connecting to MAVLink router UDP 14550[MAIN] Waiting for telemetry (GPS)...

[TELEM] Waiting for heartbeat...
[TELEM] Heartbeat OK
[MAIN] Telemetry ready: lat=28.458587, lon=77.5057287, h=1.921
Loading model engine: best.engine
[SCOUT] Connecting to mavlink-router TCP 127.0.0.1:5760
[SCOUT] Connected
[TELEM] Connecting to MAVLink router UDP 14550[MAIN] Waiting for telemetry (GPS)...

[TELEM] Waiting for heartbeat...
[TELEM] Heartbeat OK
[MAIN] Telemetry ready: lat=28.4585886, lon=77.5057262, h=2.386
Loading model engine: best.engine
[SCOUT] Connecting to mavlink-router TCP 127.0.0.1:5760
[SCOUT] Connected
[TELEM] Connecting to MAVLink router UDP 14550[MAIN] Waiting for telemetry (GPS)...

[TELEM] Waiting for heartbeat...
[TELEM] Heartbeat OK
[MAIN] Telemetry ready: lat=28.4585912, lon=77.5057166, h=2.207
Loading model engine: best.engine
[SCOUT] Connecting to mavlink-router TCP 127.0.0.1:5760
[SCOUT] Connected
[TELEM] Connecting to MAVLink router UDP 14550[MAIN] Waiting for telemetry (GPS)...

[TELEM] Waiting for heartbeat...
[TELEM] Heartbeat OK
[MAIN] Telemetry ready: lat=28.4585866, lon=77.5057188, h=2.415
Loading model engine: best.engine
[SCOUT] Connecting to mavlink-router TCP 127.0.0.1:5760
[SCOUT] Connected
[TELEM] Connecting to MAVLink router UDP 14550[MAIN] Waiting for telemetry (GPS)...

[TELEM] Waiting for heartbeat...
[TELEM] Heartbeat OK
[MAIN] Telemetry ready: lat=28.4585755, lon=77.5057281, h=2.476
Loading model engine: best.engine
[SCOUT] Connecting to mavlink-router TCP 127.0.0.1:5760
[SCOUT] Connected
[TELEM] Connecting to MAVLink router UDP 14550[MAIN] Waiting for telemetry (GPS)...

[TELEM] Waiting for heartbeat...
[TELEM] Heartbeat OK
[MAIN] Telemetry ready: lat=28.4585815, lon=77.5057216, h=2.286
Loading model engine: best.engine
[SCOUT] Connecting to mavlink-router TCP 127.0.0.1:5760
[SCOUT] Connected
[TELEM] Connecting to MAVLink router UDP 14550[MAIN] Waiting for telemetry (GPS)...

[TELEM] Waiting for heartbeat...
[TELEM] Heartbeat OK
[MAIN] Telemetry ready: lat=28.4585797, lon=77.5057226, h=2.189
Loading model engine: best.engine
[SCOUT] Connecting to mavlink-router TCP 127.0.0.1:5760
[SCOUT] Connected
[TELEM] Connecting to MAVLink router UDP 14550[MAIN] Waiting for telemetry (GPS)...

[TELEM] Waiting for heartbeat...
[TELEM] Heartbeat OK
[MAIN] Telemetry ready: lat=28.4585746, lon=77.5057323, h=2.645
Loading model engine: best.engine
[SCOUT] Connecting to mavlink-router TCP 127.0.0.1:5760
[SCOUT] Connected
[TELEM] Connecting to MAVLink router UDP 14550[MAIN] Waiting for telemetry (GPS)...

[TELEM] Waiting for heartbeat...
[TELEM] Heartbeat OK
[MAIN] Telemetry ready: lat=28.4585691, lon=77.5057367, h=2.366
Loading model engine: best.engine
[SCOUT] Connecting to mavlink-router TCP 127.0.0.1:5760
[SCOUT] Connected
[TELEM] Connecting to MAVLink router UDP 14550[MAIN] Waiting for telemetry (GPS)...

[TELEM] Waiting for heartbeat...
[TELEM] Heartbeat OK
[MAIN] Telemetry ready: lat=28.4585704, lon=77.5057386, h=2.407
Loading model engine: yolo11n.engine
[SCOUT] Connecting to mavlink-router TCP 127.0.0.1:5760
[SCOUT] Connected
[TELEM] Connecting to MAVLink router UDP 14550[MAIN] Waiting for telemetry (GPS)...

[TELEM] Waiting for heartbeat...
[TELEM] Heartbeat OK
[MAIN] Telemetry ready: lat=28.4585696, lon=77.5057409, h=2.592
Loading model engine: yolo11n.engine
[SCOUT] Connecting to mavlink-router TCP 127.0.0.1:5760
[SCOUT] Connected
[TELEM] Connecting to MAVLink router UDP 14550[MAIN] Waiting for telemetry (GPS)...

[TELEM] Waiting for heartbeat...
[TELEM] Heartbeat OK
[MAIN] Telemetry ready: lat=28.4585695, lon=77.5057388, h=2.616
Loading model engine: yolo11n.engine
[SCOUT] Connecting to mavlink-router TCP 127.0.0.1:5760
[SCOUT] Connected
[TELEM] Connecting to MAVLink router UDP 14550[MAIN] Waiting for telemetry (GPS)...

[TELEM] Waiting for heartbeat...
[TELEM] Heartbeat OK
[MAIN] Telemetry ready: lat=28.4585752, lon=77.5057315, h=2.516
Loading model engine: yolo11n.engine
[SCOUT] Connecting to mavlink-router TCP 127.0.0.1:5760
[SCOUT] Connected
[TELEM] Connecting to MAVLink router UDP 14550[MAIN] Waiting for telemetry (GPS)...

[TELEM] Waiting for heartbeat...
[TELEM] Heartbeat OK
[MAIN] Telemetry ready: lat=28.4585719, lon=77.5057454, h=2.498
Loading model engine: yolo11n.engine
[SCOUT] Connecting to mavlink-router TCP 127.0.0.1:5760
[SCOUT] Connected
[TELEM] Connecting to MAVLink router UDP 14550[MAIN] Waiting for telemetry (GPS)...

[TELEM] Waiting for heartbeat...
[TELEM] Heartbeat OK
[MAIN] Telemetry ready: lat=28.4585683, lon=77.5057598, h=2.556
Loading model engine: yolo11n.engine
[SCOUT] Connecting to mavlink-router TCP 127.0.0.1:5760
[SCOUT] Connected
[TELEM] Connecting to MAVLink router UDP 14550[MAIN] Waiting for telemetry (GPS)...

[TELEM] Waiting for heartbeat...
[TELEM] Heartbeat OK
[MAIN] Telemetry ready: lat=28.4585627, lon=77.505772, h=2.497
Loading model engine: yolo11n.engine
[SCOUT] Connecting to mavlink-router TCP 127.0.0.1:5760
[SCOUT] Connected
[TELEM] Connecting to MAVLink router UDP 14550[MAIN] Waiting for telemetry (GPS)...

[TELEM] Waiting for heartbeat...
[TELEM] Heartbeat OK
[MAIN] Telemetry ready: lat=28.4585649, lon=77.5057596, h=2.742
Loading model engine: yolo11n.engine
[SCOUT] Connecting to mavlink-router TCP 127.0.0.1:5760
[SCOUT] Connected
[TELEM] Connecting to MAVLink router UDP 14550[MAIN] Waiting for telemetry (GPS)...

[TELEM] Waiting for heartbeat...
[TELEM] Heartbeat OK
[MAIN] Telemetry ready: lat=28.4585696, lon=77.5057472, h=2.366
Loading model engine: yolo11n.engine
[SCOUT] Connecting to mavlink-router TCP 127.0.0.1:5760
[SCOUT] Connected
[TELEM] Connecting to MAVLink router UDP 14550[MAIN] Waiting for telemetry (GPS)...

[TELEM] Waiting for heartbeat...
[TELEM] Heartbeat OK
[MAIN] Telemetry ready: lat=28.4585689, lon=77.5057439, h=2.434
Loading model engine: yolo11n.engine
[SCOUT] Connecting to mavlink-router TCP 127.0.0.1:5760
[SCOUT] Connected
[TELEM] Connecting to MAVLink router UDP 14550[MAIN] Waiting for telemetry (GPS)...

[TELEM] Waiting for heartbeat...
[TELEM] Heartbeat OK
[MAIN] Telemetry ready: lat=28.4585631, lon=77.5057531, h=2.893
Loading model engine: yolo11n.engine
[SCOUT] Connecting to mavlink-router TCP 127.0.0.1:5760
[SCOUT] Connected
[TELEM] Connecting to MAVLink router UDP 14550[MAIN] Waiting for telemetry (GPS)...

[TELEM] Waiting for heartbeat...
[TELEM] Heartbeat OK
[MAIN] Telemetry ready: lat=28.4585601, lon=77.5057588, h=2.951
Loading model engine: yolo11n.engine
[SCOUT] Connecting to mavlink-router TCP 127.0.0.1:5760
[SCOUT] Connected
[TELEM] Connecting to MAVLink router UDP 14550[MAIN] Waiting for telemetry (GPS)...

[TELEM] Waiting for heartbeat...
[TELEM] Heartbeat OK
[MAIN] Telemetry ready: lat=28.458567, lon=77.5057548, h=2.892
Loading model engine: yolo11n.engine
[SCOUT] Connecting to mavlink-router TCP 127.0.0.1:5760
[SCOUT] Connected
[TELEM] Connecting to MAVLink router UDP 14550[MAIN] Waiting for telemetry (GPS)...

[TELEM] Waiting for heartbeat...
[TELEM] Heartbeat OK
[MAIN] Telemetry ready: lat=28.4585771, lon=77.5057417, h=2.707
Loading model engine: yolo11n.engine
[SCOUT] Connecting to mavlink-router TCP 127.0.0.1:5760
[SCOUT] Connected
[TELEM] Connecting to MAVLink router UDP 14550[MAIN] Waiting for telemetry (GPS)...

[TELEM] Waiting for heartbeat...
[TELEM] Heartbeat OK
[MAIN] Telemetry ready: lat=28.4585806, lon=77.5057348, h=2.72
Loading model engine: yolo11n.engine
[SCOUT] Connecting to mavlink-router TCP 127.0.0.1:5760
[SCOUT] Connected
[TELEM] Connecting to MAVLink router UDP 14550[MAIN] Waiting for telemetry (GPS)...

[TELEM] Waiting for heartbeat...
[TELEM] Heartbeat OK
[MAIN] Telemetry ready: lat=28.4585785, lon=77.5057439, h=2.868
Loading model engine: yolo11n.engine
[SCOUT] Connecting to mavlink-router TCP 127.0.0.1:5760
[SCOUT] Connected
[TELEM] Connecting to MAVLink router UDP 14550[MAIN] Waiting for telemetry (GPS)...

[TELEM] Waiting for heartbeat...
[TELEM] Heartbeat OK
[MAIN] Telemetry ready: lat=28.4585759, lon=77.505756, h=2.764
Loading model engine: yolo11n.engine
[SCOUT] Connecting to mavlink-router TCP 127.0.0.1:5760
[SCOUT] Connected
[TELEM] Connecting to MAVLink router UDP 14550[MAIN] Waiting for telemetry (GPS)...

[TELEM] Waiting for heartbeat...
[TELEM] Heartbeat OK
[MAIN] Telemetry ready: lat=28.458575, lon=77.5057606, h=2.966
Loading model engine: yolo11n.engine
[SCOUT] Connecting to mavlink-router TCP 127.0.0.1:5760
[SCOUT] Connected
[TELEM] Connecting to MAVLink router UDP 14550[MAIN] Waiting for telemetry (GPS)...

[TELEM] Waiting for heartbeat...
[TELEM] Heartbeat OK
[MAIN] Telemetry ready: lat=28.4585791, lon=77.5057425, h=2.738
Loading model engine: yolo11n.engine
[SCOUT] Connecting to mavlink-router TCP 127.0.0.1:5760
[SCOUT] Connected
[TELEM] Connecting to MAVLink router UDP 14550[MAIN] Waiting for telemetry (GPS)...

[TELEM] Waiting for heartbeat...
[TELEM] Heartbeat OK
[MAIN] Telemetry ready: lat=28.4585841, lon=77.5057354, h=2.885
Loading model engine: yolo11n.engine
[SCOUT] Connecting to mavlink-router TCP 127.0.0.1:5760
[SCOUT] Connected
[TELEM] Connecting to MAVLink router UDP 14550
[TELEM] Waiting for heartbeat...[MAIN] Waiting for telemetry (GPS)...

[TELEM] Heartbeat OK
[MAIN] Telemetry ready: lat=28.4585833, lon=77.5057345, h=3.074
Loading model engine: yolo11n.engine
[SCOUT] Connecting to mavlink-router TCP 127.0.0.1:5760
[SCOUT] Connected
[TELEM] Connecting to MAVLink router UDP 14550[MAIN] Waiting for telemetry (GPS)...

[TELEM] Waiting for heartbeat...
[TELEM] Heartbeat OK
[MAIN] Telemetry ready: lat=28.458585, lon=77.5057267, h=2.741
Loading model engine: yolo11n.engine
[SCOUT] Connecting to mavlink-router TCP 127.0.0.1:5760
[SCOUT] Connected
[TELEM] Connecting to MAVLink router UDP 14550[MAIN] Waiting for telemetry (GPS)...

[TELEM] Waiting for heartbeat...
[TELEM] Heartbeat OK
[MAIN] Telemetry ready: lat=28.458586, lon=77.505729, h=3.028
Loading model engine: yolo11n.engine
[SCOUT] Connecting to mavlink-router TCP 127.0.0.1:5760
[SCOUT] Connected
[TELEM] Connecting to MAVLink router UDP 14550[MAIN] Waiting for telemetry (GPS)...

[TELEM] Waiting for heartbeat...
[TELEM] Heartbeat OK
[MAIN] Telemetry ready: lat=28.4585859, lon=77.505735, h=3.193
Loading model engine: yolo11n.engine
[SCOUT] Connecting to mavlink-router TCP 127.0.0.1:5760
[SCOUT] Connected
[TELEM] Connecting to MAVLink router UDP 14550[MAIN] Waiting for telemetry (GPS)...

[TELEM] Waiting for heartbeat...
[TELEM] Heartbeat OK
[MAIN] Telemetry ready: lat=28.4585832, lon=77.5057442, h=3.065
Loading model engine: yolo11n.engine
[SCOUT] Connecting to mavlink-router TCP 127.0.0.1:5760
[SCOUT] Connected
[TELEM] Connecting to MAVLink router UDP 14550[MAIN] Waiting for telemetry (GPS)...

[TELEM] Waiting for heartbeat...
[TELEM] Heartbeat OK
[MAIN] Telemetry ready: lat=28.4585773, lon=77.5057582, h=3.265
Loading model engine: yolo11n.engine
[SCOUT] Connecting to mavlink-router TCP 127.0.0.1:5760
[SCOUT] Connected
[TELEM] Connecting to MAVLink router UDP 14550[MAIN] Waiting for telemetry (GPS)...

[TELEM] Waiting for heartbeat...
[TELEM] Heartbeat OK
[MAIN] Telemetry ready: lat=28.458585, lon=77.5057548, h=3.201
Loading model engine: yolo11n.engine
[SCOUT] Connecting to mavlink-router TCP 127.0.0.1:5760
[SCOUT] Connected
[TELEM] Connecting to MAVLink router UDP 14550[MAIN] Waiting for telemetry (GPS)...

[TELEM] Waiting for heartbeat...
[TELEM] Heartbeat OK
[MAIN] Telemetry ready: lat=28.4585881, lon=77.5057546, h=3.127
Loading model engine: yolo11n.engine
[SCOUT] Connecting to mavlink-router TCP 127.0.0.1:5760
[SCOUT] Connected
[TELEM] Connecting to MAVLink router UDP 14550[MAIN] Waiting for telemetry (GPS)...

[TELEM] Waiting for heartbeat...
[TELEM] Heartbeat OK
[MAIN] Telemetry ready: lat=28.4585875, lon=77.5057586, h=3.076
Loading model engine: yolo11n.engine
[SCOUT] Connecting to mavlink-router TCP 127.0.0.1:5760
[SCOUT] Connected
[TELEM] Connecting to MAVLink router UDP 14550[MAIN] Waiting for telemetry (GPS)...

[TELEM] Waiting for heartbeat...
[TELEM] Heartbeat OK
[MAIN] Telemetry ready: lat=28.4585834, lon=77.5057635, h=3.32
Loading model engine: yolo11n.engine
[SCOUT] Connecting to mavlink-router TCP 127.0.0.1:5760
[SCOUT] Connected
[TELEM] Connecting to MAVLink router UDP 14550[MAIN] Waiting for telemetry (GPS)...

[TELEM] Waiting for heartbeat...
[TELEM] Heartbeat OK
[MAIN] Telemetry ready: lat=28.4585824, lon=77.5057649, h=3.365
Loading model engine: yolo11n.engine
[SCOUT] Connecting to mavlink-router TCP 127.0.0.1:5760
[SCOUT] Connected
[TELEM] Connecting to MAVLink router UDP 14550[MAIN] Waiting for telemetry (GPS)...

[TELEM] Waiting for heartbeat...
[TELEM] Heartbeat OK
[MAIN] Telemetry ready: lat=28.4585845, lon=77.505763, h=3.01
Loading model engine: yolo11n.engine
[SCOUT] Connecting to mavlink-router TCP 127.0.0.1:5760
[SCOUT] Connected
[TELEM] Connecting to MAVLink router UDP 14550[MAIN] Waiting for telemetry (GPS)...

[TELEM] Waiting for heartbeat...
[TELEM] Heartbeat OK
[MAIN] Telemetry ready: lat=28.4585913, lon=77.5057572, h=3.083
Loading model engine: yolo11n.engine
[SCOUT] Connecting to mavlink-router TCP 127.0.0.1:5760
[SCOUT] Connected
[TELEM] Connecting to MAVLink router UDP 14550[MAIN] Waiting for telemetry (GPS)...

[TELEM] Waiting for heartbeat...
[TELEM] Heartbeat OK
[MAIN] Telemetry ready: lat=28.4585894, lon=77.5057652, h=3.204
Loading model engine: yolo11n.engine
[SCOUT] Connecting to mavlink-router TCP 127.0.0.1:5760
[SCOUT] Connected
[TELEM] Connecting to MAVLink router UDP 14550[MAIN] Waiting for telemetry (GPS)...

[TELEM] Waiting for heartbeat...
[TELEM] Heartbeat OK
[MAIN] Telemetry ready: lat=28.4585845, lon=77.5057719, h=3.289
Loading model engine: yolo11n.engine
[SCOUT] Connecting to mavlink-router TCP 127.0.0.1:5760
[SCOUT] Connected
[TELEM] Connecting to MAVLink router UDP 14550[MAIN] Waiting for telemetry (GPS)...

[TELEM] Waiting for heartbeat...
[TELEM] Heartbeat OK
[MAIN] Telemetry ready: lat=28.4585654, lon=77.505812, h=3.464
Loading model engine: yolo11n.engine
[SCOUT] Connecting to mavlink-router TCP 127.0.0.1:5760
[SCOUT] Connected
[TELEM] Connecting to MAVLink router UDP 14550[MAIN] Waiting for telemetry (GPS)...

[TELEM] Waiting for heartbeat...
[TELEM] Heartbeat OK
[MAIN] Telemetry ready: lat=28.4585489, lon=77.505842, h=3.621
Loading model engine: yolo11n.engine
[SCOUT] Connecting to mavlink-router TCP 127.0.0.1:5760
[SCOUT] Connected
[TELEM] Connecting to MAVLink router UDP 14550[MAIN] Waiting for telemetry (GPS)...

[TELEM] Waiting for heartbeat...
[TELEM] Heartbeat OK
[MAIN] Telemetry ready: lat=28.4585454, lon=77.5058467, h=3.371
Loading model engine: yolo11n.engine
[SCOUT] Connecting to mavlink-router TCP 127.0.0.1:5760
[SCOUT] Connected
[TELEM] Connecting to MAVLink router UDP 14550[MAIN] Waiting for telemetry (GPS)...

[TELEM] Waiting for heartbeat...
[TELEM] Heartbeat OK
[MAIN] Telemetry ready: lat=28.4585478, lon=77.5058368, h=3.571
Loading model engine: yolo11n.engine
[SCOUT] Connecting to mavlink-router TCP 127.0.0.1:5760
[SCOUT] Connected
[TELEM] Connecting to MAVLink router UDP 14550[MAIN] Waiting for telemetry (GPS)...

[TELEM] Waiting for heartbeat...
[TELEM] Heartbeat OK
[MAIN] Telemetry ready: lat=28.4585446, lon=77.5058405, h=3.606
Loading model engine: yolo11n.engine
[SCOUT] Connecting to mavlink-router TCP 127.0.0.1:5760
[SCOUT] Connected
[TELEM] Connecting to MAVLink router UDP 14550[MAIN] Waiting for telemetry (GPS)...

[TELEM] Waiting for heartbeat...
[TELEM] Heartbeat OK
[MAIN] Telemetry ready: lat=28.4585442, lon=77.5058401, h=3.131
Loading model engine: yolo11n.engine
[SCOUT] Connecting to mavlink-router TCP 127.0.0.1:5760
[SCOUT] Connected
[MAIN] Waiting for telemetry (GPS)...
[TELEM] Connecting to MAVLink router UDP 14550
[TELEM] Waiting for heartbeat...
[TELEM] Heartbeat OK
[MAIN] Telemetry ready: lat=28.4585345, lon=77.5058501, h=3.709
Loading model engine: yolo11n.engine
[SCOUT] Connecting to mavlink-router TCP 127.0.0.1:5760
[SCOUT] Connected
[TELEM] Connecting to MAVLink router UDP 14550[MAIN] Waiting for telemetry (GPS)...

[TELEM] Waiting for heartbeat...
[TELEM] Heartbeat OK
[MAIN] Telemetry ready: lat=28.4585366, lon=77.5058454, h=3.501
Loading model engine: yolo11n.engine
[SCOUT] Connecting to mavlink-router TCP 127.0.0.1:5760
[SCOUT] Connected
[TELEM] Connecting to MAVLink router UDP 14550[MAIN] Waiting for telemetry (GPS)...

[TELEM] Waiting for heartbeat...
[TELEM] Heartbeat OK
[MAIN] Telemetry ready: lat=28.4585819, lon=77.5057384, h=2.658
Loading model engine: yolo11n.engine
[SCOUT] Connecting to mavlink-router TCP 127.0.0.1:5760
[SCOUT] Connected
[TELEM] Connecting to MAVLink router UDP 14550[MAIN] Waiting for telemetry (GPS)...

[TELEM] Waiting for heartbeat...
[TELEM] Heartbeat OK
[MAIN] Telemetry ready: lat=28.4586199, lon=77.5056057, h=3.067
Loading model engine: yolo11n.engine
[SCOUT] Connecting to mavlink-router TCP 127.0.0.1:5760
[SCOUT] Connected
[TELEM] Connecting to MAVLink router UDP 14550[MAIN] Waiting for telemetry (GPS)...

[TELEM] Waiting for heartbeat...
[TELEM] Heartbeat OK
[MAIN] Telemetry ready: lat=28.4586399, lon=77.5055654, h=2.796
Loading model engine: yolo11n.engine
[SCOUT] Connecting to mavlink-router TCP 127.0.0.1:5760
[SCOUT] Connected
[TELEM] Connecting to MAVLink router UDP 14550[MAIN] Waiting for telemetry (GPS)...

[TELEM] Waiting for heartbeat...
[TELEM] Heartbeat OK
[MAIN] Telemetry ready: lat=28.4586178, lon=77.5056757, h=3.915
Loading model engine: yolo11n.engine
[SCOUT] Connecting to mavlink-router TCP 127.0.0.1:5760
[SCOUT] Connected
[TELEM] Connecting to MAVLink router UDP 14550[MAIN] Waiting for telemetry (GPS)...

[TELEM] Waiting for heartbeat...
[TELEM] Heartbeat OK
[MAIN] Telemetry ready: lat=28.458594, lon=77.5057375, h=4.169
Loading model engine: yolo11n.engine
[SCOUT] Connecting to mavlink-router TCP 127.0.0.1:5760
[SCOUT] Connected
[TELEM] Connecting to MAVLink router UDP 14550[MAIN] Waiting for telemetry (GPS)...

[TELEM] Waiting for heartbeat...
[TELEM] Heartbeat OK
[MAIN] Telemetry ready: lat=28.458719, lon=77.5053178, h=3.263
Loading model engine: yolo11n.engine
[SCOUT] Connecting to mavlink-router TCP 127.0.0.1:5760
[SCOUT] Connected
[TELEM] Connecting to MAVLink router UDP 14550[MAIN] Waiting for telemetry (GPS)...

[TELEM] Waiting for heartbeat...
[TELEM] Heartbeat OK
[MAIN] Telemetry ready: lat=28.458851, lon=77.5046781, h=4.2
Loading model engine: yolo11n.engine
[SCOUT] Connecting to mavlink-router TCP 127.0.0.1:5760
[SCOUT] Connected
[TELEM] Connecting to MAVLink router UDP 14550[MAIN] Waiting for telemetry (GPS)...

[TELEM] Waiting for heartbeat...
[TELEM] Heartbeat OK
[MAIN] Telemetry ready: lat=28.4585993, lon=77.5056297, h=1.875
Loading model engine: yolo11n.engine
[SCOUT] Connecting to mavlink-router TCP 127.0.0.1:5760
[SCOUT] Connected
[TELEM] Connecting to MAVLink router UDP 14550[MAIN] Waiting for telemetry (GPS)...

[TELEM] Waiting for heartbeat...
[TELEM] Heartbeat OK
[MAIN] Telemetry ready: lat=28.4586026, lon=77.5056361, h=3.082
Loading model engine: yolo11n.engine
[SCOUT] Connecting to mavlink-router TCP 127.0.0.1:5760
[SCOUT] Connected
[TELEM] Connecting to MAVLink router UDP 14550[MAIN] Waiting for telemetry (GPS)...

[TELEM] Waiting for heartbeat...
[TELEM] Heartbeat OK
[MAIN] Telemetry ready: lat=28.4585958, lon=77.5056637, h=3.699
Loading model engine: yolo11n.engine
[SCOUT] Connecting to mavlink-router TCP 127.0.0.1:5760
[SCOUT] Connected
[TELEM] Connecting to MAVLink router UDP 14550[MAIN] Waiting for telemetry (GPS)...

[TELEM] Waiting for heartbeat...
[TELEM] Heartbeat OK
[MAIN] Telemetry ready: lat=28.4585872, lon=77.5057177, h=3.939
Loading model engine: yolo11n.engine
[SCOUT] Connecting to mavlink-router TCP 127.0.0.1:5760
[SCOUT] Connected
[TELEM] Connecting to MAVLink router UDP 14550[MAIN] Waiting for telemetry (GPS)...

[TELEM] Waiting for heartbeat...
[TELEM] Heartbeat OK
[MAIN] Telemetry ready: lat=28.4585746, lon=77.5057503, h=3.962
Loading model engine: yolo11n.engine
[SCOUT] Connecting to mavlink-router TCP 127.0.0.1:5760
[SCOUT] Connected
[TELEM] Connecting to MAVLink router UDP 14550[MAIN] Waiting for telemetry (GPS)...

[TELEM] Waiting for heartbeat...
[TELEM] Heartbeat OK
[MAIN] Telemetry ready: lat=28.4585679, lon=77.5057628, h=3.616
Loading model engine: yolo11n.engine
[SCOUT] Connecting to mavlink-router TCP 127.0.0.1:5760
[SCOUT] Connected
[TELEM] Connecting to MAVLink router UDP 14550[MAIN] Waiting for telemetry (GPS)...

[TELEM] Waiting for heartbeat...
[TELEM] Heartbeat OK
[MAIN] Telemetry ready: lat=28.4585568, lon=77.505798, h=3.857
Loading model engine: yolo11n.engine
[SCOUT] Connecting to mavlink-router TCP 127.0.0.1:5760
[SCOUT] Connected
[TELEM] Connecting to MAVLink router UDP 14550[MAIN] Waiting for telemetry (GPS)...

[TELEM] Waiting for heartbeat...
[TELEM] Heartbeat OK
[MAIN] Telemetry ready: lat=28.4585575, lon=77.5057939, h=3.82
Loading model engine: yolo11n.engine
[SCOUT] Connecting to mavlink-router TCP 127.0.0.1:5760
[SCOUT] Connected
[TELEM] Connecting to MAVLink router UDP 14550[MAIN] Waiting for telemetry (GPS)...

[TELEM] Waiting for heartbeat...
[TELEM] Heartbeat OK
[MAIN] Telemetry ready: lat=28.4585608, lon=77.5057636, h=3.689
Loading model engine: yolo11n.engine
[SCOUT] Connecting to mavlink-router TCP 127.0.0.1:5760
[SCOUT] Connected
[TELEM] Connecting to MAVLink router UDP 14550[MAIN] Waiting for telemetry (GPS)...

[TELEM] Waiting for heartbeat...
[TELEM] Heartbeat OK
[MAIN] Telemetry ready: lat=28.4585638, lon=77.5057499, h=3.806
Loading model engine: yolo11n.engine
[SCOUT] Connecting to mavlink-router TCP 127.0.0.1:5760
[SCOUT] Connected
[TELEM] Connecting to MAVLink router UDP 14550[MAIN] Waiting for telemetry (GPS)...

[TELEM] Waiting for heartbeat...
[TELEM] Heartbeat OK
[MAIN] Telemetry ready: lat=28.4585708, lon=77.5057419, h=3.876
Loading model engine: yolo11n.engine
[SCOUT] Connecting to mavlink-router TCP 127.0.0.1:5760
[SCOUT] Connected
[TELEM] Connecting to MAVLink router UDP 14550[MAIN] Waiting for telemetry (GPS)...

[TELEM] Waiting for heartbeat...
[TELEM] Heartbeat OK
[MAIN] Telemetry ready: lat=28.4585679, lon=77.5057538, h=3.633
Loading model engine: yolo11n.engine
[SCOUT] Connecting to mavlink-router TCP 127.0.0.1:5760
[SCOUT] Connected
[TELEM] Connecting to MAVLink router UDP 14550[MAIN] Waiting for telemetry (GPS)...

[TELEM] Waiting for heartbeat...
[TELEM] Heartbeat OK
[MAIN] Telemetry ready: lat=28.4585631, lon=77.5057577, h=3.982
Loading model engine: yolo11n.engine
[SCOUT] Connecting to mavlink-router TCP 127.0.0.1:5760
[SCOUT] Connected
[TELEM] Connecting to MAVLink router UDP 14550[MAIN] Waiting for telemetry (GPS)...

[TELEM] Waiting for heartbeat...
[TELEM] Heartbeat OK
[MAIN] Telemetry ready: lat=28.4585536, lon=77.5057715, h=4.141
Loading model engine: yolo11n.engine
[SCOUT] Connecting to mavlink-router TCP 127.0.0.1:5760
[SCOUT] Connected
[TELEM] Connecting to MAVLink router UDP 14550[MAIN] Waiting for telemetry (GPS)...

[TELEM] Waiting for heartbeat...
[TELEM] Heartbeat OK
[MAIN] Telemetry ready: lat=28.4585522, lon=77.5057846, h=3.809
Loading model engine: yolo11n.engine
[SCOUT] Connecting to mavlink-router TCP 127.0.0.1:5760
[SCOUT] Connected
[TELEM] Connecting to MAVLink router UDP 14550[MAIN] Waiting for telemetry (GPS)...

[TELEM] Waiting for heartbeat...
[TELEM] Heartbeat OK
[MAIN] Telemetry ready: lat=28.4585513, lon=77.5057905, h=3.738
Loading model engine: yolo11n.engine
[SCOUT] Connecting to mavlink-router TCP 127.0.0.1:5760
[SCOUT] Connected
[TELEM] Connecting to MAVLink router UDP 14550[MAIN] Waiting for telemetry (GPS)...

[TELEM] Waiting for heartbeat...
[TELEM] Heartbeat OK
[MAIN] Telemetry ready: lat=28.4585532, lon=77.5057922, h=3.783
Loading model engine: yolo11n.engine
[SCOUT] Connecting to mavlink-router TCP 127.0.0.1:5760
[SCOUT] Connected
[TELEM] Connecting to MAVLink router UDP 14550[MAIN] Waiting for telemetry (GPS)...

[TELEM] Waiting for heartbeat...
[TELEM] Heartbeat OK
[MAIN] Telemetry ready: lat=28.4585531, lon=77.5057995, h=3.658
Loading model engine: yolo11n.engine
[SCOUT] Connecting to mavlink-router TCP 127.0.0.1:5760
[SCOUT] Connected
[TELEM] Connecting to MAVLink router UDP 14550[MAIN] Waiting for telemetry (GPS)...

[TELEM] Waiting for heartbeat...
[TELEM] Heartbeat OK
[MAIN] Telemetry ready: lat=28.458549, lon=77.5058212, h=3.896
Loading model engine: yolo11n.engine
[SCOUT] Connecting to mavlink-router TCP 127.0.0.1:5760
[SCOUT] Connected
[TELEM] Connecting to MAVLink router UDP 14550[MAIN] Waiting for telemetry (GPS)...

[TELEM] Waiting for heartbeat...
[TELEM] Heartbeat OK
[MAIN] Telemetry ready: lat=28.4585487, lon=77.5058304, h=4.238
Loading model engine: yolo11n.engine
[SCOUT] Connecting to mavlink-router TCP 127.0.0.1:5760
[SCOUT] Connected
[TELEM] Connecting to MAVLink router UDP 14550[MAIN] Waiting for telemetry (GPS)...

[TELEM] Waiting for heartbeat...
[TELEM] Heartbeat OK
[MAIN] Telemetry ready: lat=28.4585482, lon=77.5058174, h=3.752
Loading model engine: yolo11n.engine
[SCOUT] Connecting to mavlink-router TCP 127.0.0.1:5760
[SCOUT] Connected
[TELEM] Connecting to MAVLink router UDP 14550[MAIN] Waiting for telemetry (GPS)...

[TELEM] Waiting for heartbeat...
[TELEM] Heartbeat OK
[MAIN] Telemetry ready: lat=28.4585529, lon=77.5057948, h=3.861
Loading model engine: yolo11n.engine
[SCOUT] Connecting to mavlink-router TCP 127.0.0.1:5760
[SCOUT] Connected
[TELEM] Connecting to MAVLink router UDP 14550[MAIN] Waiting for telemetry (GPS)...

[TELEM] Waiting for heartbeat...
[TELEM] Heartbeat OK
[MAIN] Telemetry ready: lat=28.4585471, lon=77.5057753, h=3.872
Loading model engine: best.engine
[SCOUT] Connecting to mavlink-router TCP 127.0.0.1:5760
[SCOUT] Connected
[TELEM] Connecting to MAVLink router UDP 14550[MAIN] Waiting for telemetry (GPS)...

[TELEM] Waiting for heartbeat...
[TELEM] Heartbeat OK
[MAIN] Telemetry ready: lat=28.4585532, lon=77.5057579, h=3.664
Loading model engine: best.engine
[SCOUT] Connecting to mavlink-router TCP 127.0.0.1:5760
[SCOUT] Connected
[TELEM] Connecting to MAVLink router UDP 14550[MAIN] Waiting for telemetry (GPS)...

[TELEM] Waiting for heartbeat...
[TELEM] Heartbeat OK
[MAIN] Telemetry ready: lat=28.458558, lon=77.5057606, h=4.1
Loading model engine: best.engine
[SCOUT] Connecting to mavlink-router TCP 127.0.0.1:5760
[SCOUT] Connected
[TELEM] Connecting to MAVLink router UDP 14550[MAIN] Waiting for telemetry (GPS)...

[TELEM] Waiting for heartbeat...
[TELEM] Heartbeat OK
[MAIN] Telemetry ready: lat=28.4585618, lon=77.5057638, h=3.895
Loading model engine: best.engine
[SCOUT] Connecting to mavlink-router TCP 127.0.0.1:5760
[SCOUT] Connected
[TELEM] Connecting to MAVLink router UDP 14550[MAIN] Waiting for telemetry (GPS)...

[TELEM] Waiting for heartbeat...
[TELEM] Heartbeat OK
[MAIN] Telemetry ready: lat=28.4585609, lon=77.5057743, h=3.909
Loading model engine: best.engine
[SCOUT] Connecting to mavlink-router TCP 127.0.0.1:5760
[SCOUT] Connected
[TELEM] Connecting to MAVLink router UDP 14550[MAIN] Waiting for telemetry (GPS)...

[TELEM] Waiting for heartbeat...
[TELEM] Heartbeat OK
[MAIN] Telemetry ready: lat=28.4585614, lon=77.5057722, h=3.805
Loading model engine: best.engine
[SCOUT] Connecting to mavlink-router TCP 127.0.0.1:5760
[SCOUT] Connected
[TELEM] Connecting to MAVLink router UDP 14550[MAIN] Waiting for telemetry (GPS)...

[TELEM] Waiting for heartbeat...
[TELEM] Heartbeat OK
[MAIN] Telemetry ready: lat=28.4585558, lon=77.5057937, h=3.923
Loading model engine: best.engine
[SCOUT] Connecting to mavlink-router TCP 127.0.0.1:5760
[SCOUT] Connected
[TELEM] Connecting to MAVLink router UDP 14550[MAIN] Waiting for telemetry (GPS)...

[TELEM] Waiting for heartbeat...
[TELEM] Heartbeat OK
[MAIN] Telemetry ready: lat=28.4585504, lon=77.5058048, h=3.878
Loading model engine: best.engine
[SCOUT] Connecting to mavlink-router TCP 127.0.0.1:5760
[SCOUT] Connected
[TELEM] Connecting to MAVLink router UDP 14550[MAIN] Waiting for telemetry (GPS)...

[TELEM] Waiting for heartbeat...
[TELEM] Heartbeat OK
[MAIN] Telemetry ready: lat=28.4585598, lon=77.5057876, h=3.688
Loading model engine: best.engine
[SCOUT] Connecting to mavlink-router TCP 127.0.0.1:5760
[SCOUT] Connected
[TELEM] Connecting to MAVLink router UDP 14550[MAIN] Waiting for telemetry (GPS)...

[TELEM] Waiting for heartbeat...
[TELEM] Heartbeat OK
[MAIN] Telemetry ready: lat=28.4585583, lon=77.5057841, h=4.049
Loading model engine: best.engine
[SCOUT] Connecting to mavlink-router TCP 127.0.0.1:5760
[SCOUT] Connected
[TELEM] Connecting to MAVLink router UDP 14550[MAIN] Waiting for telemetry (GPS)...

[TELEM] Waiting for heartbeat...
[TELEM] Heartbeat OK
[MAIN] Telemetry ready: lat=28.4585585, lon=77.5057672, h=3.999
Loading model engine: best.engine
[SCOUT] Connecting to mavlink-router TCP 127.0.0.1:5760
[SCOUT] Connected
[TELEM] Connecting to MAVLink router UDP 14550[MAIN] Waiting for telemetry (GPS)...

[TELEM] Waiting for heartbeat...
[TELEM] Heartbeat OK
[MAIN] Telemetry ready: lat=28.4585563, lon=77.5057669, h=4.1
Loading model engine: best.engine
[SCOUT] Connecting to mavlink-router TCP 127.0.0.1:5760
[SCOUT] Connected
[TELEM] Connecting to MAVLink router UDP 14550[MAIN] Waiting for telemetry (GPS)...

[TELEM] Waiting for heartbeat...
[TELEM] Heartbeat OK
[MAIN] Telemetry ready: lat=28.4585479, lon=77.5057753, h=4.042
Loading model engine: best.engine
[SCOUT] Connecting to mavlink-router TCP 127.0.0.1:5760
[SCOUT] Connected
[TELEM] Connecting to MAVLink router UDP 14550[MAIN] Waiting for telemetry (GPS)...

[TELEM] Waiting for heartbeat...
[TELEM] Heartbeat OK
[MAIN] Telemetry ready: lat=28.4585484, lon=77.505769, h=4.123
Loading model engine: best.engine
[SCOUT] Connecting to mavlink-router TCP 127.0.0.1:5760
[SCOUT] Connected
[TELEM] Connecting to MAVLink router UDP 14550[MAIN] Waiting for telemetry (GPS)...

[TELEM] Waiting for heartbeat...
[TELEM] Heartbeat OK
[MAIN] Telemetry ready: lat=28.4585563, lon=77.5057622, h=4.125
Loading model engine: yolo11n.engine
[SCOUT] Connecting to mavlink-router TCP 127.0.0.1:5760
[SCOUT] Connected
[TELEM] Connecting to MAVLink router UDP 14550[MAIN] Waiting for telemetry (GPS)...

[TELEM] Waiting for heartbeat...
[TELEM] Heartbeat OK
[MAIN] Telemetry ready: lat=28.4585617, lon=77.5057517, h=4.19
Loading model engine: yolo11n.engine
[SCOUT] Connecting to mavlink-router TCP 127.0.0.1:5760
[SCOUT] Connected
[TELEM] Connecting to MAVLink router UDP 14550[MAIN] Waiting for telemetry (GPS)...

[TELEM] Waiting for heartbeat...
[TELEM] Heartbeat OK
[MAIN] Telemetry ready: lat=28.4585626, lon=77.5057502, h=4.227
Loading model engine: yolo11n.engine
[SCOUT] Connecting to mavlink-router TCP 127.0.0.1:5760
[SCOUT] Connected
[TELEM] Connecting to MAVLink router UDP 14550[MAIN] Waiting for telemetry (GPS)...

[TELEM] Waiting for heartbeat...
[TELEM] Heartbeat OK
[MAIN] Telemetry ready: lat=28.4585629, lon=77.5057632, h=4.426
Loading model engine: yolo11n.engine
[SCOUT] Connecting to mavlink-router TCP 127.0.0.1:5760
[SCOUT] Connected
[TELEM] Connecting to MAVLink router UDP 14550[MAIN] Waiting for telemetry (GPS)...

[TELEM] Waiting for heartbeat...
[TELEM] Heartbeat OK
[MAIN] Telemetry ready: lat=28.4585587, lon=77.5057762, h=4.452
Loading model engine: yolo11n.engine
[SCOUT] Connecting to mavlink-router TCP 127.0.0.1:5760
[SCOUT] Connected
[TELEM] Connecting to MAVLink router UDP 14550[MAIN] Waiting for telemetry (GPS)...

[TELEM] Waiting for heartbeat...
[TELEM] Heartbeat OK
[MAIN] Telemetry ready: lat=28.4585626, lon=77.5057946, h=4.538
Loading model engine: yolo11n.engine
[SCOUT] Connecting to mavlink-router TCP 127.0.0.1:5760
[SCOUT] Connected
[TELEM] Connecting to MAVLink router UDP 14550[MAIN] Waiting for telemetry (GPS)...

[TELEM] Waiting for heartbeat...
[TELEM] Heartbeat OK
[MAIN] Telemetry ready: lat=28.4585781, lon=77.50577, h=4.053
Loading model engine: yolo11n.engine
[SCOUT] Connecting to mavlink-router TCP 127.0.0.1:5760
[SCOUT] Connected
[TELEM] Connecting to MAVLink router UDP 14550[MAIN] Waiting for telemetry (GPS)...

[TELEM] Waiting for heartbeat...
[TELEM] Heartbeat OK
[MAIN] Telemetry ready: lat=28.4585677, lon=77.505772, h=4.509
Loading model engine: yolo11n.engine
[SCOUT] Connecting to mavlink-router TCP 127.0.0.1:5760
[SCOUT] Connected
[TELEM] Connecting to MAVLink router UDP 14550[MAIN] Waiting for telemetry (GPS)...

[TELEM] Waiting for heartbeat...
[TELEM] Heartbeat OK
[MAIN] Telemetry ready: lat=28.4585547, lon=77.505786, h=4.295
Loading model engine: best.engine
[SCOUT] Connecting to mavlink-router TCP 127.0.0.1:5760
[SCOUT] Connected
[TELEM] Connecting to MAVLink router UDP 14550[MAIN] Waiting for telemetry (GPS)...

[TELEM] Waiting for heartbeat...
[TELEM] Heartbeat OK
[MAIN] Telemetry ready: lat=28.4585436, lon=77.5057975, h=4.333
Loading model engine: best.engine
[SCOUT] Connecting to mavlink-router TCP 127.0.0.1:5760
[SCOUT] Connected
[TELEM] Connecting to MAVLink router UDP 14550[MAIN] Waiting for telemetry (GPS)...

[TELEM] Waiting for heartbeat...
[TELEM] Heartbeat OK
[MAIN] Telemetry ready: lat=28.4585396, lon=77.5057981, h=4.37
Loading model engine: best.engine
[SCOUT] Connecting to mavlink-router TCP 127.0.0.1:5760
[SCOUT] Connected
[TELEM] Connecting to MAVLink router UDP 14550[MAIN] Waiting for telemetry (GPS)...

[TELEM] Waiting for heartbeat...
[TELEM] Heartbeat OK
[MAIN] Telemetry ready: lat=28.4585436, lon=77.5057821, h=4.394
Loading model engine: best.engine
[SCOUT] Connecting to mavlink-router TCP 127.0.0.1:5760
[SCOUT] Connected
[TELEM] Connecting to MAVLink router UDP 14550[MAIN] Waiting for telemetry (GPS)...

[TELEM] Waiting for heartbeat...
[TELEM] Heartbeat OK
[MAIN] Telemetry ready: lat=28.4585402, lon=77.5057946, h=4.412
Loading model engine: best.engine
[SCOUT] Connecting to mavlink-router TCP 127.0.0.1:5760
[SCOUT] Connected
[TELEM] Connecting to MAVLink router UDP 14550[MAIN] Waiting for telemetry (GPS)...

[TELEM] Waiting for heartbeat...
[TELEM] Heartbeat OK
[MAIN] Telemetry ready: lat=28.4585337, lon=77.5058296, h=4.659
Loading model engine: best.engine
[SCOUT] Connecting to mavlink-router TCP 127.0.0.1:5760
[SCOUT] Connected
[TELEM] Connecting to MAVLink router UDP 14550[MAIN] Waiting for telemetry (GPS)...

[TELEM] Waiting for heartbeat...
[TELEM] Heartbeat OK
[MAIN] Telemetry ready: lat=28.4585186, lon=77.5058757, h=4.718
Loading model engine: best.engine
[SCOUT] Connecting to mavlink-router TCP 127.0.0.1:5760
[SCOUT] Connected
[TELEM] Connecting to MAVLink router UDP 14550[MAIN] Waiting for telemetry (GPS)...

[TELEM] Waiting for heartbeat...
[TELEM] Heartbeat OK
[MAIN] Telemetry ready: lat=28.4585107, lon=77.5058838, h=4.263
Loading model engine: best.engine
[SCOUT] Connecting to mavlink-router TCP 127.0.0.1:5760
[SCOUT] Connected
[TELEM] Connecting to MAVLink router UDP 14550[MAIN] Waiting for telemetry (GPS)...

[TELEM] Waiting for heartbeat...
[TELEM] Heartbeat OK
[MAIN] Telemetry ready: lat=28.4585201, lon=77.5058417, h=4.174
Loading model engine: best.engine
[SCOUT] Connecting to mavlink-router TCP 127.0.0.1:5760
[SCOUT] Connected
[TELEM] Connecting to MAVLink router UDP 14550[MAIN] Waiting for telemetry (GPS)...

[TELEM] Waiting for heartbeat...
[TELEM] Heartbeat OK
[MAIN] Telemetry ready: lat=28.458525, lon=77.5058261, h=4.383
Loading model engine: best.engine
[SCOUT] Connecting to mavlink-router TCP 127.0.0.1:5760
[SCOUT] Connected
[TELEM] Connecting to MAVLink router UDP 14550[MAIN] Waiting for telemetry (GPS)...

[TELEM] Waiting for heartbeat...
[TELEM] Heartbeat OK
[MAIN] Telemetry ready: lat=28.4585305, lon=77.5058052, h=4.366
Loading model engine: best.engine
[SCOUT] Connecting to mavlink-router TCP 127.0.0.1:5760
[SCOUT] Connected
[TELEM] Connecting to MAVLink router UDP 14550[MAIN] Waiting for telemetry (GPS)...

[TELEM] Waiting for heartbeat...
[TELEM] Heartbeat OK
[MAIN] Telemetry ready: lat=28.4585494, lon=77.5057728, h=4.286
Loading model engine: best.engine
[SCOUT] Connecting to mavlink-router TCP 127.0.0.1:5760
[SCOUT] Connected
[TELEM] Connecting to MAVLink router UDP 14550[MAIN] Waiting for telemetry (GPS)...

[TELEM] Waiting for heartbeat...
[TELEM] Heartbeat OK
[MAIN] Telemetry ready: lat=28.4585612, lon=77.5057481, h=4.534
Loading model engine: best.engine
[SCOUT] Connecting to mavlink-router TCP 127.0.0.1:5760
[SCOUT] Connected
[TELEM] Connecting to MAVLink router UDP 14550[MAIN] Waiting for telemetry (GPS)...

[TELEM] Waiting for heartbeat...
[TELEM] Heartbeat OK
[MAIN] Telemetry ready: lat=28.4585649, lon=77.5057446, h=4.627
Loading model engine: best.engine
[SCOUT] Connecting to mavlink-router TCP 127.0.0.1:5760
[SCOUT] Connected
[TELEM] Connecting to MAVLink router UDP 14550[MAIN] Waiting for telemetry (GPS)...

[TELEM] Waiting for heartbeat...
[TELEM] Heartbeat OK
[MAIN] Telemetry ready: lat=28.458575, lon=77.5057203, h=4.485
Loading model engine: best.engine
[SCOUT] Connecting to mavlink-router TCP 127.0.0.1:5760
[SCOUT] Connected
[TELEM] Connecting to MAVLink router UDP 14550[MAIN] Waiting for telemetry (GPS)...

[TELEM] Waiting for heartbeat...
[TELEM] Heartbeat OK
[MAIN] Telemetry ready: lat=28.4585793, lon=77.5057058, h=4.754
Loading model engine: best.engine
[SCOUT] Connecting to mavlink-router TCP 127.0.0.1:5760
[SCOUT] Connected
[TELEM] Connecting to MAVLink router UDP 14550[MAIN] Waiting for telemetry (GPS)...

[TELEM] Waiting for heartbeat...
[TELEM] Heartbeat OK
[MAIN] Telemetry ready: lat=28.4585773, lon=77.505715, h=4.586
Loading model engine: best.engine
[SCOUT] Connecting to mavlink-router TCP 127.0.0.1:5760
[SCOUT] Connected
[TELEM] Connecting to MAVLink router UDP 14550[MAIN] Waiting for telemetry (GPS)...

[TELEM] Waiting for heartbeat...
[TELEM] Heartbeat OK
[MAIN] Telemetry ready: lat=28.45858, lon=77.5057145, h=4.465
Loading model engine: best.engine
[SCOUT] Connecting to mavlink-router TCP 127.0.0.1:5760
[SCOUT] Connected
[TELEM] Connecting to MAVLink router UDP 14550[MAIN] Waiting for telemetry (GPS)...

[TELEM] Waiting for heartbeat...
[TELEM] Heartbeat OK
[MAIN] Telemetry ready: lat=28.4585803, lon=77.5057305, h=4.829
Loading model engine: best.engine
[SCOUT] Connecting to mavlink-router TCP 127.0.0.1:5760
[SCOUT] Connected
[TELEM] Connecting to MAVLink router UDP 14550[MAIN] Waiting for telemetry (GPS)...

[TELEM] Waiting for heartbeat...
[TELEM] Heartbeat OK
[MAIN] Telemetry ready: lat=28.4585827, lon=77.5057426, h=4.984
Loading model engine: best.engine
[SCOUT] Connecting to mavlink-router TCP 127.0.0.1:5760
[SCOUT] Connected
[TELEM] Connecting to MAVLink router UDP 14550[MAIN] Waiting for telemetry (GPS)...

[TELEM] Waiting for heartbeat...
[TELEM] Heartbeat OK
[MAIN] Telemetry ready: lat=28.4585839, lon=77.5057478, h=4.665
Loading model engine: best.engine
[SCOUT] Connecting to mavlink-router TCP 127.0.0.1:5760
[SCOUT] Connected
[TELEM] Connecting to MAVLink router UDP 14550[MAIN] Waiting for telemetry (GPS)...

[TELEM] Waiting for heartbeat...
[TELEM] Heartbeat OK
[MAIN] Telemetry ready: lat=28.4585841, lon=77.5057538, h=4.781
Loading model engine: best.engine
[SCOUT] Connecting to mavlink-router TCP 127.0.0.1:5760
[SCOUT] Connected
[TELEM] Connecting to MAVLink router UDP 14550[MAIN] Waiting for telemetry (GPS)...

[TELEM] Waiting for heartbeat...
[TELEM] Heartbeat OK
[MAIN] Telemetry ready: lat=28.4585826, lon=77.5057509, h=4.921
Loading model engine: best.engine
[SCOUT] Connecting to mavlink-router TCP 127.0.0.1:5760
[SCOUT] Connected
[TELEM] Connecting to MAVLink router UDP 14550
[MAIN] Waiting for telemetry (GPS)...[TELEM] Waiting for heartbeat...

[TELEM] Heartbeat OK
[MAIN] Telemetry ready: lat=28.4585868, lon=77.5057319, h=4.497
Loading model engine: best.engine
[SCOUT] Connecting to mavlink-router TCP 127.0.0.1:5760
[SCOUT] Connected
[TELEM] Connecting to MAVLink router UDP 14550[MAIN] Waiting for telemetry (GPS)...

[TELEM] Waiting for heartbeat...
[TELEM] Heartbeat OK
[MAIN] Telemetry ready: lat=28.4585828, lon=77.5057229, h=4.872
Loading model engine: best.engine
[SCOUT] Connecting to mavlink-router TCP 127.0.0.1:5760
[SCOUT] Connected
[TELEM] Connecting to MAVLink router UDP 14550[MAIN] Waiting for telemetry (GPS)...

[TELEM] Waiting for heartbeat...
[TELEM] Heartbeat OK
[MAIN] Telemetry ready: lat=28.4585826, lon=77.5057213, h=4.91
Loading model engine: best.engine
[SCOUT] Connecting to mavlink-router TCP 127.0.0.1:5760
[SCOUT] Connected
[TELEM] Connecting to MAVLink router UDP 14550
[MAIN] Waiting for telemetry (GPS)...
[TELEM] Waiting for heartbeat...
[TELEM] Heartbeat OK
[MAIN] Telemetry ready: lat=28.4585795, lon=77.5057176, h=4.84
Loading model engine: best.engine
[SCOUT] Connecting to mavlink-router TCP 127.0.0.1:5760
[SCOUT] Connected
[TELEM] Connecting to MAVLink router UDP 14550[MAIN] Waiting for telemetry (GPS)...

[TELEM] Waiting for heartbeat...
[TELEM] Heartbeat OK
[MAIN] Telemetry ready: lat=28.4585768, lon=77.5057153, h=4.701
Loading model engine: best.engine
[SCOUT] Connecting to mavlink-router TCP 127.0.0.1:5760
[SCOUT] Connected
[TELEM] Connecting to MAVLink router UDP 14550[MAIN] Waiting for telemetry (GPS)...

[TELEM] Waiting for heartbeat...
[TELEM] Heartbeat OK
[MAIN] Telemetry ready: lat=28.4585648, lon=77.5057341, h=4.719
Loading model engine: best.engine
[SCOUT] Connecting to mavlink-router TCP 127.0.0.1:5760
[SCOUT] Connected
[TELEM] Connecting to MAVLink router UDP 14550[MAIN] Waiting for telemetry (GPS)...

[TELEM] Waiting for heartbeat...
[TELEM] Heartbeat OK
[MAIN] Telemetry ready: lat=28.4585574, lon=77.5057556, h=4.749
Loading model engine: best.engine
[SCOUT] Connecting to mavlink-router TCP 127.0.0.1:5760
[SCOUT] Connected
[TELEM] Connecting to MAVLink router UDP 14550[MAIN] Waiting for telemetry (GPS)...

[TELEM] Waiting for heartbeat...
[TELEM] Heartbeat OK
[MAIN] Telemetry ready: lat=28.4585561, lon=77.505766, h=4.961
Loading model engine: best.engine
[SCOUT] Connecting to mavlink-router TCP 127.0.0.1:5760
[SCOUT] Connected
[TELEM] Connecting to MAVLink router UDP 14550[MAIN] Waiting for telemetry (GPS)...

[TELEM] Waiting for heartbeat...
[TELEM] Heartbeat OK
[MAIN] Telemetry ready: lat=28.458559, lon=77.5057652, h=4.934
Loading model engine: best.engine
[SCOUT] Connecting to mavlink-router TCP 127.0.0.1:5760
[SCOUT] Connected
[TELEM] Connecting to MAVLink router UDP 14550[MAIN] Waiting for telemetry (GPS)...

[TELEM] Waiting for heartbeat...
[TELEM] Heartbeat OK
[MAIN] Telemetry ready: lat=28.4585628, lon=77.5057646, h=5.092
Loading model engine: best.engine
[SCOUT] Connecting to mavlink-router TCP 127.0.0.1:5760
[SCOUT] Connected
[TELEM] Connecting to MAVLink router UDP 14550[MAIN] Waiting for telemetry (GPS)...

[TELEM] Waiting for heartbeat...
[TELEM] Heartbeat OK
[MAIN] Telemetry ready: lat=28.4585667, lon=77.505756, h=5.083
Loading model engine: best.engine
[SCOUT] Connecting to mavlink-router TCP 127.0.0.1:5760
[SCOUT] Connected
[TELEM] Connecting to MAVLink router UDP 14550[MAIN] Waiting for telemetry (GPS)...

[TELEM] Waiting for heartbeat...
[TELEM] Heartbeat OK
[MAIN] Telemetry ready: lat=28.4585671, lon=77.5057596, h=5.028
Loading model engine: best.engine
[SCOUT] Connecting to mavlink-router TCP 127.0.0.1:5760
[SCOUT] Connected
[TELEM] Connecting to MAVLink router UDP 14550[MAIN] Waiting for telemetry (GPS)...

[TELEM] Waiting for heartbeat...
[TELEM] Heartbeat OK
[MAIN] Telemetry ready: lat=28.458567, lon=77.5057566, h=4.85
Loading model engine: best.engine
[SCOUT] Connecting to mavlink-router TCP 127.0.0.1:5760
[SCOUT] Connected
[TELEM] Connecting to MAVLink router UDP 14550[MAIN] Waiting for telemetry (GPS)...

[TELEM] Waiting for heartbeat...
[TELEM] Heartbeat OK
[MAIN] Telemetry ready: lat=28.458565, lon=77.5057594, h=5.064
Loading model engine: best.engine
[SCOUT] Connecting to mavlink-router TCP 127.0.0.1:5760
[SCOUT] Connected
[TELEM] Connecting to MAVLink router UDP 14550[MAIN] Waiting for telemetry (GPS)...

[TELEM] Waiting for heartbeat...
[TELEM] Heartbeat OK
[MAIN] Telemetry ready: lat=28.4585598, lon=77.5057607, h=5.257
Loading model engine: best.engine
[SCOUT] Connecting to mavlink-router TCP 127.0.0.1:5760
[SCOUT] Connected
[TELEM] Connecting to MAVLink router UDP 14550[MAIN] Waiting for telemetry (GPS)...

[TELEM] Waiting for heartbeat...
[TELEM] Heartbeat OK
[MAIN] Telemetry ready: lat=28.45856, lon=77.5057546, h=5.077
Loading model engine: best.engine
[SCOUT] Connecting to mavlink-router TCP 127.0.0.1:5760
[SCOUT] Connected
[TELEM] Connecting to MAVLink router UDP 14550[MAIN] Waiting for telemetry (GPS)...

[TELEM] Waiting for heartbeat...
[TELEM] Heartbeat OK
[MAIN] Telemetry ready: lat=28.4585629, lon=77.5057522, h=5.118
Loading model engine: best.engine
[SCOUT] Connecting to mavlink-router TCP 127.0.0.1:5760
[SCOUT] Connected
[TELEM] Connecting to MAVLink router UDP 14550[MAIN] Waiting for telemetry (GPS)...

[TELEM] Waiting for heartbeat...
[TELEM] Heartbeat OK
[MAIN] Telemetry ready: lat=28.4585626, lon=77.5057571, h=5.018
Loading model engine: best.engine
[SCOUT] Connecting to mavlink-router TCP 127.0.0.1:5760
[SCOUT] Connected
[TELEM] Connecting to MAVLink router UDP 14550[MAIN] Waiting for telemetry (GPS)...

[TELEM] Waiting for heartbeat...
[TELEM] Heartbeat OK
[MAIN] Telemetry ready: lat=28.4585626, lon=77.5057603, h=5.334
Loading model engine: best.engine
[SCOUT] Connecting to mavlink-router TCP 127.0.0.1:5760
[SCOUT] Connected
[TELEM] Connecting to MAVLink router UDP 14550[MAIN] Waiting for telemetry (GPS)...

[TELEM] Waiting for heartbeat...
[TELEM] Heartbeat OK
[MAIN] Telemetry ready: lat=28.4585683, lon=77.5057531, h=5.172
Loading model engine: best.engine
[SCOUT] Connecting to mavlink-router TCP 127.0.0.1:5760
[SCOUT] Connected
[TELEM] Connecting to MAVLink router UDP 14550[MAIN] Waiting for telemetry (GPS)...

[TELEM] Waiting for heartbeat...
[TELEM] Heartbeat OK
[MAIN] Telemetry ready: lat=28.458569, lon=77.5057576, h=5.167
Loading model engine: best.engine
[SCOUT] Connecting to mavlink-router TCP 127.0.0.1:5760
[SCOUT] Connected
[TELEM] Connecting to MAVLink router UDP 14550[MAIN] Waiting for telemetry (GPS)...

[TELEM] Waiting for heartbeat...
[TELEM] Heartbeat OK
[MAIN] Telemetry ready: lat=28.4585693, lon=77.5057565, h=5.433
Loading model engine: best.engine
[SCOUT] Connecting to mavlink-router TCP 127.0.0.1:5760
[SCOUT] Connected
[TELEM] Connecting to MAVLink router UDP 14550[MAIN] Waiting for telemetry (GPS)...

[TELEM] Waiting for heartbeat...
[TELEM] Heartbeat OK
[MAIN] Telemetry ready: lat=28.4585643, lon=77.5057584, h=5.24
Loading model engine: best.engine
[SCOUT] Connecting to mavlink-router TCP 127.0.0.1:5760
[SCOUT] Connected
[TELEM] Connecting to MAVLink router UDP 14550[MAIN] Waiting for telemetry (GPS)...

[TELEM] Waiting for heartbeat...
[TELEM] Heartbeat OK
[MAIN] Telemetry ready: lat=28.4585551, lon=77.5057696, h=5.285
Loading model engine: best.engine
[SCOUT] Connecting to mavlink-router TCP 127.0.0.1:5760
[SCOUT] Connected
[TELEM] Connecting to MAVLink router UDP 14550
[MAIN] Waiting for telemetry (GPS)...[TELEM] Waiting for heartbeat...

[TELEM] Heartbeat OK
[MAIN] Telemetry ready: lat=28.4585529, lon=77.5057717, h=5.153
Loading model engine: best.engine
[SCOUT] Connecting to mavlink-router TCP 127.0.0.1:5760
[SCOUT] Connected
[TELEM] Connecting to MAVLink router UDP 14550[MAIN] Waiting for telemetry (GPS)...

[TELEM] Waiting for heartbeat...
[TELEM] Heartbeat OK
[MAIN] Telemetry ready: lat=28.4585559, lon=77.505762, h=5.327
Loading model engine: best.engine
[SCOUT] Connecting to mavlink-router TCP 127.0.0.1:5760
[SCOUT] Connected
[TELEM] Connecting to MAVLink router UDP 14550[MAIN] Waiting for telemetry (GPS)...

[TELEM] Waiting for heartbeat...
[TELEM] Heartbeat OK
[MAIN] Telemetry ready: lat=28.4585528, lon=77.5057581, h=5.435
Loading model engine: best.engine
[SCOUT] Connecting to mavlink-router TCP 127.0.0.1:5760
[SCOUT] Connected
[TELEM] Connecting to MAVLink router UDP 14550[MAIN] Waiting for telemetry (GPS)...

[TELEM] Waiting for heartbeat...
[TELEM] Heartbeat OK
[MAIN] Telemetry ready: lat=28.458549, lon=77.505758, h=5.396
Loading model engine: best.engine
[SCOUT] Connecting to mavlink-router TCP 127.0.0.1:5760
[SCOUT] Connected
[TELEM] Connecting to MAVLink router UDP 14550[MAIN] Waiting for telemetry (GPS)...

[TELEM] Waiting for heartbeat...
[TELEM] Heartbeat OK
[MAIN] Telemetry ready: lat=28.4585463, lon=77.505753, h=5.044
Loading model engine: best.engine
[SCOUT] Connecting to mavlink-router TCP 127.0.0.1:5760
[SCOUT] Connected
[TELEM] Connecting to MAVLink router UDP 14550[MAIN] Waiting for telemetry (GPS)...

[TELEM] Waiting for heartbeat...
[TELEM] Heartbeat OK
[MAIN] Telemetry ready: lat=28.458547, lon=77.50575, h=5.465
Loading model engine: best.engine
[SCOUT] Connecting to mavlink-router TCP 127.0.0.1:5760
[SCOUT] Connected
[TELEM] Connecting to MAVLink router UDP 14550[MAIN] Waiting for telemetry (GPS)...

[TELEM] Waiting for heartbeat...
[TELEM] Heartbeat OK
[MAIN] Telemetry ready: lat=28.4585469, lon=77.5057487, h=5.433
Loading model engine: best.engine
[SCOUT] Connecting to mavlink-router TCP 127.0.0.1:5760
[SCOUT] Connected
[TELEM] Connecting to MAVLink router UDP 14550[MAIN] Waiting for telemetry (GPS)...

[TELEM] Waiting for heartbeat...
[TELEM] Heartbeat OK
[MAIN] Telemetry ready: lat=28.4585481, lon=77.5057477, h=5.229
Loading model engine: best.engine
[SCOUT] Connecting to mavlink-router TCP 127.0.0.1:5760
[SCOUT] Connected
[TELEM] Connecting to MAVLink router UDP 14550[MAIN] Waiting for telemetry (GPS)...

[TELEM] Waiting for heartbeat...
[TELEM] Heartbeat OK
[MAIN] Telemetry ready: lat=28.4585461, lon=77.5057497, h=5.477
Loading model engine: best.engine
[SCOUT] Connecting to mavlink-router TCP 127.0.0.1:5760
[SCOUT] Connected
[TELEM] Connecting to MAVLink router UDP 14550[MAIN] Waiting for telemetry (GPS)...

[TELEM] Waiting for heartbeat...
[TELEM] Heartbeat OK
[MAIN] Telemetry ready: lat=28.4585432, lon=77.5057502, h=5.338
Loading model engine: best.engine
[SCOUT] Connecting to mavlink-router TCP 127.0.0.1:5760
[SCOUT] Connected
[TELEM] Connecting to MAVLink router UDP 14550[MAIN] Waiting for telemetry (GPS)...

[TELEM] Waiting for heartbeat...
[TELEM] Heartbeat OK
[MAIN] Telemetry ready: lat=28.4585465, lon=77.5057474, h=5.287
Loading model engine: best.engine
[SCOUT] Connecting to mavlink-router TCP 127.0.0.1:5760
[SCOUT] Connected
[TELEM] Connecting to MAVLink router UDP 14550[MAIN] Waiting for telemetry (GPS)...

[TELEM] Waiting for heartbeat...
[TELEM] Heartbeat OK
[MAIN] Telemetry ready: lat=28.4585501, lon=77.5057469, h=5.533
Loading model engine: best.engine
[SCOUT] Connecting to mavlink-router TCP 127.0.0.1:5760
[SCOUT] Connected
[TELEM] Connecting to MAVLink router UDP 14550[MAIN] Waiting for telemetry (GPS)...

[TELEM] Waiting for heartbeat...
[TELEM] Heartbeat OK
[MAIN] Telemetry ready: lat=28.4585575, lon=77.5057428, h=5.376
Loading model engine: best.engine
[SCOUT] Connecting to mavlink-router TCP 127.0.0.1:5760
[SCOUT] Connected
[TELEM] Connecting to MAVLink router UDP 14550[MAIN] Waiting for telemetry (GPS)...

[TELEM] Waiting for heartbeat...
[TELEM] Heartbeat OK
[MAIN] Telemetry ready: lat=28.4585583, lon=77.5057455, h=5.418
Loading model engine: best.engine
[SCOUT] Connecting to mavlink-router TCP 127.0.0.1:5760
[SCOUT] Connected
[TELEM] Connecting to MAVLink router UDP 14550[MAIN] Waiting for telemetry (GPS)...

[TELEM] Waiting for heartbeat...
[TELEM] Heartbeat OK
[MAIN] Telemetry ready: lat=28.4585561, lon=77.5057462, h=5.423
Loading model engine: best.engine
[SCOUT] Connecting to mavlink-router TCP 127.0.0.1:5760
[SCOUT] Connected
[TELEM] Connecting to MAVLink router UDP 14550[MAIN] Waiting for telemetry (GPS)...

[TELEM] Waiting for heartbeat...
[TELEM] Heartbeat OK
[MAIN] Telemetry ready: lat=28.4585554, lon=77.5057456, h=5.649
Loading model engine: best.engine
[SCOUT] Connecting to mavlink-router TCP 127.0.0.1:5760
[SCOUT] Connected
[TELEM] Connecting to MAVLink router UDP 14550[MAIN] Waiting for telemetry (GPS)...

[TELEM] Waiting for heartbeat...
[TELEM] Heartbeat OK
[MAIN] Telemetry ready: lat=28.4585567, lon=77.5057443, h=5.504
Loading model engine: best.engine
[SCOUT] Connecting to mavlink-router TCP 127.0.0.1:5760
[SCOUT] Connected
[TELEM] Connecting to MAVLink router UDP 14550[MAIN] Waiting for telemetry (GPS)...

[TELEM] Waiting for heartbeat...
[TELEM] Heartbeat OK
[MAIN] Telemetry ready: lat=28.4585577, lon=77.5057453, h=5.465
Loading model engine: best.engine
[SCOUT] Connecting to mavlink-router TCP 127.0.0.1:5760
[SCOUT] Connected
[TELEM] Connecting to MAVLink router UDP 14550[MAIN] Waiting for telemetry (GPS)...

[TELEM] Waiting for heartbeat...
[TELEM] Heartbeat OK
[MAIN] Telemetry ready: lat=28.4585597, lon=77.5057485, h=5.552
Loading model engine: best.engine
[SCOUT] Connecting to mavlink-router TCP 127.0.0.1:5760
[SCOUT] Connected
[TELEM] Connecting to MAVLink router UDP 14550[MAIN] Waiting for telemetry (GPS)...

[TELEM] Waiting for heartbeat...
[TELEM] Heartbeat OK
[MAIN] Telemetry ready: lat=28.4585542, lon=77.5057523, h=5.687
Loading model engine: best.engine
[SCOUT] Connecting to mavlink-router TCP 127.0.0.1:5760
[SCOUT] Connected
[TELEM] Connecting to MAVLink router UDP 14550[MAIN] Waiting for telemetry (GPS)...

[TELEM] Waiting for heartbeat...
[TELEM] Heartbeat OK
[MAIN] Telemetry ready: lat=28.4585462, lon=77.5057566, h=5.775
Loading model engine: best.engine
[SCOUT] Connecting to mavlink-router TCP 127.0.0.1:5760
[SCOUT] Connected
[TELEM] Connecting to MAVLink router UDP 14550[MAIN] Waiting for telemetry (GPS)...

[TELEM] Waiting for heartbeat...
[TELEM] Heartbeat OK
[MAIN] Telemetry ready: lat=28.4585426, lon=77.5057587, h=5.844
Loading model engine: best.engine
[SCOUT] Connecting to mavlink-router TCP 127.0.0.1:5760
[SCOUT] Connected
[TELEM] Connecting to MAVLink router UDP 14550[MAIN] Waiting for telemetry (GPS)...

[TELEM] Waiting for heartbeat...
[TELEM] Heartbeat OK
[MAIN] Telemetry ready: lat=28.4585419, lon=77.5057568, h=5.713
Loading model engine: best.engine
[SCOUT] Connecting to mavlink-router TCP 127.0.0.1:5760
[SCOUT] Connected
[TELEM] Connecting to MAVLink router UDP 14550[MAIN] Waiting for telemetry (GPS)...

[TELEM] Waiting for heartbeat...
[TELEM] Heartbeat OK
[MAIN] Telemetry ready: lat=28.4585455, lon=77.5057528, h=5.718
Loading model engine: best.engine
[SCOUT] Connecting to mavlink-router TCP 127.0.0.1:5760
[SCOUT] Connected
[TELEM] Connecting to MAVLink router UDP 14550[MAIN] Waiting for telemetry (GPS)...

[TELEM] Waiting for heartbeat...
[TELEM] Heartbeat OK
[MAIN] Telemetry ready: lat=28.4585426, lon=77.5057585, h=5.775
Loading model engine: best.engine
[SCOUT] Connecting to mavlink-router TCP 127.0.0.1:5760
[SCOUT] Connected
[TELEM] Connecting to MAVLink router UDP 14550[MAIN] Waiting for telemetry (GPS)...

[TELEM] Waiting for heartbeat...
[TELEM] Heartbeat OK
[MAIN] Telemetry ready: lat=28.4585417, lon=77.5057573, h=5.915
Loading model engine: best.engine
[SCOUT] Connecting to mavlink-router TCP 127.0.0.1:5760
[SCOUT] Connected
[TELEM] Connecting to MAVLink router UDP 14550[MAIN] Waiting for telemetry (GPS)...

[TELEM] Waiting for heartbeat...
[TELEM] Heartbeat OK
[MAIN] Telemetry ready: lat=28.4585451, lon=77.5057521, h=5.847
Loading model engine: best.engine
[SCOUT] Connecting to mavlink-router TCP 127.0.0.1:5760
[SCOUT] Connected
[TELEM] Connecting to MAVLink router UDP 14550[MAIN] Waiting for telemetry (GPS)...

[TELEM] Waiting for heartbeat...
[TELEM] Heartbeat OK
[MAIN] Telemetry ready: lat=28.4585457, lon=77.5057532, h=5.668
Loading model engine: best.engine
[SCOUT] Connecting to mavlink-router TCP 127.0.0.1:5760
[SCOUT] Connected
[TELEM] Connecting to MAVLink router UDP 14550[MAIN] Waiting for telemetry (GPS)...

[TELEM] Waiting for heartbeat...
[TELEM] Heartbeat OK
[MAIN] Telemetry ready: lat=28.4585564, lon=77.5057402, h=5.802
Loading model engine: best.engine
[SCOUT] Connecting to mavlink-router TCP 127.0.0.1:5760
[SCOUT] Connected
[TELEM] Connecting to MAVLink router UDP 14550[MAIN] Waiting for telemetry (GPS)...

[TELEM] Waiting for heartbeat...
[TELEM] Heartbeat OK
[MAIN] Telemetry ready: lat=28.4585641, lon=77.5057313, h=5.787
Loading model engine: best.engine
[SCOUT] Connecting to mavlink-router TCP 127.0.0.1:5760
[SCOUT] Connected
[TELEM] Connecting to MAVLink router UDP 14550[MAIN] Waiting for telemetry (GPS)...

[TELEM] Waiting for heartbeat...
[TELEM] Heartbeat OK
[MAIN] Telemetry ready: lat=28.4585592, lon=77.5057412, h=5.624
Loading model engine: best.engine
[SCOUT] Connecting to mavlink-router TCP 127.0.0.1:5760
[SCOUT] Connected
[TELEM] Connecting to MAVLink router UDP 14550[MAIN] Waiting for telemetry (GPS)...

[TELEM] Waiting for heartbeat...
[TELEM] Heartbeat OK
[MAIN] Telemetry ready: lat=28.4585639, lon=77.5057399, h=5.718
Loading model engine: best.engine
[SCOUT] Connecting to mavlink-router TCP 127.0.0.1:5760
[SCOUT] Connected
[TELEM] Connecting to MAVLink router UDP 14550[MAIN] Waiting for telemetry (GPS)...

[TELEM] Waiting for heartbeat...
[TELEM] Heartbeat OK
[MAIN] Telemetry ready: lat=28.4585644, lon=77.5057405, h=5.705
Loading model engine: best.engine
[SCOUT] Connecting to mavlink-router TCP 127.0.0.1:5760
[SCOUT] Connected
[TELEM] Connecting to MAVLink router UDP 14550[MAIN] Waiting for telemetry (GPS)...

[TELEM] Waiting for heartbeat...
[TELEM] Heartbeat OK
[MAIN] Telemetry ready: lat=28.4585679, lon=77.5057396, h=5.757
Loading model engine: best.engine
[SCOUT] Connecting to mavlink-router TCP 127.0.0.1:5760
[SCOUT] Connected
[TELEM] Connecting to MAVLink router UDP 14550[MAIN] Waiting for telemetry (GPS)...

[TELEM] Waiting for heartbeat...
[TELEM] Heartbeat OK
[MAIN] Telemetry ready: lat=28.4585679, lon=77.5057439, h=6.03
Loading model engine: best.engine
[SCOUT] Connecting to mavlink-router TCP 127.0.0.1:5760
[SCOUT] Connected
[TELEM] Connecting to MAVLink router UDP 14550[MAIN] Waiting for telemetry (GPS)...

[TELEM] Waiting for heartbeat...
[TELEM] Heartbeat OK
[MAIN] Telemetry ready: lat=28.4585576, lon=77.5057604, h=5.802
Loading model engine: best.engine
[SCOUT] Connecting to mavlink-router TCP 127.0.0.1:5760
[SCOUT] Connected
[TELEM] Connecting to MAVLink router UDP 14550[MAIN] Waiting for telemetry (GPS)...

[TELEM] Waiting for heartbeat...
[TELEM] Heartbeat OK
[MAIN] Telemetry ready: lat=28.4585564, lon=77.505761, h=6.001
Loading model engine: best.engine
[SCOUT] Connecting to mavlink-router TCP 127.0.0.1:5760
[SCOUT] Connected
[TELEM] Connecting to MAVLink router UDP 14550[MAIN] Waiting for telemetry (GPS)...

[TELEM] Waiting for heartbeat...
[TELEM] Heartbeat OK
[MAIN] Telemetry ready: lat=28.458558, lon=77.5057625, h=5.945
Loading model engine: best.engine
[SCOUT] Connecting to mavlink-router TCP 127.0.0.1:5760
[SCOUT] Connected
[TELEM] Connecting to MAVLink router UDP 14550[MAIN] Waiting for telemetry (GPS)...

[TELEM] Waiting for heartbeat...
[TELEM] Heartbeat OK
[MAIN] Telemetry ready: lat=28.458559, lon=77.5057622, h=5.801
Loading model engine: best.engine
[SCOUT] Connecting to mavlink-router TCP 127.0.0.1:5760
[SCOUT] Connected
[TELEM] Connecting to MAVLink router UDP 14550[MAIN] Waiting for telemetry (GPS)...

[TELEM] Waiting for heartbeat...
[TELEM] Heartbeat OK
[MAIN] Telemetry ready: lat=28.4585599, lon=77.505758, h=5.783
Loading model engine: best.engine
[SCOUT] Connecting to mavlink-router TCP 127.0.0.1:5760
[SCOUT] Connected
[TELEM] Connecting to MAVLink router UDP 14550[MAIN] Waiting for telemetry (GPS)...

[TELEM] Waiting for heartbeat...
[TELEM] Heartbeat OK
[MAIN] Telemetry ready: lat=28.4585727, lon=77.5057432, h=6.069
Loading model engine: best.engine
[SCOUT] Connecting to mavlink-router TCP 127.0.0.1:5760
[SCOUT] Connected
[TELEM] Connecting to MAVLink router UDP 14550[MAIN] Waiting for telemetry (GPS)...

[TELEM] Waiting for heartbeat...
[TELEM] Heartbeat OK
[MAIN] Telemetry ready: lat=28.4585803, lon=77.5057331, h=5.777
Loading model engine: best.engine
[SCOUT] Connecting to mavlink-router TCP 127.0.0.1:5760
[SCOUT] Connected
[TELEM] Connecting to MAVLink router UDP 14550[MAIN] Waiting for telemetry (GPS)...

[TELEM] Waiting for heartbeat...
[TELEM] Heartbeat OK
[MAIN] Telemetry ready: lat=28.458576, lon=77.5057349, h=5.944
Loading model engine: best.engine
[SCOUT] Connecting to mavlink-router TCP 127.0.0.1:5760
[SCOUT] Connected
[TELEM] Connecting to MAVLink router UDP 14550[MAIN] Waiting for telemetry (GPS)...

[TELEM] Waiting for heartbeat...
[TELEM] Heartbeat OK
[MAIN] Telemetry ready: lat=28.4585694, lon=77.5057411, h=5.946
Loading model engine: best.engine
[SCOUT] Connecting to mavlink-router TCP 127.0.0.1:5760
[SCOUT] Connected
[TELEM] Connecting to MAVLink router UDP 14550[MAIN] Waiting for telemetry (GPS)...

[TELEM] Waiting for heartbeat...
[TELEM] Heartbeat OK
[MAIN] Telemetry ready: lat=28.4585558, lon=77.5057533, h=5.956
Loading model engine: best.engine
[SCOUT] Connecting to mavlink-router TCP 127.0.0.1:5760
[SCOUT] Connected
[TELEM] Connecting to MAVLink router UDP 14550[MAIN] Waiting for telemetry (GPS)...

[TELEM] Waiting for heartbeat...
[TELEM] Heartbeat OK
[MAIN] Telemetry ready: lat=28.4585606, lon=77.5057515, h=5.88
Loading model engine: best.engine
[SCOUT] Connecting to mavlink-router TCP 127.0.0.1:5760
[SCOUT] Connected
[TELEM] Connecting to MAVLink router UDP 14550[MAIN] Waiting for telemetry (GPS)...

[TELEM] Waiting for heartbeat...
[TELEM] Heartbeat OK
[MAIN] Telemetry ready: lat=28.4585582, lon=77.5057525, h=5.925
Loading model engine: best.engine
[SCOUT] Connecting to mavlink-router TCP 127.0.0.1:5760
[SCOUT] Connected
[TELEM] Connecting to MAVLink router UDP 14550[MAIN] Waiting for telemetry (GPS)...

[TELEM] Waiting for heartbeat...
[TELEM] Heartbeat OK
[MAIN] Telemetry ready: lat=28.4585456, lon=77.5057704, h=6.01
Loading model engine: best.engine
[SCOUT] Connecting to mavlink-router TCP 127.0.0.1:5760
[SCOUT] Connected
[TELEM] Connecting to MAVLink router UDP 14550[MAIN] Waiting for telemetry (GPS)...

[TELEM] Waiting for heartbeat...
[TELEM] Heartbeat OK
[MAIN] Telemetry ready: lat=28.4585556, lon=77.5057589, h=5.908
Loading model engine: best.engine
[SCOUT] Connecting to mavlink-router TCP 127.0.0.1:5760
[SCOUT] Connected
[TELEM] Connecting to MAVLink router UDP 14550[MAIN] Waiting for telemetry (GPS)...

[TELEM] Waiting for heartbeat...
[TELEM] Heartbeat OK
[MAIN] Telemetry ready: lat=28.4585741, lon=77.5057419, h=5.814
Loading model engine: best.engine
[SCOUT] Connecting to mavlink-router TCP 127.0.0.1:5760
[SCOUT] Connected
[TELEM] Connecting to MAVLink router UDP 14550[MAIN] Waiting for telemetry (GPS)...

[TELEM] Waiting for heartbeat...
[TELEM] Heartbeat OK
[MAIN] Telemetry ready: lat=28.458574, lon=77.5057421, h=5.946
Loading model engine: best.engine
[SCOUT] Connecting to mavlink-router TCP 127.0.0.1:5760
[SCOUT] Connected
[TELEM] Connecting to MAVLink router UDP 14550[MAIN] Waiting for telemetry (GPS)...

[TELEM] Waiting for heartbeat...
[TELEM] Heartbeat OK
[MAIN] Telemetry ready: lat=28.4585662, lon=77.5057515, h=5.865
Loading model engine: best.engine
[SCOUT] Connecting to mavlink-router TCP 127.0.0.1:5760
[SCOUT] Connected
[TELEM] Connecting to MAVLink router UDP 14550[MAIN] Waiting for telemetry (GPS)...

[TELEM] Waiting for heartbeat...
[TELEM] Heartbeat OK
[MAIN] Telemetry ready: lat=28.4585651, lon=77.5057464, h=5.941
Loading model engine: best.engine
[SCOUT] Connecting to mavlink-router TCP 127.0.0.1:5760
[SCOUT] Connected
[TELEM] Connecting to MAVLink router UDP 14550[MAIN] Waiting for telemetry (GPS)...

[TELEM] Waiting for heartbeat...
[TELEM] Heartbeat OK
[MAIN] Telemetry ready: lat=28.4585567, lon=77.5057496, h=5.941
Loading model engine: best.engine
[SCOUT] Connecting to mavlink-router TCP 127.0.0.1:5760
[SCOUT] Connected
[TELEM] Connecting to MAVLink router UDP 14550[MAIN] Waiting for telemetry (GPS)...

[TELEM] Waiting for heartbeat...
[TELEM] Heartbeat OK
[MAIN] Telemetry ready: lat=28.4585433, lon=77.5057551, h=6.255
Loading model engine: best.engine
[SCOUT] Connecting to mavlink-router TCP 127.0.0.1:5760
[SCOUT] Connected
[TELEM] Connecting to MAVLink router UDP 14550[MAIN] Waiting for telemetry (GPS)...

[TELEM] Waiting for heartbeat...
[TELEM] Heartbeat OK
[MAIN] Telemetry ready: lat=28.4585572, lon=77.5057437, h=6.061
Loading model engine: best.engine
[SCOUT] Connecting to mavlink-router TCP 127.0.0.1:5760
[SCOUT] Connected
[TELEM] Connecting to MAVLink router UDP 14550[MAIN] Waiting for telemetry (GPS)...

[TELEM] Waiting for heartbeat...
[TELEM] Heartbeat OK
[MAIN] Telemetry ready: lat=28.4585668, lon=77.5057376, h=6.23
Loading model engine: best.engine
[SCOUT] Connecting to mavlink-router TCP 127.0.0.1:5760
[SCOUT] Connected
[TELEM] Connecting to MAVLink router UDP 14550[MAIN] Waiting for telemetry (GPS)...

[TELEM] Waiting for heartbeat...
[TELEM] Heartbeat OK
[MAIN] Telemetry ready: lat=28.4585792, lon=77.5057284, h=6.2
Loading model engine: best.engine
[SCOUT] Connecting to mavlink-router TCP 127.0.0.1:5760
[SCOUT] Connected
[TELEM] Connecting to MAVLink router UDP 14550[MAIN] Waiting for telemetry (GPS)...

[TELEM] Waiting for heartbeat...
[TELEM] Heartbeat OK
[MAIN] Telemetry ready: lat=28.4585932, lon=77.5057136, h=6.194
Loading model engine: best.engine
[SCOUT] Connecting to mavlink-router TCP 127.0.0.1:5760
[SCOUT] Connected
[TELEM] Connecting to MAVLink router UDP 14550[MAIN] Waiting for telemetry (GPS)...

[TELEM] Waiting for heartbeat...
[TELEM] Heartbeat OK
[MAIN] Telemetry ready: lat=28.4585932, lon=77.5057146, h=6.386
Loading model engine: best.engine
[SCOUT] Connecting to mavlink-router TCP 127.0.0.1:5760
[SCOUT] Connected
[TELEM] Connecting to MAVLink router UDP 14550[MAIN] Waiting for telemetry (GPS)...

[TELEM] Waiting for heartbeat...
[TELEM] Heartbeat OK
[MAIN] Telemetry ready: lat=28.4585874, lon=77.5057179, h=6.302
Loading model engine: best.engine
[SCOUT] Connecting to mavlink-router TCP 127.0.0.1:5760
[SCOUT] Connected
[TELEM] Connecting to MAVLink router UDP 14550[MAIN] Waiting for telemetry (GPS)...

[TELEM] Waiting for heartbeat...
[TELEM] Heartbeat OK
[MAIN] Telemetry ready: lat=28.458588, lon=77.5057205, h=6.331
Loading model engine: best.engine
[SCOUT] Connecting to mavlink-router TCP 127.0.0.1:5760
[SCOUT] Connected
[TELEM] Connecting to MAVLink router UDP 14550[MAIN] Waiting for telemetry (GPS)...

[TELEM] Waiting for heartbeat...
[TELEM] Heartbeat OK
[MAIN] Telemetry ready: lat=28.458588, lon=77.5057195, h=6.351
Loading model engine: best.engine
[SCOUT] Connecting to mavlink-router TCP 127.0.0.1:5760
[SCOUT] Connected
[TELEM] Connecting to MAVLink router UDP 14550[MAIN] Waiting for telemetry (GPS)...

[TELEM] Waiting for heartbeat...
[TELEM] Heartbeat OK
[MAIN] Telemetry ready: lat=28.458584, lon=77.5057205, h=6.468
Loading model engine: best.engine
[SCOUT] Connecting to mavlink-router TCP 127.0.0.1:5760
[SCOUT] Connected
[TELEM] Connecting to MAVLink router UDP 14550[MAIN] Waiting for telemetry (GPS)...

[TELEM] Waiting for heartbeat...
[TELEM] Heartbeat OK
[MAIN] Telemetry ready: lat=28.4585703, lon=77.5057337, h=6.421
Loading model engine: best.engine
[SCOUT] Connecting to mavlink-router TCP 127.0.0.1:5760
[SCOUT] Connected
[TELEM] Connecting to MAVLink router UDP 14550[MAIN] Waiting for telemetry (GPS)...

[TELEM] Waiting for heartbeat...
[TELEM] Heartbeat OK
[MAIN] Telemetry ready: lat=28.458565, lon=77.5057441, h=6.488
Loading model engine: best.engine
[SCOUT] Connecting to mavlink-router TCP 127.0.0.1:5760
[SCOUT] Connected
[TELEM] Connecting to MAVLink router UDP 14550[MAIN] Waiting for telemetry (GPS)...

[TELEM] Waiting for heartbeat...
[TELEM] Heartbeat OK
[MAIN] Telemetry ready: lat=28.4585729, lon=77.5057476, h=6.485
Loading model engine: best.engine
[SCOUT] Connecting to mavlink-router TCP 127.0.0.1:5760
[SCOUT] Connected
[TELEM] Connecting to MAVLink router UDP 14550[MAIN] Waiting for telemetry (GPS)...

[TELEM] Waiting for heartbeat...
[TELEM] Heartbeat OK
[MAIN] Telemetry ready: lat=28.4585721, lon=77.5057508, h=6.588
Loading model engine: best.engine
[SCOUT] Connecting to mavlink-router TCP 127.0.0.1:5760
[SCOUT] Connected
[TELEM] Connecting to MAVLink router UDP 14550[MAIN] Waiting for telemetry (GPS)...

[TELEM] Waiting for heartbeat...
[TELEM] Heartbeat OK
[MAIN] Telemetry ready: lat=28.4585673, lon=77.5057571, h=6.678
Loading model engine: best.engine
[SCOUT] Connecting to mavlink-router TCP 127.0.0.1:5760
[SCOUT] Connected
[TELEM] Connecting to MAVLink router UDP 14550[MAIN] Waiting for telemetry (GPS)...

[TELEM] Waiting for heartbeat...
[TELEM] Heartbeat OK
[MAIN] Telemetry ready: lat=28.45857, lon=77.5057557, h=6.546
Loading model engine: best.engine
[SCOUT] Connecting to mavlink-router TCP 127.0.0.1:5760
[SCOUT] Connected
[TELEM] Connecting to MAVLink router UDP 14550[MAIN] Waiting for telemetry (GPS)...

[TELEM] Waiting for heartbeat...
[TELEM] Heartbeat OK
[MAIN] Telemetry ready: lat=28.4585668, lon=77.5057614, h=6.746
Loading model engine: best.engine
[SCOUT] Connecting to mavlink-router TCP 127.0.0.1:5760
[SCOUT] Connected
[TELEM] Connecting to MAVLink router UDP 14550[MAIN] Waiting for telemetry (GPS)...

[TELEM] Waiting for heartbeat...
[TELEM] Heartbeat OK
[MAIN] Telemetry ready: lat=28.4585706, lon=77.505754, h=6.727
Loading model engine: best.engine
[SCOUT] Connecting to mavlink-router TCP 127.0.0.1:5760
[SCOUT] Connected
[TELEM] Connecting to MAVLink router UDP 14550[MAIN] Waiting for telemetry (GPS)...

[TELEM] Waiting for heartbeat...
[TELEM] Heartbeat OK
[MAIN] Telemetry ready: lat=28.4585833, lon=77.5057417, h=6.7
Loading model engine: best.engine
[SCOUT] Connecting to mavlink-router TCP 127.0.0.1:5760
[SCOUT] Connected
[TELEM] Connecting to MAVLink router UDP 14550[MAIN] Waiting for telemetry (GPS)...

[TELEM] Waiting for heartbeat...
[TELEM] Heartbeat OK
[MAIN] Telemetry ready: lat=28.4585882, lon=77.5057396, h=6.82
Loading model engine: best.engine
[SCOUT] Connecting to mavlink-router TCP 127.0.0.1:5760
[SCOUT] Connected
[TELEM] Connecting to MAVLink router UDP 14550[MAIN] Waiting for telemetry (GPS)...

[TELEM] Waiting for heartbeat...
[TELEM] Heartbeat OK
[MAIN] Telemetry ready: lat=28.4585757, lon=77.5057425, h=6.964
Loading model engine: best.engine
[SCOUT] Connecting to mavlink-router TCP 127.0.0.1:5760
[SCOUT] Connected
[TELEM] Connecting to MAVLink router UDP 14550[MAIN] Waiting for telemetry (GPS)...

[TELEM] Waiting for heartbeat...
[TELEM] Heartbeat OK
[MAIN] Telemetry ready: lat=28.4585803, lon=77.5057394, h=6.749
Loading model engine: best.engine
[SCOUT] Connecting to mavlink-router TCP 127.0.0.1:5760
[SCOUT] Connected
[TELEM] Connecting to MAVLink router UDP 14550[MAIN] Waiting for telemetry (GPS)...

[TELEM] Waiting for heartbeat...
[TELEM] Heartbeat OK
[MAIN] Telemetry ready: lat=28.4585703, lon=77.5057486, h=7.013
Loading model engine: best.engine
[SCOUT] Connecting to mavlink-router TCP 127.0.0.1:5760
[SCOUT] Connected
[TELEM] Connecting to MAVLink router UDP 14550[MAIN] Waiting for telemetry (GPS)...

[TELEM] Waiting for heartbeat...
[TELEM] Heartbeat OK
[MAIN] Telemetry ready: lat=28.4585727, lon=77.5057479, h=7.069
Loading model engine: best.engine
[SCOUT] Connecting to mavlink-router TCP 127.0.0.1:5760
[SCOUT] Connected
[TELEM] Connecting to MAVLink router UDP 14550[MAIN] Waiting for telemetry (GPS)...

[TELEM] Waiting for heartbeat...
[TELEM] Heartbeat OK
[MAIN] Telemetry ready: lat=28.4585779, lon=77.505743, h=7.035
Loading model engine: best.engine
[SCOUT] Connecting to mavlink-router TCP 127.0.0.1:5760
[SCOUT] Connected
[TELEM] Connecting to MAVLink router UDP 14550[MAIN] Waiting for telemetry (GPS)...

[TELEM] Waiting for heartbeat...
[TELEM] Heartbeat OK
[MAIN] Telemetry ready: lat=28.45858, lon=77.5057385, h=7.154
Loading model engine: best.engine
[SCOUT] Connecting to mavlink-router TCP 127.0.0.1:5760
[SCOUT] Connected
[TELEM] Connecting to MAVLink router UDP 14550[MAIN] Waiting for telemetry (GPS)...

[TELEM] Waiting for heartbeat...
[TELEM] Heartbeat OK
[MAIN] Telemetry ready: lat=28.4585905, lon=77.5057259, h=7.144
Loading model engine: best.engine
[SCOUT] Connecting to mavlink-router TCP 127.0.0.1:5760
[SCOUT] Connected
[TELEM] Connecting to MAVLink router UDP 14550[MAIN] Waiting for telemetry (GPS)...

[TELEM] Waiting for heartbeat...
[TELEM] Heartbeat OK
[MAIN] Telemetry ready: lat=28.4585954, lon=77.5057175, h=7.108
Loading model engine: best.engine
[SCOUT] Connecting to mavlink-router TCP 127.0.0.1:5760
[SCOUT] Connected
[TELEM] Connecting to MAVLink router UDP 14550[MAIN] Waiting for telemetry (GPS)...

[TELEM] Waiting for heartbeat...
[TELEM] Heartbeat OK
[MAIN] Telemetry ready: lat=28.4585928, lon=77.5057177, h=7.171
Loading model engine: best.engine
[SCOUT] Connecting to mavlink-router TCP 127.0.0.1:5760
[SCOUT] Connected
[TELEM] Connecting to MAVLink router UDP 14550[MAIN] Waiting for telemetry (GPS)...

[TELEM] Waiting for heartbeat...
[TELEM] Heartbeat OK
[MAIN] Telemetry ready: lat=28.4585856, lon=77.5057199, h=7.017
Loading model engine: best.engine
[SCOUT] Connecting to mavlink-router TCP 127.0.0.1:5760
[SCOUT] Connected
[TELEM] Connecting to MAVLink router UDP 14550[MAIN] Waiting for telemetry (GPS)...

[TELEM] Waiting for heartbeat...
[TELEM] Heartbeat OK
[MAIN] Telemetry ready: lat=28.4585791, lon=77.5057229, h=7.154
Loading model engine: best.engine
[SCOUT] Connecting to mavlink-router TCP 127.0.0.1:5760
[SCOUT] Connected
[TELEM] Connecting to MAVLink router UDP 14550[MAIN] Waiting for telemetry (GPS)...

[TELEM] Waiting for heartbeat...
[TELEM] Heartbeat OK
[MAIN] Telemetry ready: lat=28.4585775, lon=77.505718, h=7.072
Loading model engine: best.engine
[SCOUT] Connecting to mavlink-router TCP 127.0.0.1:5760
[SCOUT] Connected
[TELEM] Connecting to MAVLink router UDP 14550[MAIN] Waiting for telemetry (GPS)...

[TELEM] Waiting for heartbeat...
[TELEM] Heartbeat OK
[MAIN] Telemetry ready: lat=28.4585724, lon=77.5057267, h=7.107
Loading model engine: best.engine
[SCOUT] Connecting to mavlink-router TCP 127.0.0.1:5760
[SCOUT] Connected
[TELEM] Connecting to MAVLink router UDP 14550[MAIN] Waiting for telemetry (GPS)...

[TELEM] Waiting for heartbeat...
[TELEM] Heartbeat OK
[MAIN] Telemetry ready: lat=28.4585701, lon=77.5057313, h=7.219
Loading model engine: best.engine
[SCOUT] Connecting to mavlink-router TCP 127.0.0.1:5760
[SCOUT] Connected
[TELEM] Connecting to MAVLink router UDP 14550[MAIN] Waiting for telemetry (GPS)...

[TELEM] Waiting for heartbeat...
[TELEM] Heartbeat OK
[MAIN] Telemetry ready: lat=28.4585673, lon=77.5057339, h=7.244
Loading model engine: best.engine
[SCOUT] Connecting to mavlink-router TCP 127.0.0.1:5760
[SCOUT] Connected
[TELEM] Connecting to MAVLink router UDP 14550[MAIN] Waiting for telemetry (GPS)...

[TELEM] Waiting for heartbeat...
[TELEM] Heartbeat OK
[MAIN] Telemetry ready: lat=28.4585715, lon=77.5057296, h=7.23
Loading model engine: best.engine
[SCOUT] Connecting to mavlink-router TCP 127.0.0.1:5760
[SCOUT] Connected
[TELEM] Connecting to MAVLink router UDP 14550[MAIN] Waiting for telemetry (GPS)...

[TELEM] Waiting for heartbeat...
[TELEM] Heartbeat OK
[MAIN] Telemetry ready: lat=28.4585731, lon=77.5057303, h=7.231
Loading model engine: best.engine
[SCOUT] Connecting to mavlink-router TCP 127.0.0.1:5760
[SCOUT] Connected
[TELEM] Connecting to MAVLink router UDP 14550[MAIN] Waiting for telemetry (GPS)...

[TELEM] Waiting for heartbeat...
[TELEM] Heartbeat OK
[MAIN] Telemetry ready: lat=28.4585737, lon=77.505731, h=7.222
Loading model engine: best.engine
[SCOUT] Connecting to mavlink-router TCP 127.0.0.1:5760
[SCOUT] Connected
[TELEM] Connecting to MAVLink router UDP 14550[MAIN] Waiting for telemetry (GPS)...

[TELEM] Waiting for heartbeat...
[TELEM] Heartbeat OK
[MAIN] Telemetry ready: lat=28.4585745, lon=77.505727, h=7.265
Loading model engine: best.engine
[SCOUT] Connecting to mavlink-router TCP 127.0.0.1:5760
[SCOUT] Connected
[TELEM] Connecting to MAVLink router UDP 14550[MAIN] Waiting for telemetry (GPS)...

[TELEM] Waiting for heartbeat...
[TELEM] Heartbeat OK
[MAIN] Telemetry ready: lat=28.4585723, lon=77.5057281, h=7.04
Loading model engine: best.engine
[SCOUT] Connecting to mavlink-router TCP 127.0.0.1:5760
[SCOUT] Connected
[TELEM] Connecting to MAVLink router UDP 14550
[MAIN] Waiting for telemetry (GPS)...
[TELEM] Waiting for heartbeat...
[TELEM] Heartbeat OK
[MAIN] Telemetry ready: lat=28.4585622, lon=77.5057323, h=7.351
Loading model engine: best.engine
[SCOUT] Connecting to mavlink-router TCP 127.0.0.1:5760
[SCOUT] Connected
[TELEM] Connecting to MAVLink router UDP 14550[MAIN] Waiting for telemetry (GPS)...

[TELEM] Waiting for heartbeat...
[TELEM] Heartbeat OK
[MAIN] Telemetry ready: lat=28.458562, lon=77.5057311, h=7.322
Loading model engine: best.engine
[SCOUT] Connecting to mavlink-router TCP 127.0.0.1:5760
[SCOUT] Connected
[TELEM] Connecting to MAVLink router UDP 14550[MAIN] Waiting for telemetry (GPS)...

[TELEM] Waiting for heartbeat...
[TELEM] Heartbeat OK
[MAIN] Telemetry ready: lat=28.4585619, lon=77.5057307, h=7.2
Loading model engine: best.engine
[SCOUT] Connecting to mavlink-router TCP 127.0.0.1:5760
[SCOUT] Connected
[TELEM] Connecting to MAVLink router UDP 14550[MAIN] Waiting for telemetry (GPS)...

[TELEM] Waiting for heartbeat...
[TELEM] Heartbeat OK
[MAIN] Telemetry ready: lat=28.4585598, lon=77.5057309, h=7.307
Loading model engine: best.engine
[SCOUT] Connecting to mavlink-router TCP 127.0.0.1:5760
[SCOUT] Connected
[TELEM] Connecting to MAVLink router UDP 14550[MAIN] Waiting for telemetry (GPS)...

[TELEM] Waiting for heartbeat...
[TELEM] Heartbeat OK
[MAIN] Telemetry ready: lat=28.4585623, lon=77.5057335, h=7.421
Loading model engine: best.engine
[SCOUT] Connecting to mavlink-router TCP 127.0.0.1:5760
[SCOUT] Connected
[TELEM] Connecting to MAVLink router UDP 14550[MAIN] Waiting for telemetry (GPS)...

[TELEM] Waiting for heartbeat...
[TELEM] Heartbeat OK
[MAIN] Telemetry ready: lat=28.4585653, lon=77.5057374, h=7.383
Loading model engine: best.engine
[SCOUT] Connecting to mavlink-router TCP 127.0.0.1:5760
[SCOUT] Connected
[TELEM] Connecting to MAVLink router UDP 14550[MAIN] Waiting for telemetry (GPS)...

[TELEM] Waiting for heartbeat...
[TELEM] Heartbeat OK
[MAIN] Telemetry ready: lat=28.4585722, lon=77.5057388, h=7.457
Loading model engine: best.engine
[SCOUT] Connecting to mavlink-router TCP 127.0.0.1:5760
[SCOUT] Connected
[TELEM] Connecting to MAVLink router UDP 14550[MAIN] Waiting for telemetry (GPS)...

[TELEM] Waiting for heartbeat...
[TELEM] Heartbeat OK
[MAIN] Telemetry ready: lat=28.45857, lon=77.5057456, h=7.703
Loading model engine: best.engine
[SCOUT] Connecting to mavlink-router TCP 127.0.0.1:5760
[SCOUT] Connected
[TELEM] Connecting to MAVLink router UDP 14550[MAIN] Waiting for telemetry (GPS)...

[TELEM] Waiting for heartbeat...
[TELEM] Heartbeat OK
[MAIN] Telemetry ready: lat=28.4585686, lon=77.5057511, h=7.59
Loading model engine: best.engine
[SCOUT] Connecting to mavlink-router TCP 127.0.0.1:5760
[SCOUT] Connected
[TELEM] Connecting to MAVLink router UDP 14550[MAIN] Waiting for telemetry (GPS)...

[TELEM] Waiting for heartbeat...
[TELEM] Heartbeat OK
[MAIN] Telemetry ready: lat=28.458568, lon=77.5057537, h=7.833
Loading model engine: best.engine
[SCOUT] Connecting to mavlink-router TCP 127.0.0.1:5760
[SCOUT] Connected
[TELEM] Connecting to MAVLink router UDP 14550[MAIN] Waiting for telemetry (GPS)...

[TELEM] Waiting for heartbeat...
[TELEM] Heartbeat OK
[MAIN] Telemetry ready: lat=28.4585693, lon=77.5057556, h=7.486
Loading model engine: best.engine
[SCOUT] Connecting to mavlink-router TCP 127.0.0.1:5760
[SCOUT] Connected
[TELEM] Connecting to MAVLink router UDP 14550[MAIN] Waiting for telemetry (GPS)...

[TELEM] Waiting for heartbeat...
[TELEM] Heartbeat OK
[MAIN] Telemetry ready: lat=28.4585693, lon=77.5057588, h=7.491
Loading model engine: best.engine
[SCOUT] Connecting to mavlink-router TCP 127.0.0.1:5760
[SCOUT] Connected
[TELEM] Connecting to MAVLink router UDP 14550[MAIN] Waiting for telemetry (GPS)...

[TELEM] Waiting for heartbeat...
[TELEM] Heartbeat OK
[MAIN] Telemetry ready: lat=28.4585757, lon=77.5057529, h=7.364
Loading model engine: best.engine
[SCOUT] Connecting to mavlink-router TCP 127.0.0.1:5760
[SCOUT] Connected
[TELEM] Connecting to MAVLink router UDP 14550[MAIN] Waiting for telemetry (GPS)...

[TELEM] Waiting for heartbeat...
[TELEM] Heartbeat OK
[MAIN] Telemetry ready: lat=28.458581, lon=77.5057443, h=7.477
Loading model engine: best.engine
[SCOUT] Connecting to mavlink-router TCP 127.0.0.1:5760
[SCOUT] Connected
[TELEM] Connecting to MAVLink router UDP 14550[MAIN] Waiting for telemetry (GPS)...

[TELEM] Waiting for heartbeat...
[TELEM] Heartbeat OK
[MAIN] Telemetry ready: lat=28.4585871, lon=77.5057384, h=7.157
Loading model engine: best.engine
[SCOUT] Connecting to mavlink-router TCP 127.0.0.1:5760
[SCOUT] Connected
[TELEM] Connecting to MAVLink router UDP 14550[MAIN] Waiting for telemetry (GPS)...

[TELEM] Waiting for heartbeat...
[TELEM] Heartbeat OK
[MAIN] Telemetry ready: lat=28.4585866, lon=77.5057426, h=7.516
Loading model engine: best.engine
[SCOUT] Connecting to mavlink-router TCP 127.0.0.1:5760
[SCOUT] Connected
[TELEM] Connecting to MAVLink router UDP 14550[MAIN] Waiting for telemetry (GPS)...

[TELEM] Waiting for heartbeat...
[TELEM] Heartbeat OK
[MAIN] Telemetry ready: lat=28.4585842, lon=77.5057444, h=7.596
Loading model engine: best.engine
[SCOUT] Connecting to mavlink-router TCP 127.0.0.1:5760
[SCOUT] Connected
[TELEM] Connecting to MAVLink router UDP 14550[MAIN] Waiting for telemetry (GPS)...

[TELEM] Waiting for heartbeat...
[TELEM] Heartbeat OK
[MAIN] Telemetry ready: lat=28.4585776, lon=77.5057439, h=7.268
Loading model engine: best.engine
[SCOUT] Connecting to mavlink-router TCP 127.0.0.1:5760
[SCOUT] Connected
[TELEM] Connecting to MAVLink router UDP 14550[MAIN] Waiting for telemetry (GPS)...

[TELEM] Waiting for heartbeat...
[TELEM] Heartbeat OK
[MAIN] Telemetry ready: lat=28.4585751, lon=77.5057404, h=7.343
Loading model engine: best.engine
[SCOUT] Connecting to mavlink-router TCP 127.0.0.1:5760
[SCOUT] Connected
[TELEM] Connecting to MAVLink router UDP 14550[MAIN] Waiting for telemetry (GPS)...

[TELEM] Waiting for heartbeat...
[TELEM] Heartbeat OK
[MAIN] Telemetry ready: lat=28.4585708, lon=77.5057422, h=7.567
Loading model engine: best.engine
[SCOUT] Connecting to mavlink-router TCP 127.0.0.1:5760
[SCOUT] Connected
[TELEM] Connecting to MAVLink router UDP 14550[MAIN] Waiting for telemetry (GPS)...

[TELEM] Waiting for heartbeat...
[TELEM] Heartbeat OK
[MAIN] Telemetry ready: lat=28.4585832, lon=77.5057308, h=7.393
Loading model engine: best.engine
[SCOUT] Connecting to mavlink-router TCP 127.0.0.1:5760
[SCOUT] Connected
[TELEM] Connecting to MAVLink router UDP 14550[MAIN] Waiting for telemetry (GPS)...

[TELEM] Waiting for heartbeat...
[TELEM] Heartbeat OK
[MAIN] Telemetry ready: lat=28.4585949, lon=77.5057191, h=7.614
Loading model engine: best.engine
[SCOUT] Connecting to mavlink-router TCP 127.0.0.1:5760
[SCOUT] Connected
[TELEM] Connecting to MAVLink router UDP 14550[MAIN] Waiting for telemetry (GPS)...

[TELEM] Waiting for heartbeat...
[TELEM] Heartbeat OK
[MAIN] Telemetry ready: lat=28.4585986, lon=77.5057146, h=7.516
Loading model engine: best.engine
[SCOUT] Connecting to mavlink-router TCP 127.0.0.1:5760
[SCOUT] Connected
[TELEM] Connecting to MAVLink router UDP 14550[MAIN] Waiting for telemetry (GPS)...

[TELEM] Waiting for heartbeat...
[TELEM] Heartbeat OK
[MAIN] Telemetry ready: lat=28.4585957, lon=77.5057192, h=7.318
Loading model engine: best.engine
[SCOUT] Connecting to mavlink-router TCP 127.0.0.1:5760
[SCOUT] Connected
[TELEM] Connecting to MAVLink router UDP 14550[MAIN] Waiting for telemetry (GPS)...

[TELEM] Waiting for heartbeat...
[TELEM] Heartbeat OK
[MAIN] Telemetry ready: lat=28.4585921, lon=77.5057196, h=7.589
Loading model engine: best.engine
[SCOUT] Connecting to mavlink-router TCP 127.0.0.1:5760
[SCOUT] Connected
[TELEM] Connecting to MAVLink router UDP 14550[MAIN] Waiting for telemetry (GPS)...

[TELEM] Waiting for heartbeat...
[TELEM] Heartbeat OK
[MAIN] Telemetry ready: lat=28.4586001, lon=77.5057145, h=7.536
Loading model engine: best.engine
[SCOUT] Connecting to mavlink-router TCP 127.0.0.1:5760
[SCOUT] Connected
[TELEM] Connecting to MAVLink router UDP 14550[MAIN] Waiting for telemetry (GPS)...

[TELEM] Waiting for heartbeat...
[TELEM] Heartbeat OK
[MAIN] Telemetry ready: lat=28.4585923, lon=77.5057147, h=7.396
Loading model engine: best.engine
[SCOUT] Connecting to mavlink-router TCP 127.0.0.1:5760
[SCOUT] Connected
[TELEM] Connecting to MAVLink router UDP 14550[MAIN] Waiting for telemetry (GPS)...

[TELEM] Waiting for heartbeat...
[TELEM] Heartbeat OK
[MAIN] Telemetry ready: lat=28.4585786, lon=77.5057257, h=7.628
Loading model engine: best.engine
[SCOUT] Connecting to mavlink-router TCP 127.0.0.1:5760
[SCOUT] Connected
[TELEM] Connecting to MAVLink router UDP 14550[MAIN] Waiting for telemetry (GPS)...

[TELEM] Waiting for heartbeat...
[TELEM] Heartbeat OK
[MAIN] Telemetry ready: lat=28.4585695, lon=77.5057332, h=7.656
Loading model engine: best.engine
[SCOUT] Connecting to mavlink-router TCP 127.0.0.1:5760
[SCOUT] Connected
[TELEM] Connecting to MAVLink router UDP 14550[MAIN] Waiting for telemetry (GPS)...

[TELEM] Waiting for heartbeat...
[TELEM] Heartbeat OK
[MAIN] Telemetry ready: lat=28.4585657, lon=77.505742, h=8.012
Loading model engine: best.engine
[SCOUT] Connecting to mavlink-router TCP 127.0.0.1:5760
[SCOUT] Connected
[TELEM] Connecting to MAVLink router UDP 14550
[TELEM] Waiting for heartbeat...[MAIN] Waiting for telemetry (GPS)...

[TELEM] Heartbeat OK
[MAIN] Telemetry ready: lat=28.4585674, lon=77.5057431, h=7.775
Loading model engine: best.engine
[SCOUT] Connecting to mavlink-router TCP 127.0.0.1:5760
[SCOUT] Connected
[TELEM] Connecting to MAVLink router UDP 14550[MAIN] Waiting for telemetry (GPS)...

[TELEM] Waiting for heartbeat...
[TELEM] Heartbeat OK
[MAIN] Telemetry ready: lat=28.4585696, lon=77.5057474, h=7.78
Loading model engine: best.engine
[SCOUT] Connecting to mavlink-router TCP 127.0.0.1:5760
[SCOUT] Connected
[TELEM] Connecting to MAVLink router UDP 14550[MAIN] Waiting for telemetry (GPS)...

[TELEM] Waiting for heartbeat...
[TELEM] Heartbeat OK
[MAIN] Telemetry ready: lat=28.4585784, lon=77.5057421, h=7.619
Loading model engine: best.engine
[SCOUT] Connecting to mavlink-router TCP 127.0.0.1:5760
[SCOUT] Connected
[TELEM] Connecting to MAVLink router UDP 14550[MAIN] Waiting for telemetry (GPS)...

[TELEM] Waiting for heartbeat...
[TELEM] Heartbeat OK
[MAIN] Telemetry ready: lat=28.4585841, lon=77.5057382, h=7.594
Loading model engine: best.engine
[SCOUT] Connecting to mavlink-router TCP 127.0.0.1:5760
[SCOUT] Connected
[TELEM] Connecting to MAVLink router UDP 14550[MAIN] Waiting for telemetry (GPS)...

[TELEM] Waiting for heartbeat...
[TELEM] Heartbeat OK
[MAIN] Telemetry ready: lat=28.4585954, lon=77.5057358, h=7.76
Loading model engine: best.engine
[SCOUT] Connecting to mavlink-router TCP 127.0.0.1:5760
[SCOUT] Connected
[TELEM] Connecting to MAVLink router UDP 14550[MAIN] Waiting for telemetry (GPS)...

[TELEM] Waiting for heartbeat...
[TELEM] Heartbeat OK
[MAIN] Telemetry ready: lat=28.4586032, lon=77.5057333, h=7.841
Loading model engine: best.engine
[SCOUT] Connecting to mavlink-router TCP 127.0.0.1:5760
[SCOUT] Connected
[TELEM] Connecting to MAVLink router UDP 14550[MAIN] Waiting for telemetry (GPS)...

[TELEM] Waiting for heartbeat...
[TELEM] Heartbeat OK
[MAIN] Telemetry ready: lat=28.458602, lon=77.5057342, h=8.108
Loading model engine: best.engine
[SCOUT] Connecting to mavlink-router TCP 127.0.0.1:5760
[SCOUT] Connected
[TELEM] Connecting to MAVLink router UDP 14550[MAIN] Waiting for telemetry (GPS)...

[TELEM] Waiting for heartbeat...
[TELEM] Heartbeat OK
[MAIN] Telemetry ready: lat=28.4585903, lon=77.5057391, h=8.093
Loading model engine: best.engine
[SCOUT] Connecting to mavlink-router TCP 127.0.0.1:5760
[SCOUT] Connected
[TELEM] Connecting to MAVLink router UDP 14550[MAIN] Waiting for telemetry (GPS)...

[TELEM] Waiting for heartbeat...
[TELEM] Heartbeat OK
[MAIN] Telemetry ready: lat=28.458584, lon=77.5057395, h=8.074
Loading model engine: best.engine
[SCOUT] Connecting to mavlink-router TCP 127.0.0.1:5760
[SCOUT] Connected
[TELEM] Connecting to MAVLink router UDP 14550[MAIN] Waiting for telemetry (GPS)...

[TELEM] Waiting for heartbeat...
[TELEM] Heartbeat OK
[MAIN] Telemetry ready: lat=28.4585736, lon=77.5057478, h=8.143
Loading model engine: best.engine
[SCOUT] Connecting to mavlink-router TCP 127.0.0.1:5760
[SCOUT] Connected
[TELEM] Connecting to MAVLink router UDP 14550[MAIN] Waiting for telemetry (GPS)...

[TELEM] Waiting for heartbeat...
[TELEM] Heartbeat OK
[MAIN] Telemetry ready: lat=28.458582, lon=77.5057382, h=8.14
Loading model engine: best.engine
[SCOUT] Connecting to mavlink-router TCP 127.0.0.1:5760
[SCOUT] Connected
[TELEM] Connecting to MAVLink router UDP 14550[MAIN] Waiting for telemetry (GPS)...

[TELEM] Waiting for heartbeat...
[TELEM] Heartbeat OK
[MAIN] Telemetry ready: lat=28.4585923, lon=77.5057317, h=8.297
Loading model engine: best.engine
[SCOUT] Connecting to mavlink-router TCP 127.0.0.1:5760
[SCOUT] Connected
[TELEM] Connecting to MAVLink router UDP 14550[MAIN] Waiting for telemetry (GPS)...

[TELEM] Waiting for heartbeat...
[TELEM] Heartbeat OK
[MAIN] Telemetry ready: lat=28.4585936, lon=77.5057323, h=8.303
Loading model engine: best.engine
[SCOUT] Connecting to mavlink-router TCP 127.0.0.1:5760
[SCOUT] Connected
[TELEM] Connecting to MAVLink router UDP 14550[MAIN] Waiting for telemetry (GPS)...

[TELEM] Waiting for heartbeat...
[TELEM] Heartbeat OK
[MAIN] Telemetry ready: lat=28.4585961, lon=77.5057316, h=8.357
Loading model engine: best.engine
[SCOUT] Connecting to mavlink-router TCP 127.0.0.1:5760
[SCOUT] Connected
[TELEM] Connecting to MAVLink router UDP 14550[MAIN] Waiting for telemetry (GPS)...

[TELEM] Waiting for heartbeat...
[TELEM] Heartbeat OK
[MAIN] Telemetry ready: lat=28.4586086, lon=77.505722, h=8.328
Loading model engine: best.engine
[SCOUT] Connecting to mavlink-router TCP 127.0.0.1:5760
[SCOUT] Connected
[TELEM] Connecting to MAVLink router UDP 14550[MAIN] Waiting for telemetry (GPS)...

[TELEM] Waiting for heartbeat...
[TELEM] Heartbeat OK
[MAIN] Telemetry ready: lat=28.4586137, lon=77.5057204, h=8.24
Loading model engine: best.engine
[SCOUT] Connecting to mavlink-router TCP 127.0.0.1:5760
[SCOUT] Connected
[TELEM] Connecting to MAVLink router UDP 14550[MAIN] Waiting for telemetry (GPS)...

[TELEM] Waiting for heartbeat...
[TELEM] Heartbeat OK
[MAIN] Telemetry ready: lat=28.4586142, lon=77.5057222, h=8.067
Loading model engine: best.engine
[SCOUT] Connecting to mavlink-router TCP 127.0.0.1:5760
[SCOUT] Connected
[TELEM] Connecting to MAVLink router UDP 14550[MAIN] Waiting for telemetry (GPS)...

[TELEM] Waiting for heartbeat...
[TELEM] Heartbeat OK
[MAIN] Telemetry ready: lat=28.458609, lon=77.5057297, h=8.16
Loading model engine: best.engine
[SCOUT] Connecting to mavlink-router TCP 127.0.0.1:5760
[SCOUT] Connected
[TELEM] Connecting to MAVLink router UDP 14550[MAIN] Waiting for telemetry (GPS)...

[TELEM] Waiting for heartbeat...
[TELEM] Heartbeat OK
[MAIN] Telemetry ready: lat=28.4585989, lon=77.5057393, h=8.302
Loading model engine: best.engine
[SCOUT] Connecting to mavlink-router TCP 127.0.0.1:5760
[SCOUT] Connected
[TELEM] Connecting to MAVLink router UDP 14550[MAIN] Waiting for telemetry (GPS)...

[TELEM] Waiting for heartbeat...
[TELEM] Heartbeat OK
[MAIN] Telemetry ready: lat=28.4586009, lon=77.5057377, h=8.315
Loading model engine: best.engine
[SCOUT] Connecting to mavlink-router TCP 127.0.0.1:5760
[SCOUT] Connected
[TELEM] Connecting to MAVLink router UDP 14550[MAIN] Waiting for telemetry (GPS)...

[TELEM] Waiting for heartbeat...
[TELEM] Heartbeat OK
[MAIN] Telemetry ready: lat=28.4585984, lon=77.5057347, h=8.23
Loading model engine: best.engine
[SCOUT] Connecting to mavlink-router TCP 127.0.0.1:5760
[SCOUT] Connected
[TELEM] Connecting to MAVLink router UDP 14550[MAIN] Waiting for telemetry (GPS)...

[TELEM] Waiting for heartbeat...
[TELEM] Heartbeat OK
[MAIN] Telemetry ready: lat=28.458591, lon=77.50574, h=8.438
Loading model engine: best.engine
[SCOUT] Connecting to mavlink-router TCP 127.0.0.1:5760
[SCOUT] Connected
[TELEM] Connecting to MAVLink router UDP 14550[MAIN] Waiting for telemetry (GPS)...

[TELEM] Waiting for heartbeat...
[TELEM] Heartbeat OK
[MAIN] Telemetry ready: lat=28.4585793, lon=77.5057471, h=8.546
Loading model engine: best.engine
[SCOUT] Connecting to mavlink-router TCP 127.0.0.1:5760
[SCOUT] Connected
[TELEM] Connecting to MAVLink router UDP 14550[MAIN] Waiting for telemetry (GPS)...

[TELEM] Waiting for heartbeat...
[TELEM] Heartbeat OK
[MAIN] Telemetry ready: lat=28.4585704, lon=77.5057523, h=8.378
Loading model engine: best.engine
[SCOUT] Connecting to mavlink-router TCP 127.0.0.1:5760
[SCOUT] Connected
[TELEM] Connecting to MAVLink router UDP 14550[MAIN] Waiting for telemetry (GPS)...

[TELEM] Waiting for heartbeat...
[TELEM] Heartbeat OK
[MAIN] Telemetry ready: lat=28.4585671, lon=77.505755, h=8.681
Loading model engine: best.engine
[SCOUT] Connecting to mavlink-router TCP 127.0.0.1:5760
[SCOUT] Connected
[TELEM] Connecting to MAVLink router UDP 14550[MAIN] Waiting for telemetry (GPS)...

[TELEM] Waiting for heartbeat...
[TELEM] Heartbeat OK
[MAIN] Telemetry ready: lat=28.4585653, lon=77.5057556, h=8.61
Loading model engine: best.engine
[SCOUT] Connecting to mavlink-router TCP 127.0.0.1:5760
[SCOUT] Connected
[TELEM] Connecting to MAVLink router UDP 14550[MAIN] Waiting for telemetry (GPS)...

[TELEM] Waiting for heartbeat...
[TELEM] Heartbeat OK
[MAIN] Telemetry ready: lat=28.4585632, lon=77.5057596, h=8.579
Loading model engine: best.engine
[SCOUT] Connecting to mavlink-router TCP 127.0.0.1:5760
[SCOUT] Connected
[TELEM] Connecting to MAVLink router UDP 14550[MAIN] Waiting for telemetry (GPS)...

[TELEM] Waiting for heartbeat...
[TELEM] Heartbeat OK
[MAIN] Telemetry ready: lat=28.4585613, lon=77.5057615, h=8.396
Loading model engine: best.engine
[SCOUT] Connecting to mavlink-router TCP 127.0.0.1:5760
[SCOUT] Connected
[TELEM] Connecting to MAVLink router UDP 14550[MAIN] Waiting for telemetry (GPS)...

[TELEM] Waiting for heartbeat...
[TELEM] Heartbeat OK
[MAIN] Telemetry ready: lat=28.4585627, lon=77.5057573, h=8.463
Loading model engine: best.engine
[SCOUT] Connecting to mavlink-router TCP 127.0.0.1:5760
[SCOUT] Connected
[TELEM] Connecting to MAVLink router UDP 14550[MAIN] Waiting for telemetry (GPS)...

[TELEM] Waiting for heartbeat...
[TELEM] Heartbeat OK
[MAIN] Telemetry ready: lat=28.4585672, lon=77.5057535, h=8.565
Loading model engine: best.engine
[SCOUT] Connecting to mavlink-router TCP 127.0.0.1:5760
[SCOUT] Connected
[TELEM] Connecting to MAVLink router UDP 14550[MAIN] Waiting for telemetry (GPS)...

[TELEM] Waiting for heartbeat...
[TELEM] Heartbeat OK
[MAIN] Telemetry ready: lat=28.4585684, lon=77.5057568, h=8.67
Loading model engine: best.engine
[SCOUT] Connecting to mavlink-router TCP 127.0.0.1:5760
[SCOUT] Connected
[TELEM] Connecting to MAVLink router UDP 14550[MAIN] Waiting for telemetry (GPS)...

[TELEM] Waiting for heartbeat...
[TELEM] Heartbeat OK
[MAIN] Telemetry ready: lat=28.4585733, lon=77.5057485, h=8.614
Loading model engine: best.engine
[SCOUT] Connecting to mavlink-router TCP 127.0.0.1:5760
[SCOUT] Connected
[TELEM] Connecting to MAVLink router UDP 14550[MAIN] Waiting for telemetry (GPS)...

[TELEM] Waiting for heartbeat...
[TELEM] Heartbeat OK
[MAIN] Telemetry ready: lat=28.4586215, lon=77.505673, h=8.61
Loading model engine: best.engine
[SCOUT] Connecting to mavlink-router TCP 127.0.0.1:5760
[SCOUT] Connected
[TELEM] Connecting to MAVLink router UDP 14550[MAIN] Waiting for telemetry (GPS)...

[TELEM] Waiting for heartbeat...
[TELEM] Heartbeat OK
[MAIN] Telemetry ready: lat=28.4587007, lon=77.5055774, h=8.74
Loading model engine: best.engine
[SCOUT] Connecting to mavlink-router TCP 127.0.0.1:5760
[SCOUT] Connected
[TELEM] Connecting to MAVLink router UDP 14550[MAIN] Waiting for telemetry (GPS)...

[TELEM] Waiting for heartbeat...
[TELEM] Heartbeat OK
[MAIN] Telemetry ready: lat=28.4587563, lon=77.505854, h=8.673
Loading model engine: best.engine
[SCOUT] Connecting to mavlink-router TCP 127.0.0.1:5760
[SCOUT] Connected
[TELEM] Connecting to MAVLink router UDP 14550[MAIN] Waiting for telemetry (GPS)...

[TELEM] Waiting for heartbeat...
[TELEM] Heartbeat OK
[MAIN] Telemetry ready: lat=28.4587735, lon=77.5059696, h=8.646
Loading model engine: best.engine
[SCOUT] Connecting to mavlink-router TCP 127.0.0.1:5760
[SCOUT] Connected
[TELEM] Connecting to MAVLink router UDP 14550[MAIN] Waiting for telemetry (GPS)...

[TELEM] Waiting for heartbeat...
[TELEM] Heartbeat OK
[MAIN] Telemetry ready: lat=28.4590106, lon=77.5064685, h=8.722
Loading model engine: best.engine
[SCOUT] Connecting to mavlink-router TCP 127.0.0.1:5760
[SCOUT] Connected
[TELEM] Connecting to MAVLink router UDP 14550[MAIN] Waiting for telemetry (GPS)...

[TELEM] Waiting for heartbeat...
[TELEM] Heartbeat OK
[MAIN] Telemetry ready: lat=28.4591751, lon=77.5070267, h=8.699
Loading model engine: best.engine
[SCOUT] Connecting to mavlink-router TCP 127.0.0.1:5760
[SCOUT] Connected
[TELEM] Connecting to MAVLink router UDP 14550[MAIN] Waiting for telemetry (GPS)...

[TELEM] Waiting for heartbeat...
[TELEM] Heartbeat OK
[MAIN] Telemetry ready: lat=28.4592408, lon=77.5072752, h=8.839
Loading model engine: best.engine
[SCOUT] Connecting to mavlink-router TCP 127.0.0.1:5760
[SCOUT] Connected
[TELEM] Connecting to MAVLink router UDP 14550[MAIN] Waiting for telemetry (GPS)...

[TELEM] Waiting for heartbeat...
[TELEM] Heartbeat OK
[MAIN] Telemetry ready: lat=28.4592408, lon=77.5072752, h=8.87
Loading model engine: best.engine
[SCOUT] Connecting to mavlink-router TCP 127.0.0.1:5760
[SCOUT] Connected
[TELEM] Connecting to MAVLink router UDP 14550[MAIN] Waiting for telemetry (GPS)...

[TELEM] Waiting for heartbeat...
[TELEM] Heartbeat OK
[MAIN] Telemetry ready: lat=28.4592408, lon=77.5072752, h=8.948
Loading model engine: best.engine
[SCOUT] Connecting to mavlink-router TCP 127.0.0.1:5760
[SCOUT] Connected
[TELEM] Connecting to MAVLink router UDP 14550[MAIN] Waiting for telemetry (GPS)...

[TELEM] Waiting for heartbeat...
[TELEM] Heartbeat OK
[MAIN] Telemetry ready: lat=28.4592408, lon=77.5072752, h=8.778
Loading model engine: best.engine
[SCOUT] Connecting to mavlink-router TCP 127.0.0.1:5760
[SCOUT] Connected
[TELEM] Connecting to MAVLink router UDP 14550[MAIN] Waiting for telemetry (GPS)...

[TELEM] Waiting for heartbeat...
[TELEM] Heartbeat OK
[MAIN] Telemetry ready: lat=28.4592408, lon=77.5072752, h=8.732
Loading model engine: best.engine
[SCOUT] Connecting to mavlink-router TCP 127.0.0.1:5760
[SCOUT] Connected
[TELEM] Connecting to MAVLink router UDP 14550[MAIN] Waiting for telemetry (GPS)...

[TELEM] Waiting for heartbeat...
[TELEM] Heartbeat OK
[MAIN] Telemetry ready: lat=28.4592408, lon=77.5072752, h=8.693
Loading model engine: best.engine
[SCOUT] Connecting to mavlink-router TCP 127.0.0.1:5760
[SCOUT] Connected
[TELEM] Connecting to MAVLink router UDP 14550[MAIN] Waiting for telemetry (GPS)...

[TELEM] Waiting for heartbeat...
[TELEM] Heartbeat OK
[MAIN] Telemetry ready: lat=28.4592408, lon=77.5072752, h=8.782
Loading model engine: best.engine
[SCOUT] Connecting to mavlink-router TCP 127.0.0.1:5760
[SCOUT] Connected
[TELEM] Connecting to MAVLink router UDP 14550[MAIN] Waiting for telemetry (GPS)...

[TELEM] Waiting for heartbeat...
[TELEM] Heartbeat OK
[MAIN] Telemetry ready: lat=28.4592408, lon=77.5072752, h=8.791
Loading model engine: best.engine
[SCOUT] Connecting to mavlink-router TCP 127.0.0.1:5760
[SCOUT] Connected
[TELEM] Connecting to MAVLink router UDP 14550[MAIN] Waiting for telemetry (GPS)...

[TELEM] Waiting for heartbeat...
[TELEM] Heartbeat OK
[MAIN] Telemetry ready: lat=28.4592408, lon=77.5072752, h=8.898
Loading model engine: best.engine
[SCOUT] Connecting to mavlink-router TCP 127.0.0.1:5760
[SCOUT] Connected
[TELEM] Connecting to MAVLink router UDP 14550[MAIN] Waiting for telemetry (GPS)...

[TELEM] Waiting for heartbeat...
[TELEM] Heartbeat OK
[MAIN] Telemetry ready: lat=28.4592408, lon=77.5072752, h=8.925
Loading model engine: best.engine
[SCOUT] Connecting to mavlink-router TCP 127.0.0.1:5760
[SCOUT] Connected
[TELEM] Connecting to MAVLink router UDP 14550[MAIN] Waiting for telemetry (GPS)...

[TELEM] Waiting for heartbeat...
[TELEM] Heartbeat OK
[MAIN] Telemetry ready: lat=28.4592408, lon=77.5072752, h=8.665
Loading model engine: best.engine
[SCOUT] Connecting to mavlink-router TCP 127.0.0.1:5760
[SCOUT] Connected
[TELEM] Connecting to MAVLink router UDP 14550[MAIN] Waiting for telemetry (GPS)...

[TELEM] Waiting for heartbeat...
[TELEM] Heartbeat OK
[MAIN] Telemetry ready: lat=28.4592408, lon=77.5072752, h=8.898
Loading model engine: best.engine
[SCOUT] Connecting to mavlink-router TCP 127.0.0.1:5760
[SCOUT] Connected
[TELEM] Connecting to MAVLink router UDP 14550[MAIN] Waiting for telemetry (GPS)...

[TELEM] Waiting for heartbeat...
[TELEM] Heartbeat OK
[MAIN] Telemetry ready: lat=28.4592408, lon=77.5072752, h=8.872
Loading model engine: best.engine
[SCOUT] Connecting to mavlink-router TCP 127.0.0.1:5760
[SCOUT] Connected
[TELEM] Connecting to MAVLink router UDP 14550[MAIN] Waiting for telemetry (GPS)...

[TELEM] Waiting for heartbeat...
[TELEM] Heartbeat OK
[MAIN] Telemetry ready: lat=28.4592408, lon=77.5072752, h=8.832
Loading model engine: best.engine
[SCOUT] Connecting to mavlink-router TCP 127.0.0.1:5760
[SCOUT] Connected
[TELEM] Connecting to MAVLink router UDP 14550[MAIN] Waiting for telemetry (GPS)...

[TELEM] Waiting for heartbeat...
[TELEM] Heartbeat OK
[MAIN] Telemetry ready: lat=28.4592408, lon=77.5072752, h=8.796
Loading model engine: best.engine
[SCOUT] Connecting to mavlink-router TCP 127.0.0.1:5760
[SCOUT] Connected
[TELEM] Connecting to MAVLink router UDP 14550[MAIN] Waiting for telemetry (GPS)...

[TELEM] Waiting for heartbeat...
[TELEM] Heartbeat OK
[MAIN] Telemetry ready: lat=28.4592408, lon=77.5072752, h=8.941
Loading model engine: best.engine
[SCOUT] Connecting to mavlink-router TCP 127.0.0.1:5760
[SCOUT] Connected
[TELEM] Connecting to MAVLink router UDP 14550[MAIN] Waiting for telemetry (GPS)...

[TELEM] Waiting for heartbeat...
[TELEM] Heartbeat OK
[MAIN] Telemetry ready: lat=28.4592408, lon=77.5072752, h=8.965
Loading model engine: best.engine
[SCOUT] Connecting to mavlink-router TCP 127.0.0.1:5760
[SCOUT] Connected
[TELEM] Connecting to MAVLink router UDP 14550[MAIN] Waiting for telemetry (GPS)...

[TELEM] Waiting for heartbeat...
[TELEM] Heartbeat OK
[MAIN] Telemetry ready: lat=28.4592408, lon=77.5072752, h=9.04
Loading model engine: best.engine
[SCOUT] Connecting to mavlink-router TCP 127.0.0.1:5760
[SCOUT] Connected
[TELEM] Connecting to MAVLink router UDP 14550[MAIN] Waiting for telemetry (GPS)...

[TELEM] Waiting for heartbeat...
[TELEM] Heartbeat OK
[MAIN] Telemetry ready: lat=28.4592408, lon=77.5072752, h=8.984
Loading model engine: best.engine
[SCOUT] Connecting to mavlink-router TCP 127.0.0.1:5760
[SCOUT] Connected
[TELEM] Connecting to MAVLink router UDP 14550[MAIN] Waiting for telemetry (GPS)...

[TELEM] Waiting for heartbeat...
[TELEM] Heartbeat OK
[MAIN] Telemetry ready: lat=28.4592408, lon=77.5072752, h=8.915
Loading model engine: best.engine
[SCOUT] Connecting to mavlink-router TCP 127.0.0.1:5760
[SCOUT] Connected
[TELEM] Connecting to MAVLink router UDP 14550[MAIN] Waiting for telemetry (GPS)...

[TELEM] Waiting for heartbeat...
[TELEM] Heartbeat OK
[MAIN] Telemetry ready: lat=28.4592408, lon=77.5072752, h=9.14
Loading model engine: best.engine
[SCOUT] Connecting to mavlink-router TCP 127.0.0.1:5760
[SCOUT] Connected
[TELEM] Connecting to MAVLink router UDP 14550[MAIN] Waiting for telemetry (GPS)...

[TELEM] Waiting for heartbeat...
[TELEM] Heartbeat OK
[MAIN] Telemetry ready: lat=28.4592408, lon=77.5072752, h=9.099
Loading model engine: best.engine
[SCOUT] Connecting to mavlink-router TCP 127.0.0.1:5760
[SCOUT] Connected
[TELEM] Connecting to MAVLink router UDP 14550[MAIN] Waiting for telemetry (GPS)...

[TELEM] Waiting for heartbeat...
[TELEM] Heartbeat OK
[MAIN] Telemetry ready: lat=28.4592408, lon=77.5072752, h=9.107
Loading model engine: best.engine
[SCOUT] Connecting to mavlink-router TCP 127.0.0.1:5760
[SCOUT] Connected
[TELEM] Connecting to MAVLink router UDP 14550[MAIN] Waiting for telemetry (GPS)...

[TELEM] Waiting for heartbeat...
[TELEM] Heartbeat OK
[MAIN] Telemetry ready: lat=28.4592408, lon=77.5072752, h=8.968
Loading model engine: best.engine
[SCOUT] Connecting to mavlink-router TCP 127.0.0.1:5760
[SCOUT] Connected
[TELEM] Connecting to MAVLink router UDP 14550[MAIN] Waiting for telemetry (GPS)...

[TELEM] Waiting for heartbeat...
[TELEM] Heartbeat OK
[MAIN] Telemetry ready: lat=28.4592408, lon=77.5072752, h=8.97
Loading model engine: best.engine
[SCOUT] Connecting to mavlink-router TCP 127.0.0.1:5760
[SCOUT] Connected
[TELEM] Connecting to MAVLink router UDP 14550[MAIN] Waiting for telemetry (GPS)...

[TELEM] Waiting for heartbeat...
[TELEM] Heartbeat OK
[MAIN] Telemetry ready: lat=28.4592408, lon=77.5072752, h=8.983
Loading model engine: best.engine
[SCOUT] Connecting to mavlink-router TCP 127.0.0.1:5760
[SCOUT] Connected
[TELEM] Connecting to MAVLink router UDP 14550[MAIN] Waiting for telemetry (GPS)...

[TELEM] Waiting for heartbeat...
[TELEM] Heartbeat OK
[MAIN] Telemetry ready: lat=28.4592408, lon=77.5072752, h=8.901
Loading model engine: best.engine
[SCOUT] Connecting to mavlink-router TCP 127.0.0.1:5760
[SCOUT] Connected
[TELEM] Connecting to MAVLink router UDP 14550[MAIN] Waiting for telemetry (GPS)...

[TELEM] Waiting for heartbeat...
[TELEM] Heartbeat OK
[MAIN] Telemetry ready: lat=28.4592408, lon=77.5072752, h=9.08
Loading model engine: best.engine
[SCOUT] Connecting to mavlink-router TCP 127.0.0.1:5760
[SCOUT] Connected
[TELEM] Connecting to MAVLink router UDP 14550[MAIN] Waiting for telemetry (GPS)...

[TELEM] Waiting for heartbeat...
[TELEM] Heartbeat OK
[MAIN] Telemetry ready: lat=28.4592408, lon=77.5072752, h=9.177
Loading model engine: best.engine
[SCOUT] Connecting to mavlink-router TCP 127.0.0.1:5760
[SCOUT] Connected
[TELEM] Connecting to MAVLink router UDP 14550[MAIN] Waiting for telemetry (GPS)...

[TELEM] Waiting for heartbeat...
[TELEM] Heartbeat OK
[MAIN] Telemetry ready: lat=28.4592408, lon=77.5072752, h=9.145
Loading model engine: best.engine
[SCOUT] Connecting to mavlink-router TCP 127.0.0.1:5760
[SCOUT] Connected
[TELEM] Connecting to MAVLink router UDP 14550[MAIN] Waiting for telemetry (GPS)...

[TELEM] Waiting for heartbeat...
[TELEM] Heartbeat OK
[MAIN] Telemetry ready: lat=28.4592408, lon=77.5072752, h=9.123
Loading model engine: best.engine
[SCOUT] Connecting to mavlink-router TCP 127.0.0.1:5760
[SCOUT] Connected
[TELEM] Connecting to MAVLink router UDP 14550[MAIN] Waiting for telemetry (GPS)...

[TELEM] Waiting for heartbeat...
[TELEM] Heartbeat OK
[MAIN] Telemetry ready: lat=28.4592408, lon=77.5072752, h=9.145
Loading model engine: best.engine
[SCOUT] Connecting to mavlink-router TCP 127.0.0.1:5760
[SCOUT] Connected
[TELEM] Connecting to MAVLink router UDP 14550[MAIN] Waiting for telemetry (GPS)...

[TELEM] Waiting for heartbeat...
[TELEM] Heartbeat OK
[MAIN] Telemetry ready: lat=28.4592408, lon=77.5072752, h=9.21
Loading model engine: best.engine
[SCOUT] Connecting to mavlink-router TCP 127.0.0.1:5760
[SCOUT] Connected
[TELEM] Connecting to MAVLink router UDP 14550[MAIN] Waiting for telemetry (GPS)...

[TELEM] Waiting for heartbeat...
[TELEM] Heartbeat OK
[MAIN] Telemetry ready: lat=28.4585435, lon=77.5057121, h=9.169
Loading model engine: best.engine
[SCOUT] Connecting to mavlink-router TCP 127.0.0.1:5760
[SCOUT] Connected
[TELEM] Connecting to MAVLink router UDP 14550[MAIN] Waiting for telemetry (GPS)...

[TELEM] Waiting for heartbeat...
[TELEM] Heartbeat OK
[MAIN] Telemetry ready: lat=28.4585104, lon=77.5057528, h=9.15
Loading model engine: best.engine
[SCOUT] Connecting to mavlink-router TCP 127.0.0.1:5760
[SCOUT] Connected
[TELEM] Connecting to MAVLink router UDP 14550[MAIN] Waiting for telemetry (GPS)...

[TELEM] Waiting for heartbeat...
[TELEM] Heartbeat OK
[MAIN] Telemetry ready: lat=28.4585152, lon=77.5057596, h=9.229
Loading model engine: best.engine
[SCOUT] Connecting to mavlink-router TCP 127.0.0.1:5760
[SCOUT] Connected
[TELEM] Connecting to MAVLink router UDP 14550[MAIN] Waiting for telemetry (GPS)...

[TELEM] Waiting for heartbeat...
[TELEM] Heartbeat OK
[MAIN] Telemetry ready: lat=28.4585212, lon=77.5057566, h=9.19
Loading model engine: best.engine
[SCOUT] Connecting to mavlink-router TCP 127.0.0.1:5760
[SCOUT] Connected
[TELEM] Connecting to MAVLink router UDP 14550[MAIN] Waiting for telemetry (GPS)...

[TELEM] Waiting for heartbeat...
[TELEM] Heartbeat OK
[MAIN] Telemetry ready: lat=28.4585167, lon=77.5057401, h=9.226
Loading model engine: best.engine
[SCOUT] Connecting to mavlink-router TCP 127.0.0.1:5760
[SCOUT] Connected
[TELEM] Connecting to MAVLink router UDP 14550[MAIN] Waiting for telemetry (GPS)...

[TELEM] Waiting for heartbeat...
[TELEM] Heartbeat OK
[MAIN] Telemetry ready: lat=28.4585138, lon=77.5057354, h=9.312
Loading model engine: best.engine
[SCOUT] Connecting to mavlink-router TCP 127.0.0.1:5760
[SCOUT] Connected
[TELEM] Connecting to MAVLink router UDP 14550[MAIN] Waiting for telemetry (GPS)...

[TELEM] Waiting for heartbeat...
[TELEM] Heartbeat OK
[MAIN] Telemetry ready: lat=28.4585168, lon=77.5057227, h=9.341
Loading model engine: best.engine
[SCOUT] Connecting to mavlink-router TCP 127.0.0.1:5760
[SCOUT] Connected
[TELEM] Connecting to MAVLink router UDP 14550[MAIN] Waiting for telemetry (GPS)...

[TELEM] Waiting for heartbeat...
[TELEM] Heartbeat OK
[MAIN] Telemetry ready: lat=28.4585133, lon=77.5057227, h=9.247
Loading model engine: best.engine
[SCOUT] Connecting to mavlink-router TCP 127.0.0.1:5760
[SCOUT] Connected
[TELEM] Connecting to MAVLink router UDP 14550[MAIN] Waiting for telemetry (GPS)...

[TELEM] Waiting for heartbeat...
[TELEM] Heartbeat OK
[MAIN] Telemetry ready: lat=28.458528, lon=77.505709, h=9.251
Loading model engine: best.engine
[SCOUT] Connecting to mavlink-router TCP 127.0.0.1:5760
[SCOUT] Connected
[TELEM] Connecting to MAVLink router UDP 14550[MAIN] Waiting for telemetry (GPS)...

[TELEM] Waiting for heartbeat...
[TELEM] Heartbeat OK
[MAIN] Telemetry ready: lat=28.4585456, lon=77.5057052, h=9.277
Loading model engine: best.engine
[SCOUT] Connecting to mavlink-router TCP 127.0.0.1:5760
[SCOUT] Connected
[TELEM] Connecting to MAVLink router UDP 14550[MAIN] Waiting for telemetry (GPS)...

[TELEM] Waiting for heartbeat...
[TELEM] Heartbeat OK
[MAIN] Telemetry ready: lat=28.4585604, lon=77.5057048, h=9.35
Loading model engine: best.engine
[SCOUT] Connecting to mavlink-router TCP 127.0.0.1:5760
[SCOUT] Connected
[TELEM] Connecting to MAVLink router UDP 14550[MAIN] Waiting for telemetry (GPS)...

[TELEM] Waiting for heartbeat...
[TELEM] Heartbeat OK
[MAIN] Telemetry ready: lat=28.4585755, lon=77.5056916, h=9.256
Loading model engine: best.engine
[SCOUT] Connecting to mavlink-router TCP 127.0.0.1:5760
[SCOUT] Connected
[TELEM] Connecting to MAVLink router UDP 14550[MAIN] Waiting for telemetry (GPS)...

[TELEM] Waiting for heartbeat...
[TELEM] Heartbeat OK
[MAIN] Telemetry ready: lat=28.4585878, lon=77.5056838, h=9.271
Loading model engine: best.engine
[SCOUT] Connecting to mavlink-router TCP 127.0.0.1:5760
[SCOUT] Connected
[TELEM] Connecting to MAVLink router UDP 14550[MAIN] Waiting for telemetry (GPS)...

[TELEM] Waiting for heartbeat...
[TELEM] Heartbeat OK
[MAIN] Telemetry ready: lat=28.4585903, lon=77.5056956, h=9.371
Loading model engine: best.engine
[SCOUT] Connecting to mavlink-router TCP 127.0.0.1:5760
[SCOUT] Connected
[TELEM] Connecting to MAVLink router UDP 14550[MAIN] Waiting for telemetry (GPS)...

[TELEM] Waiting for heartbeat...
[TELEM] Heartbeat OK
[MAIN] Telemetry ready: lat=28.4585757, lon=77.5057346, h=9.323
Loading model engine: best.engine
[SCOUT] Connecting to mavlink-router TCP 127.0.0.1:5760
[SCOUT] Connected
[TELEM] Connecting to MAVLink router UDP 14550[MAIN] Waiting for telemetry (GPS)...

[TELEM] Waiting for heartbeat...
[TELEM] Heartbeat OK
[MAIN] Telemetry ready: lat=28.4585544, lon=77.5057789, h=9.433
Loading model engine: best.engine
[SCOUT] Connecting to mavlink-router TCP 127.0.0.1:5760
[SCOUT] Connected
[TELEM] Connecting to MAVLink router UDP 14550[MAIN] Waiting for telemetry (GPS)...

[TELEM] Waiting for heartbeat...
[TELEM] Heartbeat OK
[MAIN] Telemetry ready: lat=28.4585679, lon=77.505781, h=9.411
Loading model engine: best.engine
[SCOUT] Connecting to mavlink-router TCP 127.0.0.1:5760
[SCOUT] Connected
[TELEM] Connecting to MAVLink router UDP 14550[MAIN] Waiting for telemetry (GPS)...

[TELEM] Waiting for heartbeat...
[TELEM] Heartbeat OK
[MAIN] Telemetry ready: lat=28.4585627, lon=77.505758, h=9.269
Loading model engine: best.engine
[SCOUT] Connecting to mavlink-router TCP 127.0.0.1:5760
[SCOUT] Connected
[TELEM] Connecting to MAVLink router UDP 14550[MAIN] Waiting for telemetry (GPS)...

[TELEM] Waiting for heartbeat...
[TELEM] Heartbeat OK
[MAIN] Telemetry ready: lat=28.4585621, lon=77.505746, h=9.287
Loading model engine: best.engine
[SCOUT] Connecting to mavlink-router TCP 127.0.0.1:5760
[SCOUT] Connected
[TELEM] Connecting to MAVLink router UDP 14550[MAIN] Waiting for telemetry (GPS)...

[TELEM] Waiting for heartbeat...
[TELEM] Heartbeat OK
[MAIN] Telemetry ready: lat=28.4585568, lon=77.5057553, h=9.397
Loading model engine: best.engine
[SCOUT] Connecting to mavlink-router TCP 127.0.0.1:5760
[SCOUT] Connected
[TELEM] Connecting to MAVLink router UDP 14550[MAIN] Waiting for telemetry (GPS)...

[TELEM] Waiting for heartbeat...
[TELEM] Heartbeat OK
[MAIN] Telemetry ready: lat=28.4585492, lon=77.5057282, h=9.356
Loading model engine: best.engine
[SCOUT] Connecting to mavlink-router TCP 127.0.0.1:5760
[SCOUT] Connected
[TELEM] Connecting to MAVLink router UDP 14550[MAIN] Waiting for telemetry (GPS)...

[TELEM] Waiting for heartbeat...
[TELEM] Heartbeat OK
[MAIN] Telemetry ready: lat=28.4585475, lon=77.5057493, h=9.238
Loading model engine: best.engine
[SCOUT] Connecting to mavlink-router TCP 127.0.0.1:5760
[SCOUT] Connected
[TELEM] Connecting to MAVLink router UDP 14550[MAIN] Waiting for telemetry (GPS)...

[TELEM] Waiting for heartbeat...
[TELEM] Heartbeat OK
[MAIN] Telemetry ready: lat=28.458547, lon=77.5057578, h=9.29
Loading model engine: best.engine
[SCOUT] Connecting to mavlink-router TCP 127.0.0.1:5760
[SCOUT] Connected
[TELEM] Connecting to MAVLink router UDP 14550[MAIN] Waiting for telemetry (GPS)...

[TELEM] Waiting for heartbeat...
[TELEM] Heartbeat OK
[MAIN] Telemetry ready: lat=28.4585485, lon=77.5057709, h=9.391
Loading model engine: best.engine
[SCOUT] Connecting to mavlink-router TCP 127.0.0.1:5760
[SCOUT] Connected
[TELEM] Connecting to MAVLink router UDP 14550[MAIN] Waiting for telemetry (GPS)...

[TELEM] Waiting for heartbeat...
[TELEM] Heartbeat OK
[MAIN] Telemetry ready: lat=28.4585329, lon=77.5058017, h=9.293
Loading model engine: best.engine
[SCOUT] Connecting to mavlink-router TCP 127.0.0.1:5760
[SCOUT] Connected
[TELEM] Connecting to MAVLink router UDP 14550[MAIN] Waiting for telemetry (GPS)...

[TELEM] Waiting for heartbeat...
[TELEM] Heartbeat OK
[MAIN] Telemetry ready: lat=28.4585329, lon=77.50579, h=9.333
Loading model engine: best.engine
[SCOUT] Connecting to mavlink-router TCP 127.0.0.1:5760
[SCOUT] Connected
[TELEM] Connecting to MAVLink router UDP 14550[MAIN] Waiting for telemetry (GPS)...

[TELEM] Waiting for heartbeat...
[TELEM] Heartbeat OK
[MAIN] Telemetry ready: lat=28.4585289, lon=77.5057901, h=9.354
Loading model engine: best.engine
[SCOUT] Connecting to mavlink-router TCP 127.0.0.1:5760
[SCOUT] Connected
[TELEM] Connecting to MAVLink router UDP 14550[MAIN] Waiting for telemetry (GPS)...

[TELEM] Waiting for heartbeat...
[TELEM] Heartbeat OK
[MAIN] Telemetry ready: lat=28.4585305, lon=77.5057849, h=9.357
Loading model engine: best.engine
[SCOUT] Connecting to mavlink-router TCP 127.0.0.1:5760
[SCOUT] Connected
[TELEM] Connecting to MAVLink router UDP 14550[MAIN] Waiting for telemetry (GPS)...

[TELEM] Waiting for heartbeat...
[TELEM] Heartbeat OK
[MAIN] Telemetry ready: lat=28.4585302, lon=77.5057859, h=9.248
Loading model engine: best.engine
[SCOUT] Connecting to mavlink-router TCP 127.0.0.1:5760
[SCOUT] Connected
[TELEM] Connecting to MAVLink router UDP 14550[MAIN] Waiting for telemetry (GPS)...

[TELEM] Waiting for heartbeat...
[TELEM] Heartbeat OK
[MAIN] Telemetry ready: lat=28.4585423, lon=77.5057684, h=9.258
Loading model engine: best.engine
[SCOUT] Connecting to mavlink-router TCP 127.0.0.1:5760
[SCOUT] Connected
[TELEM] Connecting to MAVLink router UDP 14550[MAIN] Waiting for telemetry (GPS)...

[TELEM] Waiting for heartbeat...
[TELEM] Heartbeat OK
[MAIN] Telemetry ready: lat=28.4585491, lon=77.5057649, h=9.428
Loading model engine: best.engine
[SCOUT] Connecting to mavlink-router TCP 127.0.0.1:5760
[SCOUT] Connected
[TELEM] Connecting to MAVLink router UDP 14550[MAIN] Waiting for telemetry (GPS)...

[TELEM] Waiting for heartbeat...
[TELEM] Heartbeat OK
[MAIN] Telemetry ready: lat=28.4585399, lon=77.5057787, h=9.443
Loading model engine: best.engine
[SCOUT] Connecting to mavlink-router TCP 127.0.0.1:5760
[SCOUT] Connected
[TELEM] Connecting to MAVLink router UDP 14550[MAIN] Waiting for telemetry (GPS)...

[TELEM] Waiting for heartbeat...
[TELEM] Heartbeat OK
[MAIN] Telemetry ready: lat=28.4585457, lon=77.5057854, h=9.308
Loading model engine: best.engine
[SCOUT] Connecting to mavlink-router TCP 127.0.0.1:5760
[SCOUT] Connected
[TELEM] Connecting to MAVLink router UDP 14550[MAIN] Waiting for telemetry (GPS)...

[TELEM] Waiting for heartbeat...
[TELEM] Heartbeat OK
[MAIN] Telemetry ready: lat=28.4585473, lon=77.5057582, h=9.194
Loading model engine: best.engine
[SCOUT] Connecting to mavlink-router TCP 127.0.0.1:5760
[SCOUT] Connected
[TELEM] Connecting to MAVLink router UDP 14550[MAIN] Waiting for telemetry (GPS)...

[TELEM] Waiting for heartbeat...
[TELEM] Heartbeat OK
[MAIN] Telemetry ready: lat=28.4585481, lon=77.505724, h=9.193
Loading model engine: best.engine
[SCOUT] Connecting to mavlink-router TCP 127.0.0.1:5760
[SCOUT] Connected
[TELEM] Connecting to MAVLink router UDP 14550[MAIN] Waiting for telemetry (GPS)...

[TELEM] Waiting for heartbeat...
[TELEM] Heartbeat OK
[MAIN] Telemetry ready: lat=28.4585428, lon=77.5057148, h=9.349
Loading model engine: best.engine
[SCOUT] Connecting to mavlink-router TCP 127.0.0.1:5760
[SCOUT] Connected
[TELEM] Connecting to MAVLink router UDP 14550[MAIN] Waiting for telemetry (GPS)...

[TELEM] Waiting for heartbeat...
[TELEM] Heartbeat OK
[MAIN] Telemetry ready: lat=28.4585255, lon=77.5057177, h=9.528
Loading model engine: best.engine
[SCOUT] Connecting to mavlink-router TCP 127.0.0.1:5760
[SCOUT] Connected
[TELEM] Connecting to MAVLink router UDP 14550[MAIN] Waiting for telemetry (GPS)...

[TELEM] Waiting for heartbeat...
[TELEM] Heartbeat OK
[MAIN] Telemetry ready: lat=28.4585246, lon=77.5057174, h=9.265
Loading model engine: best.engine
[SCOUT] Connecting to mavlink-router TCP 127.0.0.1:5760
[SCOUT] Connected
[TELEM] Connecting to MAVLink router UDP 14550[MAIN] Waiting for telemetry (GPS)...

[TELEM] Waiting for heartbeat...
[TELEM] Heartbeat OK
[MAIN] Telemetry ready: lat=28.4585161, lon=77.505739, h=9.482
Loading model engine: best.engine
[SCOUT] Connecting to mavlink-router TCP 127.0.0.1:5760
[SCOUT] Connected
[TELEM] Connecting to MAVLink router UDP 14550[MAIN] Waiting for telemetry (GPS)...

[TELEM] Waiting for heartbeat...
[TELEM] Heartbeat OK
[MAIN] Telemetry ready: lat=28.4584962, lon=77.5057423, h=9.457
Loading model engine: best.engine
[SCOUT] Connecting to mavlink-router TCP 127.0.0.1:5760
[SCOUT] Connected
[TELEM] Connecting to MAVLink router UDP 14550[MAIN] Waiting for telemetry (GPS)...

[TELEM] Waiting for heartbeat...
[TELEM] Heartbeat OK
[MAIN] Telemetry ready: lat=28.4584784, lon=77.505755, h=9.573
Loading model engine: best.engine
[SCOUT] Connecting to mavlink-router TCP 127.0.0.1:5760
[SCOUT] Connected
[TELEM] Connecting to MAVLink router UDP 14550[MAIN] Waiting for telemetry (GPS)...

[TELEM] Waiting for heartbeat...
[TELEM] Heartbeat OK
[MAIN] Telemetry ready: lat=28.4584755, lon=77.505762, h=9.521
Loading model engine: best.engine
[SCOUT] Connecting to mavlink-router TCP 127.0.0.1:5760
[SCOUT] Connected
[TELEM] Connecting to MAVLink router UDP 14550[MAIN] Waiting for telemetry (GPS)...

[TELEM] Waiting for heartbeat...
[TELEM] Heartbeat OK
[MAIN] Telemetry ready: lat=28.4584827, lon=77.5057669, h=9.523
Loading model engine: best.engine
[SCOUT] Connecting to mavlink-router TCP 127.0.0.1:5760
[SCOUT] Connected
[TELEM] Connecting to MAVLink router UDP 14550[MAIN] Waiting for telemetry (GPS)...

[TELEM] Waiting for heartbeat...
[TELEM] Heartbeat OK
[MAIN] Telemetry ready: lat=28.4585062, lon=77.5057492, h=9.569
Loading model engine: best.engine
[SCOUT] Connecting to mavlink-router TCP 127.0.0.1:5760
[SCOUT] Connected
[TELEM] Connecting to MAVLink router UDP 14550[MAIN] Waiting for telemetry (GPS)...

[TELEM] Waiting for heartbeat...
[TELEM] Heartbeat OK
[MAIN] Telemetry ready: lat=28.4585225, lon=77.5057411, h=9.641
Loading model engine: best.engine
[SCOUT] Connecting to mavlink-router TCP 127.0.0.1:5760
[SCOUT] Connected
[TELEM] Connecting to MAVLink router UDP 14550[MAIN] Waiting for telemetry (GPS)...

[TELEM] Waiting for heartbeat...
[TELEM] Heartbeat OK
[MAIN] Telemetry ready: lat=28.4585194, lon=77.5057463, h=9.535
Loading model engine: best.engine
[SCOUT] Connecting to mavlink-router TCP 127.0.0.1:5760
[SCOUT] Connected
[TELEM] Connecting to MAVLink router UDP 14550[MAIN] Waiting for telemetry (GPS)...

[TELEM] Waiting for heartbeat...
[TELEM] Heartbeat OK
[MAIN] Telemetry ready: lat=28.4585114, lon=77.5057517, h=9.712
Loading model engine: best.engine
[SCOUT] Connecting to mavlink-router TCP 127.0.0.1:5760
[SCOUT] Connected
[TELEM] Connecting to MAVLink router UDP 14550[MAIN] Waiting for telemetry (GPS)...

[TELEM] Waiting for heartbeat...
[TELEM] Heartbeat OK
[MAIN] Telemetry ready: lat=28.4585069, lon=77.505758, h=9.699
Loading model engine: best.engine
[SCOUT] Connecting to mavlink-router TCP 127.0.0.1:5760
[SCOUT] Connected
[TELEM] Connecting to MAVLink router UDP 14550[MAIN] Waiting for telemetry (GPS)...

[TELEM] Waiting for heartbeat...
[TELEM] Heartbeat OK
[MAIN] Telemetry ready: lat=28.4584893, lon=77.5057707, h=9.783
Loading model engine: best.engine
[SCOUT] Connecting to mavlink-router TCP 127.0.0.1:5760
[SCOUT] Connected
[TELEM] Connecting to MAVLink router UDP 14550[MAIN] Waiting for telemetry (GPS)...

[TELEM] Waiting for heartbeat...
[TELEM] Heartbeat OK
[MAIN] Telemetry ready: lat=28.4584892, lon=77.5057678, h=9.748
Loading model engine: best.engine
[SCOUT] Connecting to mavlink-router TCP 127.0.0.1:5760
[SCOUT] Connected
[TELEM] Connecting to MAVLink router UDP 14550
[MAIN] Waiting for telemetry (GPS)...
[TELEM] Waiting for heartbeat...
[TELEM] Heartbeat OK
[MAIN] Telemetry ready: lat=28.4584943, lon=77.5057677, h=9.714
Loading model engine: best.engine
[SCOUT] Connecting to mavlink-router TCP 127.0.0.1:5760
[SCOUT] Connected
[TELEM] Connecting to MAVLink router UDP 14550[MAIN] Waiting for telemetry (GPS)...

[TELEM] Waiting for heartbeat...
[TELEM] Heartbeat OK
[MAIN] Telemetry ready: lat=28.4585062, lon=77.5057625, h=9.561
Loading model engine: best.engine
[SCOUT] Connecting to mavlink-router TCP 127.0.0.1:5760
[SCOUT] Connected
[TELEM] Connecting to MAVLink router UDP 14550[MAIN] Waiting for telemetry (GPS)...

[TELEM] Waiting for heartbeat...
[TELEM] Heartbeat OK
[MAIN] Telemetry ready: lat=28.4584979, lon=77.5057669, h=9.659
Loading model engine: best.engine
[SCOUT] Connecting to mavlink-router TCP 127.0.0.1:5760
[SCOUT] Connected
[TELEM] Connecting to MAVLink router UDP 14550[MAIN] Waiting for telemetry (GPS)...

[TELEM] Waiting for heartbeat...
[TELEM] Heartbeat OK
[MAIN] Telemetry ready: lat=28.4584962, lon=77.5057684, h=9.719
Loading model engine: best.engine
[SCOUT] Connecting to mavlink-router TCP 127.0.0.1:5760
[SCOUT] Connected
[TELEM] Connecting to MAVLink router UDP 14550[MAIN] Waiting for telemetry (GPS)...

[TELEM] Waiting for heartbeat...
[TELEM] Heartbeat OK
[MAIN] Telemetry ready: lat=28.4585039, lon=77.5057702, h=9.783
Loading model engine: best.engine
[SCOUT] Connecting to mavlink-router TCP 127.0.0.1:5760
[SCOUT] Connected
[TELEM] Connecting to MAVLink router UDP 14550[MAIN] Waiting for telemetry (GPS)...

[TELEM] Waiting for heartbeat...
[TELEM] Heartbeat OK
[MAIN] Telemetry ready: lat=28.4585055, lon=77.5057735, h=9.767
Loading model engine: best.engine
[SCOUT] Connecting to mavlink-router TCP 127.0.0.1:5760
[SCOUT] Connected
[TELEM] Connecting to MAVLink router UDP 14550[MAIN] Waiting for telemetry (GPS)...

[TELEM] Waiting for heartbeat...
[TELEM] Heartbeat OK
[MAIN] Telemetry ready: lat=28.4585133, lon=77.505772, h=9.81
Loading model engine: best.engine
[SCOUT] Connecting to mavlink-router TCP 127.0.0.1:5760
[SCOUT] Connected
[TELEM] Connecting to MAVLink router UDP 14550[MAIN] Waiting for telemetry (GPS)...

[TELEM] Waiting for heartbeat...
[TELEM] Heartbeat OK
[MAIN] Telemetry ready: lat=28.4585194, lon=77.5057684, h=9.986
Loading model engine: best.engine
[SCOUT] Connecting to mavlink-router TCP 127.0.0.1:5760
[SCOUT] Connected
[TELEM] Connecting to MAVLink router UDP 14550[MAIN] Waiting for telemetry (GPS)...

[TELEM] Waiting for heartbeat...
[TELEM] Heartbeat OK
[MAIN] Telemetry ready: lat=28.4585271, lon=77.5057698, h=9.927
Loading model engine: best.engine
[SCOUT] Connecting to mavlink-router TCP 127.0.0.1:5760
[SCOUT] Connected
[TELEM] Connecting to MAVLink router UDP 14550[MAIN] Waiting for telemetry (GPS)...

[TELEM] Waiting for heartbeat...
[TELEM] Heartbeat OK
[MAIN] Telemetry ready: lat=28.4585281, lon=77.5057697, h=9.847
Loading model engine: best.engine
[SCOUT] Connecting to mavlink-router TCP 127.0.0.1:5760
[SCOUT] Connected
[TELEM] Connecting to MAVLink router UDP 14550[MAIN] Waiting for telemetry (GPS)...

[TELEM] Waiting for heartbeat...
[TELEM] Heartbeat OK
[MAIN] Telemetry ready: lat=28.4585138, lon=77.5057623, h=9.966
Loading model engine: best.engine
[SCOUT] Connecting to mavlink-router TCP 127.0.0.1:5760
[SCOUT] Connected
[TELEM] Connecting to MAVLink router UDP 14550[MAIN] Waiting for telemetry (GPS)...

[TELEM] Waiting for heartbeat...
[TELEM] Heartbeat OK
[MAIN] Telemetry ready: lat=28.4585108, lon=77.5057555, h=10.051
Loading model engine: best.engine
[SCOUT] Connecting to mavlink-router TCP 127.0.0.1:5760
[SCOUT] Connected
[TELEM] Connecting to MAVLink router UDP 14550[MAIN] Waiting for telemetry (GPS)...

[TELEM] Waiting for heartbeat...
[TELEM] Heartbeat OK
[MAIN] Telemetry ready: lat=28.4585154, lon=77.5057566, h=9.89
Loading model engine: best.engine
[SCOUT] Connecting to mavlink-router TCP 127.0.0.1:5760
[SCOUT] Connected
[TELEM] Connecting to MAVLink router UDP 14550[MAIN] Waiting for telemetry (GPS)...

[TELEM] Waiting for heartbeat...
[TELEM] Heartbeat OK
[MAIN] Telemetry ready: lat=28.4585159, lon=77.5057634, h=10.107
Loading model engine: best.engine
[SCOUT] Connecting to mavlink-router TCP 127.0.0.1:5760
[SCOUT] Connected
[TELEM] Connecting to MAVLink router UDP 14550[MAIN] Waiting for telemetry (GPS)...

[TELEM] Waiting for heartbeat...
[TELEM] Heartbeat OK
[MAIN] Telemetry ready: lat=28.4585277, lon=77.5057843, h=9.965
Loading model engine: best.engine
[SCOUT] Connecting to mavlink-router TCP 127.0.0.1:5760
[SCOUT] Connected
[TELEM] Connecting to MAVLink router UDP 14550[MAIN] Waiting for telemetry (GPS)...

[TELEM] Waiting for heartbeat...
[TELEM] Heartbeat OK
[MAIN] Telemetry ready: lat=28.4585431, lon=77.5057912, h=10.164
Loading model engine: best.engine
[SCOUT] Connecting to mavlink-router TCP 127.0.0.1:5760
[SCOUT] Connected
[TELEM] Connecting to MAVLink router UDP 14550[MAIN] Waiting for telemetry (GPS)...

[TELEM] Waiting for heartbeat...
[TELEM] Heartbeat OK
[MAIN] Telemetry ready: lat=28.4585458, lon=77.5057867, h=10.113
Loading model engine: best.engine
[SCOUT] Connecting to mavlink-router TCP 127.0.0.1:5760
[SCOUT] Connected
[TELEM] Connecting to MAVLink router UDP 14550[MAIN] Waiting for telemetry (GPS)...

[TELEM] Waiting for heartbeat...
[TELEM] Heartbeat OK
[MAIN] Telemetry ready: lat=28.4585393, lon=77.5057934, h=10.232
Loading model engine: best.engine
[SCOUT] Connecting to mavlink-router TCP 127.0.0.1:5760
[SCOUT] Connected
[TELEM] Connecting to MAVLink router UDP 14550[MAIN] Waiting for telemetry (GPS)...

[TELEM] Waiting for heartbeat...
[TELEM] Heartbeat OK
[MAIN] Telemetry ready: lat=28.4585398, lon=77.5057944, h=10.106
Loading model engine: best.engine
[SCOUT] Connecting to mavlink-router TCP 127.0.0.1:5760
[SCOUT] Connected
[TELEM] Connecting to MAVLink router UDP 14550[MAIN] Waiting for telemetry (GPS)...

[TELEM] Waiting for heartbeat...
[TELEM] Heartbeat OK
[MAIN] Telemetry ready: lat=28.4585396, lon=77.5057918, h=10.134
Loading model engine: best.engine
[SCOUT] Connecting to mavlink-router TCP 127.0.0.1:5760
[SCOUT] Connected
[TELEM] Connecting to MAVLink router UDP 14550[MAIN] Waiting for telemetry (GPS)...

[TELEM] Waiting for heartbeat...
[TELEM] Heartbeat OK
[MAIN] Telemetry ready: lat=28.4585252, lon=77.5058125, h=10.202
Loading model engine: best.engine
[SCOUT] Connecting to mavlink-router TCP 127.0.0.1:5760
[SCOUT] Connected
[TELEM] Connecting to MAVLink router UDP 14550[MAIN] Waiting for telemetry (GPS)...

[TELEM] Waiting for heartbeat...
[TELEM] Heartbeat OK
[MAIN] Telemetry ready: lat=28.4585276, lon=77.5058098, h=10.044
Loading model engine: best.engine
[SCOUT] Connecting to mavlink-router TCP 127.0.0.1:5760
[SCOUT] Connected
[TELEM] Connecting to MAVLink router UDP 14550[MAIN] Waiting for telemetry (GPS)...

[TELEM] Waiting for heartbeat...
[TELEM] Heartbeat OK
[MAIN] Telemetry ready: lat=28.4585229, lon=77.5058124, h=10.134
Loading model engine: best.engine
[SCOUT] Connecting to mavlink-router TCP 127.0.0.1:5760
[SCOUT] Connected
[TELEM] Connecting to MAVLink router UDP 14550[MAIN] Waiting for telemetry (GPS)...

[TELEM] Waiting for heartbeat...
[TELEM] Heartbeat OK
[MAIN] Telemetry ready: lat=28.4585149, lon=77.5057847, h=10.344
Loading model engine: best.engine
[SCOUT] Connecting to mavlink-router TCP 127.0.0.1:5760
[SCOUT] Connected
[TELEM] Connecting to MAVLink router UDP 14550[MAIN] Waiting for telemetry (GPS)...

[TELEM] Waiting for heartbeat...
[TELEM] Heartbeat OK
[MAIN] Telemetry ready: lat=28.4585089, lon=77.5057669, h=10.202
Loading model engine: best.engine
[SCOUT] Connecting to mavlink-router TCP 127.0.0.1:5760
[SCOUT] Connected
[TELEM] Connecting to MAVLink router UDP 14550[MAIN] Waiting for telemetry (GPS)...

[TELEM] Waiting for heartbeat...
[TELEM] Heartbeat OK
[MAIN] Telemetry ready: lat=28.45851, lon=77.5057503, h=10.045
Loading model engine: best.engine
[SCOUT] Connecting to mavlink-router TCP 127.0.0.1:5760
[SCOUT] Connected
[TELEM] Connecting to MAVLink router UDP 14550[MAIN] Waiting for telemetry (GPS)...

[TELEM] Waiting for heartbeat...
[TELEM] Heartbeat OK
[MAIN] Telemetry ready: lat=28.4585231, lon=77.5057563, h=10.137
Loading model engine: best.engine
[SCOUT] Connecting to mavlink-router TCP 127.0.0.1:5760
[SCOUT] Connected
[TELEM] Connecting to MAVLink router UDP 14550[MAIN] Waiting for telemetry (GPS)...

[TELEM] Waiting for heartbeat...
[TELEM] Heartbeat OK
[MAIN] Telemetry ready: lat=28.4585366, lon=77.5057853, h=10.19
Loading model engine: best.engine
[SCOUT] Connecting to mavlink-router TCP 127.0.0.1:5760
[SCOUT] Connected
[TELEM] Connecting to MAVLink router UDP 14550[MAIN] Waiting for telemetry (GPS)...

[TELEM] Waiting for heartbeat...
[TELEM] Heartbeat OK
[MAIN] Telemetry ready: lat=28.4585446, lon=77.5057874, h=10.335
Loading model engine: best.engine
[SCOUT] Connecting to mavlink-router TCP 127.0.0.1:5760
[SCOUT] Connected
[TELEM] Connecting to MAVLink router UDP 14550[MAIN] Waiting for telemetry (GPS)...

[TELEM] Waiting for heartbeat...
[TELEM] Heartbeat OK
[MAIN] Telemetry ready: lat=28.4585512, lon=77.505797, h=10.458
Loading model engine: best.engine
[SCOUT] Connecting to mavlink-router TCP 127.0.0.1:5760
[SCOUT] Connected
[TELEM] Connecting to MAVLink router UDP 14550[MAIN] Waiting for telemetry (GPS)...

[TELEM] Waiting for heartbeat...
[TELEM] Heartbeat OK
[MAIN] Telemetry ready: lat=28.4585467, lon=77.5058047, h=10.584
Loading model engine: best.engine
[SCOUT] Connecting to mavlink-router TCP 127.0.0.1:5760
[SCOUT] Connected
[TELEM] Connecting to MAVLink router UDP 14550[MAIN] Waiting for telemetry (GPS)...

[TELEM] Waiting for heartbeat...
[TELEM] Heartbeat OK
[MAIN] Telemetry ready: lat=28.4585367, lon=77.5057905, h=10.567
Loading model engine: best.engine
[SCOUT] Connecting to mavlink-router TCP 127.0.0.1:5760
[SCOUT] Connected
[TELEM] Connecting to MAVLink router UDP 14550[MAIN] Waiting for telemetry (GPS)...

[TELEM] Waiting for heartbeat...
[TELEM] Heartbeat OK
[MAIN] Telemetry ready: lat=28.4585345, lon=77.5057733, h=10.467
Loading model engine: best.engine
[SCOUT] Connecting to mavlink-router TCP 127.0.0.1:5760
[SCOUT] Connected
[TELEM] Connecting to MAVLink router UDP 14550[MAIN] Waiting for telemetry (GPS)...

[TELEM] Waiting for heartbeat...
[TELEM] Heartbeat OK
[MAIN] Telemetry ready: lat=28.4585363, lon=77.5057571, h=10.439
Loading model engine: best.engine
[SCOUT] Connecting to mavlink-router TCP 127.0.0.1:5760
[SCOUT] Connected
[TELEM] Connecting to MAVLink router UDP 14550[MAIN] Waiting for telemetry (GPS)...

[TELEM] Waiting for heartbeat...
[TELEM] Heartbeat OK
[MAIN] Telemetry ready: lat=28.4585375, lon=77.5057594, h=10.523
Loading model engine: best.engine
[SCOUT] Connecting to mavlink-router TCP 127.0.0.1:5760
[SCOUT] Connected
[TELEM] Connecting to MAVLink router UDP 14550[MAIN] Waiting for telemetry (GPS)...

[TELEM] Waiting for heartbeat...
[TELEM] Heartbeat OK
[MAIN] Telemetry ready: lat=28.4585338, lon=77.5057692, h=10.564
Loading model engine: best.engine
[SCOUT] Connecting to mavlink-router TCP 127.0.0.1:5760
[SCOUT] Connected
[TELEM] Connecting to MAVLink router UDP 14550[MAIN] Waiting for telemetry (GPS)...

[TELEM] Waiting for heartbeat...
[TELEM] Heartbeat OK
[MAIN] Telemetry ready: lat=28.4585317, lon=77.5057774, h=10.529
Loading model engine: best.engine
[SCOUT] Connecting to mavlink-router TCP 127.0.0.1:5760
[SCOUT] Connected
[TELEM] Connecting to MAVLink router UDP 14550[MAIN] Waiting for telemetry (GPS)...

[TELEM] Waiting for heartbeat...
[TELEM] Heartbeat OK
[MAIN] Telemetry ready: lat=28.4585382, lon=77.5057752, h=10.355
Loading model engine: best.engine
[SCOUT] Connecting to mavlink-router TCP 127.0.0.1:5760
[SCOUT] Connected
[TELEM] Connecting to MAVLink router UDP 14550[MAIN] Waiting for telemetry (GPS)...

[TELEM] Waiting for heartbeat...
[TELEM] Heartbeat OK
[MAIN] Telemetry ready: lat=28.458539, lon=77.5057779, h=10.456
Loading model engine: best.engine
[SCOUT] Connecting to mavlink-router TCP 127.0.0.1:5760
[SCOUT] Connected
[TELEM] Connecting to MAVLink router UDP 14550[MAIN] Waiting for telemetry (GPS)...

[TELEM] Waiting for heartbeat...
[TELEM] Heartbeat OK
[MAIN] Telemetry ready: lat=28.4585478, lon=77.5057819, h=10.522
Loading model engine: best.engine
[SCOUT] Connecting to mavlink-router TCP 127.0.0.1:5760
[SCOUT] Connected
[TELEM] Connecting to MAVLink router UDP 14550[MAIN] Waiting for telemetry (GPS)...

[TELEM] Waiting for heartbeat...
[TELEM] Heartbeat OK
[MAIN] Telemetry ready: lat=28.4585468, lon=77.5057779, h=10.549
Loading model engine: best.engine
[SCOUT] Connecting to mavlink-router TCP 127.0.0.1:5760
[SCOUT] Connected
[TELEM] Connecting to MAVLink router UDP 14550[MAIN] Waiting for telemetry (GPS)...

[TELEM] Waiting for heartbeat...
[TELEM] Heartbeat OK
[MAIN] Telemetry ready: lat=28.4585393, lon=77.5057814, h=10.392
Loading model engine: best.engine
[SCOUT] Connecting to mavlink-router TCP 127.0.0.1:5760
[SCOUT] Connected
[TELEM] Connecting to MAVLink router UDP 14550[MAIN] Waiting for telemetry (GPS)...

[TELEM] Waiting for heartbeat...
[TELEM] Heartbeat OK
[MAIN] Telemetry ready: lat=28.4585261, lon=77.5057905, h=10.585
Loading model engine: best.engine
[SCOUT] Connecting to mavlink-router TCP 127.0.0.1:5760
[SCOUT] Connected
[TELEM] Connecting to MAVLink router UDP 14550[MAIN] Waiting for telemetry (GPS)...

[TELEM] Waiting for heartbeat...
[TELEM] Heartbeat OK
[MAIN] Telemetry ready: lat=28.458533, lon=77.5057946, h=10.593
Loading model engine: best.engine
[SCOUT] Connecting to mavlink-router TCP 127.0.0.1:5760
[SCOUT] Connected
[TELEM] Connecting to MAVLink router UDP 14550[MAIN] Waiting for telemetry (GPS)...

[TELEM] Waiting for heartbeat...
[TELEM] Heartbeat OK
[MAIN] Telemetry ready: lat=28.4585437, lon=77.5057809, h=10.57
Loading model engine: best.engine
[SCOUT] Connecting to mavlink-router TCP 127.0.0.1:5760
[SCOUT] Connected
[TELEM] Connecting to MAVLink router UDP 14550[MAIN] Waiting for telemetry (GPS)...

[TELEM] Waiting for heartbeat...
[TELEM] Heartbeat OK
[MAIN] Telemetry ready: lat=28.4585421, lon=77.5057859, h=10.736
Loading model engine: best.engine
[SCOUT] Connecting to mavlink-router TCP 127.0.0.1:5760
[SCOUT] Connected
[TELEM] Connecting to MAVLink router UDP 14550[MAIN] Waiting for telemetry (GPS)...

[TELEM] Waiting for heartbeat...
[TELEM] Heartbeat OK
[MAIN] Telemetry ready: lat=28.4585228, lon=77.5057934, h=10.673
Loading model engine: best.engine
[SCOUT] Connecting to mavlink-router TCP 127.0.0.1:5760
[SCOUT] Connected
[TELEM] Connecting to MAVLink router UDP 14550[MAIN] Waiting for telemetry (GPS)...

[TELEM] Waiting for heartbeat...
[TELEM] Heartbeat OK
[MAIN] Telemetry ready: lat=28.4585045, lon=77.5058018, h=10.739
Loading model engine: best.engine
[SCOUT] Connecting to mavlink-router TCP 127.0.0.1:5760
[SCOUT] Connected
[TELEM] Connecting to MAVLink router UDP 14550[MAIN] Waiting for telemetry (GPS)...

[TELEM] Waiting for heartbeat...
[TELEM] Heartbeat OK
[MAIN] Telemetry ready: lat=28.4585003, lon=77.505801, h=10.719
Loading model engine: best.engine
[SCOUT] Connecting to mavlink-router TCP 127.0.0.1:5760
[SCOUT] Connected
[TELEM] Connecting to MAVLink router UDP 14550[MAIN] Waiting for telemetry (GPS)...

[TELEM] Waiting for heartbeat...
[TELEM] Heartbeat OK
[MAIN] Telemetry ready: lat=28.458465, lon=77.5057999, h=10.565
Loading model engine: best.engine
[SCOUT] Connecting to mavlink-router TCP 127.0.0.1:5760
[SCOUT] Connected
[TELEM] Connecting to MAVLink router UDP 14550[MAIN] Waiting for telemetry (GPS)...

[TELEM] Waiting for heartbeat...
[TELEM] Heartbeat OK
[MAIN] Telemetry ready: lat=28.458454, lon=77.5058061, h=10.484
Loading model engine: best.engine
[SCOUT] Connecting to mavlink-router TCP 127.0.0.1:5760
[SCOUT] Connected
[TELEM] Connecting to MAVLink router UDP 14550[MAIN] Waiting for telemetry (GPS)...

[TELEM] Waiting for heartbeat...
[TELEM] Heartbeat OK
[MAIN] Telemetry ready: lat=28.4584959, lon=77.5058117, h=10.691
Loading model engine: best.engine
[SCOUT] Connecting to mavlink-router TCP 127.0.0.1:5760
[SCOUT] Connected
[TELEM] Connecting to MAVLink router UDP 14550[MAIN] Waiting for telemetry (GPS)...

[TELEM] Waiting for heartbeat...
[TELEM] Heartbeat OK
[MAIN] Telemetry ready: lat=28.4584962, lon=77.5058281, h=10.646
Loading model engine: best.engine
[SCOUT] Connecting to mavlink-router TCP 127.0.0.1:5760
[SCOUT] Connected
[TELEM] Connecting to MAVLink router UDP 14550[MAIN] Waiting for telemetry (GPS)...

[TELEM] Waiting for heartbeat...
[TELEM] Heartbeat OK
[MAIN] Telemetry ready: lat=28.458485, lon=77.5058291, h=10.686
Loading model engine: best.engine
[SCOUT] Connecting to mavlink-router TCP 127.0.0.1:5760
[SCOUT] Connected
[TELEM] Connecting to MAVLink router UDP 14550[MAIN] Waiting for telemetry (GPS)...

[TELEM] Waiting for heartbeat...
[TELEM] Heartbeat OK
[MAIN] Telemetry ready: lat=28.4584746, lon=77.5058182, h=10.676
Loading model engine: best.engine
[SCOUT] Connecting to mavlink-router TCP 127.0.0.1:5760
[SCOUT] Connected
[TELEM] Connecting to MAVLink router UDP 14550[MAIN] Waiting for telemetry (GPS)...

[TELEM] Waiting for heartbeat...
[TELEM] Heartbeat OK
[MAIN] Telemetry ready: lat=28.4584746, lon=77.5058179, h=10.804
Loading model engine: best.engine
[SCOUT] Connecting to mavlink-router TCP 127.0.0.1:5760
[SCOUT] Connected
[TELEM] Connecting to MAVLink router UDP 14550[MAIN] Waiting for telemetry (GPS)...

[TELEM] Waiting for heartbeat...
[TELEM] Heartbeat OK
[MAIN] Telemetry ready: lat=28.4584747, lon=77.5058043, h=10.797
Loading model engine: best.engine
[SCOUT] Connecting to mavlink-router TCP 127.0.0.1:5760
[SCOUT] Connected
[TELEM] Connecting to MAVLink router UDP 14550[MAIN] Waiting for telemetry (GPS)...

[TELEM] Waiting for heartbeat...
[TELEM] Heartbeat OK
[MAIN] Telemetry ready: lat=28.4584657, lon=77.5057936, h=10.841
Loading model engine: best.engine
[SCOUT] Connecting to mavlink-router TCP 127.0.0.1:5760
[SCOUT] Connected
[TELEM] Connecting to MAVLink router UDP 14550[MAIN] Waiting for telemetry (GPS)...

[TELEM] Waiting for heartbeat...
[TELEM] Heartbeat OK
[MAIN] Telemetry ready: lat=28.4584663, lon=77.5057822, h=10.905
Loading model engine: best.engine
[SCOUT] Connecting to mavlink-router TCP 127.0.0.1:5760
[SCOUT] Connected
[TELEM] Connecting to MAVLink router UDP 14550[MAIN] Waiting for telemetry (GPS)...

[TELEM] Waiting for heartbeat...
[TELEM] Heartbeat OK
[MAIN] Telemetry ready: lat=28.4584793, lon=77.5057547, h=10.806
Loading model engine: best.engine
[SCOUT] Connecting to mavlink-router TCP 127.0.0.1:5760
[SCOUT] Connected
[TELEM] Connecting to MAVLink router UDP 14550[MAIN] Waiting for telemetry (GPS)...

[TELEM] Waiting for heartbeat...
[TELEM] Heartbeat OK
[MAIN] Telemetry ready: lat=28.4585002, lon=77.5057413, h=11.015
Loading model engine: best.engine
[SCOUT] Connecting to mavlink-router TCP 127.0.0.1:5760
[SCOUT] Connected
[TELEM] Connecting to MAVLink router UDP 14550[MAIN] Waiting for telemetry (GPS)...

[TELEM] Waiting for heartbeat...
[TELEM] Heartbeat OK
[MAIN] Telemetry ready: lat=28.458503, lon=77.5057386, h=10.982
Loading model engine: best.engine
[SCOUT] Connecting to mavlink-router TCP 127.0.0.1:5760
[SCOUT] Connected
[TELEM] Connecting to MAVLink router UDP 14550[MAIN] Waiting for telemetry (GPS)...

[TELEM] Waiting for heartbeat...
[TELEM] Heartbeat OK
[MAIN] Telemetry ready: lat=28.458519, lon=77.5057415, h=11.004
Loading model engine: best.engine
[SCOUT] Connecting to mavlink-router TCP 127.0.0.1:5760
[SCOUT] Connected
[TELEM] Connecting to MAVLink router UDP 14550[MAIN] Waiting for telemetry (GPS)...

[TELEM] Waiting for heartbeat...
[TELEM] Heartbeat OK
[MAIN] Telemetry ready: lat=28.4585236, lon=77.5057493, h=10.867
Loading model engine: best.engine
[SCOUT] Connecting to mavlink-router TCP 127.0.0.1:5760
[SCOUT] Connected
[TELEM] Connecting to MAVLink router UDP 14550[MAIN] Waiting for telemetry (GPS)...

[TELEM] Waiting for heartbeat...
[TELEM] Heartbeat OK
[MAIN] Telemetry ready: lat=28.4585214, lon=77.5057676, h=10.934
Loading model engine: best.engine
[SCOUT] Connecting to mavlink-router TCP 127.0.0.1:5760
[SCOUT] Connected
[TELEM] Connecting to MAVLink router UDP 14550[MAIN] Waiting for telemetry (GPS)...

[TELEM] Waiting for heartbeat...
[TELEM] Heartbeat OK
[MAIN] Telemetry ready: lat=28.4585099, lon=77.5057915, h=11.089
Loading model engine: best.engine
[SCOUT] Connecting to mavlink-router TCP 127.0.0.1:5760
[SCOUT] Connected
[TELEM] Connecting to MAVLink router UDP 14550[MAIN] Waiting for telemetry (GPS)...

[TELEM] Waiting for heartbeat...
[TELEM] Heartbeat OK
[MAIN] Telemetry ready: lat=28.4585092, lon=77.5057945, h=11.037
Loading model engine: best.engine
[SCOUT] Connecting to mavlink-router TCP 127.0.0.1:5760
[SCOUT] Connected
[TELEM] Connecting to MAVLink router UDP 14550[MAIN] Waiting for telemetry (GPS)...

[TELEM] Waiting for heartbeat...
[TELEM] Heartbeat OK
[MAIN] Telemetry ready: lat=28.4585072, lon=77.5058038, h=11.019
Loading model engine: best.engine
[SCOUT] Connecting to mavlink-router TCP 127.0.0.1:5760
[SCOUT] Connected
[TELEM] Connecting to MAVLink router UDP 14550[MAIN] Waiting for telemetry (GPS)...

[TELEM] Waiting for heartbeat...
[TELEM] Heartbeat OK
[MAIN] Telemetry ready: lat=28.4585188, lon=77.5057891, h=11.121
Loading model engine: best.engine
[SCOUT] Connecting to mavlink-router TCP 127.0.0.1:5760
[SCOUT] Connected
[TELEM] Connecting to MAVLink router UDP 14550[MAIN] Waiting for telemetry (GPS)...

[TELEM] Waiting for heartbeat...
[TELEM] Heartbeat OK
[MAIN] Telemetry ready: lat=28.458519, lon=77.5057781, h=11.151
Loading model engine: best.engine
[SCOUT] Connecting to mavlink-router TCP 127.0.0.1:5760
[SCOUT] Connected
[TELEM] Connecting to MAVLink router UDP 14550[MAIN] Waiting for telemetry (GPS)...

[TELEM] Waiting for heartbeat...
[TELEM] Heartbeat OK
[MAIN] Telemetry ready: lat=28.4585202, lon=77.5057728, h=11.299
Loading model engine: best.engine
[SCOUT] Connecting to mavlink-router TCP 127.0.0.1:5760
[SCOUT] Connected
[TELEM] Connecting to MAVLink router UDP 14550[MAIN] Waiting for telemetry (GPS)...

[TELEM] Waiting for heartbeat...
[TELEM] Heartbeat OK
[MAIN] Telemetry ready: lat=28.4585191, lon=77.5057605, h=11.182
Loading model engine: best.engine
[SCOUT] Connecting to mavlink-router TCP 127.0.0.1:5760
[SCOUT] Connected
[TELEM] Connecting to MAVLink router UDP 14550[MAIN] Waiting for telemetry (GPS)...

[TELEM] Waiting for heartbeat...
[TELEM] Heartbeat OK
[MAIN] Telemetry ready: lat=28.458518, lon=77.5057637, h=11.123
Loading model engine: best.engine
[SCOUT] Connecting to mavlink-router TCP 127.0.0.1:5760
[SCOUT] Connected
[TELEM] Connecting to MAVLink router UDP 14550[MAIN] Waiting for telemetry (GPS)...

[TELEM] Waiting for heartbeat...
[TELEM] Heartbeat OK
[MAIN] Telemetry ready: lat=28.4585122, lon=77.5057664, h=11.303
Loading model engine: best.engine
[SCOUT] Connecting to mavlink-router TCP 127.0.0.1:5760
[SCOUT] Connected
[TELEM] Connecting to MAVLink router UDP 14550[MAIN] Waiting for telemetry (GPS)...

[TELEM] Waiting for heartbeat...
[TELEM] Heartbeat OK
[MAIN] Telemetry ready: lat=28.458505, lon=77.5057654, h=11.234
Loading model engine: best.engine
[SCOUT] Connecting to mavlink-router TCP 127.0.0.1:5760
[SCOUT] Connected
[TELEM] Connecting to MAVLink router UDP 14550[MAIN] Waiting for telemetry (GPS)...

[TELEM] Waiting for heartbeat...
[TELEM] Heartbeat OK
[MAIN] Telemetry ready: lat=28.4584987, lon=77.5057746, h=11.292
Loading model engine: best.engine
[SCOUT] Connecting to mavlink-router TCP 127.0.0.1:5760
[SCOUT] Connected
[TELEM] Connecting to MAVLink router UDP 14550[MAIN] Waiting for telemetry (GPS)...

[TELEM] Waiting for heartbeat...
[TELEM] Heartbeat OK
[MAIN] Telemetry ready: lat=28.4585023, lon=77.5057634, h=11.48
Loading model engine: best.engine
[SCOUT] Connecting to mavlink-router TCP 127.0.0.1:5760
[SCOUT] Connected
[TELEM] Connecting to MAVLink router UDP 14550[MAIN] Waiting for telemetry (GPS)...

[TELEM] Waiting for heartbeat...
[TELEM] Heartbeat OK
[MAIN] Telemetry ready: lat=28.4585081, lon=77.5057661, h=11.373
Loading model engine: best.engine
[SCOUT] Connecting to mavlink-router TCP 127.0.0.1:5760
[SCOUT] Connected
[TELEM] Connecting to MAVLink router UDP 14550[MAIN] Waiting for telemetry (GPS)...

[TELEM] Waiting for heartbeat...
[TELEM] Heartbeat OK
[MAIN] Telemetry ready: lat=28.4585114, lon=77.5057764, h=11.395
Loading model engine: best.engine
[SCOUT] Connecting to mavlink-router TCP 127.0.0.1:5760
[SCOUT] Connected
[TELEM] Connecting to MAVLink router UDP 14550[MAIN] Waiting for telemetry (GPS)...

[TELEM] Waiting for heartbeat...
[TELEM] Heartbeat OK
[MAIN] Telemetry ready: lat=28.4585186, lon=77.5057709, h=11.537
Loading model engine: best.engine
[SCOUT] Connecting to mavlink-router TCP 127.0.0.1:5760
[SCOUT] Connected
[TELEM] Connecting to MAVLink router UDP 14550[MAIN] Waiting for telemetry (GPS)...

[TELEM] Waiting for heartbeat...
[TELEM] Heartbeat OK
[MAIN] Telemetry ready: lat=28.4585229, lon=77.5057757, h=11.537
Loading model engine: best.engine
[SCOUT] Connecting to mavlink-router TCP 127.0.0.1:5760
[SCOUT] Connected
[TELEM] Connecting to MAVLink router UDP 14550[MAIN] Waiting for telemetry (GPS)...

[TELEM] Waiting for heartbeat...
[TELEM] Heartbeat OK
[MAIN] Telemetry ready: lat=28.4585296, lon=77.5057809, h=11.519
Loading model engine: best.engine
[SCOUT] Connecting to mavlink-router TCP 127.0.0.1:5760
[SCOUT] Connected
[TELEM] Connecting to MAVLink router UDP 14550[MAIN] Waiting for telemetry (GPS)...

[TELEM] Waiting for heartbeat...
[TELEM] Heartbeat OK
[MAIN] Telemetry ready: lat=28.4585236, lon=77.5057796, h=11.511
Loading model engine: best.engine
[SCOUT] Connecting to mavlink-router TCP 127.0.0.1:5760
[SCOUT] Connected
[TELEM] Connecting to MAVLink router UDP 14550[MAIN] Waiting for telemetry (GPS)...

[TELEM] Waiting for heartbeat...
[TELEM] Heartbeat OK
[MAIN] Telemetry ready: lat=28.4585212, lon=77.5057807, h=11.526
Loading model engine: best.engine
[SCOUT] Connecting to mavlink-router TCP 127.0.0.1:5760
[SCOUT] Connected
[TELEM] Connecting to MAVLink router UDP 14550[MAIN] Waiting for telemetry (GPS)...

[TELEM] Waiting for heartbeat...
[TELEM] Heartbeat OK
[MAIN] Telemetry ready: lat=28.4585211, lon=77.5057798, h=11.609
Loading model engine: best.engine
[SCOUT] Connecting to mavlink-router TCP 127.0.0.1:5760
[SCOUT] Connected
[TELEM] Connecting to MAVLink router UDP 14550[MAIN] Waiting for telemetry (GPS)...

[TELEM] Waiting for heartbeat...
[TELEM] Heartbeat OK
[MAIN] Telemetry ready: lat=28.458524, lon=77.5057792, h=11.595
Loading model engine: best.engine
[SCOUT] Connecting to mavlink-router TCP 127.0.0.1:5760
[SCOUT] Connected
[TELEM] Connecting to MAVLink router UDP 14550[MAIN] Waiting for telemetry (GPS)...

[TELEM] Waiting for heartbeat...
[TELEM] Heartbeat OK
[MAIN] Telemetry ready: lat=28.4585327, lon=77.5057594, h=11.633
Loading model engine: best.engine
[SCOUT] Connecting to mavlink-router TCP 127.0.0.1:5760
[SCOUT] Connected
[TELEM] Connecting to MAVLink router UDP 14550[MAIN] Waiting for telemetry (GPS)...

[TELEM] Waiting for heartbeat...
[TELEM] Heartbeat OK
[MAIN] Telemetry ready: lat=28.4585303, lon=77.505762, h=11.721
Loading model engine: best.engine
[SCOUT] Connecting to mavlink-router TCP 127.0.0.1:5760
[SCOUT] Connected
[TELEM] Connecting to MAVLink router UDP 14550[MAIN] Waiting for telemetry (GPS)...

[TELEM] Waiting for heartbeat...
[TELEM] Heartbeat OK
[MAIN] Telemetry ready: lat=28.4585272, lon=77.5057581, h=11.656
Loading model engine: best.engine
[SCOUT] Connecting to mavlink-router TCP 127.0.0.1:5760
[SCOUT] Connected
[TELEM] Connecting to MAVLink router UDP 14550[MAIN] Waiting for telemetry (GPS)...

[TELEM] Waiting for heartbeat...
[TELEM] Heartbeat OK
[MAIN] Telemetry ready: lat=28.4585155, lon=77.505773, h=11.682
Loading model engine: best.engine
[SCOUT] Connecting to mavlink-router TCP 127.0.0.1:5760
[SCOUT] Connected
[TELEM] Connecting to MAVLink router UDP 14550[MAIN] Waiting for telemetry (GPS)...

[TELEM] Waiting for heartbeat...
[TELEM] Heartbeat OK
[MAIN] Telemetry ready: lat=28.4585153, lon=77.5057791, h=11.736
Loading model engine: best.engine
[SCOUT] Connecting to mavlink-router TCP 127.0.0.1:5760
[SCOUT] Connected
[TELEM] Connecting to MAVLink router UDP 14550[MAIN] Waiting for telemetry (GPS)...

[TELEM] Waiting for heartbeat...
[TELEM] Heartbeat OK
[MAIN] Telemetry ready: lat=28.4585181, lon=77.5057902, h=11.772
Loading model engine: best.engine
[SCOUT] Connecting to mavlink-router TCP 127.0.0.1:5760
[SCOUT] Connected
[TELEM] Connecting to MAVLink router UDP 14550[MAIN] Waiting for telemetry (GPS)...

[TELEM] Waiting for heartbeat...
[TELEM] Heartbeat OK
[MAIN] Telemetry ready: lat=28.4585187, lon=77.5057828, h=11.573
Loading model engine: best.engine
[SCOUT] Connecting to mavlink-router TCP 127.0.0.1:5760
[SCOUT] Connected
[TELEM] Connecting to MAVLink router UDP 14550[MAIN] Waiting for telemetry (GPS)...

[TELEM] Waiting for heartbeat...
[TELEM] Heartbeat OK
[MAIN] Telemetry ready: lat=28.4585156, lon=77.5057684, h=11.642
Loading model engine: best.engine
[SCOUT] Connecting to mavlink-router TCP 127.0.0.1:5760
[SCOUT] Connected
[TELEM] Connecting to MAVLink router UDP 14550[MAIN] Waiting for telemetry (GPS)...

[TELEM] Waiting for heartbeat...
[TELEM] Heartbeat OK
[MAIN] Telemetry ready: lat=28.4585169, lon=77.5057672, h=11.765
Loading model engine: best.engine
[SCOUT] Connecting to mavlink-router TCP 127.0.0.1:5760
[SCOUT] Connected
[TELEM] Connecting to MAVLink router UDP 14550[MAIN] Waiting for telemetry (GPS)...

[TELEM] Waiting for heartbeat...
[TELEM] Heartbeat OK
[MAIN] Telemetry ready: lat=28.4585139, lon=77.5057465, h=11.852
Loading model engine: best.engine
[SCOUT] Connecting to mavlink-router TCP 127.0.0.1:5760
[SCOUT] Connected
[TELEM] Connecting to MAVLink router UDP 14550[MAIN] Waiting for telemetry (GPS)...

[TELEM] Waiting for heartbeat...
[TELEM] Heartbeat OK
[MAIN] Telemetry ready: lat=28.4585125, lon=77.5057415, h=11.758
Loading model engine: best.engine
[SCOUT] Connecting to mavlink-router TCP 127.0.0.1:5760
[SCOUT] Connected
[TELEM] Connecting to MAVLink router UDP 14550[MAIN] Waiting for telemetry (GPS)...

[TELEM] Waiting for heartbeat...
[TELEM] Heartbeat OK
[MAIN] Telemetry ready: lat=28.4585132, lon=77.5057411, h=11.784
Loading model engine: best.engine
[SCOUT] Connecting to mavlink-router TCP 127.0.0.1:5760
[SCOUT] Connected
[TELEM] Connecting to MAVLink router UDP 14550[MAIN] Waiting for telemetry (GPS)...

[TELEM] Waiting for heartbeat...
[TELEM] Heartbeat OK
[MAIN] Telemetry ready: lat=28.458516, lon=77.5057514, h=11.793
Loading model engine: best.engine
[SCOUT] Connecting to mavlink-router TCP 127.0.0.1:5760
[SCOUT] Connected
[TELEM] Connecting to MAVLink router UDP 14550[MAIN] Waiting for telemetry (GPS)...

[TELEM] Waiting for heartbeat...
[TELEM] Heartbeat OK
[MAIN] Telemetry ready: lat=28.4585263, lon=77.5057466, h=11.89
Loading model engine: best.engine
[SCOUT] Connecting to mavlink-router TCP 127.0.0.1:5760
[SCOUT] Connected
[TELEM] Connecting to MAVLink router UDP 14550[MAIN] Waiting for telemetry (GPS)...

[TELEM] Waiting for heartbeat...
[TELEM] Heartbeat OK
[MAIN] Telemetry ready: lat=28.4585222, lon=77.5057588, h=11.895
Loading model engine: best.engine
[SCOUT] Connecting to mavlink-router TCP 127.0.0.1:5760
[SCOUT] Connected
[TELEM] Connecting to MAVLink router UDP 14550[MAIN] Waiting for telemetry (GPS)...

[TELEM] Waiting for heartbeat...
[TELEM] Heartbeat OK
[MAIN] Telemetry ready: lat=28.4585244, lon=77.5057692, h=11.861
Loading model engine: best.engine
[SCOUT] Connecting to mavlink-router TCP 127.0.0.1:5760
[SCOUT] Connected
[TELEM] Connecting to MAVLink router UDP 14550[MAIN] Waiting for telemetry (GPS)...

[TELEM] Waiting for heartbeat...
[TELEM] Heartbeat OK
[MAIN] Telemetry ready: lat=28.4585358, lon=77.5057615, h=11.867
Loading model engine: best.engine
[SCOUT] Connecting to mavlink-router TCP 127.0.0.1:5760
[SCOUT] Connected
[TELEM] Connecting to MAVLink router UDP 14550[MAIN] Waiting for telemetry (GPS)...

[TELEM] Waiting for heartbeat...
[TELEM] Heartbeat OK
[MAIN] Telemetry ready: lat=28.4585379, lon=77.5057556, h=11.836
Loading model engine: best.engine
[SCOUT] Connecting to mavlink-router TCP 127.0.0.1:5760
[SCOUT] Connected
[TELEM] Connecting to MAVLink router UDP 14550[MAIN] Waiting for telemetry (GPS)...

[TELEM] Waiting for heartbeat...
[TELEM] Heartbeat OK
[MAIN] Telemetry ready: lat=28.4585359, lon=77.5057529, h=11.95
Loading model engine: best.engine
[SCOUT] Connecting to mavlink-router TCP 127.0.0.1:5760
[SCOUT] Connected
[TELEM] Connecting to MAVLink router UDP 14550[MAIN] Waiting for telemetry (GPS)...

[TELEM] Waiting for heartbeat...
[TELEM] Heartbeat OK
[MAIN] Telemetry ready: lat=28.4585304, lon=77.5057577, h=11.965
Loading model engine: best.engine
[SCOUT] Connecting to mavlink-router TCP 127.0.0.1:5760
[SCOUT] Connected
[TELEM] Connecting to MAVLink router UDP 14550[MAIN] Waiting for telemetry (GPS)...

[TELEM] Waiting for heartbeat...
[TELEM] Heartbeat OK
[MAIN] Telemetry ready: lat=28.4585202, lon=77.5057699, h=11.921
Loading model engine: best.engine
[SCOUT] Connecting to mavlink-router TCP 127.0.0.1:5760
[SCOUT] Connected
[TELEM] Connecting to MAVLink router UDP 14550[MAIN] Waiting for telemetry (GPS)...

[TELEM] Waiting for heartbeat...
[TELEM] Heartbeat OK
[MAIN] Telemetry ready: lat=28.4585247, lon=77.505773, h=11.835
Loading model engine: best.engine
[SCOUT] Connecting to mavlink-router TCP 127.0.0.1:5760
[SCOUT] Connected
[TELEM] Connecting to MAVLink router UDP 14550[MAIN] Waiting for telemetry (GPS)...

[TELEM] Waiting for heartbeat...
[TELEM] Heartbeat OK
[MAIN] Telemetry ready: lat=28.4585307, lon=77.5057731, h=11.79
Loading model engine: best.engine
[SCOUT] Connecting to mavlink-router TCP 127.0.0.1:5760
[SCOUT] Connected
[TELEM] Connecting to MAVLink router UDP 14550[MAIN] Waiting for telemetry (GPS)...

[TELEM] Waiting for heartbeat...
[TELEM] Heartbeat OK
[MAIN] Telemetry ready: lat=28.4585382, lon=77.5057782, h=11.827
Loading model engine: best.engine
[SCOUT] Connecting to mavlink-router TCP 127.0.0.1:5760
[SCOUT] Connected
[TELEM] Connecting to MAVLink router UDP 14550[MAIN] Waiting for telemetry (GPS)...

[TELEM] Waiting for heartbeat...
[TELEM] Heartbeat OK
[MAIN] Telemetry ready: lat=28.4585263, lon=77.5057832, h=11.962
Loading model engine: best.engine
[SCOUT] Connecting to mavlink-router TCP 127.0.0.1:5760
[SCOUT] Connected
[TELEM] Connecting to MAVLink router UDP 14550[MAIN] Waiting for telemetry (GPS)...

[TELEM] Waiting for heartbeat...
[TELEM] Heartbeat OK
[MAIN] Telemetry ready: lat=28.4585168, lon=77.5057842, h=11.945
Loading model engine: best.engine
[SCOUT] Connecting to mavlink-router TCP 127.0.0.1:5760
[SCOUT] Connected
[TELEM] Connecting to MAVLink router UDP 14550[MAIN] Waiting for telemetry (GPS)...

[TELEM] Waiting for heartbeat...
[TELEM] Heartbeat OK
[MAIN] Telemetry ready: lat=28.4585077, lon=77.5057854, h=11.845
Loading model engine: best.engine
[SCOUT] Connecting to mavlink-router TCP 127.0.0.1:5760
[SCOUT] Connected
[TELEM] Connecting to MAVLink router UDP 14550[MAIN] Waiting for telemetry (GPS)...

[TELEM] Waiting for heartbeat...
[TELEM] Heartbeat OK
[MAIN] Telemetry ready: lat=28.4585118, lon=77.5057781, h=12.153
Loading model engine: best.engine
[SCOUT] Connecting to mavlink-router TCP 127.0.0.1:5760
[SCOUT] Connected
[TELEM] Connecting to MAVLink router UDP 14550[MAIN] Waiting for telemetry (GPS)...

[TELEM] Waiting for heartbeat...
[TELEM] Heartbeat OK
[MAIN] Telemetry ready: lat=28.458512, lon=77.505781, h=11.962
Loading model engine: best.engine
[SCOUT] Connecting to mavlink-router TCP 127.0.0.1:5760
[SCOUT] Connected
[TELEM] Connecting to MAVLink router UDP 14550[MAIN] Waiting for telemetry (GPS)...

[TELEM] Waiting for heartbeat...
[TELEM] Heartbeat OK
[MAIN] Telemetry ready: lat=28.4585063, lon=77.5057849, h=11.977
Loading model engine: best.engine
[SCOUT] Connecting to mavlink-router TCP 127.0.0.1:5760
[SCOUT] Connected
[TELEM] Connecting to MAVLink router UDP 14550[MAIN] Waiting for telemetry (GPS)...

[TELEM] Waiting for heartbeat...
[TELEM] Heartbeat OK
[MAIN] Telemetry ready: lat=28.4585023, lon=77.505776, h=12.011
Loading model engine: best.engine
[SCOUT] Connecting to mavlink-router TCP 127.0.0.1:5760
[SCOUT] Connected
[TELEM] Connecting to MAVLink router UDP 14550[MAIN] Waiting for telemetry (GPS)...

[TELEM] Waiting for heartbeat...
[TELEM] Heartbeat OK
[MAIN] Telemetry ready: lat=28.4585072, lon=77.505768, h=12.183
Loading model engine: best.engine
[SCOUT] Connecting to mavlink-router TCP 127.0.0.1:5760
[SCOUT] Connected
[TELEM] Connecting to MAVLink router UDP 14550[MAIN] Waiting for telemetry (GPS)...

[TELEM] Waiting for heartbeat...
[TELEM] Heartbeat OK
[MAIN] Telemetry ready: lat=28.4586545, lon=77.5056829, h=12.191
Loading model engine: best.engine
[SCOUT] Connecting to mavlink-router TCP 127.0.0.1:5760
[SCOUT] Connected
[TELEM] Connecting to MAVLink router UDP 14550[MAIN] Waiting for telemetry (GPS)...

[TELEM] Waiting for heartbeat...
[TELEM] Heartbeat OK
[MAIN] Telemetry ready: lat=28.4588445, lon=77.5055556, h=12.097
Loading model engine: best.engine
[SCOUT] Connecting to mavlink-router TCP 127.0.0.1:5760
[SCOUT] Connected
[TELEM] Connecting to MAVLink router UDP 14550[MAIN] Waiting for telemetry (GPS)...

[TELEM] Waiting for heartbeat...
[TELEM] Heartbeat OK
[MAIN] Telemetry ready: lat=28.4588022, lon=77.505498, h=12.061
Loading model engine: best.engine
[SCOUT] Connecting to mavlink-router TCP 127.0.0.1:5760
[SCOUT] Connected
[TELEM] Connecting to MAVLink router UDP 14550[MAIN] Waiting for telemetry (GPS)...

[TELEM] Waiting for heartbeat...
[TELEM] Heartbeat OK
[MAIN] Telemetry ready: lat=28.4586245, lon=77.5056748, h=11.959
Loading model engine: best.engine
[SCOUT] Connecting to mavlink-router TCP 127.0.0.1:5760
[SCOUT] Connected
[TELEM] Connecting to MAVLink router UDP 14550[MAIN] Waiting for telemetry (GPS)...

[TELEM] Waiting for heartbeat...
[TELEM] Heartbeat OK
[MAIN] Telemetry ready: lat=28.4585768, lon=77.5057246, h=12.243
Loading model engine: best.engine
[SCOUT] Connecting to mavlink-router TCP 127.0.0.1:5760
[SCOUT] Connected
[TELEM] Connecting to MAVLink router UDP 14550[MAIN] Waiting for telemetry (GPS)...

[TELEM] Waiting for heartbeat...
[TELEM] Heartbeat OK
[MAIN] Telemetry ready: lat=28.4585363, lon=77.5057542, h=12.243
Loading model engine: best.engine
[SCOUT] Connecting to mavlink-router TCP 127.0.0.1:5760
[SCOUT] Connected
[TELEM] Connecting to MAVLink router UDP 14550[MAIN] Waiting for telemetry (GPS)...

[TELEM] Waiting for heartbeat...
[TELEM] Heartbeat OK
[MAIN] Telemetry ready: lat=28.4585231, lon=77.5057676, h=12.04
Loading model engine: best.engine
                                                                                                                                                                                                                                                                                                                                                                                                                                                                                                                                                                                                                                                                                                                                                                                                                                                                                                                                                                      [SCOUT] Connecting to mavlink-router TCP 127.0.0.1:5760
[SCOUT] Connected
[TELEM] Connecting to MAVLink router UDP 14550
[TELEM] Waiting for heartbeat...
[MAIN] Waiting for telemetry (GPS)...
[TELEM] Heartbeat OK
[MAIN] WARNING: telemetry not ready after 30s, continuing anyway
Loading model engine: best.engine
[SCOUT] Connecting to mavlink-router TCP 127.0.0.1:5760
[SCOUT] Connected
[TELEM] Connecting to MAVLink router UDP 14550[MAIN] Waiting for telemetry (GPS)...

[TELEM] Waiting for heartbeat...
[TELEM] Heartbeat OK
[MAIN] WARNING: telemetry not ready after 30s, continuing anyway
Loading model engine: best.engine
[SCOUT] Connecting to mavlink-router TCP 127.0.0.1:5760
[SCOUT] Connected
[TELEM] Connecting to MAVLink router UDP 14550[MAIN] Waiting for telemetry (GPS)...

[TELEM] Waiting for heartbeat...
[TELEM] Heartbeat OK
[MAIN] WARNING: telemetry not ready after 30s, continuing anyway
Loading model engine: best.engine
[SCOUT] Connecting to mavlink-router TCP 127.0.0.1:5760
[SCOUT] Connected
[TELEM] Connecting to MAVLink router UDP 14550[MAIN] Waiting for telemetry (GPS)...

[TELEM] Waiting for heartbeat...
[TELEM] Heartbeat OK
[MAIN] WARNING: telemetry not ready after 30s, continuing anyway
Loading model engine: best.engine
[SCOUT] Connecting to mavlink-router TCP 127.0.0.1:5760
[SCOUT] Connected
[TELEM] Connecting to MAVLink router UDP 14550[MAIN] Waiting for telemetry (GPS)...

[TELEM] Waiting for heartbeat...
[TELEM] Heartbeat OK
[MAIN] WARNING: telemetry not ready after 30s, continuing anyway
Loading model engine: best.engine
[SCOUT] Connecting to mavlink-router TCP 127.0.0.1:5760
[SCOUT] Connected
[TELEM] Connecting to MAVLink router UDP 14550[MAIN] Waiting for telemetry (GPS)...

[TELEM] Waiting for heartbeat...
[TELEM] Heartbeat OK
[MAIN] Telemetry ready: lat=28.4222918, lon=77.5262142, h=-0.961
Loading model engine: best.engine
[SCOUT] Connecting to mavlink-router TCP 127.0.0.1:5760
[SCOUT] Connected
[TELEM] Connecting to MAVLink router UDP 14550[MAIN] Waiting for telemetry (GPS)...

[TELEM] Waiting for heartbeat...
[TELEM] Heartbeat OK
[MAIN] Telemetry ready: lat=28.4222924, lon=77.5262109, h=-0.902
Loading model engine: best.engine
[SCOUT] Connecting to mavlink-router TCP 127.0.0.1:5760
[SCOUT] Connected
[TELEM] Connecting to MAVLink router UDP 14550[MAIN] Waiting for telemetry (GPS)...

[TELEM] Waiting for heartbeat...
[TELEM] Heartbeat OK
[MAIN] Telemetry ready: lat=28.4222883, lon=77.5262108, h=-1.124
Loading model engine: best.engine
[SCOUT] Connecting to mavlink-router TCP 127.0.0.1:5760
[SCOUT] Connected
[TELEM] Connecting to MAVLink router UDP 14550[MAIN] Waiting for telemetry (GPS)...

[TELEM] Waiting for heartbeat...
[TELEM] Heartbeat OK
[MAIN] Telemetry ready: lat=28.422289, lon=77.5262105, h=-1.089
Loading model engine: best.engine
[SCOUT] Connecting to mavlink-router TCP 127.0.0.1:5760
[SCOUT] Connected
[TELEM] Connecting to MAVLink router UDP 14550[MAIN] Waiting for telemetry (GPS)...

[TELEM] Waiting for heartbeat...
[TELEM] Heartbeat OK
[MAIN] Telemetry ready: lat=28.4222891, lon=77.5262094, h=-1.266
Loading model engine: best.engine
[SCOUT] Connecting to mavlink-router TCP 127.0.0.1:5760
[SCOUT] Connected
[TELEM] Connecting to MAVLink router UDP 14550[MAIN] Waiting for telemetry (GPS)...

[TELEM] Waiting for heartbeat...
[TELEM] Heartbeat OK
[MAIN] Telemetry ready: lat=28.4222887, lon=77.5262101, h=-1.199
Loading model engine: best.engine
[SCOUT] Connecting to mavlink-router TCP 127.0.0.1:5760
[SCOUT] Connected
[TELEM] Connecting to MAVLink router UDP 14550[MAIN] Waiting for telemetry (GPS)...

[TELEM] Waiting for heartbeat...
[TELEM] Heartbeat OK
[MAIN] Telemetry ready: lat=28.4222893, lon=77.5262088, h=-1.095
Loading model engine: best.engine
[SCOUT] Connecting to mavlink-router TCP 127.0.0.1:5760
[SCOUT] Connected
[TELEM] Connecting to MAVLink router UDP 14550[MAIN] Waiting for telemetry (GPS)...

[TELEM] Waiting for heartbeat...
[TELEM] Heartbeat OK
[MAIN] Telemetry ready: lat=28.4222881, lon=77.5262092, h=-0.547
Loading model engine: best.engine
[SCOUT] Connecting to mavlink-router TCP 127.0.0.1:5760
[SCOUT] Connected
[TELEM] Connecting to MAVLink router UDP 14550[MAIN] Waiting for telemetry (GPS)...

[TELEM] Waiting for heartbeat...
[TELEM] Heartbeat OK
[MAIN] Telemetry ready: lat=28.4222884, lon=77.5262095, h=-0.515
Loading model engine: best.engine
[SCOUT] Connecting to mavlink-router TCP 127.0.0.1:5760
[SCOUT] Connected
[TELEM] Connecting to MAVLink router UDP 14550[MAIN] Waiting for telemetry (GPS)...

[TELEM] Waiting for heartbeat...
[TELEM] Heartbeat OK
[MAIN] Telemetry ready: lat=28.422288, lon=77.5262109, h=-0.266
Loading model engine: best.engine
[SCOUT] Connecting to mavlink-router TCP 127.0.0.1:5760
[SCOUT] Connected
[TELEM] Connecting to MAVLink router UDP 14550[MAIN] Waiting for telemetry (GPS)...

[TELEM] Waiting for heartbeat...
[TELEM] Heartbeat OK
[MAIN] Telemetry ready: lat=28.4222911, lon=77.526207, h=-0.252
Loading model engine: best.engine
[SCOUT] Connecting to mavlink-router TCP 127.0.0.1:5760
[SCOUT] Connected
[TELEM] Connecting to MAVLink router UDP 14550[MAIN] Waiting for telemetry (GPS)...

[TELEM] Waiting for heartbeat...
[TELEM] Heartbeat OK
[MAIN] Telemetry ready: lat=28.4222916, lon=77.5262088, h=-0.054
Loading model engine: best.engine
[SCOUT] Connecting to mavlink-router TCP 127.0.0.1:5760
[SCOUT] Connected
[TELEM] Connecting to MAVLink router UDP 14550[MAIN] Waiting for telemetry (GPS)...

[TELEM] Waiting for heartbeat...
[TELEM] Heartbeat OK
[MAIN] Telemetry ready: lat=28.4222913, lon=77.5262084, h=-0.109
Loading model engine: best.engine
[SCOUT] Connecting to mavlink-router TCP 127.0.0.1:5760
[SCOUT] Connected
[TELEM] Connecting to MAVLink router UDP 14550[MAIN] Waiting for telemetry (GPS)...

[TELEM] Waiting for heartbeat...
[TELEM] Heartbeat OK
[MAIN] Telemetry ready: lat=28.4222874, lon=77.5262092, h=-0.138
Loading model engine: best.engine
[SCOUT] Connecting to mavlink-router TCP 127.0.0.1:5760
[SCOUT] Connected
[TELEM] Connecting to MAVLink router UDP 14550[MAIN] Waiting for telemetry (GPS)...

[TELEM] Waiting for heartbeat...
[TELEM] Heartbeat OK
[MAIN] Telemetry ready: lat=28.4222857, lon=77.5262117, h=-0.158
Loading model engine: best.engine
[SCOUT] Connecting to mavlink-router TCP 127.0.0.1:5760
[SCOUT] Connected
[TELEM] Connecting to MAVLink router UDP 14550[MAIN] Waiting for telemetry (GPS)...

[TELEM] Waiting for heartbeat...
[TELEM] Heartbeat OK
[MAIN] Telemetry ready: lat=28.4222874, lon=77.5262084, h=-0.282
Loading model engine: best.engine
[SCOUT] Connecting to mavlink-router TCP 127.0.0.1:5760
[SCOUT] Connected
[TELEM] Connecting to MAVLink router UDP 14550[MAIN] Waiting for telemetry (GPS)...

[TELEM] Waiting for heartbeat...
[TELEM] Heartbeat OK
[MAIN] Telemetry ready: lat=28.4222916, lon=77.5262076, h=-0.253
Loading model engine: best.engine
[SCOUT] Connecting to mavlink-router TCP 127.0.0.1:5760
[SCOUT] Connected
[TELEM] Connecting to MAVLink router UDP 14550[MAIN] Waiting for telemetry (GPS)...

[TELEM] Waiting for heartbeat...
[TELEM] Heartbeat OK
[MAIN] Telemetry ready: lat=28.4222913, lon=77.5262071, h=-0.241
Loading model engine: best.engine
[SCOUT] Connecting to mavlink-router TCP 127.0.0.1:5760
[SCOUT] Connected
[TELEM] Connecting to MAVLink router UDP 14550[MAIN] Waiting for telemetry (GPS)...

[TELEM] Waiting for heartbeat...
[TELEM] Heartbeat OK
[MAIN] Telemetry ready: lat=28.4222921, lon=77.5262069, h=-0.045
Loading model engine: best.engine
[SCOUT] Connecting to mavlink-router TCP 127.0.0.1:5760
[SCOUT] Connected
[TELEM] Connecting to MAVLink router UDP 14550[MAIN] Waiting for telemetry (GPS)...

[TELEM] Waiting for heartbeat...
[TELEM] Heartbeat OK
[MAIN] Telemetry ready: lat=28.4222894, lon=77.5262076, h=-0.026
Loading model engine: best.engine
[SCOUT] Connecting to mavlink-router TCP 127.0.0.1:5760
[SCOUT] Connected
[TELEM] Connecting to MAVLink router UDP 14550[MAIN] Waiting for telemetry (GPS)...

[TELEM] Waiting for heartbeat...
[TELEM] Heartbeat OK
[MAIN] Telemetry ready: lat=28.4222881, lon=77.5262061, h=-0.012
Loading model engine: best.engine
[SCOUT] Connecting to mavlink-router TCP 127.0.0.1:5760
[SCOUT] Connected
[TELEM] Connecting to MAVLink router UDP 14550[MAIN] Waiting for telemetry (GPS)...

[TELEM] Waiting for heartbeat...
[TELEM] Heartbeat OK
[MAIN] Telemetry ready: lat=28.4222846, lon=77.5262071, h=-0.281
Loading model engine: best.engine
[SCOUT] Connecting to mavlink-router TCP 127.0.0.1:5760
[SCOUT] Connected
[TELEM] Connecting to MAVLink router UDP 14550[MAIN] Waiting for telemetry (GPS)...

[TELEM] Waiting for heartbeat...
[TELEM] Heartbeat OK
[MAIN] Telemetry ready: lat=28.4222799, lon=77.5262076, h=-0.142
Loading model engine: best.engine
[SCOUT] Connecting to mavlink-router TCP 127.0.0.1:5760
[SCOUT] Connected
[TELEM] Connecting to MAVLink router UDP 14550[MAIN] Waiting for telemetry (GPS)...

[TELEM] Waiting for heartbeat...
[TELEM] Heartbeat OK
[MAIN] Telemetry ready: lat=28.422279, lon=77.5262054, h=-0.204
Loading model engine: best.engine
[SCOUT] Connecting to mavlink-router TCP 127.0.0.1:5760
[SCOUT] Connected
[TELEM] Connecting to MAVLink router UDP 14550[MAIN] Waiting for telemetry (GPS)...

[TELEM] Waiting for heartbeat...
[TELEM] Heartbeat OK
[MAIN] Telemetry ready: lat=28.4222801, lon=77.5262061, h=0.053
Loading model engine: best.engine
[SCOUT] Connecting to mavlink-router TCP 127.0.0.1:5760
[SCOUT] Connected
[TELEM] Connecting to MAVLink router UDP 14550[MAIN] Waiting for telemetry (GPS)...

[TELEM] Waiting for heartbeat...
[TELEM] Heartbeat OK
[MAIN] Telemetry ready: lat=28.422282, lon=77.5262056, h=-0.131
Loading model engine: best.engine
[SCOUT] Connecting to mavlink-router TCP 127.0.0.1:5760
[SCOUT] Connected
[TELEM] Connecting to MAVLink router UDP 14550[MAIN] Waiting for telemetry (GPS)...

[TELEM] Waiting for heartbeat...
[TELEM] Heartbeat OK
[MAIN] Telemetry ready: lat=28.4222825, lon=77.5262062, h=-0.114
Loading model engine: best.engine
[SCOUT] Connecting to mavlink-router TCP 127.0.0.1:5760
[SCOUT] Connected
[TELEM] Connecting to MAVLink router UDP 14550[MAIN] Waiting for telemetry (GPS)...

[TELEM] Waiting for heartbeat...
[TELEM] Heartbeat OK
[MAIN] Telemetry ready: lat=28.4222831, lon=77.5262064, h=-0.285
Loading model engine: best.engine
[SCOUT] Connecting to mavlink-router TCP 127.0.0.1:5760
[SCOUT] Connected
[TELEM] Connecting to MAVLink router UDP 14550[MAIN] Waiting for telemetry (GPS)...

[TELEM] Waiting for heartbeat...
[TELEM] Heartbeat OK
[MAIN] Telemetry ready: lat=28.4222819, lon=77.5262051, h=0.06
Loading model engine: best.engine
[SCOUT] Connecting to mavlink-router TCP 127.0.0.1:5760
[SCOUT] Connected
[TELEM] Connecting to MAVLink router UDP 14550[MAIN] Waiting for telemetry (GPS)...

[TELEM] Waiting for heartbeat...
[TELEM] Heartbeat OK
[MAIN] Telemetry ready: lat=28.4222813, lon=77.5261967, h=0.042
Loading model engine: best.engine
[SCOUT] Connecting to mavlink-router TCP 127.0.0.1:5760
[SCOUT] Connected
[TELEM] Connecting to MAVLink router UDP 14550[MAIN] Waiting for telemetry (GPS)...

[TELEM] Waiting for heartbeat...
[TELEM] Heartbeat OK
[MAIN] Telemetry ready: lat=28.4222754, lon=77.5261883, h=-0.205
Loading model engine: best.engine
[SCOUT] Connecting to mavlink-router TCP 127.0.0.1:5760
[SCOUT] Connected
[TELEM] Connecting to MAVLink router UDP 14550[MAIN] Waiting for telemetry (GPS)...

[TELEM] Waiting for heartbeat...
[TELEM] Heartbeat OK
[MAIN] Telemetry ready: lat=28.4222736, lon=77.5261867, h=-0.162
Loading model engine: best.engine
[SCOUT] Connecting to mavlink-router TCP 127.0.0.1:5760
[SCOUT] Connected
[TELEM] Connecting to MAVLink router UDP 14550[MAIN] Waiting for telemetry (GPS)...

[TELEM] Waiting for heartbeat...
[TELEM] Heartbeat OK
[MAIN] Telemetry ready: lat=28.4222735, lon=77.5261857, h=-0.429
Loading model engine: best.engine
[SCOUT] Connecting to mavlink-router TCP 127.0.0.1:5760
[SCOUT] Connected
[TELEM] Connecting to MAVLink router UDP 14550[MAIN] Waiting for telemetry (GPS)...

[TELEM] Waiting for heartbeat...
[TELEM] Heartbeat OK
[MAIN] Telemetry ready: lat=28.4222746, lon=77.5261841, h=-0.151
Loading model engine: best.engine
[SCOUT] Connecting to mavlink-router TCP 127.0.0.1:5760
[SCOUT] Connected
[TELEM] Connecting to MAVLink router UDP 14550[MAIN] Waiting for telemetry (GPS)...

[TELEM] Waiting for heartbeat...
[TELEM] Heartbeat OK
[MAIN] Telemetry ready: lat=28.4222694, lon=77.5261832, h=0.039
Loading model engine: best.engine
[SCOUT] Connecting to mavlink-router TCP 127.0.0.1:5760
[SCOUT] Connected
[TELEM] Connecting to MAVLink router UDP 14550[MAIN] Waiting for telemetry (GPS)...

[TELEM] Waiting for heartbeat...
[TELEM] Heartbeat OK
[MAIN] Telemetry ready: lat=28.4222697, lon=77.5261857, h=-0.165
Loading model engine: best.engine
[SCOUT] Connecting to mavlink-router TCP 127.0.0.1:5760
[SCOUT] Connected
[TELEM] Connecting to MAVLink router UDP 14550[MAIN] Waiting for telemetry (GPS)...

[TELEM] Waiting for heartbeat...
[TELEM] Heartbeat OK
[MAIN] Telemetry ready: lat=28.4222704, lon=77.5261866, h=0.022
Loading model engine: best.engine
[SCOUT] Connecting to mavlink-router TCP 127.0.0.1:5760
[SCOUT] Connected
[TELEM] Connecting to MAVLink router UDP 14550[MAIN] Waiting for telemetry (GPS)...

[TELEM] Waiting for heartbeat...
[TELEM] Heartbeat OK
[MAIN] Telemetry ready: lat=28.4222725, lon=77.526186, h=-0.117
Loading model engine: best.engine
[SCOUT] Connecting to mavlink-router TCP 127.0.0.1:5760
[SCOUT] Connected
[TELEM] Connecting to MAVLink router UDP 14550[MAIN] Waiting for telemetry (GPS)...

[TELEM] Waiting for heartbeat...
[TELEM] Heartbeat OK
[MAIN] Telemetry ready: lat=28.4222703, lon=77.5261855, h=-0.132
Loading model engine: best.engine
[SCOUT] Connecting to mavlink-router TCP 127.0.0.1:5760
[SCOUT] Connected
[TELEM] Connecting to MAVLink router UDP 14550[MAIN] Waiting for telemetry (GPS)...

[TELEM] Waiting for heartbeat...
[TELEM] Heartbeat OK
[MAIN] Telemetry ready: lat=28.4222641, lon=77.5261874, h=-0.268
Loading model engine: best.engine
[SCOUT] Connecting to mavlink-router TCP 127.0.0.1:5760
[SCOUT] Connected
[TELEM] Connecting to MAVLink router UDP 14550[MAIN] Waiting for telemetry (GPS)...

[TELEM] Waiting for heartbeat...
[TELEM] Heartbeat OK
[MAIN] Telemetry ready: lat=28.4222627, lon=77.526187, h=-0.203
Loading model engine: best.engine
[SCOUT] Connecting to mavlink-router TCP 127.0.0.1:5760
[SCOUT] Connected
[TELEM] Connecting to MAVLink router UDP 14550[MAIN] Waiting for telemetry (GPS)...

[TELEM] Waiting for heartbeat...
[TELEM] Heartbeat OK
[MAIN] Telemetry ready: lat=28.422268, lon=77.5261887, h=-0.27
Loading model engine: best.engine
[SCOUT] Connecting to mavlink-router TCP 127.0.0.1:5760
[SCOUT] Connected
[TELEM] Connecting to MAVLink router UDP 14550[MAIN] Waiting for telemetry (GPS)...

[TELEM] Waiting for heartbeat...
[TELEM] Heartbeat OK
[MAIN] Telemetry ready: lat=28.4222713, lon=77.5261888, h=-0.2
Loading model engine: best.engine
[SCOUT] Connecting to mavlink-router TCP 127.0.0.1:5760
[SCOUT] Connected
[TELEM] Connecting to MAVLink router UDP 14550[MAIN] Waiting for telemetry (GPS)...

[TELEM] Waiting for heartbeat...
[TELEM] Heartbeat OK
[MAIN] Telemetry ready: lat=28.4222757, lon=77.5261866, h=0.035
Loading model engine: best.engine
[SCOUT] Connecting to mavlink-router TCP 127.0.0.1:5760
[SCOUT] Connected
[TELEM] Connecting to MAVLink router UDP 14550[MAIN] Waiting for telemetry (GPS)...

[TELEM] Waiting for heartbeat...
[TELEM] Heartbeat OK
[MAIN] Telemetry ready: lat=28.4222788, lon=77.5261862, h=-0.041
Loading model engine: best.engine
[SCOUT] Connecting to mavlink-router TCP 127.0.0.1:5760
[SCOUT] Connected
[TELEM] Connecting to MAVLink router UDP 14550[MAIN] Waiting for telemetry (GPS)...

[TELEM] Waiting for heartbeat...
[TELEM] Heartbeat OK
[MAIN] Telemetry ready: lat=28.4222747, lon=77.5261875, h=-0.071
Loading model engine: best.engine
[SCOUT] Connecting to mavlink-router TCP 127.0.0.1:5760
[SCOUT] Connected
[TELEM] Connecting to MAVLink router UDP 14550[MAIN] Waiting for telemetry (GPS)...

[TELEM] Waiting for heartbeat...
[TELEM] Heartbeat OK
[MAIN] Telemetry ready: lat=28.4222727, lon=77.5261878, h=0.055
Loading model engine: best.engine
[SCOUT] Connecting to mavlink-router TCP 127.0.0.1:5760
[SCOUT] Connected
[TELEM] Connecting to MAVLink router UDP 14550[MAIN] Waiting for telemetry (GPS)...

[TELEM] Waiting for heartbeat...
[TELEM] Heartbeat OK
[MAIN] Telemetry ready: lat=28.422274, lon=77.5261903, h=-0.146
Loading model engine: best.engine
[SCOUT] Connecting to mavlink-router TCP 127.0.0.1:5760
[SCOUT] Connected
[TELEM] Connecting to MAVLink router UDP 14550[MAIN] Waiting for telemetry (GPS)...

[TELEM] Waiting for heartbeat...
[TELEM] Heartbeat OK
[MAIN] Telemetry ready: lat=28.4222702, lon=77.5261919, h=-0.235
Loading model engine: best.engine
[SCOUT] Connecting to mavlink-router TCP 127.0.0.1:5760
[SCOUT] Connected
[TELEM] Connecting to MAVLink router UDP 14550[MAIN] Waiting for telemetry (GPS)...

[TELEM] Waiting for heartbeat...
[TELEM] Heartbeat OK
[MAIN] Telemetry ready: lat=28.4222669, lon=77.5261926, h=-0.069
Loading model engine: best.engine
[SCOUT] Connecting to mavlink-router TCP 127.0.0.1:5760
[SCOUT] Connected
[TELEM] Connecting to MAVLink router UDP 14550[MAIN] Waiting for telemetry (GPS)...

[TELEM] Waiting for heartbeat...
[TELEM] Heartbeat OK
[MAIN] Telemetry ready: lat=28.4222684, lon=77.5261933, h=0.03
Loading model engine: best.engine
[SCOUT] Connecting to mavlink-router TCP 127.0.0.1:5760
[SCOUT] Connected
[TELEM] Connecting to MAVLink router UDP 14550[MAIN] Waiting for telemetry (GPS)...

[TELEM] Waiting for heartbeat...
[TELEM] Heartbeat OK
[MAIN] Telemetry ready: lat=28.4222768, lon=77.526187, h=0.869
Loading model engine: best.engine
[SCOUT] Connecting to mavlink-router TCP 127.0.0.1:5760
[SCOUT] Connected
[TELEM] Connecting to MAVLink router UDP 14550[MAIN] Waiting for telemetry (GPS)...

[TELEM] Waiting for heartbeat...
[TELEM] Heartbeat OK
[MAIN] Telemetry ready: lat=28.4223016, lon=77.5261526, h=-0.257
Loading model engine: best.engine
[SCOUT] Connecting to mavlink-router TCP 127.0.0.1:5760
[SCOUT] Connected
[TELEM] Connecting to MAVLink router UDP 14550[MAIN] Waiting for telemetry (GPS)...

[TELEM] Waiting for heartbeat...
[TELEM] Heartbeat OK
[MAIN] Telemetry ready: lat=28.4223037, lon=77.5261509, h=0.0
Loading model engine: best.engine
[SCOUT] Connecting to mavlink-router TCP 127.0.0.1:5760
[SCOUT] Connected
[TELEM] Connecting to MAVLink router UDP 14550[MAIN] Waiting for telemetry (GPS)...

[TELEM] Waiting for heartbeat...
[TELEM] Heartbeat OK
[MAIN] Telemetry ready: lat=28.4223107, lon=77.5261764, h=-0.196
Loading model engine: best.engine
[SCOUT] Connecting to mavlink-router TCP 127.0.0.1:5760
[SCOUT] Connected
[TELEM] Connecting to MAVLink router UDP 14550[MAIN] Waiting for telemetry (GPS)...

[TELEM] Waiting for heartbeat...
[TELEM] Heartbeat OK
[MAIN] Telemetry ready: lat=28.4223075, lon=77.5262165, h=-0.081
Loading model engine: best.engine
[SCOUT] Connecting to mavlink-router TCP 127.0.0.1:5760
[SCOUT] Connected
[TELEM] Connecting to MAVLink router UDP 14550[MAIN] Waiting for telemetry (GPS)...

[TELEM] Waiting for heartbeat...
[TELEM] Heartbeat OK
[MAIN] Telemetry ready: lat=28.4223165, lon=77.5261852, h=-0.057
Loading model engine: best.engine
[SCOUT] Connecting to mavlink-router TCP 127.0.0.1:5760
[SCOUT] Connected
[TELEM] Connecting to MAVLink router UDP 14550[MAIN] Waiting for telemetry (GPS)...

[TELEM] Waiting for heartbeat...
[TELEM] Heartbeat OK
[MAIN] Telemetry ready: lat=28.4223364, lon=77.526172, h=0.164
Loading model engine: best.engine
[SCOUT] Connecting to mavlink-router TCP 127.0.0.1:5760
[SCOUT] Connected
[TELEM] Connecting to MAVLink router UDP 14550[MAIN] Waiting for telemetry (GPS)...

[TELEM] Waiting for heartbeat...
[TELEM] Heartbeat OK
[MAIN] Telemetry ready: lat=28.4223378, lon=77.5261574, h=0.003
Loading model engine: best.engine
[SCOUT] Connecting to mavlink-router TCP 127.0.0.1:5760
[SCOUT] Connected
[TELEM] Connecting to MAVLink router UDP 14550[MAIN] Waiting for telemetry (GPS)...

[TELEM] Waiting for heartbeat...
[TELEM] Heartbeat OK
[MAIN] Telemetry ready: lat=28.4223329, lon=77.5261493, h=-0.141
Loading model engine: best.engine
[SCOUT] Connecting to mavlink-router TCP 127.0.0.1:5760
[SCOUT] Connected
[TELEM] Connecting to MAVLink router UDP 14550[MAIN] Waiting for telemetry (GPS)...

[TELEM] Waiting for heartbeat...
[TELEM] Heartbeat OK
[MAIN] Telemetry ready: lat=28.4223517, lon=77.526155, h=0.032
Loading model engine: best.engine
[SCOUT] Connecting to mavlink-router TCP 127.0.0.1:5760
[SCOUT] Connected
[TELEM] Connecting to MAVLink router UDP 14550[MAIN] Waiting for telemetry (GPS)...

[TELEM] Waiting for heartbeat...
[TELEM] Heartbeat OK
[MAIN] Telemetry ready: lat=28.4223565, lon=77.5261682, h=-0.121
Loading model engine: best.engine
[SCOUT] Connecting to mavlink-router TCP 127.0.0.1:5760
[SCOUT] Connected
[TELEM] Connecting to MAVLink router UDP 14550[MAIN] Waiting for telemetry (GPS)...

[TELEM] Waiting for heartbeat...
[TELEM] Heartbeat OK
[MAIN] Telemetry ready: lat=28.4223586, lon=77.5261575, h=0.158
Loading model engine: best.engine
[SCOUT] Connecting to mavlink-router TCP 127.0.0.1:5760
[SCOUT] Connected
[TELEM] Connecting to MAVLink router UDP 14550[MAIN] Waiting for telemetry (GPS)...

[TELEM] Waiting for heartbeat...
[TELEM] Heartbeat OK
[MAIN] Telemetry ready: lat=28.4223838, lon=77.5261369, h=0.116
Loading model engine: best.engine
[SCOUT] Connecting to mavlink-router TCP 127.0.0.1:5760
[SCOUT] Connected
[TELEM] Connecting to MAVLink router UDP 14550[MAIN] Waiting for telemetry (GPS)...

[TELEM] Waiting for heartbeat...
[TELEM] Heartbeat OK
[MAIN] Telemetry ready: lat=28.422375, lon=77.5261409, h=-0.046
Loading model engine: best.engine
[SCOUT] Connecting to mavlink-router TCP 127.0.0.1:5760
[SCOUT] Connected
[TELEM] Connecting to MAVLink router UDP 14550[MAIN] Waiting for telemetry (GPS)...

[TELEM] Waiting for heartbeat...
[TELEM] Heartbeat OK
[MAIN] Telemetry ready: lat=28.4223239, lon=77.5261098, h=-0.085
Loading model engine: best.engine
[SCOUT] Connecting to mavlink-router TCP 127.0.0.1:5760
[SCOUT] Connected
[TELEM] Connecting to MAVLink router UDP 14550[MAIN] Waiting for telemetry (GPS)...

[TELEM] Waiting for heartbeat...
[TELEM] Heartbeat OK
[MAIN] Telemetry ready: lat=28.4224614, lon=77.5261159, h=-0.04
Loading model engine: best.engine
[SCOUT] Connecting to mavlink-router TCP 127.0.0.1:5760
[SCOUT] Connected
[TELEM] Connecting to MAVLink router UDP 14550
[TELEM] Waiting for heartbeat...[MAIN] Waiting for telemetry (GPS)...

[TELEM] Heartbeat OK
[MAIN] Telemetry ready: lat=28.4224207, lon=77.5261716, h=-0.13
Loading model engine: best.engine
[SCOUT] Connecting to mavlink-router TCP 127.0.0.1:5760
[SCOUT] Connected
[TELEM] Connecting to MAVLink router UDP 14550[MAIN] Waiting for telemetry (GPS)...

[TELEM] Waiting for heartbeat...
[TELEM] Heartbeat OK
[MAIN] Telemetry ready: lat=28.4223692, lon=77.5261736, h=-0.047
Loading model engine: best.engine
[SCOUT] Connecting to mavlink-router TCP 127.0.0.1:5760
[SCOUT] Connected
[TELEM] Connecting to MAVLink router UDP 14550[MAIN] Waiting for telemetry (GPS)...

[TELEM] Waiting for heartbeat...
[TELEM] Heartbeat OK
[MAIN] Telemetry ready: lat=28.4223577, lon=77.5261748, h=-0.205
Loading model engine: best.engine
[SCOUT] Connecting to mavlink-router TCP 127.0.0.1:5760
[SCOUT] Connected
[TELEM] Connecting to MAVLink router UDP 14550[MAIN] Waiting for telemetry (GPS)...

[TELEM] Waiting for heartbeat...
[TELEM] Heartbeat OK
[MAIN] Telemetry ready: lat=28.4223715, lon=77.526187, h=0.343
Loading model engine: best.engine
[SCOUT] Connecting to mavlink-router TCP 127.0.0.1:5760
[SCOUT] Connected
[TELEM] Connecting to MAVLink router UDP 14550[MAIN] Waiting for telemetry (GPS)...

[TELEM] Waiting for heartbeat...
[TELEM] Heartbeat OK
[MAIN] Telemetry ready: lat=28.4223493, lon=77.5261635, h=-0.054
Loading model engine: best.engine
[SCOUT] Connecting to mavlink-router TCP 127.0.0.1:5760
[SCOUT] Connected
[TELEM] Connecting to MAVLink router UDP 14550[MAIN] Waiting for telemetry (GPS)...

[TELEM] Waiting for heartbeat...
[TELEM] Heartbeat OK
[MAIN] Telemetry ready: lat=28.4223166, lon=77.5261561, h=0.229
Loading model engine: best.engine
[SCOUT] Connecting to mavlink-router TCP 127.0.0.1:5760
[SCOUT] Connected
[TELEM] Connecting to MAVLink router UDP 14550[MAIN] Waiting for telemetry (GPS)...

[TELEM] Waiting for heartbeat...
[TELEM] Heartbeat OK
[MAIN] Telemetry ready: lat=28.4223188, lon=77.5261553, h=0.071
Loading model engine: best.engine
[SCOUT] Connecting to mavlink-router TCP 127.0.0.1:5760
[SCOUT] Connected
[TELEM] Connecting to MAVLink router UDP 14550[MAIN] Waiting for telemetry (GPS)...

[TELEM] Waiting for heartbeat...
[TELEM] Heartbeat OK
[MAIN] Telemetry ready: lat=28.4223189, lon=77.5261523, h=0.094
Loading model engine: best.engine
[SCOUT] Connecting to mavlink-router TCP 127.0.0.1:5760
[SCOUT] Connected
[TELEM] Connecting to MAVLink router UDP 14550[MAIN] Waiting for telemetry (GPS)...

[TELEM] Waiting for heartbeat...
[TELEM] Heartbeat OK
[MAIN] Telemetry ready: lat=28.4223189, lon=77.5261528, h=0.295
Loading model engine: best.engine
[SCOUT] Connecting to mavlink-router TCP 127.0.0.1:5760
[SCOUT] Connected
[TELEM] Connecting to MAVLink router UDP 14550[MAIN] Waiting for telemetry (GPS)...

[TELEM] Waiting for heartbeat...
[TELEM] Heartbeat OK
[MAIN] Telemetry ready: lat=28.4223212, lon=77.5261534, h=-0.037
Loading model engine: best.engine
[SCOUT] Connecting to mavlink-router TCP 127.0.0.1:5760
[SCOUT] Connected
[TELEM] Connecting to MAVLink router UDP 14550[MAIN] Waiting for telemetry (GPS)...

[TELEM] Waiting for heartbeat...
[TELEM] Heartbeat OK
[MAIN] Telemetry ready: lat=28.4223217, lon=77.5261548, h=0.112
Loading model engine: best.engine
[SCOUT] Connecting to mavlink-router TCP 127.0.0.1:5760
[SCOUT] Connected
[TELEM] Connecting to MAVLink router UDP 14550[MAIN] Waiting for telemetry (GPS)...

[TELEM] Waiting for heartbeat...
[TELEM] Heartbeat OK
[MAIN] Telemetry ready: lat=28.4223222, lon=77.5261542, h=-0.005
Loading model engine: best.engine
[SCOUT] Connecting to mavlink-router TCP 127.0.0.1:5760
[SCOUT] Connected
[TELEM] Connecting to MAVLink router UDP 14550[MAIN] Waiting for telemetry (GPS)...

[TELEM] Waiting for heartbeat...
[TELEM] Heartbeat OK
[MAIN] Telemetry ready: lat=28.4223225, lon=77.5261569, h=0.039
Loading model engine: best.engine
[SCOUT] Connecting to mavlink-router TCP 127.0.0.1:5760
[SCOUT] Connected
[TELEM] Connecting to MAVLink router UDP 14550[MAIN] Waiting for telemetry (GPS)...

[TELEM] Waiting for heartbeat...
[TELEM] Heartbeat OK
[MAIN] Telemetry ready: lat=28.4223251, lon=77.5261574, h=0.072
Loading model engine: best.engine
[SCOUT] Connecting to mavlink-router TCP 127.0.0.1:5760
[SCOUT] Connected
[TELEM] Connecting to MAVLink router UDP 14550[MAIN] Waiting for telemetry (GPS)...

[TELEM] Waiting for heartbeat...
[TELEM] Heartbeat OK
[MAIN] Telemetry ready: lat=28.4223256, lon=77.5261582, h=-0.004
Loading model engine: best.engine
[SCOUT] Connecting to mavlink-router TCP 127.0.0.1:5760
[SCOUT] Connected
[TELEM] Connecting to MAVLink router UDP 14550[MAIN] Waiting for telemetry (GPS)...

[TELEM] Waiting for heartbeat...
[TELEM] Heartbeat OK
[MAIN] Telemetry ready: lat=28.4223242, lon=77.5261577, h=0.247
Loading model engine: best.engine
[SCOUT] Connecting to mavlink-router TCP 127.0.0.1:5760
[SCOUT] Connected
[TELEM] Connecting to MAVLink router UDP 14550[MAIN] Waiting for telemetry (GPS)...

[TELEM] Waiting for heartbeat...
[TELEM] Heartbeat OK
[MAIN] Telemetry ready: lat=28.4223259, lon=77.5261536, h=0.016
Loading model engine: best.engine
[SCOUT] Connecting to mavlink-router TCP 127.0.0.1:5760
[SCOUT] Connected
[TELEM] Connecting to MAVLink router UDP 14550[MAIN] Waiting for telemetry (GPS)...

[TELEM] Waiting for heartbeat...
[TELEM] Heartbeat OK
[MAIN] Telemetry ready: lat=28.4223259, lon=77.5261527, h=0.166
Loading model engine: best.engine
[SCOUT] Connecting to mavlink-router TCP 127.0.0.1:5760
[SCOUT] Connected
[TELEM] Connecting to MAVLink router UDP 14550[MAIN] Waiting for telemetry (GPS)...

[TELEM] Waiting for heartbeat...
[TELEM] Heartbeat OK
[MAIN] Telemetry ready: lat=28.4223256, lon=77.5261533, h=0.188
Loading model engine: best.engine
[SCOUT] Connecting to mavlink-router TCP 127.0.0.1:5760
[SCOUT] Connected
[TELEM] Connecting to MAVLink router UDP 14550[MAIN] Waiting for telemetry (GPS)...

[TELEM] Waiting for heartbeat...
[TELEM] Heartbeat OK
[MAIN] Telemetry ready: lat=28.4223251, lon=77.5261529, h=0.078
Loading model engine: best.engine
[SCOUT] Connecting to mavlink-router TCP 127.0.0.1:5760
[SCOUT] Connected
[TELEM] Connecting to MAVLink router UDP 14550[MAIN] Waiting for telemetry (GPS)...

[TELEM] Waiting for heartbeat...
[TELEM] Heartbeat OK
[MAIN] Telemetry ready: lat=28.4223251, lon=77.5261523, h=0.176
Loading model engine: best.engine
[SCOUT] Connecting to mavlink-router TCP 127.0.0.1:5760
[SCOUT] Connected
[TELEM] Connecting to MAVLink router UDP 14550[MAIN] Waiting for telemetry (GPS)...

[TELEM] Waiting for heartbeat...
[TELEM] Heartbeat OK
[MAIN] Telemetry ready: lat=28.4223233, lon=77.5261532, h=0.212
Loading model engine: best.engine
[SCOUT] Connecting to mavlink-router TCP 127.0.0.1:5760
[SCOUT] Connected
[TELEM] Connecting to MAVLink router UDP 14550[MAIN] Waiting for telemetry (GPS)...

[TELEM] Waiting for heartbeat...
[TELEM] Heartbeat OK
[MAIN] Telemetry ready: lat=28.4223237, lon=77.5261532, h=0.054
Loading model engine: best.engine
[SCOUT] Connecting to mavlink-router TCP 127.0.0.1:5760
[SCOUT] Connected
[TELEM] Connecting to MAVLink router UDP 14550[MAIN] Waiting for telemetry (GPS)...

[TELEM] Waiting for heartbeat...
[TELEM] Heartbeat OK
[MAIN] Telemetry ready: lat=28.4223254, lon=77.5261554, h=0.193
Loading model engine: best.engine
[SCOUT] Connecting to mavlink-router TCP 127.0.0.1:5760
[SCOUT] Connected
[TELEM] Connecting to MAVLink router UDP 14550[MAIN] Waiting for telemetry (GPS)...

[TELEM] Waiting for heartbeat...
[TELEM] Heartbeat OK
[MAIN] Telemetry ready: lat=28.4223263, lon=77.5261593, h=0.189
Loading model engine: best.engine
[SCOUT] Connecting to mavlink-router TCP 127.0.0.1:5760
[SCOUT] Connected
[TELEM] Connecting to MAVLink router UDP 14550[MAIN] Waiting for telemetry (GPS)...

[TELEM] Waiting for heartbeat...
[TELEM] Heartbeat OK
[MAIN] Telemetry ready: lat=28.4223269, lon=77.5261629, h=-0.008
Loading model engine: best.engine
[SCOUT] Connecting to mavlink-router TCP 127.0.0.1:5760
[SCOUT] Connected
[TELEM] Connecting to MAVLink router UDP 14550[MAIN] Waiting for telemetry (GPS)...

[TELEM] Waiting for heartbeat...
[TELEM] Heartbeat OK
[MAIN] Telemetry ready: lat=28.4223278, lon=77.5261648, h=-0.015
Loading model engine: best.engine
[SCOUT] Connecting to mavlink-router TCP 127.0.0.1:5760
[SCOUT] Connected
[TELEM] Connecting to MAVLink router UDP 14550[MAIN] Waiting for telemetry (GPS)...

[TELEM] Waiting for heartbeat...
[TELEM] Heartbeat OK
[MAIN] Telemetry ready: lat=28.4223289, lon=77.5261641, h=0.28
Loading model engine: best.engine
[SCOUT] Connecting to mavlink-router TCP 127.0.0.1:5760
[SCOUT] Connected
[TELEM] Connecting to MAVLink router UDP 14550[MAIN] Waiting for telemetry (GPS)...

[TELEM] Waiting for heartbeat...
[TELEM] Heartbeat OK
[MAIN] Telemetry ready: lat=28.422329, lon=77.5261642, h=0.469
Loading model engine: best.engine
[SCOUT] Connecting to mavlink-router TCP 127.0.0.1:5760
[SCOUT] Connected
[TELEM] Connecting to MAVLink router UDP 14550[MAIN] Waiting for telemetry (GPS)...

[TELEM] Waiting for heartbeat...
[TELEM] Heartbeat OK
[MAIN] Telemetry ready: lat=28.4223287, lon=77.526165, h=0.135
Loading model engine: best.engine
[SCOUT] Connecting to mavlink-router TCP 127.0.0.1:5760
[SCOUT] Connected
[TELEM] Connecting to MAVLink router UDP 14550[MAIN] Waiting for telemetry (GPS)...

[TELEM] Waiting for heartbeat...
[TELEM] Heartbeat OK
[MAIN] Telemetry ready: lat=28.4223267, lon=77.526166, h=0.507
Loading model engine: best.engine
[SCOUT] Connecting to mavlink-router TCP 127.0.0.1:5760
[SCOUT] Connected
[TELEM] Connecting to MAVLink router UDP 14550[MAIN] Waiting for telemetry (GPS)...

[TELEM] Waiting for heartbeat...
[TELEM] Heartbeat OK
[MAIN] Telemetry ready: lat=28.4223258, lon=77.5261655, h=0.383
Loading model engine: best.engine
[SCOUT] Connecting to mavlink-router TCP 127.0.0.1:5760
[SCOUT] Connected
[TELEM] Connecting to MAVLink router UDP 14550[MAIN] Waiting for telemetry (GPS)...

[TELEM] Waiting for heartbeat...
[TELEM] Heartbeat OK
[MAIN] Telemetry ready: lat=28.4223256, lon=77.5261666, h=0.445
Loading model engine: best.engine
[SCOUT] Connecting to mavlink-router TCP 127.0.0.1:5760
[SCOUT] Connected
[TELEM] Connecting to MAVLink router UDP 14550[MAIN] Waiting for telemetry (GPS)...

[TELEM] Waiting for heartbeat...
[TELEM] Heartbeat OK
[MAIN] Telemetry ready: lat=28.4223265, lon=77.5261662, h=0.149
Loading model engine: best.engine
[SCOUT] Connecting to mavlink-router TCP 127.0.0.1:5760
[SCOUT] Connected
[TELEM] Connecting to MAVLink router UDP 14550[MAIN] Waiting for telemetry (GPS)...

[TELEM] Waiting for heartbeat...
[TELEM] Heartbeat OK
[MAIN] Telemetry ready: lat=28.4223264, lon=77.5261651, h=0.408
Loading model engine: best.engine
[SCOUT] Connecting to mavlink-router TCP 127.0.0.1:5760
[SCOUT] Connected
[TELEM] Connecting to MAVLink router UDP 14550[MAIN] Waiting for telemetry (GPS)...

[TELEM] Waiting for heartbeat...
[TELEM] Heartbeat OK
[MAIN] Telemetry ready: lat=28.4223261, lon=77.5261649, h=0.195
Loading model engine: best.engine
[SCOUT] Connecting to mavlink-router TCP 127.0.0.1:5760
[SCOUT] Connected
[TELEM] Connecting to MAVLink router UDP 14550[MAIN] Waiting for telemetry (GPS)...

[TELEM] Waiting for heartbeat...
[TELEM] Heartbeat OK
[MAIN] Telemetry ready: lat=28.4223256, lon=77.5261652, h=0.295
Loading model engine: best.engine
[SCOUT] Connecting to mavlink-router TCP 127.0.0.1:5760
[SCOUT] Connected
[TELEM] Connecting to MAVLink router UDP 14550[MAIN] Waiting for telemetry (GPS)...

[TELEM] Waiting for heartbeat...
[TELEM] Heartbeat OK
[MAIN] Telemetry ready: lat=28.422326, lon=77.5261651, h=0.292
Loading model engine: best.engine
[SCOUT] Connecting to mavlink-router TCP 127.0.0.1:5760
[SCOUT] Connected
[TELEM] Connecting to MAVLink router UDP 14550[MAIN] Waiting for telemetry (GPS)...

[TELEM] Waiting for heartbeat...
[TELEM] Heartbeat OK
[MAIN] Telemetry ready: lat=28.4223257, lon=77.5261646, h=0.384
Loading model engine: best.engine
[SCOUT] Connecting to mavlink-router TCP 127.0.0.1:5760
[SCOUT] Connected
[TELEM] Connecting to MAVLink router UDP 14550[MAIN] Waiting for telemetry (GPS)...

[TELEM] Waiting for heartbeat...
[TELEM] Heartbeat OK
[MAIN] Telemetry ready: lat=28.4223256, lon=77.5261652, h=0.316
Loading model engine: best.engine
[SCOUT] Connecting to mavlink-router TCP 127.0.0.1:5760
[SCOUT] Connected
[TELEM] Connecting to MAVLink router UDP 14550[MAIN] Waiting for telemetry (GPS)...

[TELEM] Waiting for heartbeat...
[TELEM] Heartbeat OK
[MAIN] Telemetry ready: lat=28.422326, lon=77.526166, h=0.377
Loading model engine: best.engine
[SCOUT] Connecting to mavlink-router TCP 127.0.0.1:5760
[SCOUT] Connected
[TELEM] Connecting to MAVLink router UDP 14550[MAIN] Waiting for telemetry (GPS)...

[TELEM] Waiting for heartbeat...
[TELEM] Heartbeat OK
[MAIN] Telemetry ready: lat=28.4223267, lon=77.5261669, h=0.349
Loading model engine: best.engine
[SCOUT] Connecting to mavlink-router TCP 127.0.0.1:5760
[SCOUT] Connected
[TELEM] Connecting to MAVLink router UDP 14550[MAIN] Waiting for telemetry (GPS)...

[TELEM] Waiting for heartbeat...
[TELEM] Heartbeat OK
[MAIN] Telemetry ready: lat=28.4223282, lon=77.5261665, h=0.353
Loading model engine: best.engine
[SCOUT] Connecting to mavlink-router TCP 127.0.0.1:5760
[SCOUT] Connected
[TELEM] Connecting to MAVLink router UDP 14550[MAIN] Waiting for telemetry (GPS)...

[TELEM] Waiting for heartbeat...
[TELEM] Heartbeat OK
[MAIN] Telemetry ready: lat=28.4223283, lon=77.526165, h=0.407
Loading model engine: best.engine
[SCOUT] Connecting to mavlink-router TCP 127.0.0.1:5760
[SCOUT] Connected
[TELEM] Connecting to MAVLink router UDP 14550[MAIN] Waiting for telemetry (GPS)...

[TELEM] Waiting for heartbeat...
[TELEM] Heartbeat OK
[MAIN] Telemetry ready: lat=28.4223286, lon=77.5261639, h=0.452
Loading model engine: best.engine
[SCOUT] Connecting to mavlink-router TCP 127.0.0.1:5760
[SCOUT] Connected
[TELEM] Connecting to MAVLink router UDP 14550[MAIN] Waiting for telemetry (GPS)...

[TELEM] Waiting for heartbeat...
[TELEM] Heartbeat OK
[MAIN] Telemetry ready: lat=28.4223261, lon=77.5261622, h=0.349
Loading model engine: best.engine
[SCOUT] Connecting to mavlink-router TCP 127.0.0.1:5760
[SCOUT] Connected
[TELEM] Connecting to MAVLink router UDP 14550[MAIN] Waiting for telemetry (GPS)...

[TELEM] Waiting for heartbeat...
[TELEM] Heartbeat OK
[MAIN] Telemetry ready: lat=28.4223238, lon=77.5261611, h=0.278
Loading model engine: best.engine
[SCOUT] Connecting to mavlink-router TCP 127.0.0.1:5760
[SCOUT] Connected
[TELEM] Connecting to MAVLink router UDP 14550[MAIN] Waiting for telemetry (GPS)...

[TELEM] Waiting for heartbeat...
[TELEM] Heartbeat OK
[MAIN] Telemetry ready: lat=28.4223239, lon=77.5261611, h=0.396
Loading model engine: best.engine
[SCOUT] Connecting to mavlink-router TCP 127.0.0.1:5760
[SCOUT] Connected
[TELEM] Connecting to MAVLink router UDP 14550[MAIN] Waiting for telemetry (GPS)...

[TELEM] Waiting for heartbeat...
[TELEM] Heartbeat OK
[MAIN] Telemetry ready: lat=28.4223229, lon=77.5261613, h=0.379
Loading model engine: best.engine
[SCOUT] Connecting to mavlink-router TCP 127.0.0.1:5760
[SCOUT] Connected
[TELEM] Connecting to MAVLink router UDP 14550[MAIN] Waiting for telemetry (GPS)...

[TELEM] Waiting for heartbeat...
[TELEM] Heartbeat OK
[MAIN] Telemetry ready: lat=28.422325, lon=77.5261605, h=0.197
Loading model engine: best.engine
[SCOUT] Connecting to mavlink-router TCP 127.0.0.1:5760
[SCOUT] Connected
[TELEM] Connecting to MAVLink router UDP 14550[MAIN] Waiting for telemetry (GPS)...

[TELEM] Waiting for heartbeat...
[TELEM] Heartbeat OK
[MAIN] Telemetry ready: lat=28.4223258, lon=77.5261618, h=0.509
Loading model engine: best.engine
[SCOUT] Connecting to mavlink-router TCP 127.0.0.1:5760
[SCOUT] Connected
[TELEM] Connecting to MAVLink router UDP 14550[MAIN] Waiting for telemetry (GPS)...

[TELEM] Waiting for heartbeat...
[TELEM] Heartbeat OK
[MAIN] Telemetry ready: lat=28.4223248, lon=77.5261606, h=0.457
Loading model engine: best.engine
[SCOUT] Connecting to mavlink-router TCP 127.0.0.1:5760
[SCOUT] Connected
[TELEM] Connecting to MAVLink router UDP 14550[MAIN] Waiting for telemetry (GPS)...

[TELEM] Waiting for heartbeat...
[TELEM] Heartbeat OK
[MAIN] Telemetry ready: lat=28.4223257, lon=77.5261602, h=0.351
Loading model engine: best.engine
[SCOUT] Connecting to mavlink-router TCP 127.0.0.1:5760
[SCOUT] Connected
[TELEM] Connecting to MAVLink router UDP 14550[MAIN] Waiting for telemetry (GPS)...

[TELEM] Waiting for heartbeat...
[TELEM] Heartbeat OK
[MAIN] Telemetry ready: lat=28.4223253, lon=77.5261606, h=0.183
Loading model engine: best.engine
[SCOUT] Connecting to mavlink-router TCP 127.0.0.1:5760
[SCOUT] Connected
[TELEM] Connecting to MAVLink router UDP 14550[MAIN] Waiting for telemetry (GPS)...

[TELEM] Waiting for heartbeat...
[TELEM] Heartbeat OK
[MAIN] Telemetry ready: lat=28.4223246, lon=77.5261614, h=0.479
Loading model engine: best.engine
[SCOUT] Connecting to mavlink-router TCP 127.0.0.1:5760
[SCOUT] Connected
[TELEM] Connecting to MAVLink router UDP 14550[MAIN] Waiting for telemetry (GPS)...

[TELEM] Waiting for heartbeat...
[TELEM] Heartbeat OK
[MAIN] Telemetry ready: lat=28.4223261, lon=77.5261624, h=0.333
Loading model engine: best.engine
[SCOUT] Connecting to mavlink-router TCP 127.0.0.1:5760
[SCOUT] Connected
[TELEM] Connecting to MAVLink router UDP 14550[MAIN] Waiting for telemetry (GPS)...

[TELEM] Waiting for heartbeat...
[TELEM] Heartbeat OK
[MAIN] Telemetry ready: lat=28.4223263, lon=77.5261615, h=0.237
Loading model engine: best.engine
[SCOUT] Connecting to mavlink-router TCP 127.0.0.1:5760
[SCOUT] Connected
[TELEM] Connecting to MAVLink router UDP 14550[MAIN] Waiting for telemetry (GPS)...

[TELEM] Waiting for heartbeat...
[TELEM] Heartbeat OK
[MAIN] Telemetry ready: lat=28.4223263, lon=77.5261623, h=0.405
Loading model engine: best.engine
[SCOUT] Connecting to mavlink-router TCP 127.0.0.1:5760
[SCOUT] Connected
[TELEM] Connecting to MAVLink router UDP 14550[MAIN] Waiting for telemetry (GPS)...

[TELEM] Waiting for heartbeat...
[TELEM] Heartbeat OK
[MAIN] Telemetry ready: lat=28.4223259, lon=77.5261613, h=0.439
Loading model engine: best.engine
[SCOUT] Connecting to mavlink-router TCP 127.0.0.1:5760
[SCOUT] Connected
[TELEM] Connecting to MAVLink router UDP 14550[MAIN] Waiting for telemetry (GPS)...

[TELEM] Waiting for heartbeat...
[TELEM] Heartbeat OK
[MAIN] Telemetry ready: lat=28.4223201, lon=77.5262274, h=1.423
Loading model engine: best.engine
[SCOUT] Connecting to mavlink-router TCP 127.0.0.1:5760
[SCOUT] Connected
[TELEM] Connecting to MAVLink router UDP 14550[MAIN] Waiting for telemetry (GPS)...

[TELEM] Waiting for heartbeat...
[TELEM] Heartbeat OK
[MAIN] Telemetry ready: lat=28.4223189, lon=77.5262362, h=0.404
Loading model engine: best.engine
[SCOUT] Connecting to mavlink-router TCP 127.0.0.1:5760
[SCOUT] Connected
[TELEM] Connecting to MAVLink router UDP 14550[MAIN] Waiting for telemetry (GPS)...

[TELEM] Waiting for heartbeat...
[TELEM] Heartbeat OK
[MAIN] Telemetry ready: lat=28.4223174, lon=77.5262382, h=0.568
Loading model engine: best.engine
[SCOUT] Connecting to mavlink-router TCP 127.0.0.1:5760
[SCOUT] Connected
[TELEM] Connecting to MAVLink router UDP 14550[MAIN] Waiting for telemetry (GPS)...

[TELEM] Waiting for heartbeat...
[TELEM] Heartbeat OK
[MAIN] Telemetry ready: lat=28.4223172, lon=77.5262418, h=0.442
Loading model engine: best.engine
[SCOUT] Connecting to mavlink-router TCP 127.0.0.1:5760
[SCOUT] Connected
[TELEM] Connecting to MAVLink router UDP 14550[MAIN] Waiting for telemetry (GPS)...

[TELEM] Waiting for heartbeat...
[TELEM] Heartbeat OK
[MAIN] Telemetry ready: lat=28.4223, lon=77.5262412, h=0.527
Loading model engine: best.engine
[SCOUT] Connecting to mavlink-router TCP 127.0.0.1:5760
[SCOUT] Connected
[TELEM] Connecting to MAVLink router UDP 14550[MAIN] Waiting for telemetry (GPS)...

[TELEM] Waiting for heartbeat...
[TELEM] Heartbeat OK
[MAIN] Telemetry ready: lat=28.4222931, lon=77.5262415, h=0.632
Loading model engine: best.engine
[SCOUT] Connecting to mavlink-router TCP 127.0.0.1:5760
[SCOUT] Connected
[TELEM] Connecting to MAVLink router UDP 14550[MAIN] Waiting for telemetry (GPS)...

[TELEM] Waiting for heartbeat...
[TELEM] Heartbeat OK
[MAIN] Telemetry ready: lat=28.4222941, lon=77.5262422, h=0.6
Loading model engine: best.engine
[SCOUT] Connecting to mavlink-router TCP 127.0.0.1:5760
[SCOUT] Connected
[TELEM] Connecting to MAVLink router UDP 14550[MAIN] Waiting for telemetry (GPS)...

[TELEM] Waiting for heartbeat...
[TELEM] Heartbeat OK
[MAIN] Telemetry ready: lat=28.422295, lon=77.526239, h=0.554
Loading model engine: best.engine
[SCOUT] Connecting to mavlink-router TCP 127.0.0.1:5760
[SCOUT] Connected
[TELEM] Connecting to MAVLink router UDP 14550[MAIN] Waiting for telemetry (GPS)...

[TELEM] Waiting for heartbeat...
[TELEM] Heartbeat OK
[MAIN] Telemetry ready: lat=28.4222953, lon=77.526239, h=0.775
Loading model engine: best.engine
[SCOUT] Connecting to mavlink-router TCP 127.0.0.1:5760
[SCOUT] Connected
[TELEM] Connecting to MAVLink router UDP 14550[MAIN] Waiting for telemetry (GPS)...

[TELEM] Waiting for heartbeat...
[TELEM] Heartbeat OK
[MAIN] Telemetry ready: lat=28.4222923, lon=77.5262392, h=0.63
Loading model engine: best.engine
[SCOUT] Connecting to mavlink-router TCP 127.0.0.1:5760
[SCOUT] Connected
[TELEM] Connecting to MAVLink router UDP 14550[MAIN] Waiting for telemetry (GPS)...

[TELEM] Waiting for heartbeat...
[TELEM] Heartbeat OK
[MAIN] Telemetry ready: lat=28.4222908, lon=77.5262391, h=0.618
Loading model engine: best.engine
[SCOUT] Connecting to mavlink-router TCP 127.0.0.1:5760
[SCOUT] Connected
[TELEM] Connecting to MAVLink router UDP 14550[MAIN] Waiting for telemetry (GPS)...

[TELEM] Waiting for heartbeat...
[TELEM] Heartbeat OK
[MAIN] Telemetry ready: lat=28.4222916, lon=77.5262387, h=0.711
Loading model engine: best.engine
[SCOUT] Connecting to mavlink-router TCP 127.0.0.1:5760
[SCOUT] Connected
[TELEM] Connecting to MAVLink router UDP 14550[MAIN] Waiting for telemetry (GPS)...

[TELEM] Waiting for heartbeat...
[TELEM] Heartbeat OK
[MAIN] Telemetry ready: lat=28.4222935, lon=77.5262406, h=0.513
Loading model engine: best.engine
[SCOUT] Connecting to mavlink-router TCP 127.0.0.1:5760
[SCOUT] Connected
[TELEM] Connecting to MAVLink router UDP 14550[MAIN] Waiting for telemetry (GPS)...

[TELEM] Waiting for heartbeat...
[TELEM] Heartbeat OK
[MAIN] Telemetry ready: lat=28.4222937, lon=77.5262411, h=0.696
Loading model engine: best.engine
[SCOUT] Connecting to mavlink-router TCP 127.0.0.1:5760
[SCOUT] Connected
[TELEM] Connecting to MAVLink router UDP 14550[MAIN] Waiting for telemetry (GPS)...

[TELEM] Waiting for heartbeat...
[TELEM] Heartbeat OK
[MAIN] Telemetry ready: lat=28.4222921, lon=77.5262406, h=0.586
Loading model engine: best.engine
[SCOUT] Connecting to mavlink-router TCP 127.0.0.1:5760
[SCOUT] Connected
[TELEM] Connecting to MAVLink router UDP 14550[MAIN] Waiting for telemetry (GPS)...

[TELEM] Waiting for heartbeat...
[TELEM] Heartbeat OK
[MAIN] Telemetry ready: lat=28.4222925, lon=77.5262392, h=0.774
Loading model engine: best.engine
[SCOUT] Connecting to mavlink-router TCP 127.0.0.1:5760
[SCOUT] Connected
[TELEM] Connecting to MAVLink router UDP 14550[MAIN] Waiting for telemetry (GPS)...

[TELEM] Waiting for heartbeat...
[TELEM] Heartbeat OK
[MAIN] Telemetry ready: lat=28.422294, lon=77.5262378, h=0.708
Loading model engine: best.engine
[SCOUT] Connecting to mavlink-router TCP 127.0.0.1:5760
[SCOUT] Connected
[TELEM] Connecting to MAVLink router UDP 14550[MAIN] Waiting for telemetry (GPS)...

[TELEM] Waiting for heartbeat...
[TELEM] Heartbeat OK
[MAIN] Telemetry ready: lat=28.422292, lon=77.5262361, h=0.776
Loading model engine: best.engine
[SCOUT] Connecting to mavlink-router TCP 127.0.0.1:5760
[SCOUT] Connected
[TELEM] Connecting to MAVLink router UDP 14550
[MAIN] Waiting for telemetry (GPS)...
[TELEM] Waiting for heartbeat...
[TELEM] Heartbeat OK
[MAIN] Telemetry ready: lat=28.4222919, lon=77.5262371, h=0.851
Loading model engine: best.engine
[SCOUT] Connecting to mavlink-router TCP 127.0.0.1:5760
[SCOUT] Connected
[TELEM] Connecting to MAVLink router UDP 14550[MAIN] Waiting for telemetry (GPS)...

[TELEM] Waiting for heartbeat...
[TELEM] Heartbeat OK
[MAIN] Telemetry ready: lat=28.4222897, lon=77.5262368, h=0.808
Loading model engine: best.engine
[SCOUT] Connecting to mavlink-router TCP 127.0.0.1:5760
[SCOUT] Connected
[TELEM] Connecting to MAVLink router UDP 14550[MAIN] Waiting for telemetry (GPS)...

[TELEM] Waiting for heartbeat...
[TELEM] Heartbeat OK
[MAIN] Telemetry ready: lat=28.4222906, lon=77.5262396, h=0.723
Loading model engine: best.engine
[SCOUT] Connecting to mavlink-router TCP 127.0.0.1:5760
[SCOUT] Connected
[TELEM] Connecting to MAVLink router UDP 14550[MAIN] Waiting for telemetry (GPS)...

[TELEM] Waiting for heartbeat...
[TELEM] Heartbeat OK
[MAIN] Telemetry ready: lat=28.4222887, lon=77.5262398, h=4.2
Loading model engine: best.engine
[SCOUT] Connecting to mavlink-router TCP 127.0.0.1:5760
[SCOUT] Connected
[TELEM] Connecting to MAVLink router UDP 14550[MAIN] Waiting for telemetry (GPS)...

[TELEM] Waiting for heartbeat...
[TELEM] Heartbeat OK
[MAIN] Telemetry ready: lat=28.4222894, lon=77.5262397, h=13.204
Loading model engine: best.engine
[SCOUT] Connecting to mavlink-router TCP 127.0.0.1:5760
[SCOUT] Connected
[TELEM] Connecting to MAVLink router UDP 14550[MAIN] Waiting for telemetry (GPS)...

[TELEM] Waiting for heartbeat...
[TELEM] Heartbeat OK
[MAIN] Telemetry ready: lat=28.4223254, lon=77.5261086, h=15.028
Loading model engine: best.engine
[SCOUT] Connecting to mavlink-router TCP 127.0.0.1:5760
[SCOUT] Connected
[TELEM] Connecting to MAVLink router UDP 14550[MAIN] Waiting for telemetry (GPS)...

[TELEM] Waiting for heartbeat...
[TELEM] Heartbeat OK
[MAIN] Telemetry ready: lat=28.4222971, lon=77.5263048, h=14.962
Loading model engine: best.engine
[SCOUT] Connecting to mavlink-router TCP 127.0.0.1:5760
[SCOUT] Connected
[TELEM] Connecting to MAVLink router UDP 14550[MAIN] Waiting for telemetry (GPS)...

[TELEM] Waiting for heartbeat...
[TELEM] Heartbeat OK
[MAIN] Telemetry ready: lat=28.4223055, lon=77.5265506, h=15.044
Loading model engine: best.engine
[SCOUT] Connecting to mavlink-router TCP 127.0.0.1:5760
[SCOUT] Connected
[TELEM] Connecting to MAVLink router UDP 14550[MAIN] Waiting for telemetry (GPS)...

[TELEM] Waiting for heartbeat...
[TELEM] Heartbeat OK
[MAIN] Telemetry ready: lat=28.4223888, lon=77.5263076, h=14.936
Loading model engine: best.engine
[SCOUT] Connecting to mavlink-router TCP 127.0.0.1:5760
[SCOUT] Connected
[TELEM] Connecting to MAVLink router UDP 14550[MAIN] Waiting for telemetry (GPS)...

[TELEM] Waiting for heartbeat...
[TELEM] Heartbeat OK
[MAIN] Telemetry ready: lat=28.4224818, lon=77.5260998, h=14.847
Loading model engine: best.engine
[SCOUT] Connecting to mavlink-router TCP 127.0.0.1:5760
[SCOUT] Connected
[TELEM] Connecting to MAVLink router UDP 14550[MAIN] Waiting for telemetry (GPS)...

[TELEM] Waiting for heartbeat...
[TELEM] Heartbeat OK
[MAIN] Telemetry ready: lat=28.4224705, lon=77.5263704, h=15.213
Loading model engine: best.engine
[SCOUT] Connecting to mavlink-router TCP 127.0.0.1:5760
[SCOUT] Connected
[TELEM] Connecting to MAVLink router UDP 14550[MAIN] Waiting for telemetry (GPS)...

[TELEM] Waiting for heartbeat...
[TELEM] Heartbeat OK
[MAIN] Telemetry ready: lat=28.4225009, lon=77.5265867, h=15.049
Loading model engine: best.engine
[SCOUT] Connecting to mavlink-router TCP 127.0.0.1:5760
[SCOUT] Connected
[TELEM] Connecting to MAVLink router UDP 14550[MAIN] Waiting for telemetry (GPS)...

[TELEM] Waiting for heartbeat...
[TELEM] Heartbeat OK
[MAIN] Telemetry ready: lat=28.4225719, lon=77.526312, h=14.866
Loading model engine: best.engine
[SCOUT] Connecting to mavlink-router TCP 127.0.0.1:5760
[SCOUT] Connected
[TELEM] Connecting to MAVLink router UDP 14550[MAIN] Waiting for telemetry (GPS)...

[TELEM] Waiting for heartbeat...
[TELEM] Heartbeat OK
[MAIN] Telemetry ready: lat=28.4226035, lon=77.5261273, h=15.258
Loading model engine: best.engine
[SCOUT] Connecting to mavlink-router TCP 127.0.0.1:5760
[SCOUT] Connected
[TELEM] Connecting to MAVLink router UDP 14550[MAIN] Waiting for telemetry (GPS)...

[TELEM] Waiting for heartbeat...
[TELEM] Heartbeat OK
[MAIN] Telemetry ready: lat=28.4224135, lon=77.5261941, h=16.906
Loading model engine: best.engine
[SCOUT] Connecting to mavlink-router TCP 127.0.0.1:5760
[SCOUT] Connected
[TELEM] Connecting to MAVLink router UDP 14550[MAIN] Waiting for telemetry (GPS)...

[TELEM] Waiting for heartbeat...
[TELEM] Heartbeat OK
[MAIN] Telemetry ready: lat=28.4222895, lon=77.5262398, h=16.697
Loading model engine: best.engine
[SCOUT] Connecting to mavlink-router TCP 127.0.0.1:5760
[SCOUT] Connected
[TELEM] Connecting to MAVLink router UDP 14550[MAIN] Waiting for telemetry (GPS)...

[TELEM] Waiting for heartbeat...
[TELEM] Heartbeat OK
[MAIN] Telemetry ready: lat=28.4222901, lon=77.5262397, h=11.999
Loading model engine: best.engine
[SCOUT] Connecting to mavlink-router TCP 127.0.0.1:5760
[SCOUT] Connected
[TELEM] Connecting to MAVLink router UDP 14550[MAIN] Waiting for telemetry (GPS)...

[TELEM] Waiting for heartbeat...
[TELEM] Heartbeat OK
[MAIN] Telemetry ready: lat=28.4222906, lon=77.5262394, h=6.715
Loading model engine: best.engine
[SCOUT] Connecting to mavlink-router TCP 127.0.0.1:5760
[SCOUT] Connected
[TELEM] Connecting to MAVLink router UDP 14550[MAIN] Waiting for telemetry (GPS)...

[TELEM] Waiting for heartbeat...
[TELEM] Heartbeat OK
[MAIN] Telemetry ready: lat=28.42229, lon=77.5262386, h=1.951
Loading model engine: best.engine
[SCOUT] Connecting to mavlink-router TCP 127.0.0.1:5760
[SCOUT] Connected
[TELEM] Connecting to MAVLink router UDP 14550[MAIN] Waiting for telemetry (GPS)...

[TELEM] Waiting for heartbeat...
[TELEM] Heartbeat OK
[MAIN] Telemetry ready: lat=28.4222918, lon=77.5262404, h=-0.011
Loading model engine: best.engine
[SCOUT] Connecting to mavlink-router TCP 127.0.0.1:5760
[SCOUT] Connected
[TELEM] Connecting to MAVLink router UDP 14550[MAIN] Waiting for telemetry (GPS)...

[TELEM] Waiting for heartbeat...
[TELEM] Heartbeat OK
[MAIN] Telemetry ready: lat=28.4222879, lon=77.5262407, h=-0.254
Loading model engine: best.engine
[SCOUT] Connecting to mavlink-router TCP 127.0.0.1:5760
[SCOUT] Connected
[TELEM] Connecting to MAVLink router UDP 14550[MAIN] Waiting for telemetry (GPS)...

[TELEM] Waiting for heartbeat...
[TELEM] Heartbeat OK
[MAIN] Telemetry ready: lat=28.4222877, lon=77.5262408, h=0.08
Loading model engine: best.engine
[SCOUT] Connecting to mavlink-router TCP 127.0.0.1:5760
[SCOUT] Connected
[TELEM] Connecting to MAVLink router UDP 14550[MAIN] Waiting for telemetry (GPS)...

[TELEM] Waiting for heartbeat...
[TELEM] Heartbeat OK
[MAIN] Telemetry ready: lat=28.4222895, lon=77.5262392, h=0.166
Loading model engine: best.engine
[SCOUT] Connecting to mavlink-router TCP 127.0.0.1:5760
[SCOUT] Connected
[TELEM] Connecting to MAVLink router UDP 14550[MAIN] Waiting for telemetry (GPS)...

[TELEM] Waiting for heartbeat...
[TELEM] Heartbeat OK
[MAIN] Telemetry ready: lat=28.4222904, lon=77.5262363, h=0.177
Loading model engine: best.engine
[SCOUT] Connecting to mavlink-router TCP 127.0.0.1:5760
[SCOUT] Connected
[TELEM] Connecting to MAVLink router UDP 14550[MAIN] Waiting for telemetry (GPS)...

[TELEM] Waiting for heartbeat...
[TELEM] Heartbeat OK
[MAIN] Telemetry ready: lat=28.42229, lon=77.5262374, h=0.295
Loading model engine: best.engine
[SCOUT] Connecting to mavlink-router TCP 127.0.0.1:5760
[SCOUT] Connected
[TELEM] Connecting to MAVLink router UDP 14550[MAIN] Waiting for telemetry (GPS)...

[TELEM] Waiting for heartbeat...
[TELEM] Heartbeat OK
[MAIN] Telemetry ready: lat=28.4222906, lon=77.5262379, h=0.108
Loading model engine: best.engine
[SCOUT] Connecting to mavlink-router TCP 127.0.0.1:5760
[SCOUT] Connected
[TELEM] Connecting to MAVLink router UDP 14550[MAIN] Waiting for telemetry (GPS)...

[TELEM] Waiting for heartbeat...
[TELEM] Heartbeat OK
[MAIN] Telemetry ready: lat=28.4222898, lon=77.526238, h=0.075
Loading model engine: best.engine
[SCOUT] Connecting to mavlink-router TCP 127.0.0.1:5760
[SCOUT] Connected
[TELEM] Connecting to MAVLink router UDP 14550[MAIN] Waiting for telemetry (GPS)...

[TELEM] Waiting for heartbeat...
[TELEM] Heartbeat OK
[MAIN] Telemetry ready: lat=28.4222893, lon=77.5262377, h=0.151
Loading model engine: best.engine
[SCOUT] Connecting to mavlink-router TCP 127.0.0.1:5760
[SCOUT] Connected
[TELEM] Connecting to MAVLink router UDP 14550[MAIN] Waiting for telemetry (GPS)...

[TELEM] Waiting for heartbeat...
[TELEM] Heartbeat OK
[MAIN] Telemetry ready: lat=28.4222923, lon=77.5262391, h=0.069
Loading model engine: best.engine
[SCOUT] Connecting to mavlink-router TCP 127.0.0.1:5760
[SCOUT] Connected
[TELEM] Connecting to MAVLink router UDP 14550[MAIN] Waiting for telemetry (GPS)...

[TELEM] Waiting for heartbeat...
[TELEM] Heartbeat OK
[MAIN] Telemetry ready: lat=28.4222926, lon=77.5262401, h=0.194
Loading model engine: best.engine
[SCOUT] Connecting to mavlink-router TCP 127.0.0.1:5760
[SCOUT] Connected
[TELEM] Connecting to MAVLink router UDP 14550[MAIN] Waiting for telemetry (GPS)...

[TELEM] Waiting for heartbeat...
[TELEM] Heartbeat OK
[MAIN] Telemetry ready: lat=28.4222909, lon=77.5262402, h=0.304
Loading model engine: best.engine
[SCOUT] Connecting to mavlink-router TCP 127.0.0.1:5760
[SCOUT] Connected
[TELEM] Connecting to MAVLink router UDP 14550[MAIN] Waiting for telemetry (GPS)...

[TELEM] Waiting for heartbeat...
[TELEM] Heartbeat OK
[MAIN] Telemetry ready: lat=28.4222903, lon=77.5262404, h=0.26
Loading model engine: best.engine
[SCOUT] Connecting to mavlink-router TCP 127.0.0.1:5760
[SCOUT] Connected
[TELEM] Connecting to MAVLink router UDP 14550[MAIN] Waiting for telemetry (GPS)...

[TELEM] Waiting for heartbeat...
[TELEM] Heartbeat OK
[MAIN] Telemetry ready: lat=28.4222903, lon=77.5262408, h=0.314
Loading model engine: best.engine
[SCOUT] Connecting to mavlink-router TCP 127.0.0.1:5760
[SCOUT] Connected
[TELEM] Connecting to MAVLink router UDP 14550[MAIN] Waiting for telemetry (GPS)...

[TELEM] Waiting for heartbeat...
[TELEM] Heartbeat OK
[MAIN] Telemetry ready: lat=28.4222907, lon=77.5262406, h=0.172
Loading model engine: best.engine
[SCOUT] Connecting to mavlink-router TCP 127.0.0.1:5760
[SCOUT] Connected
[TELEM] Connecting to MAVLink router UDP 14550
[MAIN] Waiting for telemetry (GPS)...
[TELEM] Waiting for heartbeat...
[TELEM] Heartbeat OK
[MAIN] Telemetry ready: lat=28.4222903, lon=77.5262385, h=0.242
Loading model engine: best.engine
[SCOUT] Connecting to mavlink-router TCP 127.0.0.1:5760
[SCOUT] Connected
[TELEM] Connecting to MAVLink router UDP 14550[MAIN] Waiting for telemetry (GPS)...

[TELEM] Waiting for heartbeat...
[TELEM] Heartbeat OK
[MAIN] Telemetry ready: lat=28.422291, lon=77.5262395, h=0.291
Loading model engine: best.engine
[SCOUT] Connecting to mavlink-router TCP 127.0.0.1:5760
[SCOUT] Connected
[TELEM] Connecting to MAVLink router UDP 14550[MAIN] Waiting for telemetry (GPS)...

[TELEM] Waiting for heartbeat...
[TELEM] Heartbeat OK
[MAIN] Telemetry ready: lat=28.4222919, lon=77.526238, h=0.321
Loading model engine: best.engine
[SCOUT] Connecting to mavlink-router TCP 127.0.0.1:5760
[SCOUT] Connected
[TELEM] Connecting to MAVLink router UDP 14550[MAIN] Waiting for telemetry (GPS)...

[TELEM] Waiting for heartbeat...
[TELEM] Heartbeat OK
[MAIN] Telemetry ready: lat=28.4222926, lon=77.5262365, h=0.365
Loading model engine: best.engine
[SCOUT] Connecting to mavlink-router TCP 127.0.0.1:5760
[SCOUT] Connected
[TELEM] Connecting to MAVLink router UDP 14550[MAIN] Waiting for telemetry (GPS)...

[TELEM] Waiting for heartbeat...
[TELEM] Heartbeat OK
[MAIN] Telemetry ready: lat=28.4222918, lon=77.5262368, h=0.332
Loading model engine: best.engine
[SCOUT] Connecting to mavlink-router TCP 127.0.0.1:5760
[SCOUT] Connected
[TELEM] Connecting to MAVLink router UDP 14550[MAIN] Waiting for telemetry (GPS)...

[TELEM] Waiting for heartbeat...
[TELEM] Heartbeat OK
[MAIN] Telemetry ready: lat=28.4222904, lon=77.5262369, h=0.319
Loading model engine: best.engine
[SCOUT] Connecting to mavlink-router TCP 127.0.0.1:5760
[SCOUT] Connected
[TELEM] Connecting to MAVLink router UDP 14550[MAIN] Waiting for telemetry (GPS)...

[TELEM] Waiting for heartbeat...
[TELEM] Heartbeat OK
[MAIN] Telemetry ready: lat=28.4222892, lon=77.5262373, h=0.24
Loading model engine: best.engine
[SCOUT] Connecting to mavlink-router TCP 127.0.0.1:5760
[SCOUT] Connected
[TELEM] Connecting to MAVLink router UDP 14550[MAIN] Waiting for telemetry (GPS)...

[TELEM] Waiting for heartbeat...
[TELEM] Heartbeat OK
[MAIN] Telemetry ready: lat=28.4222883, lon=77.5262363, h=0.28
Loading model engine: best.engine
[SCOUT] Connecting to mavlink-router TCP 127.0.0.1:5760
[SCOUT] Connected
[TELEM] Connecting to MAVLink router UDP 14550[MAIN] Waiting for telemetry (GPS)...

[TELEM] Waiting for heartbeat...
[TELEM] Heartbeat OK
[MAIN] Telemetry ready: lat=28.4222905, lon=77.5262337, h=0.252
Loading model engine: best.engine
[SCOUT] Connecting to mavlink-router TCP 127.0.0.1:5760
[SCOUT] Connected
[TELEM] Connecting to MAVLink router UDP 14550[MAIN] Waiting for telemetry (GPS)...

[TELEM] Waiting for heartbeat...
[TELEM] Heartbeat OK
[MAIN] Telemetry ready: lat=28.4222934, lon=77.5262322, h=0.268
Loading model engine: best.engine
[SCOUT] Connecting to mavlink-router TCP 127.0.0.1:5760
[SCOUT] Connected
[TELEM] Connecting to MAVLink router UDP 14550[MAIN] Waiting for telemetry (GPS)...

[TELEM] Waiting for heartbeat...
[TELEM] Heartbeat OK
[MAIN] Telemetry ready: lat=28.4222938, lon=77.5262319, h=0.262
Loading model engine: best.engine
[SCOUT] Connecting to mavlink-router TCP 127.0.0.1:5760
[SCOUT] Connected
[TELEM] Connecting to MAVLink router UDP 14550[MAIN] Waiting for telemetry (GPS)...

[TELEM] Waiting for heartbeat...
[TELEM] Heartbeat OK
[MAIN] Telemetry ready: lat=28.4222969, lon=77.5262328, h=0.221
Loading model engine: best.engine
[SCOUT] Connecting to mavlink-router TCP 127.0.0.1:5760
[SCOUT] Connected
[TELEM] Connecting to MAVLink router UDP 14550[MAIN] Waiting for telemetry (GPS)...

[TELEM] Waiting for heartbeat...
[TELEM] Heartbeat OK
[MAIN] Telemetry ready: lat=28.4222912, lon=77.5262331, h=0.167
Loading model engine: best.engine
[SCOUT] Connecting to mavlink-router TCP 127.0.0.1:5760
[SCOUT] Connected
[TELEM] Connecting to MAVLink router UDP 14550[MAIN] Waiting for telemetry (GPS)...

[TELEM] Waiting for heartbeat...
[TELEM] Heartbeat OK
[MAIN] Telemetry ready: lat=28.422288, lon=77.526233, h=0.118
Loading model engine: best.engine
[SCOUT] Connecting to mavlink-router TCP 127.0.0.1:5760
[SCOUT] Connected
[TELEM] Connecting to MAVLink router UDP 14550[MAIN] Waiting for telemetry (GPS)...

[TELEM] Waiting for heartbeat...
[TELEM] Heartbeat OK
[MAIN] Telemetry ready: lat=28.4222896, lon=77.5262337, h=0.105
Loading model engine: best.engine
[SCOUT] Connecting to mavlink-router TCP 127.0.0.1:5760
[SCOUT] Connected
[TELEM] Connecting to MAVLink router UDP 14550[MAIN] Waiting for telemetry (GPS)...

[TELEM] Waiting for heartbeat...
[TELEM] Heartbeat OK
[MAIN] Telemetry ready: lat=28.4222913, lon=77.5262359, h=0.192
Loading model engine: best.engine
[SCOUT] Connecting to mavlink-router TCP 127.0.0.1:5760
[SCOUT] Connected
[TELEM] Connecting to MAVLink router UDP 14550[MAIN] Waiting for telemetry (GPS)...

[TELEM] Waiting for heartbeat...
[TELEM] Heartbeat OK
[MAIN] Telemetry ready: lat=28.4222904, lon=77.5262349, h=0.196
Loading model engine: best.engine
[SCOUT] Connecting to mavlink-router TCP 127.0.0.1:5760
[SCOUT] Connected
[TELEM] Connecting to MAVLink router UDP 14550[MAIN] Waiting for telemetry (GPS)...

[TELEM] Waiting for heartbeat...
[TELEM] Heartbeat OK
[MAIN] Telemetry ready: lat=28.4222884, lon=77.5262334, h=0.204
Loading model engine: best.engine
[SCOUT] Connecting to mavlink-router TCP 127.0.0.1:5760
[SCOUT] Connected
[TELEM] Connecting to MAVLink router UDP 14550[MAIN] Waiting for telemetry (GPS)...

[TELEM] Waiting for heartbeat...
[TELEM] Heartbeat OK
[MAIN] Telemetry ready: lat=28.4222878, lon=77.526236, h=0.116
Loading model engine: best.engine
[SCOUT] Connecting to mavlink-router TCP 127.0.0.1:5760
[SCOUT] Connected
[TELEM] Connecting to MAVLink router UDP 14550[MAIN] Waiting for telemetry (GPS)...

[TELEM] Waiting for heartbeat...
[TELEM] Heartbeat OK
[MAIN] Telemetry ready: lat=28.422286, lon=77.526238, h=0.158
Loading model engine: best.engine
[SCOUT] Connecting to mavlink-router TCP 127.0.0.1:5760
[SCOUT] Connected
[TELEM] Connecting to MAVLink router UDP 14550[MAIN] Waiting for telemetry (GPS)...

[TELEM] Waiting for heartbeat...
[TELEM] Heartbeat OK
[MAIN] Telemetry ready: lat=28.4222857, lon=77.5262408, h=-0.084
Loading model engine: best.engine
[SCOUT] Connecting to mavlink-router TCP 127.0.0.1:5760
[SCOUT] Connected
[TELEM] Connecting to MAVLink router UDP 14550[MAIN] Waiting for telemetry (GPS)...

[TELEM] Waiting for heartbeat...
[TELEM] Heartbeat OK
[MAIN] Telemetry ready: lat=28.4222866, lon=77.5262406, h=0.129
Loading model engine: best.engine
[SCOUT] Connecting to mavlink-router TCP 127.0.0.1:5760
[SCOUT] Connected
[TELEM] Connecting to MAVLink router UDP 14550[MAIN] Waiting for telemetry (GPS)...

[TELEM] Waiting for heartbeat...
[TELEM] Heartbeat OK
[MAIN] Telemetry ready: lat=28.4222839, lon=77.5262417, h=0.071
Loading model engine: best.engine
[SCOUT] Connecting to mavlink-router TCP 127.0.0.1:5760
[SCOUT] Connected
[TELEM] Connecting to MAVLink router UDP 14550[MAIN] Waiting for telemetry (GPS)...

[TELEM] Waiting for heartbeat...
[TELEM] Heartbeat OK
[MAIN] Telemetry ready: lat=28.4222858, lon=77.5262407, h=0.039
Loading model engine: best.engine
[SCOUT] Connecting to mavlink-router TCP 127.0.0.1:5760
[SCOUT] Connected
[TELEM] Connecting to MAVLink router UDP 14550[MAIN] Waiting for telemetry (GPS)...

[TELEM] Waiting for heartbeat...
[TELEM] Heartbeat OK
[MAIN] Telemetry ready: lat=28.4222868, lon=77.5262407, h=0.171
Loading model engine: best.engine
[SCOUT] Connecting to mavlink-router TCP 127.0.0.1:5760
[SCOUT] Connected
[TELEM] Connecting to MAVLink router UDP 14550[MAIN] Waiting for telemetry (GPS)...

[TELEM] Waiting for heartbeat...
[TELEM] Heartbeat OK
[MAIN] Telemetry ready: lat=28.4222879, lon=77.5262406, h=-0.1
Loading model engine: best.engine
[SCOUT] Connecting to mavlink-router TCP 127.0.0.1:5760
[SCOUT] Connected
[TELEM] Connecting to MAVLink router UDP 14550[MAIN] Waiting for telemetry (GPS)...

[TELEM] Waiting for heartbeat...
[TELEM] Heartbeat OK
[MAIN] Telemetry ready: lat=28.4222897, lon=77.5262387, h=-0.046
Loading model engine: best.engine
[SCOUT] Connecting to mavlink-router TCP 127.0.0.1:5760
[SCOUT] Connected
[TELEM] Connecting to MAVLink router UDP 14550[MAIN] Waiting for telemetry (GPS)...

[TELEM] Waiting for heartbeat...
[TELEM] Heartbeat OK
[MAIN] Telemetry ready: lat=28.4222902, lon=77.5262382, h=0.149
Loading model engine: best.engine
[SCOUT] Connecting to mavlink-router TCP 127.0.0.1:5760
[SCOUT] Connected
[TELEM] Connecting to MAVLink router UDP 14550[MAIN] Waiting for telemetry (GPS)...

[TELEM] Waiting for heartbeat...
[TELEM] Heartbeat OK
[MAIN] Telemetry ready: lat=28.422289, lon=77.5262375, h=0.138
Loading model engine: best.engine
[SCOUT] Connecting to mavlink-router TCP 127.0.0.1:5760
[SCOUT] Connected
[TELEM] Connecting to MAVLink router UDP 14550[MAIN] Waiting for telemetry (GPS)...

[TELEM] Waiting for heartbeat...
[TELEM] Heartbeat OK
[MAIN] Telemetry ready: lat=28.4222866, lon=77.5262396, h=-0.114
Loading model engine: best.engine
[SCOUT] Connecting to mavlink-router TCP 127.0.0.1:5760
[SCOUT] Connected
[TELEM] Connecting to MAVLink router UDP 14550[MAIN] Waiting for telemetry (GPS)...

[TELEM] Waiting for heartbeat...
[TELEM] Heartbeat OK
[MAIN] Telemetry ready: lat=28.4222857, lon=77.5262397, h=0.002
Loading model engine: best.engine
[SCOUT] Connecting to mavlink-router TCP 127.0.0.1:5760
[SCOUT] Connected
[TELEM] Connecting to MAVLink router UDP 14550[MAIN] Waiting for telemetry (GPS)...

[TELEM] Waiting for heartbeat...
[TELEM] Heartbeat OK
[MAIN] Telemetry ready: lat=28.422284, lon=77.5262388, h=0.19
Loading model engine: best.engine
[SCOUT] Connecting to mavlink-router TCP 127.0.0.1:5760
[SCOUT] Connected
[TELEM] Connecting to MAVLink router UDP 14550[MAIN] Waiting for telemetry (GPS)...

[TELEM] Waiting for heartbeat...
[TELEM] Heartbeat OK
[MAIN] Telemetry ready: lat=28.4222849, lon=77.5262393, h=-0.116
Loading model engine: best.engine
[SCOUT] Connecting to mavlink-router TCP 127.0.0.1:5760
[SCOUT] Connected
[TELEM] Connecting to MAVLink router UDP 14550[MAIN] Waiting for telemetry (GPS)...

[TELEM] Waiting for heartbeat...
[TELEM] Heartbeat OK
[MAIN] Telemetry ready: lat=28.4222845, lon=77.5262389, h=6.94
Loading model engine: best.engine
[SCOUT] Connecting to mavlink-router TCP 127.0.0.1:5760
[SCOUT] Connected
[TELEM] Connecting to MAVLink router UDP 14550[MAIN] Waiting for telemetry (GPS)...

[TELEM] Waiting for heartbeat...
[TELEM] Heartbeat OK
[MAIN] Telemetry ready: lat=28.4222853, lon=77.5262369, h=14.944
Loading model engine: best.engine
[SCOUT] Connecting to mavlink-router TCP 127.0.0.1:5760
[SCOUT] Connected
[TELEM] Connecting to MAVLink router UDP 14550[MAIN] Waiting for telemetry (GPS)...

[TELEM] Waiting for heartbeat...
[TELEM] Heartbeat OK
[MAIN] Telemetry ready: lat=28.42233, lon=77.5261126, h=14.75
Loading model engine: best.engine
[SCOUT] Connecting to mavlink-router TCP 127.0.0.1:5760
[SCOUT] Connected
[TELEM] Connecting to MAVLink router UDP 14550[MAIN] Waiting for telemetry (GPS)...

[TELEM] Waiting for heartbeat...
[TELEM] Heartbeat OK
[MAIN] Telemetry ready: lat=28.4222839, lon=77.5262385, h=16.813
Loading model engine: best.engine
[SCOUT] Connecting to mavlink-router TCP 127.0.0.1:5760
[SCOUT] Connected
[TELEM] Connecting to MAVLink router UDP 14550[MAIN] Waiting for telemetry (GPS)...

[TELEM] Waiting for heartbeat...
[TELEM] Heartbeat OK
[MAIN] Telemetry ready: lat=28.4222857, lon=77.5262386, h=13.741
Loading model engine: best.engine
[SCOUT] Connecting to mavlink-router TCP 127.0.0.1:5760
[SCOUT] Connected
[TELEM] Connecting to MAVLink router UDP 14550[MAIN] Waiting for telemetry (GPS)...

[TELEM] Waiting for heartbeat...
[TELEM] Heartbeat OK
[MAIN] Telemetry ready: lat=28.4222849, lon=77.5262383, h=8.054
Loading model engine: best.engine
[SCOUT] Connecting to mavlink-router TCP 127.0.0.1:5760
[SCOUT] Connected
[TELEM] Connecting to MAVLink router UDP 14550[MAIN] Waiting for telemetry (GPS)...

[TELEM] Waiting for heartbeat...
[TELEM] Heartbeat OK
[MAIN] Telemetry ready: lat=28.4222844, lon=77.5262386, h=3.355
Loading model engine: best.engine
[SCOUT] Connecting to mavlink-router TCP 127.0.0.1:5760
[SCOUT] Connected
[TELEM] Connecting to MAVLink router UDP 14550[MAIN] Waiting for telemetry (GPS)...

[TELEM] Waiting for heartbeat...
[TELEM] Heartbeat OK
[MAIN] Telemetry ready: lat=28.4222851, lon=77.5262384, h=-0.113
Loading model engine: best.engine
[SCOUT] Connecting to mavlink-router TCP 127.0.0.1:5760
[SCOUT] Connected
[TELEM] Connecting to MAVLink router UDP 14550[MAIN] Waiting for telemetry (GPS)...

[TELEM] Waiting for heartbeat...
[TELEM] Heartbeat OK
[MAIN] Telemetry ready: lat=28.4222842, lon=77.5262365, h=-0.252
Loading model engine: best.engine
[SCOUT] Connecting to mavlink-router TCP 127.0.0.1:5760
[SCOUT] Connected
[TELEM] Connecting to MAVLink router UDP 14550[MAIN] Waiting for telemetry (GPS)...

[TELEM] Waiting for heartbeat...
[TELEM] Heartbeat OK
[MAIN] Telemetry ready: lat=28.4222849, lon=77.5262343, h=-0.405
Loading model engine: best.engine
[SCOUT] Connecting to mavlink-router TCP 127.0.0.1:5760
[SCOUT] Connected
[TELEM] Connecting to MAVLink router UDP 14550[MAIN] Waiting for telemetry (GPS)...

[TELEM] Waiting for heartbeat...
[TELEM] Heartbeat OK
[MAIN] Telemetry ready: lat=28.4222836, lon=77.5262329, h=-0.219
Loading model engine: best.engine
[SCOUT] Connecting to mavlink-router TCP 127.0.0.1:5760
[SCOUT] Connected
[TELEM] Connecting to MAVLink router UDP 14550[MAIN] Waiting for telemetry (GPS)...

[TELEM] Waiting for heartbeat...
[TELEM] Heartbeat OK
[MAIN] Telemetry ready: lat=28.4222836, lon=77.5262332, h=-0.19
Loading model engine: best.engine
[SCOUT] Connecting to mavlink-router TCP 127.0.0.1:5760
[SCOUT] Connected
[TELEM] Connecting to MAVLink router UDP 14550[MAIN] Waiting for telemetry (GPS)...

[TELEM] Waiting for heartbeat...
[TELEM] Heartbeat OK
[MAIN] Telemetry ready: lat=28.4222824, lon=77.5262329, h=-0.222
Loading model engine: best.engine
[SCOUT] Connecting to mavlink-router TCP 127.0.0.1:5760
[SCOUT] Connected
[TELEM] Connecting to MAVLink router UDP 14550[MAIN] Waiting for telemetry (GPS)...

[TELEM] Waiting for heartbeat...
[TELEM] Heartbeat OK
[MAIN] Telemetry ready: lat=28.4222777, lon=77.5262312, h=-0.359
Loading model engine: best.engine
[SCOUT] Connecting to mavlink-router TCP 127.0.0.1:5760
[SCOUT] Connected
[TELEM] Connecting to MAVLink router UDP 14550[MAIN] Waiting for telemetry (GPS)...

[TELEM] Waiting for heartbeat...
[TELEM] Heartbeat OK
[MAIN] Telemetry ready: lat=28.4222793, lon=77.5262314, h=-0.275
Loading model engine: best.engine
[SCOUT] Connecting to mavlink-router TCP 127.0.0.1:5760
[SCOUT] Connected
[TELEM] Connecting to MAVLink router UDP 14550[MAIN] Waiting for telemetry (GPS)...

[TELEM] Waiting for heartbeat...
[TELEM] Heartbeat OK
[MAIN] Telemetry ready: lat=28.4222825, lon=77.5262312, h=-0.234
Loading model engine: best.engine
[SCOUT] Connecting to mavlink-router TCP 127.0.0.1:5760
[SCOUT] Connected
[TELEM] Connecting to MAVLink router UDP 14550[MAIN] Waiting for telemetry (GPS)...

[TELEM] Waiting for heartbeat...
[TELEM] Heartbeat OK
[MAIN] Telemetry ready: lat=28.4222858, lon=77.5262335, h=-0.269
Loading model engine: best.engine
[SCOUT] Connecting to mavlink-router TCP 127.0.0.1:5760
[SCOUT] Connected
[TELEM] Connecting to MAVLink router UDP 14550[MAIN] Waiting for telemetry (GPS)...

[TELEM] Waiting for heartbeat...
[TELEM] Heartbeat OK
[MAIN] Telemetry ready: lat=28.4222858, lon=77.5262334, h=-0.16
Loading model engine: best.engine
[SCOUT] Connecting to mavlink-router TCP 127.0.0.1:5760
[SCOUT] Connected
[TELEM] Connecting to MAVLink router UDP 14550[MAIN] Waiting for telemetry (GPS)...

[TELEM] Waiting for heartbeat...
[TELEM] Heartbeat OK
[MAIN] Telemetry ready: lat=28.4222866, lon=77.5262341, h=-0.176
Loading model engine: best.engine
[SCOUT] Connecting to mavlink-router TCP 127.0.0.1:5760
[SCOUT] Connected
[TELEM] Connecting to MAVLink router UDP 14550[MAIN] Waiting for telemetry (GPS)...

[TELEM] Waiting for heartbeat...
[TELEM] Heartbeat OK
[MAIN] Telemetry ready: lat=28.4222861, lon=77.5262353, h=-0.289
Loading model engine: best.engine
[SCOUT] Connecting to mavlink-router TCP 127.0.0.1:5760
[SCOUT] Connected
[TELEM] Connecting to MAVLink router UDP 14550[MAIN] Waiting for telemetry (GPS)...

[TELEM] Waiting for heartbeat...
[TELEM] Heartbeat OK
[MAIN] Telemetry ready: lat=28.4222851, lon=77.5262369, h=-0.43
Loading model engine: best.engine
[SCOUT] Connecting to mavlink-router TCP 127.0.0.1:5760
[SCOUT] Connected
[TELEM] Connecting to MAVLink router UDP 14550
[MAIN] Waiting for telemetry (GPS)...
[TELEM] Waiting for heartbeat...
[TELEM] Heartbeat OK
[MAIN] Telemetry ready: lat=28.4222847, lon=77.5262357, h=-0.274
Loading model engine: best.engine
[SCOUT] Connecting to mavlink-router TCP 127.0.0.1:5760
[SCOUT] Connected
[TELEM] Connecting to MAVLink router UDP 14550[MAIN] Waiting for telemetry (GPS)...

[TELEM] Waiting for heartbeat...
[TELEM] Heartbeat OK
[MAIN] Telemetry ready: lat=28.4222849, lon=77.5262368, h=-0.381
Loading model engine: best.engine
[SCOUT] Connecting to mavlink-router TCP 127.0.0.1:5760
[SCOUT] Connected
[TELEM] Connecting to MAVLink router UDP 14550[MAIN] Waiting for telemetry (GPS)...

[TELEM] Waiting for heartbeat...
[TELEM] Heartbeat OK
[MAIN] Telemetry ready: lat=28.4222856, lon=77.5262366, h=-0.243
Loading model engine: best.engine
[SCOUT] Connecting to mavlink-router TCP 127.0.0.1:5760
[SCOUT] Connected
[TELEM] Connecting to MAVLink router UDP 14550[MAIN] Waiting for telemetry (GPS)...

[TELEM] Waiting for heartbeat...
[TELEM] Heartbeat OK
[MAIN] Telemetry ready: lat=28.4222868, lon=77.5262342, h=-0.333
Loading model engine: best.engine
[SCOUT] Connecting to mavlink-router TCP 127.0.0.1:5760
[SCOUT] Connected
[TELEM] Connecting to MAVLink router UDP 14550[MAIN] Waiting for telemetry (GPS)...

[TELEM] Waiting for heartbeat...
[TELEM] Heartbeat OK
[MAIN] Telemetry ready: lat=28.4222874, lon=77.526232, h=-0.337
Loading model engine: best.engine
[SCOUT] Connecting to mavlink-router TCP 127.0.0.1:5760
[SCOUT] Connected
[TELEM] Connecting to MAVLink router UDP 14550[MAIN] Waiting for telemetry (GPS)...

[TELEM] Waiting for heartbeat...
[TELEM] Heartbeat OK
[MAIN] Telemetry ready: lat=28.422288, lon=77.5262323, h=-0.374
Loading model engine: best.engine
[SCOUT] Connecting to mavlink-router TCP 127.0.0.1:5760
[SCOUT] Connected
[TELEM] Connecting to MAVLink router UDP 14550[MAIN] Waiting for telemetry (GPS)...

[TELEM] Waiting for heartbeat...
[TELEM] Heartbeat OK
[MAIN] Telemetry ready: lat=28.4222883, lon=77.526231, h=-0.556
Loading model engine: best.engine
[SCOUT] Connecting to mavlink-router TCP 127.0.0.1:5760
[SCOUT] Connected
[TELEM] Connecting to MAVLink router UDP 14550[MAIN] Waiting for telemetry (GPS)...

[TELEM] Waiting for heartbeat...
[TELEM] Heartbeat OK
[MAIN] Telemetry ready: lat=28.4222887, lon=77.5262312, h=-0.326
Loading model engine: best.engine
[SCOUT] Connecting to mavlink-router TCP 127.0.0.1:5760
[SCOUT] Connected
[TELEM] Connecting to MAVLink router UDP 14550[MAIN] Waiting for telemetry (GPS)...

[TELEM] Waiting for heartbeat...
[TELEM] Heartbeat OK
[MAIN] Telemetry ready: lat=28.4222862, lon=77.5262326, h=-0.415
Loading model engine: best.engine
[SCOUT] Connecting to mavlink-router TCP 127.0.0.1:5760
[SCOUT] Connected
[TELEM] Connecting to MAVLink router UDP 14550[MAIN] Waiting for telemetry (GPS)...

[TELEM] Waiting for heartbeat...
[TELEM] Heartbeat OK
[MAIN] Telemetry ready: lat=28.4222858, lon=77.526233, h=-0.267
Loading model engine: best.engine
[SCOUT] Connecting to mavlink-router TCP 127.0.0.1:5760
[SCOUT] Connected
[MAIN] Waiting for telemetry (GPS)...[TELEM] Connecting to MAVLink router UDP 14550

[TELEM] Waiting for heartbeat...
[TELEM] Heartbeat OK
[MAIN] Telemetry ready: lat=28.4222851, lon=77.5262328, h=-0.369
Loading model engine: best.engine
[SCOUT] Connecting to mavlink-router TCP 127.0.0.1:5760
[SCOUT] Connected
[TELEM] Connecting to MAVLink router UDP 14550[MAIN] Waiting for telemetry (GPS)...

[TELEM] Waiting for heartbeat...
[TELEM] Heartbeat OK
[MAIN] Telemetry ready: lat=28.4222879, lon=77.5262362, h=-0.482
Loading model engine: best.engine
[SCOUT] Connecting to mavlink-router TCP 127.0.0.1:5760
[SCOUT] Connected
[TELEM] Connecting to MAVLink router UDP 14550[MAIN] Waiting for telemetry (GPS)...

[TELEM] Waiting for heartbeat...
[TELEM] Heartbeat OK
[MAIN] Telemetry ready: lat=28.422288, lon=77.5262358, h=-0.495
Loading model engine: best.engine
[SCOUT] Connecting to mavlink-router TCP 127.0.0.1:5760
[SCOUT] Connected
[TELEM] Connecting to MAVLink router UDP 14550[MAIN] Waiting for telemetry (GPS)...

[TELEM] Waiting for heartbeat...
[TELEM] Heartbeat OK
[MAIN] Telemetry ready: lat=28.4222873, lon=77.5262336, h=-0.337
Loading model engine: best.engine
[SCOUT] Connecting to mavlink-router TCP 127.0.0.1:5760
[SCOUT] Connected
[TELEM] Connecting to MAVLink router UDP 14550[MAIN] Waiting for telemetry (GPS)...

[TELEM] Waiting for heartbeat...
[TELEM] Heartbeat OK
[MAIN] Telemetry ready: lat=28.4222866, lon=77.5262334, h=-0.395
Loading model engine: best.engine
[SCOUT] Connecting to mavlink-router TCP 127.0.0.1:5760
[SCOUT] Connected
[TELEM] Connecting to MAVLink router UDP 14550[MAIN] Waiting for telemetry (GPS)...

[TELEM] Waiting for heartbeat...
[TELEM] Heartbeat OK
[MAIN] Telemetry ready: lat=28.4222851, lon=77.5262342, h=-0.576
Loading model engine: best.engine
[SCOUT] Connecting to mavlink-router TCP 127.0.0.1:5760
[SCOUT] Connected
[TELEM] Connecting to MAVLink router UDP 14550[MAIN] Waiting for telemetry (GPS)...

[TELEM] Waiting for heartbeat...
[TELEM] Heartbeat OK
[MAIN] Telemetry ready: lat=28.4222861, lon=77.5262348, h=-0.379
Loading model engine: best.engine
[SCOUT] Connecting to mavlink-router TCP 127.0.0.1:5760
[SCOUT] Connected
[TELEM] Connecting to MAVLink router UDP 14550[MAIN] Waiting for telemetry (GPS)...

[TELEM] Waiting for heartbeat...
[TELEM] Heartbeat OK
[MAIN] Telemetry ready: lat=28.4222863, lon=77.526234, h=-0.661
Loading model engine: best.engine
[SCOUT] Connecting to mavlink-router TCP 127.0.0.1:5760
[SCOUT] Connected
[TELEM] Connecting to MAVLink router UDP 14550[MAIN] Waiting for telemetry (GPS)...

[TELEM] Waiting for heartbeat...
[TELEM] Heartbeat OK
[MAIN] Telemetry ready: lat=28.4222884, lon=77.5262346, h=-0.65
Loading model engine: best.engine
[SCOUT] Connecting to mavlink-router TCP 127.0.0.1:5760
[SCOUT] Connected
[TELEM] Connecting to MAVLink router UDP 14550[MAIN] Waiting for telemetry (GPS)...

[TELEM] Waiting for heartbeat...
[TELEM] Heartbeat OK
[MAIN] Telemetry ready: lat=28.42229, lon=77.5262365, h=-0.453
Loading model engine: best.engine
[SCOUT] Connecting to mavlink-router TCP 127.0.0.1:5760
[SCOUT] Connected
[TELEM] Connecting to MAVLink router UDP 14550[MAIN] Waiting for telemetry (GPS)...

[TELEM] Waiting for heartbeat...
[TELEM] Heartbeat OK
[MAIN] Telemetry ready: lat=28.4222883, lon=77.526236, h=-0.588
Loading model engine: best.engine
[SCOUT] Connecting to mavlink-router TCP 127.0.0.1:5760
[SCOUT] Connected
[TELEM] Connecting to MAVLink router UDP 14550[MAIN] Waiting for telemetry (GPS)...

[TELEM] Waiting for heartbeat...
[TELEM] Heartbeat OK
[MAIN] Telemetry ready: lat=28.4222878, lon=77.526236, h=-0.476
Loading model engine: best.engine
[SCOUT] Connecting to mavlink-router TCP 127.0.0.1:5760
[SCOUT] Connected
[TELEM] Connecting to MAVLink router UDP 14550[MAIN] Waiting for telemetry (GPS)...

[TELEM] Waiting for heartbeat...
[TELEM] Heartbeat OK
[MAIN] Telemetry ready: lat=28.422287, lon=77.5262359, h=-0.63
Loading model engine: best.engine
[SCOUT] Connecting to mavlink-router TCP 127.0.0.1:5760
[SCOUT] Connected
[TELEM] Connecting to MAVLink router UDP 14550[MAIN] Waiting for telemetry (GPS)...

[TELEM] Waiting for heartbeat...
[TELEM] Heartbeat OK
[MAIN] Telemetry ready: lat=28.4222869, lon=77.5262351, h=-0.45
Loading model engine: best.engine
[SCOUT] Connecting to mavlink-router TCP 127.0.0.1:5760
[SCOUT] Connected
[TELEM] Connecting to MAVLink router UDP 14550[MAIN] Waiting for telemetry (GPS)...

[TELEM] Waiting for heartbeat...
[TELEM] Heartbeat OK
[MAIN] Telemetry ready: lat=28.422287, lon=77.5262349, h=-0.521
Loading model engine: best.engine
[SCOUT] Connecting to mavlink-router TCP 127.0.0.1:5760
[SCOUT] Connected
[TELEM] Connecting to MAVLink router UDP 14550[MAIN] Waiting for telemetry (GPS)...

[TELEM] Waiting for heartbeat...
[TELEM] Heartbeat OK
[MAIN] Telemetry ready: lat=28.4222864, lon=77.5262359, h=-0.642
Loading model engine: best.engine
[SCOUT] Connecting to mavlink-router TCP 127.0.0.1:5760
[SCOUT] Connected
[TELEM] Connecting to MAVLink router UDP 14550[MAIN] Waiting for telemetry (GPS)...

[TELEM] Waiting for heartbeat...
[TELEM] Heartbeat OK
[MAIN] Telemetry ready: lat=28.4222856, lon=77.5262352, h=-0.592
Loading model engine: best.engine
[SCOUT] Connecting to mavlink-router TCP 127.0.0.1:5760
[SCOUT] Connected
[TELEM] Connecting to MAVLink router UDP 14550[MAIN] Waiting for telemetry (GPS)...

[TELEM] Waiting for heartbeat...
[TELEM] Heartbeat OK
[MAIN] Telemetry ready: lat=28.4222869, lon=77.5262356, h=-0.583
Loading model engine: best.engine
[SCOUT] Connecting to mavlink-router TCP 127.0.0.1:5760
[SCOUT] Connected
[TELEM] Connecting to MAVLink router UDP 14550[MAIN] Waiting for telemetry (GPS)...

[TELEM] Waiting for heartbeat...
[TELEM] Heartbeat OK
[MAIN] Telemetry ready: lat=28.4222879, lon=77.5262344, h=-0.651
Loading model engine: best.engine
[SCOUT] Connecting to mavlink-router TCP 127.0.0.1:5760
[SCOUT] Connected
[TELEM] Connecting to MAVLink router UDP 14550[MAIN] Waiting for telemetry (GPS)...

[TELEM] Waiting for heartbeat...
[TELEM] Heartbeat OK
[MAIN] Telemetry ready: lat=28.4222894, lon=77.5262344, h=-0.663
Loading model engine: best.engine
[SCOUT] Connecting to mavlink-router TCP 127.0.0.1:5760
[SCOUT] Connected
[TELEM] Connecting to MAVLink router UDP 14550[MAIN] Waiting for telemetry (GPS)...

[TELEM] Waiting for heartbeat...
[TELEM] Heartbeat OK
[MAIN] Telemetry ready: lat=28.42229, lon=77.5262332, h=-0.57
Loading model engine: best.engine
[SCOUT] Connecting to mavlink-router TCP 127.0.0.1:5760
[SCOUT] Connected
[TELEM] Connecting to MAVLink router UDP 14550[MAIN] Waiting for telemetry (GPS)...

[TELEM] Waiting for heartbeat...
[TELEM] Heartbeat OK
[MAIN] Telemetry ready: lat=28.422289, lon=77.5262335, h=-0.595
Loading model engine: best.engine
[SCOUT] Connecting to mavlink-router TCP 127.0.0.1:5760
[SCOUT] Connected
[TELEM] Connecting to MAVLink router UDP 14550[MAIN] Waiting for telemetry (GPS)...

[TELEM] Waiting for heartbeat...
[TELEM] Heartbeat OK
[MAIN] Telemetry ready: lat=28.4222867, lon=77.5262354, h=-0.753
Loading model engine: best.engine
[SCOUT] Connecting to mavlink-router TCP 127.0.0.1:5760
[SCOUT] Connected
[TELEM] Connecting to MAVLink router UDP 14550[MAIN] Waiting for telemetry (GPS)...

[TELEM] Waiting for heartbeat...
[TELEM] Heartbeat OK
[MAIN] Telemetry ready: lat=28.4222863, lon=77.5262365, h=-0.767
Loading model engine: best.engine
[SCOUT] Connecting to mavlink-router TCP 127.0.0.1:5760
[SCOUT] Connected
[TELEM] Connecting to MAVLink router UDP 14550[MAIN] Waiting for telemetry (GPS)...

[TELEM] Waiting for heartbeat...
[TELEM] Heartbeat OK
[MAIN] Telemetry ready: lat=28.4222857, lon=77.5262367, h=-0.788
Loading model engine: best.engine
[SCOUT] Connecting to mavlink-router TCP 127.0.0.1:5760
[SCOUT] Connected
[TELEM] Connecting to MAVLink router UDP 14550[MAIN] Waiting for telemetry (GPS)...

[TELEM] Waiting for heartbeat...
[TELEM] Heartbeat OK
[MAIN] Telemetry ready: lat=28.4222864, lon=77.5262369, h=-0.816
Loading model engine: best.engine
[SCOUT] Connecting to mavlink-router TCP 127.0.0.1:5760
[SCOUT] Connected
[TELEM] Connecting to MAVLink router UDP 14550[MAIN] Waiting for telemetry (GPS)...

[TELEM] Waiting for heartbeat...
[TELEM] Heartbeat OK
[MAIN] Telemetry ready: lat=28.4222867, lon=77.5262367, h=-0.64
Loading model engine: best.engine
[SCOUT] Connecting to mavlink-router TCP 127.0.0.1:5760
[SCOUT] Connected
[TELEM] Connecting to MAVLink router UDP 14550[MAIN] Waiting for telemetry (GPS)...

[TELEM] Waiting for heartbeat...
[TELEM] Heartbeat OK
[MAIN] Telemetry ready: lat=28.4222811, lon=77.5262355, h=-0.937
Loading model engine: best.engine
[SCOUT] Connecting to mavlink-router TCP 127.0.0.1:5760
[SCOUT] Connected
[TELEM] Connecting to MAVLink router UDP 14550[MAIN] Waiting for telemetry (GPS)...

[TELEM] Waiting for heartbeat...
[TELEM] Heartbeat OK
[MAIN] Telemetry ready: lat=28.4222818, lon=77.5262353, h=-0.71
Loading model engine: best.engine
[SCOUT] Connecting to mavlink-router TCP 127.0.0.1:5760
[SCOUT] Connected
[TELEM] Connecting to MAVLink router UDP 14550[MAIN] Waiting for telemetry (GPS)...

[TELEM] Waiting for heartbeat...
[TELEM] Heartbeat OK
[MAIN] Telemetry ready: lat=28.4222809, lon=77.5262341, h=-0.905
Loading model engine: best.engine
[SCOUT] Connecting to mavlink-router TCP 127.0.0.1:5760
[SCOUT] Connected
[TELEM] Connecting to MAVLink router UDP 14550[MAIN] Waiting for telemetry (GPS)...

[TELEM] Waiting for heartbeat...
[TELEM] Heartbeat OK
[MAIN] Telemetry ready: lat=28.4222839, lon=77.5262337, h=-0.861
Loading model engine: best.engine
[SCOUT] Connecting to mavlink-router TCP 127.0.0.1:5760
[SCOUT] Connected
[TELEM] Connecting to MAVLink router UDP 14550[MAIN] Waiting for telemetry (GPS)...

[TELEM] Waiting for heartbeat...
[TELEM] Heartbeat OK
[MAIN] Telemetry ready: lat=28.4222853, lon=77.5262339, h=-0.865
Loading model engine: best.engine
[SCOUT] Connecting to mavlink-router TCP 127.0.0.1:5760
[SCOUT] Connected
[TELEM] Connecting to MAVLink router UDP 14550[MAIN] Waiting for telemetry (GPS)...

[TELEM] Waiting for heartbeat...
[TELEM] Heartbeat OK
[MAIN] Telemetry ready: lat=28.4222884, lon=77.5262354, h=-0.822
Loading model engine: best.engine
[SCOUT] Connecting to mavlink-router TCP 127.0.0.1:5760
[SCOUT] Connected
[TELEM] Connecting to MAVLink router UDP 14550[MAIN] Waiting for telemetry (GPS)...

[TELEM] Waiting for heartbeat...
[TELEM] Heartbeat OK
[MAIN] Telemetry ready: lat=28.4222903, lon=77.5262369, h=-0.826
Loading model engine: best.engine
[SCOUT] Connecting to mavlink-router TCP 127.0.0.1:5760
[SCOUT] Connected
[TELEM] Connecting to MAVLink router UDP 14550[MAIN] Waiting for telemetry (GPS)...

[TELEM] Waiting for heartbeat...
[TELEM] Heartbeat OK
[MAIN] Telemetry ready: lat=28.4222901, lon=77.5262346, h=-0.799
Loading model engine: best.engine
[SCOUT] Connecting to mavlink-router TCP 127.0.0.1:5760
[SCOUT] Connected
[TELEM] Connecting to MAVLink router UDP 14550[MAIN] Waiting for telemetry (GPS)...

[TELEM] Waiting for heartbeat...
[TELEM] Heartbeat OK
[MAIN] Telemetry ready: lat=28.4222879, lon=77.5262333, h=-0.98
Loading model engine: best.engine
[SCOUT] Connecting to mavlink-router TCP 127.0.0.1:5760
[SCOUT] Connected
[TELEM] Connecting to MAVLink router UDP 14550[MAIN] Waiting for telemetry (GPS)...

[TELEM] Waiting for heartbeat...
[TELEM] Heartbeat OK
[MAIN] Telemetry ready: lat=28.422285, lon=77.5262349, h=-0.905
Loading model engine: best.engine
[SCOUT] Connecting to mavlink-router TCP 127.0.0.1:5760
[SCOUT] Connected
[TELEM] Connecting to MAVLink router UDP 14550[MAIN] Waiting for telemetry (GPS)...

[TELEM] Waiting for heartbeat...
[TELEM] Heartbeat OK
[MAIN] Telemetry ready: lat=28.4222857, lon=77.5262351, h=-1.103
Loading model engine: best.engine
[SCOUT] Connecting to mavlink-router TCP 127.0.0.1:5760
[SCOUT] Connected
[TELEM] Connecting to MAVLink router UDP 14550[MAIN] Waiting for telemetry (GPS)...

[TELEM] Waiting for heartbeat...
[TELEM] Heartbeat OK
[MAIN] Telemetry ready: lat=28.4222857, lon=77.5262346, h=-0.95
Loading model engine: best.engine
[SCOUT] Connecting to mavlink-router TCP 127.0.0.1:5760
[SCOUT] Connected
[TELEM] Connecting to MAVLink router UDP 14550[MAIN] Waiting for telemetry (GPS)...

[TELEM] Waiting for heartbeat...
[TELEM] Heartbeat OK
[MAIN] Telemetry ready: lat=28.4222859, lon=77.5262352, h=-0.951
Loading model engine: best.engine
[SCOUT] Connecting to mavlink-router TCP 127.0.0.1:5760
[SCOUT] Connected
[TELEM] Connecting to MAVLink router UDP 14550[MAIN] Waiting for telemetry (GPS)...

[TELEM] Waiting for heartbeat...
[TELEM] Heartbeat OK
[MAIN] Telemetry ready: lat=28.4222859, lon=77.5262351, h=-1.039
Loading model engine: best.engine
[SCOUT] Connecting to mavlink-router TCP 127.0.0.1:5760
[SCOUT] Connected
[TELEM] Connecting to MAVLink router UDP 14550[MAIN] Waiting for telemetry (GPS)...

[TELEM] Waiting for heartbeat...
[TELEM] Heartbeat OK
[MAIN] Telemetry ready: lat=28.4222857, lon=77.5262346, h=-0.981
Loading model engine: best.engine
[SCOUT] Connecting to mavlink-router TCP 127.0.0.1:5760
[SCOUT] Connected
[TELEM] Connecting to MAVLink router UDP 14550[MAIN] Waiting for telemetry (GPS)...

[TELEM] Waiting for heartbeat...
[TELEM] Heartbeat OK
[MAIN] Telemetry ready: lat=28.4222864, lon=77.5262337, h=-1.107
Loading model engine: best.engine
[SCOUT] Connecting to mavlink-router TCP 127.0.0.1:5760
[SCOUT] Connected
[TELEM] Connecting to MAVLink router UDP 14550
[TELEM] Waiting for heartbeat...
[MAIN] Waiting for telemetry (GPS)...
[TELEM] Heartbeat OK
[MAIN] Telemetry ready: lat=28.4222864, lon=77.5262332, h=-1.098
Loading model engine: best.engine
[SCOUT] Connecting to mavlink-router TCP 127.0.0.1:5760
[SCOUT] Connected
[TELEM] Connecting to MAVLink router UDP 14550[MAIN] Waiting for telemetry (GPS)...

[TELEM] Waiting for heartbeat...
[TELEM] Heartbeat OK
[MAIN] Telemetry ready: lat=28.4222877, lon=77.526235, h=-0.955
Loading model engine: best.engine
[SCOUT] Connecting to mavlink-router TCP 127.0.0.1:5760
[SCOUT] Connected
[TELEM] Connecting to MAVLink router UDP 14550[MAIN] Waiting for telemetry (GPS)...

[TELEM] Waiting for heartbeat...
[TELEM] Heartbeat OK
[MAIN] Telemetry ready: lat=28.4222881, lon=77.5262383, h=-1.07
Loading model engine: best.engine
[SCOUT] Connecting to mavlink-router TCP 127.0.0.1:5760
[SCOUT] Connected
[TELEM] Connecting to MAVLink router UDP 14550[MAIN] Waiting for telemetry (GPS)...

[TELEM] Waiting for heartbeat...
[TELEM] Heartbeat OK
[MAIN] Telemetry ready: lat=28.4222895, lon=77.5262386, h=-0.834
Loading model engine: best.engine
[SCOUT] Connecting to mavlink-router TCP 127.0.0.1:5760
[SCOUT] Connected
[TELEM] Connecting to MAVLink router UDP 14550[MAIN] Waiting for telemetry (GPS)...

[TELEM] Waiting for heartbeat...
[TELEM] Heartbeat OK
[MAIN] Telemetry ready: lat=28.4222873, lon=77.5262376, h=-1.057
Loading model engine: best.engine
[SCOUT] Connecting to mavlink-router TCP 127.0.0.1:5760
[SCOUT] Connected
[TELEM] Connecting to MAVLink router UDP 14550[MAIN] Waiting for telemetry (GPS)...

[TELEM] Waiting for heartbeat...
[TELEM] Heartbeat OK
[MAIN] Telemetry ready: lat=28.4222846, lon=77.526234, h=-0.965
Loading model engine: best.engine
[SCOUT] Connecting to mavlink-router TCP 127.0.0.1:5760
[SCOUT] Connected
[TELEM] Connecting to MAVLink router UDP 14550[MAIN] Waiting for telemetry (GPS)...

[TELEM] Waiting for heartbeat...
[TELEM] Heartbeat OK
[MAIN] Telemetry ready: lat=28.4222848, lon=77.5262333, h=-0.822
Loading model engine: best.engine
[SCOUT] Connecting to mavlink-router TCP 127.0.0.1:5760
[SCOUT] Connected
[TELEM] Connecting to MAVLink router UDP 14550[MAIN] Waiting for telemetry (GPS)...

[TELEM] Waiting for heartbeat...
[TELEM] Heartbeat OK
[MAIN] Telemetry ready: lat=28.4222867, lon=77.5262338, h=-0.91
Loading model engine: best.engine
[SCOUT] Connecting to mavlink-router TCP 127.0.0.1:5760
[SCOUT] Connected
[TELEM] Connecting to MAVLink router UDP 14550[MAIN] Waiting for telemetry (GPS)...

[TELEM] Waiting for heartbeat...
[TELEM] Heartbeat OK
[MAIN] Telemetry ready: lat=28.4222883, lon=77.5262351, h=-1.147
Loading model engine: best.engine
[SCOUT] Connecting to mavlink-router TCP 127.0.0.1:5760
[SCOUT] Connected
[TELEM] Connecting to MAVLink router UDP 14550[MAIN] Waiting for telemetry (GPS)...

[TELEM] Waiting for heartbeat...
[TELEM] Heartbeat OK
[MAIN] Telemetry ready: lat=28.4222875, lon=77.5262349, h=-0.837
Loading model engine: yolo11n.engine
[SCOUT] Connecting to mavlink-router TCP 127.0.0.1:5760
[SCOUT] Connected
[TELEM] Connecting to MAVLink router UDP 14550[MAIN] Waiting for telemetry (GPS)...

[TELEM] Waiting for heartbeat...
[TELEM] Heartbeat OK
[MAIN] Telemetry ready: lat=28.4222868, lon=77.5262331, h=-0.944
Loading model engine: yolo11n.engine
[SCOUT] Connecting to mavlink-router TCP 127.0.0.1:5760
[SCOUT] Connected
[TELEM] Connecting to MAVLink router UDP 14550[MAIN] Waiting for telemetry (GPS)...

[TELEM] Waiting for heartbeat...
[TELEM] Heartbeat OK
[MAIN] Telemetry ready: lat=28.4222875, lon=77.5262263, h=-0.861
Loading model engine: yolo11n.engine
[SCOUT] Connecting to mavlink-router TCP 127.0.0.1:5760
[SCOUT] Connected
[TELEM] Connecting to MAVLink router UDP 14550[MAIN] Waiting for telemetry (GPS)...

[TELEM] Waiting for heartbeat...
[TELEM] Heartbeat OK
[MAIN] Telemetry ready: lat=28.4222912, lon=77.5262208, h=-0.878
Loading model engine: yolo11n.engine
[SCOUT] Connecting to mavlink-router TCP 127.0.0.1:5760
[SCOUT] Connected
[TELEM] Connecting to MAVLink router UDP 14550[MAIN] Waiting for telemetry (GPS)...

[TELEM] Waiting for heartbeat...
[TELEM] Heartbeat OK
[MAIN] Telemetry ready: lat=28.422294, lon=77.5262191, h=-1.038
Loading model engine: yolo11n.engine
[SCOUT] Connecting to mavlink-router TCP 127.0.0.1:5760
[SCOUT] Connected
[TELEM] Connecting to MAVLink router UDP 14550[MAIN] Waiting for telemetry (GPS)...

[TELEM] Waiting for heartbeat...
[TELEM] Heartbeat OK
[MAIN] Telemetry ready: lat=28.4222945, lon=77.5262165, h=-0.846
Loading model engine: yolo11n.engine
[SCOUT] Connecting to mavlink-router TCP 127.0.0.1:5760
[SCOUT] Connected
[TELEM] Connecting to MAVLink router UDP 14550[MAIN] Waiting for telemetry (GPS)...

[TELEM] Waiting for heartbeat...
[TELEM] Heartbeat OK
[MAIN] Telemetry ready: lat=28.4222934, lon=77.5262144, h=-0.797
Loading model engine: yolo11n.engine
[SCOUT] Connecting to mavlink-router TCP 127.0.0.1:5760
[SCOUT] Connected
[TELEM] Connecting to MAVLink router UDP 14550[MAIN] Waiting for telemetry (GPS)...

[TELEM] Waiting for heartbeat...
[TELEM] Heartbeat OK
[MAIN] Telemetry ready: lat=28.422292, lon=77.5262141, h=-0.043
Loading model engine: yolo11n.engine
[SCOUT] Connecting to mavlink-router TCP 127.0.0.1:5760
[SCOUT] Connected
[TELEM] Connecting to MAVLink router UDP 14550[MAIN] Waiting for telemetry (GPS)...

[TELEM] Waiting for heartbeat...
[TELEM] Heartbeat OK
[MAIN] Telemetry ready: lat=28.4222889, lon=77.5262182, h=5.825
Loading model engine: yolo11n.engine
[SCOUT] Connecting to mavlink-router TCP 127.0.0.1:5760
[SCOUT] Connected
[TELEM] Connecting to MAVLink router UDP 14550[MAIN] Waiting for telemetry (GPS)...

[TELEM] Waiting for heartbeat...
[TELEM] Heartbeat OK
[MAIN] Telemetry ready: lat=28.4222887, lon=77.5262184, h=14.9
Loading model engine: yolo11n.engine
[SCOUT] Connecting to mavlink-router TCP 127.0.0.1:5760
[SCOUT] Connected
[TELEM] Connecting to MAVLink router UDP 14550[MAIN] Waiting for telemetry (GPS)...

[TELEM] Waiting for heartbeat...
[TELEM] Heartbeat OK
[MAIN] Telemetry ready: lat=28.4223342, lon=77.5260881, h=14.691
Loading model engine: yolo11n.engine
[SCOUT] Connecting to mavlink-router TCP 127.0.0.1:5760
[SCOUT] Connected
[TELEM] Connecting to MAVLink router UDP 14550
[MAIN] Waiting for telemetry (GPS)...
[TELEM] Waiting for heartbeat...
[TELEM] Heartbeat OK
[MAIN] Telemetry ready: lat=28.4222839, lon=77.5263867, h=14.799
Loading model engine: yolo11n.engine
[SCOUT] Connecting to mavlink-router TCP 127.0.0.1:5760
[SCOUT] Connected
[TELEM] Connecting to MAVLink router UDP 14550[MAIN] Waiting for telemetry (GPS)...

[TELEM] Waiting for heartbeat...
[TELEM] Heartbeat OK
[MAIN] Telemetry ready: lat=28.4223453, lon=77.5265393, h=15.096
Loading model engine: yolo11n.engine
[SCOUT] Connecting to mavlink-router TCP 127.0.0.1:5760
[SCOUT] Connected
[TELEM] Connecting to MAVLink router UDP 14550[MAIN] Waiting for telemetry (GPS)...

[TELEM] Waiting for heartbeat...
[TELEM] Heartbeat OK
[MAIN] Telemetry ready: lat=28.4224024, lon=77.5262266, h=14.843
Loading model engine: yolo11n.engine
[SCOUT] Connecting to mavlink-router TCP 127.0.0.1:5760
[SCOUT] Connected
[TELEM] Connecting to MAVLink router UDP 14550[MAIN] Waiting for telemetry (GPS)...

[TELEM] Waiting for heartbeat...
[TELEM] Heartbeat OK
[MAIN] Telemetry ready: lat=28.4225089, lon=77.5261309, h=14.684
Loading model engine: yolo11n.engine
[SCOUT] Connecting to mavlink-router TCP 127.0.0.1:5760
[SCOUT] Connected
[TELEM] Connecting to MAVLink router UDP 14550[MAIN] Waiting for telemetry (GPS)...

[TELEM] Waiting for heartbeat...
[TELEM] Heartbeat OK
[MAIN] Telemetry ready: lat=28.4224576, lon=77.52645, h=15.258
Loading model engine: yolo11n.engine
[SCOUT] Connecting to mavlink-router TCP 127.0.0.1:5760
[SCOUT] Connected
[TELEM] Connecting to MAVLink router UDP 14550[MAIN] Waiting for telemetry (GPS)...

[TELEM] Waiting for heartbeat...
[TELEM] Heartbeat OK
[MAIN] Telemetry ready: lat=28.4225307, lon=77.5265576, h=15.072
Loading model engine: yolo11n.engine
[SCOUT] Connecting to mavlink-router TCP 127.0.0.1:5760
[SCOUT] Connected
[TELEM] Connecting to MAVLink router UDP 14550[MAIN] Waiting for telemetry (GPS)...

[TELEM] Waiting for heartbeat...
[TELEM] Heartbeat OK
[MAIN] Telemetry ready: lat=28.4225877, lon=77.5262148, h=14.887
Loading model engine: yolo11n.engine
[SCOUT] Connecting to mavlink-router TCP 127.0.0.1:5760
[SCOUT] Connected
[TELEM] Connecting to MAVLink router UDP 14550[MAIN] Waiting for telemetry (GPS)...

[TELEM] Waiting for heartbeat...
[TELEM] Heartbeat OK
[MAIN] Telemetry ready: lat=28.4225876, lon=77.5261323, h=16.717
Loading model engine: yolo11n.engine
[SCOUT] Connecting to mavlink-router TCP 127.0.0.1:5760
[SCOUT] Connected
[TELEM] Connecting to MAVLink router UDP 14550[MAIN] Waiting for telemetry (GPS)...

[TELEM] Waiting for heartbeat...
[TELEM] Heartbeat OK
[MAIN] Telemetry ready: lat=28.4223251, lon=77.5262042, h=16.903
Loading model engine: yolo11n.engine
[SCOUT] Connecting to mavlink-router TCP 127.0.0.1:5760
[SCOUT] Connected
[TELEM] Connecting to MAVLink router UDP 14550[MAIN] Waiting for telemetry (GPS)...

[TELEM] Waiting for heartbeat...
[TELEM] Heartbeat OK
[MAIN] Telemetry ready: lat=28.4222928, lon=77.5262143, h=16.005
Loading model engine: yolo11n.engine
[SCOUT] Connecting to mavlink-router TCP 127.0.0.1:5760
[SCOUT] Connected
[TELEM] Connecting to MAVLink router UDP 14550[MAIN] Waiting for telemetry (GPS)...

[TELEM] Waiting for heartbeat...
[TELEM] Heartbeat OK
[MAIN] Telemetry ready: lat=28.4222924, lon=77.5262145, h=9.653
Loading model engine: yolo11n.engine
[SCOUT] Connecting to mavlink-router TCP 127.0.0.1:5760
[SCOUT] Connected
[TELEM] Connecting to MAVLink router UDP 14550[MAIN] Waiting for telemetry (GPS)...

[TELEM] Waiting for heartbeat...
[TELEM] Heartbeat OK
[MAIN] Telemetry ready: lat=28.4222921, lon=77.5262139, h=4.808
Loading model engine: yolo11n.engine
[SCOUT] Connecting to mavlink-router TCP 127.0.0.1:5760
[SCOUT] Connected
[TELEM] Connecting to MAVLink router UDP 14550[MAIN] Waiting for telemetry (GPS)...

[TELEM] Waiting for heartbeat...
[TELEM] Heartbeat OK
[MAIN] Telemetry ready: lat=28.4222931, lon=77.5262136, h=0.225
Loading model engine: yolo11n.engine
[SCOUT] Connecting to mavlink-router TCP 127.0.0.1:5760
[SCOUT] Connected
[TELEM] Connecting to MAVLink router UDP 14550[MAIN] Waiting for telemetry (GPS)...

[TELEM] Waiting for heartbeat...
[TELEM] Heartbeat OK
[MAIN] Telemetry ready: lat=28.4222908, lon=77.5262133, h=-0.38
Loading model engine: yolo11n.engine
[SCOUT] Connecting to mavlink-router TCP 127.0.0.1:5760
[SCOUT] Connected
[TELEM] Connecting to MAVLink router UDP 14550[MAIN] Waiting for telemetry (GPS)...

[TELEM] Waiting for heartbeat...
[TELEM] Heartbeat OK
[MAIN] Telemetry ready: lat=28.4222888, lon=77.5262127, h=-0.306
Loading model engine: yolo11n.engine
[SCOUT] Connecting to mavlink-router TCP 127.0.0.1:5760
[SCOUT] Connected
[TELEM] Connecting to MAVLink router UDP 14550[MAIN] Waiting for telemetry (GPS)...

[TELEM] Waiting for heartbeat...
[TELEM] Heartbeat OK
[MAIN] Telemetry ready: lat=28.422289, lon=77.5262118, h=-0.145
Loading model engine: yolo11n.engine
[SCOUT] Connecting to mavlink-router TCP 127.0.0.1:5760
[SCOUT] Connected
[TELEM] Connecting to MAVLink router UDP 14550[MAIN] Waiting for telemetry (GPS)...

[TELEM] Waiting for heartbeat...
[TELEM] Heartbeat OK
[MAIN] Telemetry ready: lat=28.4222907, lon=77.526212, h=-0.148
Loading model engine: yolo11n.engine
[SCOUT] Connecting to mavlink-router TCP 127.0.0.1:5760
[SCOUT] Connected
[TELEM] Connecting to MAVLink router UDP 14550[MAIN] Waiting for telemetry (GPS)...

[TELEM] Waiting for heartbeat...
[TELEM] Heartbeat OK
[MAIN] Telemetry ready: lat=28.4222903, lon=77.5262139, h=-0.133
Loading model engine: yolo11n.engine
[SCOUT] Connecting to mavlink-router TCP 127.0.0.1:5760
[SCOUT] Connected
[TELEM] Connecting to MAVLink router UDP 14550[MAIN] Waiting for telemetry (GPS)...

[TELEM] Waiting for heartbeat...
[TELEM] Heartbeat OK
[MAIN] Telemetry ready: lat=28.4222925, lon=77.5262122, h=-0.001
Loading model engine: yolo11n.engine
[SCOUT] Connecting to mavlink-router TCP 127.0.0.1:5760
[SCOUT] Connected
[TELEM] Connecting to MAVLink router UDP 14550[MAIN] Waiting for telemetry (GPS)...

[TELEM] Waiting for heartbeat...
[TELEM] Heartbeat OK
[MAIN] Telemetry ready: lat=28.4222923, lon=77.526211, h=-0.182
Loading model engine: yolo11n.engine
[SCOUT] Connecting to mavlink-router TCP 127.0.0.1:5760
[SCOUT] Connected
[TELEM] Connecting to MAVLink router UDP 14550[MAIN] Waiting for telemetry (GPS)...

[TELEM] Waiting for heartbeat...
[TELEM] Heartbeat OK
[MAIN] Telemetry ready: lat=28.4222905, lon=77.5262114, h=-0.103
Loading model engine: yolo11n.engine
[SCOUT] Connecting to mavlink-router TCP 127.0.0.1:5760
[SCOUT] Connected
[TELEM] Connecting to MAVLink router UDP 14550[MAIN] Waiting for telemetry (GPS)...

[TELEM] Waiting for heartbeat...
[TELEM] Heartbeat OK
[MAIN] Telemetry ready: lat=28.4222907, lon=77.5262125, h=-0.128
Loading model engine: yolo11n.engine
[SCOUT] Connecting to mavlink-router TCP 127.0.0.1:5760
[SCOUT] Connected
[TELEM] Connecting to MAVLink router UDP 14550[MAIN] Waiting for telemetry (GPS)...

[TELEM] Waiting for heartbeat...
[TELEM] Heartbeat OK
[MAIN] Telemetry ready: lat=28.4222883, lon=77.5262136, h=-0.224
Loading model engine: yolo11n.engine
[SCOUT] Connecting to mavlink-router TCP 127.0.0.1:5760
[SCOUT] Connected
[TELEM] Connecting to MAVLink router UDP 14550[MAIN] Waiting for telemetry (GPS)...

[TELEM] Waiting for heartbeat...
[TELEM] Heartbeat OK
[MAIN] Telemetry ready: lat=28.4222891, lon=77.5262141, h=-0.193
Loading model engine: yolo11n.engine
[SCOUT] Connecting to mavlink-router TCP 127.0.0.1:5760
[SCOUT] Connected
[TELEM] Connecting to MAVLink router UDP 14550[MAIN] Waiting for telemetry (GPS)...

[TELEM] Waiting for heartbeat...
[TELEM] Heartbeat OK
[MAIN] Telemetry ready: lat=28.4222904, lon=77.5262131, h=-0.1
Loading model engine: yolo11n.engine
[SCOUT] Connecting to mavlink-router TCP 127.0.0.1:5760
[SCOUT] Connected
[TELEM] Connecting to MAVLink router UDP 14550[MAIN] Waiting for telemetry (GPS)...

[TELEM] Waiting for heartbeat...
[TELEM] Heartbeat OK
[MAIN] Telemetry ready: lat=28.4222925, lon=77.5262126, h=-0.021
Loading model engine: yolo11n.engine
[SCOUT] Connecting to mavlink-router TCP 127.0.0.1:5760
[SCOUT] Connected
[TELEM] Connecting to MAVLink router UDP 14550[MAIN] Waiting for telemetry (GPS)...

[TELEM] Waiting for heartbeat...
[TELEM] Heartbeat OK
[MAIN] Telemetry ready: lat=28.4222975, lon=77.5262127, h=-0.239
Loading model engine: yolo11n.engine
[SCOUT] Connecting to mavlink-router TCP 127.0.0.1:5760
[SCOUT] Connected
[TELEM] Connecting to MAVLink router UDP 14550[MAIN] Waiting for telemetry (GPS)...

[TELEM] Waiting for heartbeat...
[TELEM] Heartbeat OK
[MAIN] Telemetry ready: lat=28.4223012, lon=77.5262124, h=-0.247
Loading model engine: yolo11n.engine
[SCOUT] Connecting to mavlink-router TCP 127.0.0.1:5760
[SCOUT] Connected
[TELEM] Connecting to MAVLink router UDP 14550[MAIN] Waiting for telemetry (GPS)...

[TELEM] Waiting for heartbeat...
[TELEM] Heartbeat OK
[MAIN] Telemetry ready: lat=28.4223014, lon=77.5262126, h=-0.356
Loading model engine: yolo11n.engine
[SCOUT] Connecting to mavlink-router TCP 127.0.0.1:5760
[SCOUT] Connected
[TELEM] Connecting to MAVLink router UDP 14550[MAIN] Waiting for telemetry (GPS)...

[TELEM] Waiting for heartbeat...
[TELEM] Heartbeat OK
[MAIN] Telemetry ready: lat=28.4223017, lon=77.5262119, h=-0.225
Loading model engine: yolo11n.engine
[SCOUT] Connecting to mavlink-router TCP 127.0.0.1:5760
[SCOUT] Connected
[TELEM] Connecting to MAVLink router UDP 14550[MAIN] Waiting for telemetry (GPS)...

[TELEM] Waiting for heartbeat...
[TELEM] Heartbeat OK
[MAIN] Telemetry ready: lat=28.4222992, lon=77.5262096, h=-0.181
Loading model engine: yolo11n.engine
[SCOUT] Connecting to mavlink-router TCP 127.0.0.1:5760
[SCOUT] Connected
[TELEM] Connecting to MAVLink router UDP 14550[MAIN] Waiting for telemetry (GPS)...

[TELEM] Waiting for heartbeat...
[TELEM] Heartbeat OK
[MAIN] Telemetry ready: lat=28.4222957, lon=77.5262093, h=-0.224
Loading model engine: yolo11n.engine
[SCOUT] Connecting to mavlink-router TCP 127.0.0.1:5760
[SCOUT] Connected
[TELEM] Connecting to MAVLink router UDP 14550[MAIN] Waiting for telemetry (GPS)...

[TELEM] Waiting for heartbeat...
[TELEM] Heartbeat OK
[MAIN] Telemetry ready: lat=28.4222948, lon=77.5262089, h=-0.266
Loading model engine: yolo11n.engine
[SCOUT] Connecting to mavlink-router TCP 127.0.0.1:5760
[SCOUT] Connected
[TELEM] Connecting to MAVLink router UDP 14550[MAIN] Waiting for telemetry (GPS)...

[TELEM] Waiting for heartbeat...
[TELEM] Heartbeat OK
[MAIN] Telemetry ready: lat=28.4222959, lon=77.5262107, h=-0.131
Loading model engine: yolo11n.engine
[SCOUT] Connecting to mavlink-router TCP 127.0.0.1:5760
[SCOUT] Connected
[TELEM] Connecting to MAVLink router UDP 14550[MAIN] Waiting for telemetry (GPS)...

[TELEM] Waiting for heartbeat...
[TELEM] Heartbeat OK
[MAIN] Telemetry ready: lat=28.422295, lon=77.5262125, h=-0.353
Loading model engine: yolo11n.engine
[SCOUT] Connecting to mavlink-router TCP 127.0.0.1:5760
[SCOUT] Connected
[TELEM] Connecting to MAVLink router UDP 14550[MAIN] Waiting for telemetry (GPS)...

[TELEM] Waiting for heartbeat...
[TELEM] Heartbeat OK
[MAIN] Telemetry ready: lat=28.4222963, lon=77.5262131, h=-0.301
Loading model engine: yolo11n.engine
[SCOUT] Connecting to mavlink-router TCP 127.0.0.1:5760
[SCOUT] Connected
[TELEM] Connecting to MAVLink router UDP 14550[MAIN] Waiting for telemetry (GPS)...

[TELEM] Waiting for heartbeat...
[TELEM] Heartbeat OK
[MAIN] Telemetry ready: lat=28.4222971, lon=77.5262133, h=-0.178
Loading model engine: yolo11n.engine
[SCOUT] Connecting to mavlink-router TCP 127.0.0.1:5760
[SCOUT] Connected
[TELEM] Connecting to MAVLink router UDP 14550[MAIN] Waiting for telemetry (GPS)...

[TELEM] Waiting for heartbeat...
[TELEM] Heartbeat OK
[MAIN] Telemetry ready: lat=28.4222969, lon=77.5262117, h=-0.251
Loading model engine: yolo11n.engine
[SCOUT] Connecting to mavlink-router TCP 127.0.0.1:5760
[SCOUT] Connected
[TELEM] Connecting to MAVLink router UDP 14550[MAIN] Waiting for telemetry (GPS)...

[TELEM] Waiting for heartbeat...
[TELEM] Heartbeat OK
[MAIN] Telemetry ready: lat=28.4222946, lon=77.5262098, h=-0.359
Loading model engine: yolo11n.engine
[SCOUT] Connecting to mavlink-router TCP 127.0.0.1:5760
[SCOUT] Connected
[TELEM] Connecting to MAVLink router UDP 14550[MAIN] Waiting for telemetry (GPS)...

[TELEM] Waiting for heartbeat...
[TELEM] Heartbeat OK
[MAIN] Telemetry ready: lat=28.4222945, lon=77.5262052, h=-0.325
Loading model engine: yolo11n.engine
[SCOUT] Connecting to mavlink-router TCP 127.0.0.1:5760
[SCOUT] Connected
[TELEM] Connecting to MAVLink router UDP 14550[MAIN] Waiting for telemetry (GPS)...

[TELEM] Waiting for heartbeat...
[TELEM] Heartbeat OK
[MAIN] Telemetry ready: lat=28.422292, lon=77.5262026, h=-0.444
Loading model engine: yolo11n.engine
[SCOUT] Connecting to mavlink-router TCP 127.0.0.1:5760
[SCOUT] Connected
[TELEM] Connecting to MAVLink router UDP 14550[MAIN] Waiting for telemetry (GPS)...

[TELEM] Waiting for heartbeat...
[TELEM] Heartbeat OK
[MAIN] Telemetry ready: lat=28.4222875, lon=77.5262049, h=-0.287
Loading model engine: yolo11n.engine
[SCOUT] Connecting to mavlink-router TCP 127.0.0.1:5760
[SCOUT] Connected
[TELEM] Connecting to MAVLink router UDP 14550[MAIN] Waiting for telemetry (GPS)...

[TELEM] Waiting for heartbeat...
[TELEM] Heartbeat OK
[MAIN] Telemetry ready: lat=28.4222873, lon=77.5262069, h=-0.287
Loading model engine: yolo11n.engine
[SCOUT] Connecting to mavlink-router TCP 127.0.0.1:5760
[SCOUT] Connected
[TELEM] Connecting to MAVLink router UDP 14550[MAIN] Waiting for telemetry (GPS)...

[TELEM] Waiting for heartbeat...
[TELEM] Heartbeat OK
[MAIN] Telemetry ready: lat=28.4222887, lon=77.526207, h=-0.181
Loading model engine: yolo11n.engine
[SCOUT] Connecting to mavlink-router TCP 127.0.0.1:5760
[SCOUT] Connected
[TELEM] Connecting to MAVLink router UDP 14550[MAIN] Waiting for telemetry (GPS)...

[TELEM] Waiting for heartbeat...
[TELEM] Heartbeat OK
[MAIN] Telemetry ready: lat=28.4222901, lon=77.5262082, h=-0.246
Loading model engine: yolo11n.engine
[SCOUT] Connecting to mavlink-router TCP 127.0.0.1:5760
[SCOUT] Connected
[TELEM] Connecting to MAVLink router UDP 14550[MAIN] Waiting for telemetry (GPS)...

[TELEM] Waiting for heartbeat...
[TELEM] Heartbeat OK
[MAIN] Telemetry ready: lat=28.4222903, lon=77.526208, h=-0.227
Loading model engine: yolo11n.engine
[SCOUT] Connecting to mavlink-router TCP 127.0.0.1:5760
[SCOUT] Connected
[TELEM] Connecting to MAVLink router UDP 14550[MAIN] Waiting for telemetry (GPS)...

[TELEM] Waiting for heartbeat...
[TELEM] Heartbeat OK
[MAIN] Telemetry ready: lat=28.4222908, lon=77.5262073, h=-0.177
Loading model engine: yolo11n.engine
[SCOUT] Connecting to mavlink-router TCP 127.0.0.1:5760
[SCOUT] Connected
[TELEM] Connecting to MAVLink router UDP 14550[MAIN] Waiting for telemetry (GPS)...

[TELEM] Waiting for heartbeat...
[TELEM] Heartbeat OK
[MAIN] Telemetry ready: lat=28.4222911, lon=77.5262072, h=-0.282
Loading model engine: yolo11n.engine
[SCOUT] Connecting to mavlink-router TCP 127.0.0.1:5760
[SCOUT] Connected
[TELEM] Connecting to MAVLink router UDP 14550[MAIN] Waiting for telemetry (GPS)...

[TELEM] Waiting for heartbeat...
[TELEM] Heartbeat OK
[MAIN] Telemetry ready: lat=28.4222922, lon=77.526208, h=-0.135
Loading model engine: yolo11n.engine
[SCOUT] Connecting to mavlink-router TCP 127.0.0.1:5760
[SCOUT] Connected
[TELEM] Connecting to MAVLink router UDP 14550[MAIN] Waiting for telemetry (GPS)...

[TELEM] Waiting for heartbeat...
[TELEM] Heartbeat OK
[MAIN] Telemetry ready: lat=28.4222924, lon=77.5262104, h=-0.134
Loading model engine: yolo11n.engine
[SCOUT] Connecting to mavlink-router TCP 127.0.0.1:5760
[SCOUT] Connected
[TELEM] Connecting to MAVLink router UDP 14550[MAIN] Waiting for telemetry (GPS)...

[TELEM] Waiting for heartbeat...
[TELEM] Heartbeat OK
[MAIN] Telemetry ready: lat=28.4222941, lon=77.526212, h=-0.155
Loading model engine: yolo11n.engine
[SCOUT] Connecting to mavlink-router TCP 127.0.0.1:5760
[SCOUT] Connected
[TELEM] Connecting to MAVLink router UDP 14550[MAIN] Waiting for telemetry (GPS)...

[TELEM] Waiting for heartbeat...
[TELEM] Heartbeat OK
[MAIN] Telemetry ready: lat=28.4222966, lon=77.526212, h=-0.154
Loading model engine: yolo11n.engine
[SCOUT] Connecting to mavlink-router TCP 127.0.0.1:5760
[SCOUT] Connected
[TELEM] Connecting to MAVLink router UDP 14550[MAIN] Waiting for telemetry (GPS)...

[TELEM] Waiting for heartbeat...
[TELEM] Heartbeat OK
[MAIN] Telemetry ready: lat=28.422297, lon=77.5262121, h=-0.185
Loading model engine: yolo11n.engine
[SCOUT] Connecting to mavlink-router TCP 127.0.0.1:5760
[SCOUT] Connected
[TELEM] Connecting to MAVLink router UDP 14550[MAIN] Waiting for telemetry (GPS)...

[TELEM] Waiting for heartbeat...
[TELEM] Heartbeat OK
[MAIN] Telemetry ready: lat=28.4222969, lon=77.5262119, h=-0.257
Loading model engine: yolo11n.engine
[SCOUT] Connecting to mavlink-router TCP 127.0.0.1:5760
[SCOUT] Connected
[TELEM] Connecting to MAVLink router UDP 14550[MAIN] Waiting for telemetry (GPS)...

[TELEM] Waiting for heartbeat...
[TELEM] Heartbeat OK
[MAIN] Telemetry ready: lat=28.4222979, lon=77.5262098, h=-0.217
Loading model engine: yolo11n.engine
[SCOUT] Connecting to mavlink-router TCP 127.0.0.1:5760
[SCOUT] Connected
[TELEM] Connecting to MAVLink router UDP 14550[MAIN] Waiting for telemetry (GPS)...

[TELEM] Waiting for heartbeat...
[TELEM] Heartbeat OK
[MAIN] Telemetry ready: lat=28.4222981, lon=77.5262096, h=-0.12
Loading model engine: yolo11n.engine
[SCOUT] Connecting to mavlink-router TCP 127.0.0.1:5760
[SCOUT] Connected
[TELEM] Connecting to MAVLink router UDP 14550[MAIN] Waiting for telemetry (GPS)...

[TELEM] Waiting for heartbeat...
[TELEM] Heartbeat OK
[MAIN] Telemetry ready: lat=28.4222979, lon=77.5262117, h=-0.273
Loading model engine: yolo11n.engine
[SCOUT] Connecting to mavlink-router TCP 127.0.0.1:5760
[SCOUT] Connected
[TELEM] Connecting to MAVLink router UDP 14550[MAIN] Waiting for telemetry (GPS)...

[TELEM] Waiting for heartbeat...
[TELEM] Heartbeat OK
[MAIN] Telemetry ready: lat=28.4222966, lon=77.5262132, h=-0.065
Loading model engine: yolo11n.engine
[SCOUT] Connecting to mavlink-router TCP 127.0.0.1:5760
[SCOUT] Connected
[TELEM] Connecting to MAVLink router UDP 14550[MAIN] Waiting for telemetry (GPS)...

[TELEM] Waiting for heartbeat...
[TELEM] Heartbeat OK
[MAIN] Telemetry ready: lat=28.4222969, lon=77.526211, h=-0.207
Loading model engine: yolo11n.engine
[SCOUT] Connecting to mavlink-router TCP 127.0.0.1:5760
[SCOUT] Connected
[TELEM] Connecting to MAVLink router UDP 14550[MAIN] Waiting for telemetry (GPS)...

[TELEM] Waiting for heartbeat...
[TELEM] Heartbeat OK
[MAIN] Telemetry ready: lat=28.4222967, lon=77.5262119, h=-0.079
Loading model engine: yolo11n.engine
[SCOUT] Connecting to mavlink-router TCP 127.0.0.1:5760
[SCOUT] Connected
[TELEM] Connecting to MAVLink router UDP 14550
[MAIN] Waiting for telemetry (GPS)...
[TELEM] Waiting for heartbeat...
[TELEM] Heartbeat OK
[MAIN] Telemetry ready: lat=28.4222927, lon=77.5262117, h=-0.272
Loading model engine: yolo11n.engine
[SCOUT] Connecting to mavlink-router TCP 127.0.0.1:5760
[SCOUT] Connected
[TELEM] Connecting to MAVLink router UDP 14550[MAIN] Waiting for telemetry (GPS)...

[TELEM] Waiting for heartbeat...
[TELEM] Heartbeat OK
[MAIN] Telemetry ready: lat=28.4222926, lon=77.5262109, h=-0.147
Loading model engine: yolo11n.engine
[SCOUT] Connecting to mavlink-router TCP 127.0.0.1:5760
[SCOUT] Connected
[TELEM] Connecting to MAVLink router UDP 14550[MAIN] Waiting for telemetry (GPS)...

[TELEM] Waiting for heartbeat...
[TELEM] Heartbeat OK
[MAIN] Telemetry ready: lat=28.4222938, lon=77.5262102, h=-0.079
Loading model engine: yolo11n.engine
[SCOUT] Connecting to mavlink-router TCP 127.0.0.1:5760
[SCOUT] Connected
[TELEM] Connecting to MAVLink router UDP 14550
[MAIN] Waiting for telemetry (GPS)...
[TELEM] Waiting for heartbeat...
[TELEM] Heartbeat OK
[MAIN] Telemetry ready: lat=28.4222947, lon=77.5262112, h=-0.174
Loading model engine: yolo11n.engine
[SCOUT] Connecting to mavlink-router TCP 127.0.0.1:5760
[SCOUT] Connected
[TELEM] Connecting to MAVLink router UDP 14550[MAIN] Waiting for telemetry (GPS)...

[TELEM] Waiting for heartbeat...
[TELEM] Heartbeat OK
[MAIN] Telemetry ready: lat=28.4222936, lon=77.5262109, h=-0.132
Loading model engine: yolo11n.engine
[SCOUT] Connecting to mavlink-router TCP 127.0.0.1:5760
[SCOUT] Connected
[TELEM] Connecting to MAVLink router UDP 14550[MAIN] Waiting for telemetry (GPS)...

[TELEM] Waiting for heartbeat...
[TELEM] Heartbeat OK
[MAIN] Telemetry ready: lat=28.4222973, lon=77.5262113, h=-0.113
Loading model engine: yolo11n.engine
[SCOUT] Connecting to mavlink-router TCP 127.0.0.1:5760
[SCOUT] Connected
[TELEM] Connecting to MAVLink router UDP 14550
[MAIN] Waiting for telemetry (GPS)...
[TELEM] Waiting for heartbeat...
[TELEM] Heartbeat OK
[MAIN] Telemetry ready: lat=28.4222989, lon=77.5262104, h=-0.16
Loading model engine: yolo11n.engine
[SCOUT] Connecting to mavlink-router TCP 127.0.0.1:5760
[SCOUT] Connected
[TELEM] Connecting to MAVLink router UDP 14550[MAIN] Waiting for telemetry (GPS)...

[TELEM] Waiting for heartbeat...
[TELEM] Heartbeat OK
[MAIN] Telemetry ready: lat=28.4222978, lon=77.5262095, h=-0.174
Loading model engine: yolo11n.engine
[SCOUT] Connecting to mavlink-router TCP 127.0.0.1:5760
[SCOUT] Connected
[TELEM] Connecting to MAVLink router UDP 14550[MAIN] Waiting for telemetry (GPS)...

[TELEM] Waiting for heartbeat...
[TELEM] Heartbeat OK
[MAIN] Telemetry ready: lat=28.4222959, lon=77.5262093, h=-0.098
Loading model engine: yolo11n.engine
[SCOUT] Connecting to mavlink-router TCP 127.0.0.1:5760
[SCOUT] Connected
[TELEM] Connecting to MAVLink router UDP 14550[MAIN] Waiting for telemetry (GPS)...

[TELEM] Waiting for heartbeat...
[TELEM] Heartbeat OK
[MAIN] Telemetry ready: lat=28.4222978, lon=77.5262102, h=-0.167
Loading model engine: yolo11n.engine
[SCOUT] Connecting to mavlink-router TCP 127.0.0.1:5760
[SCOUT] Connected
[TELEM] Connecting to MAVLink router UDP 14550[MAIN] Waiting for telemetry (GPS)...

[TELEM] Waiting for heartbeat...
[TELEM] Heartbeat OK
[MAIN] Telemetry ready: lat=28.4222979, lon=77.5262111, h=-0.198
Loading model engine: yolo11n.engine
[SCOUT] Connecting to mavlink-router TCP 127.0.0.1:5760
[SCOUT] Connected
[TELEM] Connecting to MAVLink router UDP 14550[MAIN] Waiting for telemetry (GPS)...

[TELEM] Waiting for heartbeat...
[TELEM] Heartbeat OK
[MAIN] Telemetry ready: lat=28.4222982, lon=77.5262118, h=-0.154
Loading model engine: yolo11n.engine
[SCOUT] Connecting to mavlink-router TCP 127.0.0.1:5760
[SCOUT] Connected
[TELEM] Connecting to MAVLink router UDP 14550[MAIN] Waiting for telemetry (GPS)...

[TELEM] Waiting for heartbeat...
[TELEM] Heartbeat OK
[MAIN] Telemetry ready: lat=28.4222978, lon=77.5262108, h=-0.141
Loading model engine: yolo11n.engine
[SCOUT] Connecting to mavlink-router TCP 127.0.0.1:5760
[SCOUT] Connected
[TELEM] Connecting to MAVLink router UDP 14550[MAIN] Waiting for telemetry (GPS)...

[TELEM] Waiting for heartbeat...
[TELEM] Heartbeat OK
[MAIN] Telemetry ready: lat=28.4222972, lon=77.5262112, h=-0.111
Loading model engine: best.engine
[SCOUT] Connecting to mavlink-router TCP 127.0.0.1:5760
[SCOUT] Connected
[TELEM] Connecting to MAVLink router UDP 14550[MAIN] Waiting for telemetry (GPS)...

[TELEM] Waiting for heartbeat...
[TELEM] Heartbeat OK
[MAIN] Telemetry ready: lat=28.422296, lon=77.5262105, h=-0.149
Loading model engine: best.engine
[SCOUT] Connecting to mavlink-router TCP 127.0.0.1:5760
[SCOUT] Connected
[TELEM] Connecting to MAVLink router UDP 14550[MAIN] Waiting for telemetry (GPS)...

[TELEM] Waiting for heartbeat...
[TELEM] Heartbeat OK
[MAIN] Telemetry ready: lat=28.4222963, lon=77.5262111, h=-0.181
Loading model engine: best.engine
[SCOUT] Connecting to mavlink-router TCP 127.0.0.1:5760
[SCOUT] Connected
[TELEM] Connecting to MAVLink router UDP 14550[MAIN] Waiting for telemetry (GPS)...

[TELEM] Waiting for heartbeat...
[TELEM] Heartbeat OK
[MAIN] Telemetry ready: lat=28.4222968, lon=77.5262094, h=-0.129
Loading model engine: best.engine
[SCOUT] Connecting to mavlink-router TCP 127.0.0.1:5760
[SCOUT] Connected
[TELEM] Connecting to MAVLink router UDP 14550[MAIN] Waiting for telemetry (GPS)...

[TELEM] Waiting for heartbeat...
[TELEM] Heartbeat OK
[MAIN] Telemetry ready: lat=28.4222954, lon=77.5262093, h=-0.191
Loading model engine: best.engine
[SCOUT] Connecting to mavlink-router TCP 127.0.0.1:5760
[SCOUT] Connected
[TELEM] Connecting to MAVLink router UDP 14550[MAIN] Waiting for telemetry (GPS)...

[TELEM] Waiting for heartbeat...
[TELEM] Heartbeat OK
[MAIN] Telemetry ready: lat=28.4222891, lon=77.5262115, h=-0.152
Loading model engine: best.engine
[SCOUT] Connecting to mavlink-router TCP 127.0.0.1:5760
[SCOUT] Connected
[TELEM] Connecting to MAVLink router UDP 14550[MAIN] Waiting for telemetry (GPS)...

[TELEM] Waiting for heartbeat...
[TELEM] Heartbeat OK
[MAIN] Telemetry ready: lat=28.4222793, lon=77.5262109, h=-0.266
Loading model engine: best.engine
[SCOUT] Connecting to mavlink-router TCP 127.0.0.1:5760
[SCOUT] Connected
[TELEM] Connecting to MAVLink router UDP 14550[MAIN] Waiting for telemetry (GPS)...

[TELEM] Waiting for heartbeat...
[TELEM] Heartbeat OK
[MAIN] Telemetry ready: lat=28.4222759, lon=77.5262122, h=-0.216
Loading model engine: best.engine
[SCOUT] Connecting to mavlink-router TCP 127.0.0.1:5760
[SCOUT] Connected
[TELEM] Connecting to MAVLink router UDP 14550[MAIN] Waiting for telemetry (GPS)...

[TELEM] Waiting for heartbeat...
[TELEM] Heartbeat OK
[MAIN] Telemetry ready: lat=28.4222745, lon=77.52621, h=-0.228
Loading model engine: best.engine
[SCOUT] Connecting to mavlink-router TCP 127.0.0.1:5760
[SCOUT] Connected
[TELEM] Connecting to MAVLink router UDP 14550[MAIN] Waiting for telemetry (GPS)...

[TELEM] Waiting for heartbeat...
[TELEM] Heartbeat OK
[MAIN] Telemetry ready: lat=28.4222739, lon=77.5262077, h=-0.363
Loading model engine: best.engine
[SCOUT] Connecting to mavlink-router TCP 127.0.0.1:5760
[SCOUT] Connected
[TELEM] Connecting to MAVLink router UDP 14550[MAIN] Waiting for telemetry (GPS)...

[TELEM] Waiting for heartbeat...
[TELEM] Heartbeat OK
[MAIN] Telemetry ready: lat=28.4222741, lon=77.5262091, h=-0.394
Loading model engine: best.engine
[SCOUT] Connecting to mavlink-router TCP 127.0.0.1:5760
[SCOUT] Connected
[TELEM] Connecting to MAVLink router UDP 14550[MAIN] Waiting for telemetry (GPS)...

[TELEM] Waiting for heartbeat...
[TELEM] Heartbeat OK
[MAIN] Telemetry ready: lat=28.4222741, lon=77.5262119, h=-0.383
Loading model engine: best.engine
[SCOUT] Connecting to mavlink-router TCP 127.0.0.1:5760
[SCOUT] Connected
[TELEM] Connecting to MAVLink router UDP 14550[MAIN] Waiting for telemetry (GPS)...

[TELEM] Waiting for heartbeat...
[TELEM] Heartbeat OK
[MAIN] Telemetry ready: lat=28.4222756, lon=77.5262136, h=-0.334
Loading model engine: best.engine
[SCOUT] Connecting to mavlink-router TCP 127.0.0.1:5760
[SCOUT] Connected
[TELEM] Connecting to MAVLink router UDP 14550[MAIN] Waiting for telemetry (GPS)...

[TELEM] Waiting for heartbeat...
[TELEM] Heartbeat OK
[MAIN] Telemetry ready: lat=28.4222748, lon=77.5262125, h=-0.33
Loading model engine: best.engine
[SCOUT] Connecting to mavlink-router TCP 127.0.0.1:5760
[SCOUT] Connected
[TELEM] Connecting to MAVLink router UDP 14550[MAIN] Waiting for telemetry (GPS)...

[TELEM] Waiting for heartbeat...
[TELEM] Heartbeat OK
[MAIN] Telemetry ready: lat=28.4222704, lon=77.5262126, h=-0.372
Loading model engine: best.engine
[SCOUT] Connecting to mavlink-router TCP 127.0.0.1:5760
[SCOUT] Connected
[TELEM] Connecting to MAVLink router UDP 14550[MAIN] Waiting for telemetry (GPS)...

[TELEM] Waiting for heartbeat...
[TELEM] Heartbeat OK
[MAIN] Telemetry ready: lat=28.4222682, lon=77.5262121, h=-0.429
Loading model engine: best.engine
[SCOUT] Connecting to mavlink-router TCP 127.0.0.1:5760
[SCOUT] Connected
[TELEM] Connecting to MAVLink router UDP 14550[MAIN] Waiting for telemetry (GPS)...

[TELEM] Waiting for heartbeat...
[TELEM] Heartbeat OK
[MAIN] Telemetry ready: lat=28.4222719, lon=77.5262136, h=-0.528
Loading model engine: best.engine
[SCOUT] Connecting to mavlink-router TCP 127.0.0.1:5760
[SCOUT] Connected
[TELEM] Connecting to MAVLink router UDP 14550[MAIN] Waiting for telemetry (GPS)...

[TELEM] Waiting for heartbeat...
[TELEM] Heartbeat OK
[MAIN] Telemetry ready: lat=28.4222682, lon=77.5262178, h=-0.434
Loading model engine: best.engine
[SCOUT] Connecting to mavlink-router TCP 127.0.0.1:5760
[SCOUT] Connected
[TELEM] Connecting to MAVLink router UDP 14550[MAIN] Waiting for telemetry (GPS)...

[TELEM] Waiting for heartbeat...
[TELEM] Heartbeat OK
[MAIN] Telemetry ready: lat=28.4222683, lon=77.5262193, h=-0.522
Loading model engine: best.engine
[SCOUT] Connecting to mavlink-router TCP 127.0.0.1:5760
[SCOUT] Connected
[TELEM] Connecting to MAVLink router UDP 14550[MAIN] Waiting for telemetry (GPS)...

[TELEM] Waiting for heartbeat...
[TELEM] Heartbeat OK
[MAIN] Telemetry ready: lat=28.422272, lon=77.5262137, h=-0.503
Loading model engine: best.engine
[SCOUT] Connecting to mavlink-router TCP 127.0.0.1:5760
[SCOUT] Connected
[TELEM] Connecting to MAVLink router UDP 14550[MAIN] Waiting for telemetry (GPS)...

[TELEM] Waiting for heartbeat...
[TELEM] Heartbeat OK
[MAIN] Telemetry ready: lat=28.4222747, lon=77.5262116, h=-0.584
Loading model engine: best.engine
[SCOUT] Connecting to mavlink-router TCP 127.0.0.1:5760
[SCOUT] Connected
[TELEM] Connecting to MAVLink router UDP 14550[MAIN] Waiting for telemetry (GPS)...

[TELEM] Waiting for heartbeat...
[TELEM] Heartbeat OK
[MAIN] Telemetry ready: lat=28.4222689, lon=77.5262151, h=-0.647
Loading model engine: best.engine
[SCOUT] Connecting to mavlink-router TCP 127.0.0.1:5760
[SCOUT] Connected
[TELEM] Connecting to MAVLink router UDP 14550[MAIN] Waiting for telemetry (GPS)...

[TELEM] Waiting for heartbeat...
[TELEM] Heartbeat OK
[MAIN] Telemetry ready: lat=28.4222653, lon=77.5262181, h=-0.651
Loading model engine: best.engine
[SCOUT] Connecting to mavlink-router TCP 127.0.0.1:5760
[SCOUT] Connected
[TELEM] Connecting to MAVLink router UDP 14550[MAIN] Waiting for telemetry (GPS)...

[TELEM] Waiting for heartbeat...
[TELEM] Heartbeat OK
[MAIN] Telemetry ready: lat=28.4222672, lon=77.526219, h=-0.604
Loading model engine: best.engine
[SCOUT] Connecting to mavlink-router TCP 127.0.0.1:5760
[SCOUT] Connected
[TELEM] Connecting to MAVLink router UDP 14550[MAIN] Waiting for telemetry (GPS)...

[TELEM] Waiting for heartbeat...
[TELEM] Heartbeat OK
[MAIN] Telemetry ready: lat=28.4222691, lon=77.5262182, h=-0.586
Loading model engine: best.engine
[SCOUT] Connecting to mavlink-router TCP 127.0.0.1:5760
[SCOUT] Connected
[TELEM] Connecting to MAVLink router UDP 14550[MAIN] Waiting for telemetry (GPS)...

[TELEM] Waiting for heartbeat...
[TELEM] Heartbeat OK
[MAIN] Telemetry ready: lat=28.4222674, lon=77.5262178, h=-0.644
Loading model engine: best.engine
[SCOUT] Connecting to mavlink-router TCP 127.0.0.1:5760
[SCOUT] Connected
[TELEM] Connecting to MAVLink router UDP 14550[MAIN] Waiting for telemetry (GPS)...

[TELEM] Waiting for heartbeat...
[TELEM] Heartbeat OK
[MAIN] Telemetry ready: lat=28.4222664, lon=77.5262179, h=-0.611
Loading model engine: best.engine
[SCOUT] Connecting to mavlink-router TCP 127.0.0.1:5760
[SCOUT] Connected
[TELEM] Connecting to MAVLink router UDP 14550[MAIN] Waiting for telemetry (GPS)...

[TELEM] Waiting for heartbeat...
[TELEM] Heartbeat OK
[MAIN] Telemetry ready: lat=28.42227, lon=77.5262178, h=-0.732
Loading model engine: best.engine
[SCOUT] Connecting to mavlink-router TCP 127.0.0.1:5760
[SCOUT] Connected
[TELEM] Connecting to MAVLink router UDP 14550[MAIN] Waiting for telemetry (GPS)...

[TELEM] Waiting for heartbeat...
[TELEM] Heartbeat OK
[MAIN] Telemetry ready: lat=28.4222719, lon=77.5262147, h=-0.68
Loading model engine: best.engine
[SCOUT] Connecting to mavlink-router TCP 127.0.0.1:5760
[SCOUT] Connected
[TELEM] Connecting to MAVLink router UDP 14550[MAIN] Waiting for telemetry (GPS)...

[TELEM] Waiting for heartbeat...
[TELEM] Heartbeat OK
[MAIN] Telemetry ready: lat=28.4222715, lon=77.5262102, h=-0.669
Loading model engine: best.engine
[SCOUT] Connecting to mavlink-router TCP 127.0.0.1:5760
[SCOUT] Connected
[TELEM] Connecting to MAVLink router UDP 14550[MAIN] Waiting for telemetry (GPS)...

[TELEM] Waiting for heartbeat...
[TELEM] Heartbeat OK
[MAIN] Telemetry ready: lat=28.4222698, lon=77.5262138, h=-0.746
Loading model engine: best.engine
[SCOUT] Connecting to mavlink-router TCP 127.0.0.1:5760
[SCOUT] Connected
[TELEM] Connecting to MAVLink router UDP 14550[MAIN] Waiting for telemetry (GPS)...

[TELEM] Waiting for heartbeat...
[TELEM] Heartbeat OK
[MAIN] Telemetry ready: lat=28.4222727, lon=77.5262139, h=-0.817
Loading model engine: best.engine
[SCOUT] Connecting to mavlink-router TCP 127.0.0.1:5760
[SCOUT] Connected
[TELEM] Connecting to MAVLink router UDP 14550[MAIN] Waiting for telemetry (GPS)...

[TELEM] Waiting for heartbeat...
[TELEM] Heartbeat OK
[MAIN] Telemetry ready: lat=28.4222729, lon=77.5262158, h=-0.794
Loading model engine: best.engine
[SCOUT] Connecting to mavlink-router TCP 127.0.0.1:5760
[SCOUT] Connected
[TELEM] Connecting to MAVLink router UDP 14550[MAIN] Waiting for telemetry (GPS)...

[TELEM] Waiting for heartbeat...
[TELEM] Heartbeat OK
[MAIN] Telemetry ready: lat=28.4222696, lon=77.5262189, h=-0.724
Loading model engine: best.engine
[SCOUT] Connecting to mavlink-router TCP 127.0.0.1:5760
[SCOUT] Connected
[TELEM] Connecting to MAVLink router UDP 14550[MAIN] Waiting for telemetry (GPS)...

[TELEM] Waiting for heartbeat...
[TELEM] Heartbeat OK
[MAIN] Telemetry ready: lat=28.4222698, lon=77.5262202, h=-0.883
Loading model engine: best.engine
[SCOUT] Connecting to mavlink-router TCP 127.0.0.1:5760
[SCOUT] Connected
[TELEM] Connecting to MAVLink router UDP 14550[MAIN] Waiting for telemetry (GPS)...

[TELEM] Waiting for heartbeat...
[TELEM] Heartbeat OK
[MAIN] Telemetry ready: lat=28.4222718, lon=77.5262191, h=-0.863
Loading model engine: best.engine
[SCOUT] Connecting to mavlink-router TCP 127.0.0.1:5760
[SCOUT] Connected
[TELEM] Connecting to MAVLink router UDP 14550[MAIN] Waiting for telemetry (GPS)...

[TELEM] Waiting for heartbeat...
[TELEM] Heartbeat OK
[MAIN] Telemetry ready: lat=28.4222738, lon=77.5262224, h=-0.778
Loading model engine: best.engine
[SCOUT] Connecting to mavlink-router TCP 127.0.0.1:5760
[SCOUT] Connected
[TELEM] Connecting to MAVLink router UDP 14550[MAIN] Waiting for telemetry (GPS)...

[TELEM] Waiting for heartbeat...
[TELEM] Heartbeat OK
[MAIN] Telemetry ready: lat=28.4222731, lon=77.5262199, h=-0.761
Loading model engine: best.engine
[SCOUT] Connecting to mavlink-router TCP 127.0.0.1:5760
[SCOUT] Connected
[TELEM] Connecting to MAVLink router UDP 14550[MAIN] Waiting for telemetry (GPS)...

[TELEM] Waiting for heartbeat...
[TELEM] Heartbeat OK
[MAIN] Telemetry ready: lat=28.4222714, lon=77.5262188, h=-0.877
Loading model engine: best.engine
[SCOUT] Connecting to mavlink-router TCP 127.0.0.1:5760
[SCOUT] Connected
[TELEM] Connecting to MAVLink router UDP 14550[MAIN] Waiting for telemetry (GPS)...

[TELEM] Waiting for heartbeat...
[TELEM] Heartbeat OK
[MAIN] Telemetry ready: lat=28.422267, lon=77.526217, h=-0.969
Loading model engine: best.engine
[SCOUT] Connecting to mavlink-router TCP 127.0.0.1:5760
[SCOUT] Connected
[TELEM] Connecting to MAVLink router UDP 14550
[TELEM] Waiting for heartbeat...[MAIN] Waiting for telemetry (GPS)...

[TELEM] Heartbeat OK
[MAIN] Telemetry ready: lat=28.4222651, lon=77.5262163, h=-1.002
Loading model engine: best.engine
[SCOUT] Connecting to mavlink-router TCP 127.0.0.1:5760
[SCOUT] Connected
[TELEM] Connecting to MAVLink router UDP 14550[MAIN] Waiting for telemetry (GPS)...

[TELEM] Waiting for heartbeat...
[TELEM] Heartbeat OK
[MAIN] Telemetry ready: lat=28.4222642, lon=77.5262158, h=-0.937
Loading model engine: best.engine
[SCOUT] Connecting to mavlink-router TCP 127.0.0.1:5760
[SCOUT] Connected
[TELEM] Connecting to MAVLink router UDP 14550[MAIN] Waiting for telemetry (GPS)...

[TELEM] Waiting for heartbeat...
[TELEM] Heartbeat OK
[MAIN] Telemetry ready: lat=28.4222634, lon=77.5262174, h=-0.904
Loading model engine: best.engine
[SCOUT] Connecting to mavlink-router TCP 127.0.0.1:5760
[SCOUT] Connected
[TELEM] Connecting to MAVLink router UDP 14550[MAIN] Waiting for telemetry (GPS)...

[TELEM] Waiting for heartbeat...
[TELEM] Heartbeat OK
[MAIN] Telemetry ready: lat=28.4222636, lon=77.5262201, h=-0.932
Loading model engine: best.engine
[SCOUT] Connecting to mavlink-router TCP 127.0.0.1:5760
[SCOUT] Connected
[TELEM] Connecting to MAVLink router UDP 14550[MAIN] Waiting for telemetry (GPS)...

[TELEM] Waiting for heartbeat...
[TELEM] Heartbeat OK
[MAIN] Telemetry ready: lat=28.4222675, lon=77.5262206, h=-0.944
Loading model engine: best.engine
[SCOUT] Connecting to mavlink-router TCP 127.0.0.1:5760
[SCOUT] Connected
[TELEM] Connecting to MAVLink router UDP 14550[MAIN] Waiting for telemetry (GPS)...

[TELEM] Waiting for heartbeat...
[TELEM] Heartbeat OK
[MAIN] Telemetry ready: lat=28.4222689, lon=77.5262224, h=-1.049
Loading model engine: best.engine
[SCOUT] Connecting to mavlink-router TCP 127.0.0.1:5760
[SCOUT] Connected
[TELEM] Connecting to MAVLink router UDP 14550[MAIN] Waiting for telemetry (GPS)...

[TELEM] Waiting for heartbeat...
[TELEM] Heartbeat OK
[MAIN] Telemetry ready: lat=28.4222701, lon=77.5262224, h=-0.849
Loading model engine: best.engine
[SCOUT] Connecting to mavlink-router TCP 127.0.0.1:5760
[SCOUT] Connected
[TELEM] Connecting to MAVLink router UDP 14550[MAIN] Waiting for telemetry (GPS)...

[TELEM] Waiting for heartbeat...
[TELEM] Heartbeat OK
[MAIN] Telemetry ready: lat=28.4222709, lon=77.5262194, h=-0.908
Loading model engine: best.engine
[SCOUT] Connecting to mavlink-router TCP 127.0.0.1:5760
[SCOUT] Connected
[TELEM] Connecting to MAVLink router UDP 14550[MAIN] Waiting for telemetry (GPS)...

[TELEM] Waiting for heartbeat...
[TELEM] Heartbeat OK
[MAIN] Telemetry ready: lat=28.4222709, lon=77.5262188, h=-0.898
Loading model engine: best.engine
[SCOUT] Connecting to mavlink-router TCP 127.0.0.1:5760
[SCOUT] Connected
[TELEM] Connecting to MAVLink router UDP 14550[MAIN] Waiting for telemetry (GPS)...

[TELEM] Waiting for heartbeat...
[TELEM] Heartbeat OK
[MAIN] Telemetry ready: lat=28.4222704, lon=77.5262209, h=-1.026
Loading model engine: best.engine
[SCOUT] Connecting to mavlink-router TCP 127.0.0.1:5760
[SCOUT] Connected
[TELEM] Connecting to MAVLink router UDP 14550[MAIN] Waiting for telemetry (GPS)...

[TELEM] Waiting for heartbeat...
[TELEM] Heartbeat OK
[MAIN] Telemetry ready: lat=28.4222664, lon=77.5262223, h=-1.074
Loading model engine: best.engine
[SCOUT] Connecting to mavlink-router TCP 127.0.0.1:5760
[SCOUT] Connected
[TELEM] Connecting to MAVLink router UDP 14550[MAIN] Waiting for telemetry (GPS)...

[TELEM] Waiting for heartbeat...
[TELEM] Heartbeat OK
[MAIN] Telemetry ready: lat=28.4222653, lon=77.5262219, h=-0.92
Loading model engine: best.engine
[SCOUT] Connecting to mavlink-router TCP 127.0.0.1:5760
[SCOUT] Connected
[TELEM] Connecting to MAVLink router UDP 14550[MAIN] Waiting for telemetry (GPS)...

[TELEM] Waiting for heartbeat...
[TELEM] Heartbeat OK
[MAIN] Telemetry ready: lat=28.4222653, lon=77.5262223, h=-1.096
Loading model engine: best.engine
[SCOUT] Connecting to mavlink-router TCP 127.0.0.1:5760
[SCOUT] Connected
[TELEM] Connecting to MAVLink router UDP 14550[MAIN] Waiting for telemetry (GPS)...

[TELEM] Waiting for heartbeat...
[TELEM] Heartbeat OK
[MAIN] Telemetry ready: lat=28.4222673, lon=77.5262218, h=-1.008
Loading model engine: best.engine
[SCOUT] Connecting to mavlink-router TCP 127.0.0.1:5760
[SCOUT] Connected
[TELEM] Connecting to MAVLink router UDP 14550[MAIN] Waiting for telemetry (GPS)...

[TELEM] Waiting for heartbeat...
[TELEM] Heartbeat OK
[MAIN] Telemetry ready: lat=28.422269, lon=77.5262206, h=-0.981
Loading model engine: best.engine
[SCOUT] Connecting to mavlink-router TCP 127.0.0.1:5760
[SCOUT] Connected
[TELEM] Connecting to MAVLink router UDP 14550[MAIN] Waiting for telemetry (GPS)...

[TELEM] Waiting for heartbeat...
[TELEM] Heartbeat OK
[MAIN] Telemetry ready: lat=28.4222689, lon=77.526221, h=-0.997
Loading model engine: best.engine
[SCOUT] Connecting to mavlink-router TCP 127.0.0.1:5760
[SCOUT] Connected
[TELEM] Connecting to MAVLink router UDP 14550[MAIN] Waiting for telemetry (GPS)...

[TELEM] Waiting for heartbeat...
[TELEM] Heartbeat OK
[MAIN] Telemetry ready: lat=28.4222689, lon=77.5262225, h=-0.927
Loading model engine: best.engine
[SCOUT] Connecting to mavlink-router TCP 127.0.0.1:5760
[SCOUT] Connected
[TELEM] Connecting to MAVLink router UDP 14550[MAIN] Waiting for telemetry (GPS)...

[TELEM] Waiting for heartbeat...
[TELEM] Heartbeat OK
[MAIN] Telemetry ready: lat=28.4222726, lon=77.5262222, h=-1.011
Loading model engine: best.engine
[SCOUT] Connecting to mavlink-router TCP 127.0.0.1:5760
[SCOUT] Connected
[TELEM] Connecting to MAVLink router UDP 14550[MAIN] Waiting for telemetry (GPS)...

[TELEM] Waiting for heartbeat...
[TELEM] Heartbeat OK
[MAIN] Telemetry ready: lat=28.422274, lon=77.5262222, h=-0.929
Loading model engine: best.engine
[SCOUT] Connecting to mavlink-router TCP 127.0.0.1:5760
[SCOUT] Connected
[TELEM] Connecting to MAVLink router UDP 14550[MAIN] Waiting for telemetry (GPS)...

[TELEM] Waiting for heartbeat...
[TELEM] Heartbeat OK
[MAIN] Telemetry ready: lat=28.4222756, lon=77.5262209, h=-1.087
Loading model engine: best.engine
[SCOUT] Connecting to mavlink-router TCP 127.0.0.1:5760
[SCOUT] Connected
[TELEM] Connecting to MAVLink router UDP 14550[MAIN] Waiting for telemetry (GPS)...

[TELEM] Waiting for heartbeat...
[TELEM] Heartbeat OK
[MAIN] Telemetry ready: lat=28.4222754, lon=77.5262177, h=4.461
Loading model engine: best.engine
[SCOUT] Connecting to mavlink-router TCP 127.0.0.1:5760
[SCOUT] Connected
[TELEM] Connecting to MAVLink router UDP 14550[MAIN] Waiting for telemetry (GPS)...

[TELEM] Waiting for heartbeat...
[TELEM] Heartbeat OK
[MAIN] Telemetry ready: lat=28.4222756, lon=77.5262181, h=13.409
Loading model engine: best.engine
[SCOUT] Connecting to mavlink-router TCP 127.0.0.1:5760
[SCOUT] Connected
[TELEM] Connecting to MAVLink router UDP 14550[MAIN] Waiting for telemetry (GPS)...

[TELEM] Waiting for heartbeat...
[TELEM] Heartbeat OK
[MAIN] Telemetry ready: lat=28.4223416, lon=77.5261026, h=14.981
Loading model engine: best.engine
[SCOUT] Connecting to mavlink-router TCP 127.0.0.1:5760
[SCOUT] Connected
[TELEM] Connecting to MAVLink router UDP 14550[MAIN] Waiting for telemetry (GPS)...

[TELEM] Waiting for heartbeat...
[TELEM] Heartbeat OK
[MAIN] Telemetry ready: lat=28.422328, lon=77.526326, h=15.056
Loading model engine: best.engine
[SCOUT] Connecting to mavlink-router TCP 127.0.0.1:5760
[SCOUT] Connected
[TELEM] Connecting to MAVLink router UDP 14550[MAIN] Waiting for telemetry (GPS)...

[TELEM] Waiting for heartbeat...
[TELEM] Heartbeat OK
[MAIN] Telemetry ready: lat=28.4223701, lon=77.5265341, h=14.922
Loading model engine: best.engine
[SCOUT] Connecting to mavlink-router TCP 127.0.0.1:5760
[SCOUT] Connected
[TELEM] Connecting to MAVLink router UDP 14550[MAIN] Waiting for telemetry (GPS)...

[TELEM] Waiting for heartbeat...
[TELEM] Heartbeat OK
[MAIN] Telemetry ready: lat=28.4224324, lon=77.526188, h=14.985
Loading model engine: best.engine
[SCOUT] Connecting to mavlink-router TCP 127.0.0.1:5760
[SCOUT] Connected
[TELEM] Connecting to MAVLink router UDP 14550[MAIN] Waiting for telemetry (GPS)...

[TELEM] Waiting for heartbeat...
[TELEM] Heartbeat OK
[MAIN] Telemetry ready: lat=28.4225237, lon=77.526199, h=14.964
Loading model engine: best.engine
[SCOUT] Connecting to mavlink-router TCP 127.0.0.1:5760
[SCOUT] Connected
[TELEM] Connecting to MAVLink router UDP 14550[MAIN] Waiting for telemetry (GPS)...

[TELEM] Waiting for heartbeat...
[TELEM] Heartbeat OK
[MAIN] Telemetry ready: lat=28.4224944, lon=77.5264737, h=15.068
Loading model engine: best.engine
[SCOUT] Connecting to mavlink-router TCP 127.0.0.1:5760
[SCOUT] Connected
[TELEM] Connecting to MAVLink router UDP 14550[MAIN] Waiting for telemetry (GPS)...

[TELEM] Waiting for heartbeat...
[TELEM] Heartbeat OK
[MAIN] Telemetry ready: lat=28.422482, lon=77.5265635, h=17.095
Loading model engine: best.engine
[SCOUT] Connecting to mavlink-router TCP 127.0.0.1:5760
[SCOUT] Connected
[TELEM] Connecting to MAVLink router UDP 14550[MAIN] Waiting for telemetry (GPS)...

[TELEM] Waiting for heartbeat...
[TELEM] Heartbeat OK
[MAIN] Telemetry ready: lat=28.4223327, lon=77.5263174, h=16.986
Loading model engine: best.engine
[SCOUT] Connecting to mavlink-router TCP 127.0.0.1:5760
[SCOUT] Connected
[TELEM] Connecting to MAVLink router UDP 14550[MAIN] Waiting for telemetry (GPS)...

[TELEM] Waiting for heartbeat...
[TELEM] Heartbeat OK
[MAIN] Telemetry ready: lat=28.4222757, lon=77.5262198, h=16.955
Loading model engine: best.engine
[SCOUT] Connecting to mavlink-router TCP 127.0.0.1:5760
[SCOUT] Connected
[TELEM] Connecting to MAVLink router UDP 14550[MAIN] Waiting for telemetry (GPS)...

[TELEM] Waiting for heartbeat...
[TELEM] Heartbeat OK
[MAIN] Telemetry ready: lat=28.4222757, lon=77.5262193, h=11.782
Loading model engine: best.engine
[SCOUT] Connecting to mavlink-router TCP 127.0.0.1:5760
[SCOUT] Connected
[TELEM] Connecting to MAVLink router UDP 14550[MAIN] Waiting for telemetry (GPS)...

[TELEM] Waiting for heartbeat...
[TELEM] Heartbeat OK
[MAIN] Telemetry ready: lat=28.4222758, lon=77.5262195, h=6.573
Loading model engine: best.engine
[SCOUT] Connecting to mavlink-router TCP 127.0.0.1:5760
[SCOUT] Connected
[TELEM] Connecting to MAVLink router UDP 14550[MAIN] Waiting for telemetry (GPS)...

[TELEM] Waiting for heartbeat...
[TELEM] Heartbeat OK
[MAIN] Telemetry ready: lat=28.422275, lon=77.5262196, h=2.025
Loading model engine: best.engine
[SCOUT] Connecting to mavlink-router TCP 127.0.0.1:5760
[SCOUT] Connected
[TELEM] Connecting to MAVLink router UDP 14550[MAIN] Waiting for telemetry (GPS)...

[TELEM] Waiting for heartbeat...
[TELEM] Heartbeat OK
[MAIN] Telemetry ready: lat=28.4222754, lon=77.5262227, h=-0.36
Loading model engine: best.engine
[SCOUT] Connecting to mavlink-router TCP 127.0.0.1:5760
[SCOUT] Connected
[TELEM] Connecting to MAVLink router UDP 14550[MAIN] Waiting for telemetry (GPS)...

[TELEM] Waiting for heartbeat...
[TELEM] Heartbeat OK
[MAIN] Telemetry ready: lat=28.4222762, lon=77.5262234, h=-0.273
Loading model engine: best.engine
[SCOUT] Connecting to mavlink-router TCP 127.0.0.1:5760
[SCOUT] Connected
[TELEM] Connecting to MAVLink router UDP 14550[MAIN] Waiting for telemetry (GPS)...

[TELEM] Waiting for heartbeat...
[TELEM] Heartbeat OK
[MAIN] Telemetry ready: lat=28.4222745, lon=77.5262223, h=-0.272
Loading model engine: best.engine
[SCOUT] Connecting to mavlink-router TCP 127.0.0.1:5760
[SCOUT] Connected
[TELEM] Connecting to MAVLink router UDP 14550[MAIN] Waiting for telemetry (GPS)...

[TELEM] Waiting for heartbeat...
[TELEM] Heartbeat OK
[MAIN] Telemetry ready: lat=28.422276, lon=77.5262201, h=-0.261
Loading model engine: best.engine
[SCOUT] Connecting to mavlink-router TCP 127.0.0.1:5760
[SCOUT] Connected
[TELEM] Connecting to MAVLink router UDP 14550[MAIN] Waiting for telemetry (GPS)...

[TELEM] Waiting for heartbeat...
[TELEM] Heartbeat OK
[MAIN] Telemetry ready: lat=28.4222774, lon=77.5262176, h=-0.294
Loading model engine: best.engine
[SCOUT] Connecting to mavlink-router TCP 127.0.0.1:5760
[SCOUT] Connected
[TELEM] Connecting to MAVLink router UDP 14550[MAIN] Waiting for telemetry (GPS)...

[TELEM] Waiting for heartbeat...
[TELEM] Heartbeat OK
[MAIN] Telemetry ready: lat=28.4222824, lon=77.5262175, h=-0.258
Loading model engine: best.engine
[SCOUT] Connecting to mavlink-router TCP 127.0.0.1:5760
[SCOUT] Connected
[TELEM] Connecting to MAVLink router UDP 14550[MAIN] Waiting for telemetry (GPS)...

[TELEM] Waiting for heartbeat...
[TELEM] Heartbeat OK
[MAIN] Telemetry ready: lat=28.4222872, lon=77.5262179, h=-0.191
Loading model engine: best.engine
[SCOUT] Connecting to mavlink-router TCP 127.0.0.1:5760
[SCOUT] Connected
[TELEM] Connecting to MAVLink router UDP 14550[MAIN] Waiting for telemetry (GPS)...

[TELEM] Waiting for heartbeat...
[TELEM] Heartbeat OK
[MAIN] Telemetry ready: lat=28.4222909, lon=77.5262175, h=-0.12
Loading model engine: best.engine
[SCOUT] Connecting to mavlink-router TCP 127.0.0.1:5760
[SCOUT] Connected
[TELEM] Connecting to MAVLink router UDP 14550[MAIN] Waiting for telemetry (GPS)...

[TELEM] Waiting for heartbeat...
[TELEM] Heartbeat OK
[MAIN] Telemetry ready: lat=28.4222939, lon=77.5262174, h=-0.243
Loading model engine: best.engine
[SCOUT] Connecting to mavlink-router TCP 127.0.0.1:5760
[SCOUT] Connected
[TELEM] Connecting to MAVLink router UDP 14550[MAIN] Waiting for telemetry (GPS)...

[TELEM] Waiting for heartbeat...
[TELEM] Heartbeat OK
[MAIN] Telemetry ready: lat=28.4222961, lon=77.5262182, h=-0.318
Loading model engine: best.engine
[SCOUT] Connecting to mavlink-router TCP 127.0.0.1:5760
[SCOUT] Connected
[TELEM] Connecting to MAVLink router UDP 14550[MAIN] Waiting for telemetry (GPS)...

[TELEM] Waiting for heartbeat...
[TELEM] Heartbeat OK
[MAIN] Telemetry ready: lat=28.4222976, lon=77.5262178, h=-0.167
Loading model engine: best.engine
[SCOUT] Connecting to mavlink-router TCP 127.0.0.1:5760
[SCOUT] Connected
[TELEM] Connecting to MAVLink router UDP 14550[MAIN] Waiting for telemetry (GPS)...

[TELEM] Waiting for heartbeat...
[TELEM] Heartbeat OK
[MAIN] Telemetry ready: lat=28.4222987, lon=77.5262169, h=-0.334
Loading model engine: best.engine
[SCOUT] Connecting to mavlink-router TCP 127.0.0.1:5760
[SCOUT] Connected
[TELEM] Connecting to MAVLink router UDP 14550[MAIN] Waiting for telemetry (GPS)...

[TELEM] Waiting for heartbeat...
[TELEM] Heartbeat OK
[MAIN] Telemetry ready: lat=28.4222987, lon=77.5262182, h=-0.162
Loading model engine: best.engine
[SCOUT] Connecting to mavlink-router TCP 127.0.0.1:5760
[SCOUT] Connected
[TELEM] Connecting to MAVLink router UDP 14550[MAIN] Waiting for telemetry (GPS)...

[TELEM] Waiting for heartbeat...
[TELEM] Heartbeat OK
[MAIN] Telemetry ready: lat=28.4222974, lon=77.5262198, h=-0.337
Loading model engine: best.engine
[SCOUT] Connecting to mavlink-router TCP 127.0.0.1:5760
[SCOUT] Connected
[TELEM] Connecting to MAVLink router UDP 14550[MAIN] Waiting for telemetry (GPS)...

[TELEM] Waiting for heartbeat...
[TELEM] Heartbeat OK
[MAIN] Telemetry ready: lat=28.4222991, lon=77.5262199, h=-0.18
Loading model engine: best.engine
[SCOUT] Connecting to mavlink-router TCP 127.0.0.1:5760
[SCOUT] Connected
[TELEM] Connecting to MAVLink router UDP 14550
[TELEM] Waiting for heartbeat...[MAIN] Waiting for telemetry (GPS)...

[TELEM] Heartbeat OK
[MAIN] Telemetry ready: lat=28.4222988, lon=77.526221, h=-0.179
Loading model engine: best.engine
[SCOUT] Connecting to mavlink-router TCP 127.0.0.1:5760
[SCOUT] Connected
[TELEM] Connecting to MAVLink router UDP 14550
[MAIN] Waiting for telemetry (GPS)...
[TELEM] Waiting for heartbeat...
[TELEM] Heartbeat OK
[MAIN] Telemetry ready: lat=28.4222969, lon=77.5262209, h=-0.267
Loading model engine: best.engine
[SCOUT] Connecting to mavlink-router TCP 127.0.0.1:5760
[SCOUT] Connected
[TELEM] Connecting to MAVLink router UDP 14550[MAIN] Waiting for telemetry (GPS)...

[TELEM] Waiting for heartbeat...
[TELEM] Heartbeat OK
[MAIN] Telemetry ready: lat=28.4222951, lon=77.5262218, h=-0.044
Loading model engine: best.engine
[SCOUT] Connecting to mavlink-router TCP 127.0.0.1:5760
[SCOUT] Connected
[TELEM] Connecting to MAVLink router UDP 14550[MAIN] Waiting for telemetry (GPS)...

[TELEM] Waiting for heartbeat...
[TELEM] Heartbeat OK
[MAIN] Telemetry ready: lat=28.422292, lon=77.5262232, h=-0.164
Loading model engine: best.engine
[SCOUT] Connecting to mavlink-router TCP 127.0.0.1:5760
[SCOUT] Connected
[TELEM] Connecting to MAVLink router UDP 14550[MAIN] Waiting for telemetry (GPS)...

[TELEM] Waiting for heartbeat...
[TELEM] Heartbeat OK
[MAIN] Telemetry ready: lat=28.4222916, lon=77.5262244, h=-0.033
Loading model engine: best.engine
[SCOUT] Connecting to mavlink-router TCP 127.0.0.1:5760
[SCOUT] Connected
[TELEM] Connecting to MAVLink router UDP 14550[MAIN] Waiting for telemetry (GPS)...

[TELEM] Waiting for heartbeat...
[TELEM] Heartbeat OK
[MAIN] Telemetry ready: lat=28.4222935, lon=77.5262233, h=-0.159
Loading model engine: best.engine
[SCOUT] Connecting to mavlink-router TCP 127.0.0.1:5760
[SCOUT] Connected
[TELEM] Connecting to MAVLink router UDP 14550[MAIN] Waiting for telemetry (GPS)...

[TELEM] Waiting for heartbeat...
[TELEM] Heartbeat OK
[MAIN] Telemetry ready: lat=28.4222956, lon=77.5262229, h=-0.121
Loading model engine: best.engine
[SCOUT] Connecting to mavlink-router TCP 127.0.0.1:5760
[SCOUT] Connected
[TELEM] Connecting to MAVLink router UDP 14550[MAIN] Waiting for telemetry (GPS)...

[TELEM] Waiting for heartbeat...
[TELEM] Heartbeat OK
[MAIN] Telemetry ready: lat=28.4222951, lon=77.5262235, h=-0.049
Loading model engine: best.engine
[SCOUT] Connecting to mavlink-router TCP 127.0.0.1:5760
[SCOUT] Connected
[TELEM] Connecting to MAVLink router UDP 14550[MAIN] Waiting for telemetry (GPS)...

[TELEM] Waiting for heartbeat...
[TELEM] Heartbeat OK
[MAIN] Telemetry ready: lat=28.4222969, lon=77.5262222, h=-0.116
Loading model engine: best.engine
[SCOUT] Connecting to mavlink-router TCP 127.0.0.1:5760
[SCOUT] Connected
[TELEM] Connecting to MAVLink router UDP 14550[MAIN] Waiting for telemetry (GPS)...

[TELEM] Waiting for heartbeat...
[TELEM] Heartbeat OK
[MAIN] Telemetry ready: lat=28.422298, lon=77.5262213, h=-0.069
Loading model engine: best.engine
[SCOUT] Connecting to mavlink-router TCP 127.0.0.1:5760
[SCOUT] Connected
[TELEM] Connecting to MAVLink router UDP 14550[MAIN] Waiting for telemetry (GPS)...

[TELEM] Waiting for heartbeat...
[TELEM] Heartbeat OK
[MAIN] Telemetry ready: lat=28.4222998, lon=77.5262206, h=-0.131
Loading model engine: best.engine
[SCOUT] Connecting to mavlink-router TCP 127.0.0.1:5760
[SCOUT] Connected
[TELEM] Connecting to MAVLink router UDP 14550[MAIN] Waiting for telemetry (GPS)...

[TELEM] Waiting for heartbeat...
[TELEM] Heartbeat OK
[MAIN] Telemetry ready: lat=28.4223002, lon=77.5262223, h=-0.093
Loading model engine: best.engine
[SCOUT] Connecting to mavlink-router TCP 127.0.0.1:5760
[SCOUT] Connected
[TELEM] Connecting to MAVLink router UDP 14550[MAIN] Waiting for telemetry (GPS)...

[TELEM] Waiting for heartbeat...
[TELEM] Heartbeat OK
[MAIN] Telemetry ready: lat=28.4222997, lon=77.526222, h=-0.007
Loading model engine: best.engine
[SCOUT] Connecting to mavlink-router TCP 127.0.0.1:5760
[SCOUT] Connected
[TELEM] Connecting to MAVLink router UDP 14550[MAIN] Waiting for telemetry (GPS)...

[TELEM] Waiting for heartbeat...
[TELEM] Heartbeat OK
[MAIN] Telemetry ready: lat=28.4222986, lon=77.5262207, h=-0.117
Loading model engine: best.engine
[SCOUT] Connecting to mavlink-router TCP 127.0.0.1:5760
[SCOUT] Connected
[TELEM] Connecting to MAVLink router UDP 14550[MAIN] Waiting for telemetry (GPS)...

[TELEM] Waiting for heartbeat...
[TELEM] Heartbeat OK
[MAIN] Telemetry ready: lat=28.4222978, lon=77.5262196, h=0.105
Loading model engine: best.engine
[SCOUT] Connecting to mavlink-router TCP 127.0.0.1:5760
[SCOUT] Connected
[TELEM] Connecting to MAVLink router UDP 14550[MAIN] Waiting for telemetry (GPS)...

[TELEM] Waiting for heartbeat...
[TELEM] Heartbeat OK
[MAIN] Telemetry ready: lat=28.4222972, lon=77.5262196, h=-0.062
Loading model engine: best.engine
[SCOUT] Connecting to mavlink-router TCP 127.0.0.1:5760
[SCOUT] Connected
[TELEM] Connecting to MAVLink router UDP 14550[MAIN] Waiting for telemetry (GPS)...

[TELEM] Waiting for heartbeat...
[TELEM] Heartbeat OK
[MAIN] Telemetry ready: lat=28.422297, lon=77.5262207, h=0.087
Loading model engine: best.engine
[SCOUT] Connecting to mavlink-router TCP 127.0.0.1:5760
[SCOUT] Connected
[TELEM] Connecting to MAVLink router UDP 14550[MAIN] Waiting for telemetry (GPS)...

[TELEM] Waiting for heartbeat...
[TELEM] Heartbeat OK
[MAIN] Telemetry ready: lat=28.4222964, lon=77.5262212, h=0.056
Loading model engine: best.engine
[SCOUT] Connecting to mavlink-router TCP 127.0.0.1:5760
[SCOUT] Connected
[TELEM] Connecting to MAVLink router UDP 14550[MAIN] Waiting for telemetry (GPS)...

[TELEM] Waiting for heartbeat...
[TELEM] Heartbeat OK
[MAIN] Telemetry ready: lat=28.422296, lon=77.5262207, h=-0.021
Loading model engine: best.engine
[SCOUT] Connecting to mavlink-router TCP 127.0.0.1:5760
[SCOUT] Connected
[TELEM] Connecting to MAVLink router UDP 14550[MAIN] Waiting for telemetry (GPS)...

[TELEM] Waiting for heartbeat...
[TELEM] Heartbeat OK
[MAIN] Telemetry ready: lat=28.4222927, lon=77.5262194, h=-0.058
Loading model engine: best.engine
[SCOUT] Connecting to mavlink-router TCP 127.0.0.1:5760
[SCOUT] Connected
[TELEM] Connecting to MAVLink router UDP 14550[MAIN] Waiting for telemetry (GPS)...

[TELEM] Waiting for heartbeat...
[TELEM] Heartbeat OK
[MAIN] Telemetry ready: lat=28.4222813, lon=77.5262182, h=0.143
Loading model engine: best.engine
[SCOUT] Connecting to mavlink-router TCP 127.0.0.1:5760
[SCOUT] Connected
[TELEM] Connecting to MAVLink router UDP 14550[MAIN] Waiting for telemetry (GPS)...

[TELEM] Waiting for heartbeat...
[TELEM] Heartbeat OK
[MAIN] Telemetry ready: lat=28.422274, lon=77.5262206, h=0.059
Loading model engine: best.engine
[SCOUT] Connecting to mavlink-router TCP 127.0.0.1:5760
[SCOUT] Connected
[TELEM] Connecting to MAVLink router UDP 14550[MAIN] Waiting for telemetry (GPS)...

[TELEM] Waiting for heartbeat...
[TELEM] Heartbeat OK
[MAIN] Telemetry ready: lat=28.4222751, lon=77.5262187, h=0.117
Loading model engine: best.engine
[SCOUT] Connecting to mavlink-router TCP 127.0.0.1:5760
[SCOUT] Connected
[TELEM] Connecting to MAVLink router UDP 14550[MAIN] Waiting for telemetry (GPS)...

[TELEM] Waiting for heartbeat...
[TELEM] Heartbeat OK
[MAIN] Telemetry ready: lat=28.4222753, lon=77.5262197, h=0.062
Loading model engine: best.engine
[SCOUT] Connecting to mavlink-router TCP 127.0.0.1:5760
[SCOUT] Connected
[TELEM] Connecting to MAVLink router UDP 14550[MAIN] Waiting for telemetry (GPS)...

[TELEM] Waiting for heartbeat...
[TELEM] Heartbeat OK
[MAIN] Telemetry ready: lat=28.4222735, lon=77.5262185, h=0.102
Loading model engine: best.engine
[SCOUT] Connecting to mavlink-router TCP 127.0.0.1:5760
[SCOUT] Connected
[TELEM] Connecting to MAVLink router UDP 14550[MAIN] Waiting for telemetry (GPS)...

[TELEM] Waiting for heartbeat...
[TELEM] Heartbeat OK
[MAIN] Telemetry ready: lat=28.4222746, lon=77.5262155, h=0.082
Loading model engine: best.engine
[SCOUT] Connecting to mavlink-router TCP 127.0.0.1:5760
[SCOUT] Connected
[TELEM] Connecting to MAVLink router UDP 14550[MAIN] Waiting for telemetry (GPS)...

[TELEM] Waiting for heartbeat...
[TELEM] Heartbeat OK
[MAIN] Telemetry ready: lat=28.4222745, lon=77.526215, h=-0.063
Loading model engine: best.engine
[SCOUT] Connecting to mavlink-router TCP 127.0.0.1:5760
[SCOUT] Connected
[TELEM] Connecting to MAVLink router UDP 14550[MAIN] Waiting for telemetry (GPS)...

[TELEM] Waiting for heartbeat...
[TELEM] Heartbeat OK
[MAIN] Telemetry ready: lat=28.4222745, lon=77.5262167, h=0.058
Loading model engine: best.engine
[SCOUT] Connecting to mavlink-router TCP 127.0.0.1:5760
[SCOUT] Connected
[TELEM] Connecting to MAVLink router UDP 14550[MAIN] Waiting for telemetry (GPS)...

[TELEM] Waiting for heartbeat...
[TELEM] Heartbeat OK
[MAIN] Telemetry ready: lat=28.4222759, lon=77.5262161, h=-0.087
Loading model engine: best.engine
[SCOUT] Connecting to mavlink-router TCP 127.0.0.1:5760
[SCOUT] Connected
[TELEM] Connecting to MAVLink router UDP 14550[MAIN] Waiting for telemetry (GPS)...

[TELEM] Waiting for heartbeat...
[TELEM] Heartbeat OK
[MAIN] Telemetry ready: lat=28.4222784, lon=77.5262179, h=0.122
Loading model engine: best.engine
[SCOUT] Connecting to mavlink-router TCP 127.0.0.1:5760
[SCOUT] Connected
[TELEM] Connecting to MAVLink router UDP 14550[MAIN] Waiting for telemetry (GPS)...

[TELEM] Waiting for heartbeat...
[TELEM] Heartbeat OK
[MAIN] Telemetry ready: lat=28.4222779, lon=77.5262185, h=0.071
Loading model engine: best.engine
[SCOUT] Connecting to mavlink-router TCP 127.0.0.1:5760
[SCOUT] Connected
[TELEM] Connecting to MAVLink router UDP 14550[MAIN] Waiting for telemetry (GPS)...

[TELEM] Waiting for heartbeat...
[TELEM] Heartbeat OK
[MAIN] Telemetry ready: lat=28.4222781, lon=77.526218, h=-0.031
Loading model engine: best.engine
[SCOUT] Connecting to mavlink-router TCP 127.0.0.1:5760
[SCOUT] Connected
[TELEM] Connecting to MAVLink router UDP 14550
[MAIN] Waiting for telemetry (GPS)...
[TELEM] Waiting for heartbeat...
[TELEM] Heartbeat OK
[MAIN] Telemetry ready: lat=28.4222787, lon=77.5262161, h=0.166
Loading model engine: best.engine
[SCOUT] Connecting to mavlink-router TCP 127.0.0.1:5760
[SCOUT] Connected
[TELEM] Connecting to MAVLink router UDP 14550[MAIN] Waiting for telemetry (GPS)...

[TELEM] Waiting for heartbeat...
[TELEM] Heartbeat OK
[MAIN] Telemetry ready: lat=28.4222803, lon=77.5262164, h=0.044
Loading model engine: best.engine
[SCOUT] Connecting to mavlink-router TCP 127.0.0.1:5760
[SCOUT] Connected
[TELEM] Connecting to MAVLink router UDP 14550[MAIN] Waiting for telemetry (GPS)...

[TELEM] Waiting for heartbeat...
[TELEM] Heartbeat OK
[MAIN] Telemetry ready: lat=28.4222797, lon=77.5262172, h=0.015
Loading model engine: best.engine
[SCOUT] Connecting to mavlink-router TCP 127.0.0.1:5760
[SCOUT] Connected
[TELEM] Connecting to MAVLink router UDP 14550[MAIN] Waiting for telemetry (GPS)...

[TELEM] Waiting for heartbeat...
[TELEM] Heartbeat OK
[MAIN] Telemetry ready: lat=28.422279, lon=77.5262193, h=0.093
Loading model engine: best.engine
[SCOUT] Connecting to mavlink-router TCP 127.0.0.1:5760
[SCOUT] Connected
[TELEM] Connecting to MAVLink router UDP 14550[MAIN] Waiting for telemetry (GPS)...

[TELEM] Waiting for heartbeat...
[TELEM] Heartbeat OK
[MAIN] Telemetry ready: lat=28.4222793, lon=77.5262185, h=0.128
Loading model engine: best.engine
[SCOUT] Connecting to mavlink-router TCP 127.0.0.1:5760
[SCOUT] Connected
[TELEM] Connecting to MAVLink router UDP 14550[MAIN] Waiting for telemetry (GPS)...

[TELEM] Waiting for heartbeat...
[TELEM] Heartbeat OK
[MAIN] Telemetry ready: lat=28.4222797, lon=77.5262174, h=0.142
Loading model engine: best.engine
[SCOUT] Connecting to mavlink-router TCP 127.0.0.1:5760
[SCOUT] Connected
[TELEM] Connecting to MAVLink router UDP 14550[MAIN] Waiting for telemetry (GPS)...

[TELEM] Waiting for heartbeat...
[TELEM] Heartbeat OK
[MAIN] Telemetry ready: lat=28.422281, lon=77.5262166, h=0.229
Loading model engine: best.engine
[SCOUT] Connecting to mavlink-router TCP 127.0.0.1:5760
[SCOUT] Connected
[TELEM] Connecting to MAVLink router UDP 14550[MAIN] Waiting for telemetry (GPS)...

[TELEM] Waiting for heartbeat...
[TELEM] Heartbeat OK
[MAIN] Telemetry ready: lat=28.4222821, lon=77.5262148, h=0.029
Loading model engine: best.engine
[SCOUT] Connecting to mavlink-router TCP 127.0.0.1:5760
[SCOUT] Connected
[TELEM] Connecting to MAVLink router UDP 14550[MAIN] Waiting for telemetry (GPS)...

[TELEM] Waiting for heartbeat...
[TELEM] Heartbeat OK
[MAIN] Telemetry ready: lat=28.422281, lon=77.5262151, h=0.166
Loading model engine: best.engine
[SCOUT] Connecting to mavlink-router TCP 127.0.0.1:5760
[SCOUT] Connected
[TELEM] Connecting to MAVLink router UDP 14550[MAIN] Waiting for telemetry (GPS)...

[TELEM] Waiting for heartbeat...
[TELEM] Heartbeat OK
[MAIN] Telemetry ready: lat=28.4222798, lon=77.5262152, h=0.077
Loading model engine: best.engine
[SCOUT] Connecting to mavlink-router TCP 127.0.0.1:5760
[SCOUT] Connected
[TELEM] Connecting to MAVLink router UDP 14550[MAIN] Waiting for telemetry (GPS)...

[TELEM] Waiting for heartbeat...
[TELEM] Heartbeat OK
[MAIN] Telemetry ready: lat=28.4222806, lon=77.5262157, h=0.048
Loading model engine: best.engine
[SCOUT] Connecting to mavlink-router TCP 127.0.0.1:5760
[SCOUT] Connected
[TELEM] Connecting to MAVLink router UDP 14550[MAIN] Waiting for telemetry (GPS)...

[TELEM] Waiting for heartbeat...
[TELEM] Heartbeat OK
[MAIN] Telemetry ready: lat=28.4222804, lon=77.5262175, h=0.241
Loading model engine: best.engine
[SCOUT] Connecting to mavlink-router TCP 127.0.0.1:5760
[SCOUT] Connected
[TELEM] Connecting to MAVLink router UDP 14550[MAIN] Waiting for telemetry (GPS)...

[TELEM] Waiting for heartbeat...
[TELEM] Heartbeat OK
[MAIN] Telemetry ready: lat=28.4222799, lon=77.5262175, h=0.201
Loading model engine: best.engine
[SCOUT] Connecting to mavlink-router TCP 127.0.0.1:5760
[SCOUT] Connected
[TELEM] Connecting to MAVLink router UDP 14550[MAIN] Waiting for telemetry (GPS)...

[TELEM] Waiting for heartbeat...
[TELEM] Heartbeat OK
[MAIN] Telemetry ready: lat=28.4222806, lon=77.5262166, h=0.223
Loading model engine: best.engine
[SCOUT] Connecting to mavlink-router TCP 127.0.0.1:5760
[SCOUT] Connected
[TELEM] Connecting to MAVLink router UDP 14550[MAIN] Waiting for telemetry (GPS)...

[TELEM] Waiting for heartbeat...
[TELEM] Heartbeat OK
[MAIN] Telemetry ready: lat=28.4222789, lon=77.5262161, h=0.094
Loading model engine: best.engine
[SCOUT] Connecting to mavlink-router TCP 127.0.0.1:5760
[SCOUT] Connected
[TELEM] Connecting to MAVLink router UDP 14550[MAIN] Waiting for telemetry (GPS)...

[TELEM] Waiting for heartbeat...
[TELEM] Heartbeat OK
[MAIN] Telemetry ready: lat=28.4222775, lon=77.526217, h=0.127
Loading model engine: best.engine
[SCOUT] Connecting to mavlink-router TCP 127.0.0.1:5760
[SCOUT] Connected
[TELEM] Connecting to MAVLink router UDP 14550[MAIN] Waiting for telemetry (GPS)...

[TELEM] Waiting for heartbeat...
[TELEM] Heartbeat OK
[MAIN] Telemetry ready: lat=28.4222768, lon=77.5262172, h=0.227
Loading model engine: best.engine
[SCOUT] Connecting to mavlink-router TCP 127.0.0.1:5760
[SCOUT] Connected
[TELEM] Connecting to MAVLink router UDP 14550[MAIN] Waiting for telemetry (GPS)...

[TELEM] Waiting for heartbeat...
[TELEM] Heartbeat OK
[MAIN] Telemetry ready: lat=28.4222778, lon=77.5262185, h=0.181
Loading model engine: best.engine
[SCOUT] Connecting to mavlink-router TCP 127.0.0.1:5760
[SCOUT] Connected
[TELEM] Connecting to MAVLink router UDP 14550[MAIN] Waiting for telemetry (GPS)...

[TELEM] Waiting for heartbeat...
[TELEM] Heartbeat OK
[MAIN] Telemetry ready: lat=28.422279, lon=77.5262195, h=0.156
Loading model engine: best.engine
[SCOUT] Connecting to mavlink-router TCP 127.0.0.1:5760
[SCOUT] Connected
[TELEM] Connecting to MAVLink router UDP 14550[MAIN] Waiting for telemetry (GPS)...

[TELEM] Waiting for heartbeat...
[TELEM] Heartbeat OK
[MAIN] Telemetry ready: lat=28.4222787, lon=77.5262204, h=0.093
Loading model engine: best.engine
[SCOUT] Connecting to mavlink-router TCP 127.0.0.1:5760
[SCOUT] Connected
[TELEM] Connecting to MAVLink router UDP 14550[MAIN] Waiting for telemetry (GPS)...

[TELEM] Waiting for heartbeat...
[TELEM] Heartbeat OK
[MAIN] Telemetry ready: lat=28.4222777, lon=77.5262213, h=0.165
Loading model engine: best.engine
[SCOUT] Connecting to mavlink-router TCP 127.0.0.1:5760
[SCOUT] Connected
[TELEM] Connecting to MAVLink router UDP 14550[MAIN] Waiting for telemetry (GPS)...

[TELEM] Waiting for heartbeat...
[TELEM] Heartbeat OK
[MAIN] Telemetry ready: lat=28.4222786, lon=77.5262223, h=0.29
Loading model engine: best.engine
[SCOUT] Connecting to mavlink-router TCP 127.0.0.1:5760
[SCOUT] Connected
[TELEM] Connecting to MAVLink router UDP 14550[MAIN] Waiting for telemetry (GPS)...

[TELEM] Waiting for heartbeat...
[TELEM] Heartbeat OK
[MAIN] Telemetry ready: lat=28.422277, lon=77.5262203, h=0.171
Loading model engine: best.engine
[SCOUT] Connecting to mavlink-router TCP 127.0.0.1:5760
[SCOUT] Connected
[TELEM] Connecting to MAVLink router UDP 14550[MAIN] Waiting for telemetry (GPS)...

[TELEM] Waiting for heartbeat...
[TELEM] Heartbeat OK
[MAIN] Telemetry ready: lat=28.4222752, lon=77.5262201, h=0.068
Loading model engine: best.engine
[SCOUT] Connecting to mavlink-router TCP 127.0.0.1:5760
[SCOUT] Connected
[TELEM] Connecting to MAVLink router UDP 14550
[MAIN] Waiting for telemetry (GPS)...
[TELEM] Waiting for heartbeat...
[TELEM] Heartbeat OK
[MAIN] Telemetry ready: lat=28.4222763, lon=77.5262213, h=0.302
Loading model engine: best.engine
[SCOUT] Connecting to mavlink-router TCP 127.0.0.1:5760
[SCOUT] Connected
[TELEM] Connecting to MAVLink router UDP 14550[MAIN] Waiting for telemetry (GPS)...

[TELEM] Waiting for heartbeat...
[TELEM] Heartbeat OK
[MAIN] Telemetry ready: lat=28.4222756, lon=77.5262208, h=0.201
Loading model engine: best.engine
[SCOUT] Connecting to mavlink-router TCP 127.0.0.1:5760
[SCOUT] Connected
[TELEM] Connecting to MAVLink router UDP 14550[MAIN] Waiting for telemetry (GPS)...

[TELEM] Waiting for heartbeat...
[TELEM] Heartbeat OK
[MAIN] Telemetry ready: lat=28.4222764, lon=77.5262204, h=0.287
Loading model engine: best.engine
[SCOUT] Connecting to mavlink-router TCP 127.0.0.1:5760
[SCOUT] Connected
[TELEM] Connecting to MAVLink router UDP 14550[MAIN] Waiting for telemetry (GPS)...

[TELEM] Waiting for heartbeat...
[TELEM] Heartbeat OK
[MAIN] Telemetry ready: lat=28.4222754, lon=77.5262214, h=0.183
Loading model engine: best.engine
[SCOUT] Connecting to mavlink-router TCP 127.0.0.1:5760
[SCOUT] Connected
[TELEM] Connecting to MAVLink router UDP 14550[MAIN] Waiting for telemetry (GPS)...

[TELEM] Waiting for heartbeat...
[TELEM] Heartbeat OK
[MAIN] Telemetry ready: lat=28.4222744, lon=77.5262221, h=0.103
Loading model engine: best.engine
[SCOUT] Connecting to mavlink-router TCP 127.0.0.1:5760
[SCOUT] Connected
[TELEM] Connecting to MAVLink router UDP 14550[MAIN] Waiting for telemetry (GPS)...

[TELEM] Waiting for heartbeat...
[TELEM] Heartbeat OK
[MAIN] Telemetry ready: lat=28.4222765, lon=77.5262205, h=0.201
Loading model engine: best.engine
[SCOUT] Connecting to mavlink-router TCP 127.0.0.1:5760
[SCOUT] Connected
[TELEM] Connecting to MAVLink router UDP 14550[MAIN] Waiting for telemetry (GPS)...

[TELEM] Waiting for heartbeat...
[TELEM] Heartbeat OK
[MAIN] Telemetry ready: lat=28.4222788, lon=77.5262196, h=0.193
Loading model engine: best.engine
[SCOUT] Connecting to mavlink-router TCP 127.0.0.1:5760
[SCOUT] Connected
[TELEM] Connecting to MAVLink router UDP 14550[MAIN] Waiting for telemetry (GPS)...

[TELEM] Waiting for heartbeat...
[TELEM] Heartbeat OK
[MAIN] Telemetry ready: lat=28.4222778, lon=77.5262198, h=0.093
Loading model engine: best.engine
[SCOUT] Connecting to mavlink-router TCP 127.0.0.1:5760
[SCOUT] Connected
[TELEM] Connecting to MAVLink router UDP 14550[MAIN] Waiting for telemetry (GPS)...

[TELEM] Waiting for heartbeat...
[TELEM] Heartbeat OK
[MAIN] Telemetry ready: lat=28.4222771, lon=77.5262192, h=0.198
Loading model engine: best.engine
[SCOUT] Connecting to mavlink-router TCP 127.0.0.1:5760
[SCOUT] Connected
[TELEM] Connecting to MAVLink router UDP 14550[MAIN] Waiting for telemetry (GPS)...

[TELEM] Waiting for heartbeat...
[TELEM] Heartbeat OK
[MAIN] Telemetry ready: lat=28.4222788, lon=77.5262195, h=0.26
Loading model engine: best.engine
[SCOUT] Connecting to mavlink-router TCP 127.0.0.1:5760
[SCOUT] Connected
[TELEM] Connecting to MAVLink router UDP 14550[MAIN] Waiting for telemetry (GPS)...

[TELEM] Waiting for heartbeat...
[TELEM] Heartbeat OK
[MAIN] Telemetry ready: lat=28.4222792, lon=77.5262191, h=0.154
Loading model engine: best.engine
[SCOUT] Connecting to mavlink-router TCP 127.0.0.1:5760
[SCOUT] Connected
[TELEM] Connecting to MAVLink router UDP 14550[MAIN] Waiting for telemetry (GPS)...

[TELEM] Waiting for heartbeat...
[TELEM] Heartbeat OK
[MAIN] Telemetry ready: lat=28.4222804, lon=77.5262196, h=0.143
Loading model engine: best.engine
[SCOUT] Connecting to mavlink-router TCP 127.0.0.1:5760
[SCOUT] Connected
[TELEM] Connecting to MAVLink router UDP 14550[MAIN] Waiting for telemetry (GPS)...

[TELEM] Waiting for heartbeat...
[TELEM] Heartbeat OK
[MAIN] Telemetry ready: lat=28.4222804, lon=77.5262202, h=0.197
Loading model engine: best.engine
[SCOUT] Connecting to mavlink-router TCP 127.0.0.1:5760
[SCOUT] Connected
[TELEM] Connecting to MAVLink router UDP 14550[MAIN] Waiting for telemetry (GPS)...

[TELEM] Waiting for heartbeat...
[TELEM] Heartbeat OK
[MAIN] Telemetry ready: lat=28.4222781, lon=77.5262216, h=0.055
Loading model engine: best.engine
[SCOUT] Connecting to mavlink-router TCP 127.0.0.1:5760
[SCOUT] Connected
[TELEM] Connecting to MAVLink router UDP 14550[MAIN] Waiting for telemetry (GPS)...

[TELEM] Waiting for heartbeat...
[TELEM] Heartbeat OK
[MAIN] Telemetry ready: lat=28.4222771, lon=77.5262211, h=0.259
Loading model engine: best.engine
[SCOUT] Connecting to mavlink-router TCP 127.0.0.1:5760
[SCOUT] Connected
[TELEM] Connecting to MAVLink router UDP 14550[MAIN] Waiting for telemetry (GPS)...

[TELEM] Waiting for heartbeat...
[TELEM] Heartbeat OK
[MAIN] Telemetry ready: lat=28.4222762, lon=77.5262208, h=0.168
Loading model engine: best.engine
[SCOUT] Connecting to mavlink-router TCP 127.0.0.1:5760
[SCOUT] Connected
[TELEM] Connecting to MAVLink router UDP 14550[MAIN] Waiting for telemetry (GPS)...

[TELEM] Waiting for heartbeat...
[TELEM] Heartbeat OK
[MAIN] Telemetry ready: lat=28.4222765, lon=77.5262202, h=0.042
Loading model engine: best.engine
[SCOUT] Connecting to mavlink-router TCP 127.0.0.1:5760
[SCOUT] Connected
[TELEM] Connecting to MAVLink router UDP 14550[MAIN] Waiting for telemetry (GPS)...

[TELEM] Waiting for heartbeat...
[TELEM] Heartbeat OK
[MAIN] Telemetry ready: lat=28.4222766, lon=77.5262195, h=0.135
Loading model engine: best.engine
[SCOUT] Connecting to mavlink-router TCP 127.0.0.1:5760
[SCOUT] Connected
[TELEM] Connecting to MAVLink router UDP 14550[MAIN] Waiting for telemetry (GPS)...

[TELEM] Waiting for heartbeat...
[TELEM] Heartbeat OK
[MAIN] Telemetry ready: lat=28.4222764, lon=77.5262195, h=0.035
Loading model engine: best.engine
[SCOUT] Connecting to mavlink-router TCP 127.0.0.1:5760
[SCOUT] Connected
[TELEM] Connecting to MAVLink router UDP 14550[MAIN] Waiting for telemetry (GPS)...

[TELEM] Waiting for heartbeat...
[TELEM] Heartbeat OK
[MAIN] Telemetry ready: lat=28.4222765, lon=77.5262169, h=-0.05
Loading model engine: best.engine
[SCOUT] Connecting to mavlink-router TCP 127.0.0.1:5760
[SCOUT] Connected
[TELEM] Connecting to MAVLink router UDP 14550[MAIN] Waiting for telemetry (GPS)...

[TELEM] Waiting for heartbeat...
[TELEM] Heartbeat OK
[MAIN] Telemetry ready: lat=28.4222771, lon=77.5262167, h=0.046
Loading model engine: best.engine
[SCOUT] Connecting to mavlink-router TCP 127.0.0.1:5760
[SCOUT] Connected
[TELEM] Connecting to MAVLink router UDP 14550[MAIN] Waiting for telemetry (GPS)...

[TELEM] Waiting for heartbeat...
[TELEM] Heartbeat OK
[MAIN] Telemetry ready: lat=28.4222761, lon=77.5262167, h=0.108
Loading model engine: best.engine
[SCOUT] Connecting to mavlink-router TCP 127.0.0.1:5760
[SCOUT] Connected
[TELEM] Connecting to MAVLink router UDP 14550[MAIN] Waiting for telemetry (GPS)...

[TELEM] Waiting for heartbeat...
[TELEM] Heartbeat OK
[MAIN] Telemetry ready: lat=28.4222753, lon=77.5262165, h=-0.013
Loading model engine: best.engine
[SCOUT] Connecting to mavlink-router TCP 127.0.0.1:5760
[SCOUT] Connected
[TELEM] Connecting to MAVLink router UDP 14550[MAIN] Waiting for telemetry (GPS)...

[TELEM] Waiting for heartbeat...
[TELEM] Heartbeat OK
[MAIN] Telemetry ready: lat=28.4222765, lon=77.5262162, h=-0.008
Loading model engine: best.engine
[SCOUT] Connecting to mavlink-router TCP 127.0.0.1:5760
[SCOUT] Connected
[TELEM] Connecting to MAVLink router UDP 14550[MAIN] Waiting for telemetry (GPS)...

[TELEM] Waiting for heartbeat...
[TELEM] Heartbeat OK
[MAIN] Telemetry ready: lat=28.4222766, lon=77.5262165, h=-0.046
Loading model engine: best.engine
[SCOUT] Connecting to mavlink-router TCP 127.0.0.1:5760
[SCOUT] Connected
[TELEM] Connecting to MAVLink router UDP 14550[MAIN] Waiting for telemetry (GPS)...

[TELEM] Waiting for heartbeat...
[TELEM] Heartbeat OK
[MAIN] Telemetry ready: lat=28.4222775, lon=77.5262171, h=0.017
Loading model engine: best.engine
[SCOUT] Connecting to mavlink-router TCP 127.0.0.1:5760
[SCOUT] Connected
[TELEM] Connecting to MAVLink router UDP 14550[MAIN] Waiting for telemetry (GPS)...

[TELEM] Waiting for heartbeat...
[TELEM] Heartbeat OK
[MAIN] Telemetry ready: lat=28.4222774, lon=77.526218, h=-0.074
Loading model engine: best.engine
[SCOUT] Connecting to mavlink-router TCP 127.0.0.1:5760
[SCOUT] Connected
[TELEM] Connecting to MAVLink router UDP 14550[MAIN] Waiting for telemetry (GPS)...

[TELEM] Waiting for heartbeat...
[TELEM] Heartbeat OK
[MAIN] Telemetry ready: lat=28.4222797, lon=77.5262177, h=-0.078
Loading model engine: best.engine
[SCOUT] Connecting to mavlink-router TCP 127.0.0.1:5760
[SCOUT] Connected
[TELEM] Connecting to MAVLink router UDP 14550[MAIN] Waiting for telemetry (GPS)...

[TELEM] Waiting for heartbeat...
[TELEM] Heartbeat OK
[MAIN] Telemetry ready: lat=28.4222807, lon=77.5262171, h=-0.077
Loading model engine: best.engine
[SCOUT] Connecting to mavlink-router TCP 127.0.0.1:5760
[SCOUT] Connected
[TELEM] Connecting to MAVLink router UDP 14550[MAIN] Waiting for telemetry (GPS)...

[TELEM] Waiting for heartbeat...
[TELEM] Heartbeat OK
[MAIN] Telemetry ready: lat=28.4222813, lon=77.5262171, h=-0.114
Loading model engine: best.engine
[SCOUT] Connecting to mavlink-router TCP 127.0.0.1:5760
[SCOUT] Connected
[TELEM] Connecting to MAVLink router UDP 14550[MAIN] Waiting for telemetry (GPS)...

[TELEM] Waiting for heartbeat...
[TELEM] Heartbeat OK
[MAIN] Telemetry ready: lat=28.4222805, lon=77.5262174, h=-0.235
Loading model engine: best.engine
[SCOUT] Connecting to mavlink-router TCP 127.0.0.1:5760
[SCOUT] Connected
[TELEM] Connecting to MAVLink router UDP 14550[MAIN] Waiting for telemetry (GPS)...

[TELEM] Waiting for heartbeat...
[TELEM] Heartbeat OK
[MAIN] Telemetry ready: lat=28.4222811, lon=77.5262179, h=-0.151
Loading model engine: best.engine
[SCOUT] Connecting to mavlink-router TCP 127.0.0.1:5760
[SCOUT] Connected
[TELEM] Connecting to MAVLink router UDP 14550[MAIN] Waiting for telemetry (GPS)...

[TELEM] Waiting for heartbeat...
[TELEM] Heartbeat OK
[MAIN] Telemetry ready: lat=28.422281, lon=77.5262197, h=-0.129
Loading model engine: best.engine
[SCOUT] Connecting to mavlink-router TCP 127.0.0.1:5760
[SCOUT] Connected
[TELEM] Connecting to MAVLink router UDP 14550[MAIN] Waiting for telemetry (GPS)...

[TELEM] Waiting for heartbeat...
[TELEM] Heartbeat OK
[MAIN] Telemetry ready: lat=28.4222811, lon=77.5262187, h=-0.321
Loading model engine: best.engine
[SCOUT] Connecting to mavlink-router TCP 127.0.0.1:5760
[SCOUT] Connected
[TELEM] Connecting to MAVLink router UDP 14550[MAIN] Waiting for telemetry (GPS)...

[TELEM] Waiting for heartbeat...
[TELEM] Heartbeat OK
[MAIN] Telemetry ready: lat=28.4222801, lon=77.5262181, h=-0.406
Loading model engine: best.engine
[SCOUT] Connecting to mavlink-router TCP 127.0.0.1:5760
[SCOUT] Connected
[TELEM] Connecting to MAVLink router UDP 14550[MAIN] Waiting for telemetry (GPS)...

[TELEM] Waiting for heartbeat...
[TELEM] Heartbeat OK
[MAIN] Telemetry ready: lat=28.4222776, lon=77.5262188, h=-0.362
Loading model engine: best.engine
[SCOUT] Connecting to mavlink-router TCP 127.0.0.1:5760
[SCOUT] Connected
[TELEM] Connecting to MAVLink router UDP 14550[MAIN] Waiting for telemetry (GPS)...

[TELEM] Waiting for heartbeat...
[TELEM] Heartbeat OK
[MAIN] Telemetry ready: lat=28.4222749, lon=77.5262192, h=-0.35
Loading model engine: best.engine
[SCOUT] Connecting to mavlink-router TCP 127.0.0.1:5760
[SCOUT] Connected
[TELEM] Connecting to MAVLink router UDP 14550[MAIN] Waiting for telemetry (GPS)...

[TELEM] Waiting for heartbeat...
[TELEM] Heartbeat OK
[MAIN] Telemetry ready: lat=28.4222759, lon=77.5262206, h=-0.334
Loading model engine: best.engine
[SCOUT] Connecting to mavlink-router TCP 127.0.0.1:5760
[SCOUT] Connected
[TELEM] Connecting to MAVLink router UDP 14550[MAIN] Waiting for telemetry (GPS)...

[TELEM] Waiting for heartbeat...
[TELEM] Heartbeat OK
[MAIN] Telemetry ready: lat=28.4222779, lon=77.5262198, h=-0.478
Loading model engine: best.engine
[SCOUT] Connecting to mavlink-router TCP 127.0.0.1:5760
[SCOUT] Connected
[TELEM] Connecting to MAVLink router UDP 14550[MAIN] Waiting for telemetry (GPS)...

[TELEM] Waiting for heartbeat...
[TELEM] Heartbeat OK
[MAIN] Telemetry ready: lat=28.4222779, lon=77.5262177, h=-0.418
Loading model engine: best.engine
[SCOUT] Connecting to mavlink-router TCP 127.0.0.1:5760
[SCOUT] Connected
[TELEM] Connecting to MAVLink router UDP 14550[MAIN] Waiting for telemetry (GPS)...

[TELEM] Waiting for heartbeat...
[TELEM] Heartbeat OK
[MAIN] Telemetry ready: lat=28.4222767, lon=77.5262184, h=-0.446
Loading model engine: best.engine
[SCOUT] Connecting to mavlink-router TCP 127.0.0.1:5760
[SCOUT] Connected
[TELEM] Connecting to MAVLink router UDP 14550[MAIN] Waiting for telemetry (GPS)...

[TELEM] Waiting for heartbeat...
[TELEM] Heartbeat OK
[MAIN] Telemetry ready: lat=28.4222781, lon=77.5262184, h=-0.375
Loading model engine: best.engine
[SCOUT] Connecting to mavlink-router TCP 127.0.0.1:5760
[SCOUT] Connected
[TELEM] Connecting to MAVLink router UDP 14550[MAIN] Waiting for telemetry (GPS)...

[TELEM] Waiting for heartbeat...
[TELEM] Heartbeat OK
[MAIN] Telemetry ready: lat=28.4222785, lon=77.5262169, h=-0.435
Loading model engine: best.engine
[SCOUT] Connecting to mavlink-router TCP 127.0.0.1:5760
[SCOUT] Connected
[TELEM] Connecting to MAVLink router UDP 14550[MAIN] Waiting for telemetry (GPS)...

[TELEM] Waiting for heartbeat...
[TELEM] Heartbeat OK
[MAIN] Telemetry ready: lat=28.4222767, lon=77.5262163, h=-0.423
Loading model engine: best.engine
[SCOUT] Connecting to mavlink-router TCP 127.0.0.1:5760
[SCOUT] Connected
[TELEM] Connecting to MAVLink router UDP 14550[MAIN] Waiting for telemetry (GPS)...

[TELEM] Waiting for heartbeat...
[TELEM] Heartbeat OK
[MAIN] Telemetry ready: lat=28.4222758, lon=77.5262157, h=-0.425
Loading model engine: best.engine
[SCOUT] Connecting to mavlink-router TCP 127.0.0.1:5760
[SCOUT] Connected
[TELEM] Connecting to MAVLink router UDP 14550[MAIN] Waiting for telemetry (GPS)...

[TELEM] Waiting for heartbeat...
[TELEM] Heartbeat OK
[MAIN] Telemetry ready: lat=28.4222759, lon=77.5262154, h=-0.513
Loading model engine: best.engine
[SCOUT] Connecting to mavlink-router TCP 127.0.0.1:5760
[SCOUT] Connected
[TELEM] Connecting to MAVLink router UDP 14550[MAIN] Waiting for telemetry (GPS)...

[TELEM] Waiting for heartbeat...
[TELEM] Heartbeat OK
[MAIN] Telemetry ready: lat=28.4222759, lon=77.5262151, h=-0.458
Loading model engine: best.engine
[SCOUT] Connecting to mavlink-router TCP 127.0.0.1:5760
[SCOUT] Connected
[TELEM] Connecting to MAVLink router UDP 14550[MAIN] Waiting for telemetry (GPS)...

[TELEM] Waiting for heartbeat...
[TELEM] Heartbeat OK
[MAIN] Telemetry ready: lat=28.4222782, lon=77.5262184, h=-0.579
Loading model engine: best.engine
[SCOUT] Connecting to mavlink-router TCP 127.0.0.1:5760
[SCOUT] Connected
[TELEM] Connecting to MAVLink router UDP 14550
[TELEM] Waiting for heartbeat...[MAIN] Waiting for telemetry (GPS)...

[TELEM] Heartbeat OK
[MAIN] Telemetry ready: lat=28.4222772, lon=77.5262187, h=-0.581
Loading model engine: best.engine
[SCOUT] Connecting to mavlink-router TCP 127.0.0.1:5760
[SCOUT] Connected
[TELEM] Connecting to MAVLink router UDP 14550[MAIN] Waiting for telemetry (GPS)...

[TELEM] Waiting for heartbeat...
[TELEM] Heartbeat OK
[MAIN] Telemetry ready: lat=28.4222779, lon=77.5262201, h=-0.454
Loading model engine: best.engine
[SCOUT] Connecting to mavlink-router TCP 127.0.0.1:5760
[SCOUT] Connected
[TELEM] Connecting to MAVLink router UDP 14550[MAIN] Waiting for telemetry (GPS)...

[TELEM] Waiting for heartbeat...
[TELEM] Heartbeat OK
[MAIN] Telemetry ready: lat=28.4222794, lon=77.5262219, h=-0.592
Loading model engine: best.engine
[SCOUT] Connecting to mavlink-router TCP 127.0.0.1:5760
[SCOUT] Connected
[TELEM] Connecting to MAVLink router UDP 14550
[TELEM] Waiting for heartbeat...
[MAIN] Waiting for telemetry (GPS)...
                                                                                                                                                                                                                                                                                                                                                                                                                                                                                                                                                                                                                                                                                                                                                                        [SCOUT] Connecting to mavlink-router TCP 127.0.0.1:5760
[SCOUT] Connected
[TELEM] Connecting to MAVLink router UDP 14550[MAIN] Waiting for telemetry (GPS)...

[TELEM] Waiting for heartbeat...
[TELEM] Heartbeat OK
[MAIN] WARNING: telemetry not ready after 30s, continuing anyway
Loading model engine: best.engine
[SCOUT] Connecting to mavlink-router TCP 127.0.0.1:5760
[SCOUT] Connected
[TELEM] Connecting to MAVLink router UDP 14550[MAIN] Waiting for telemetry (GPS)...

[TELEM] Waiting for heartbeat...
[TELEM] Heartbeat OK
[MAIN] WARNING: telemetry not ready after 30s, continuing anyway
Loading model engine: best.engine
[SCOUT] Connecting to mavlink-router TCP 127.0.0.1:5760
[SCOUT] Connected
[TELEM] Connecting to MAVLink router UDP 14550[MAIN] Waiting for telemetry (GPS)...

[TELEM] Waiting for heartbeat...
[TELEM] Heartbeat OK
[MAIN] WARNING: telemetry not ready after 30s, continuing anyway
Loading model engine: best.engine
[SCOUT] Connecting to mavlink-router TCP 127.0.0.1:5760
[SCOUT] Connected
[TELEM] Connecting to MAVLink router UDP 14550[MAIN] Waiting for telemetry (GPS)...

[TELEM] Waiting for heartbeat...
[TELEM] Heartbeat OK
[MAIN] Telemetry ready: lat=28.4223083, lon=77.5262181, h=1.359
Loading model engine: best.engine
[SCOUT] Connecting to mavlink-router TCP 127.0.0.1:5760
[SCOUT] Connected
[TELEM] Connecting to MAVLink router UDP 14550[MAIN] Waiting for telemetry (GPS)...

[TELEM] Waiting for heartbeat...
[TELEM] Heartbeat OK
[MAIN] Telemetry ready: lat=28.422309, lon=77.5262203, h=1.44
Loading model engine: best.engine
[SCOUT] Connecting to mavlink-router TCP 127.0.0.1:5760
[SCOUT] Connected
[TELEM] Connecting to MAVLink router UDP 14550[MAIN] Waiting for telemetry (GPS)...

[TELEM] Waiting for heartbeat...
[TELEM] Heartbeat OK
[MAIN] Telemetry ready: lat=28.4223077, lon=77.5262208, h=1.372
Loading model engine: best.engine
[SCOUT] Connecting to mavlink-router TCP 127.0.0.1:5760
[SCOUT] Connected
[TELEM] Connecting to MAVLink router UDP 14550[MAIN] Waiting for telemetry (GPS)...

[TELEM] Waiting for heartbeat...
[TELEM] Heartbeat OK
[MAIN] Telemetry ready: lat=28.4223061, lon=77.5262211, h=1.336
Loading model engine: best.engine
[SCOUT] Connecting to mavlink-router TCP 127.0.0.1:5760
[SCOUT] Connected
[TELEM] Connecting to MAVLink router UDP 14550[MAIN] Waiting for telemetry (GPS)...

[TELEM] Waiting for heartbeat...
[TELEM] Heartbeat OK
[MAIN] Telemetry ready: lat=28.4223069, lon=77.5262227, h=1.425
Loading model engine: best.engine
[SCOUT] Connecting to mavlink-router TCP 127.0.0.1:5760
[SCOUT] Connected
[TELEM] Connecting to MAVLink router UDP 14550[MAIN] Waiting for telemetry (GPS)...

[TELEM] Waiting for heartbeat...
[TELEM] Heartbeat OK
[MAIN] Telemetry ready: lat=28.4223064, lon=77.5262235, h=1.315
Loading model engine: best.engine
[SCOUT] Connecting to mavlink-router TCP 127.0.0.1:5760
[SCOUT] Connected
[TELEM] Connecting to MAVLink router UDP 14550[MAIN] Waiting for telemetry (GPS)...

[TELEM] Waiting for heartbeat...
[TELEM] Heartbeat OK
[MAIN] Telemetry ready: lat=28.4223046, lon=77.5262254, h=1.272
Loading model engine: best.engine
[SCOUT] Connecting to mavlink-router TCP 127.0.0.1:5760
[SCOUT] Connected
[TELEM] Connecting to MAVLink router UDP 14550[MAIN] Waiting for telemetry (GPS)...

[TELEM] Waiting for heartbeat...
[TELEM] Heartbeat OK
[MAIN] Telemetry ready: lat=28.4223009, lon=77.5262251, h=1.168
Loading model engine: best.engine
[SCOUT] Connecting to mavlink-router TCP 127.0.0.1:5760
[SCOUT] Connected
[TELEM] Connecting to MAVLink router UDP 14550[MAIN] Waiting for telemetry (GPS)...

[TELEM] Waiting for heartbeat...
[TELEM] Heartbeat OK
[MAIN] Telemetry ready: lat=28.4222999, lon=77.5262247, h=1.156
Loading model engine: best.engine
[SCOUT] Connecting to mavlink-router TCP 127.0.0.1:5760
[SCOUT] Connected
[TELEM] Connecting to MAVLink router UDP 14550[MAIN] Waiting for telemetry (GPS)...

[TELEM] Waiting for heartbeat...
[TELEM] Heartbeat OK
[MAIN] Telemetry ready: lat=28.4222998, lon=77.5262235, h=1.175
Loading model engine: best.engine
[SCOUT] Connecting to mavlink-router TCP 127.0.0.1:5760
[SCOUT] Connected
[TELEM] Connecting to MAVLink router UDP 14550[MAIN] Waiting for telemetry (GPS)...

[TELEM] Waiting for heartbeat...
[TELEM] Heartbeat OK
[MAIN] Telemetry ready: lat=28.4223, lon=77.5262241, h=0.996
Loading model engine: best.engine
[SCOUT] Connecting to mavlink-router TCP 127.0.0.1:5760
[SCOUT] Connected
[TELEM] Connecting to MAVLink router UDP 14550[MAIN] Waiting for telemetry (GPS)...

[TELEM] Waiting for heartbeat...
[TELEM] Heartbeat OK
[MAIN] Telemetry ready: lat=28.4223, lon=77.5262258, h=1.151
Loading model engine: best.engine
[SCOUT] Connecting to mavlink-router TCP 127.0.0.1:5760
[SCOUT] Connected
[TELEM] Connecting to MAVLink router UDP 14550[MAIN] Waiting for telemetry (GPS)...

[TELEM] Waiting for heartbeat...
[TELEM] Heartbeat OK
[MAIN] Telemetry ready: lat=28.4222993, lon=77.5262271, h=0.893
Loading model engine: best.engine
[SCOUT] Connecting to mavlink-router TCP 127.0.0.1:5760
[SCOUT] Connected
[TELEM] Connecting to MAVLink router UDP 14550[MAIN] Waiting for telemetry (GPS)...

[TELEM] Waiting for heartbeat...
[TELEM] Heartbeat OK
[MAIN] Telemetry ready: lat=28.4222982, lon=77.5262274, h=0.967
Loading model engine: best.engine
[SCOUT] Connecting to mavlink-router TCP 127.0.0.1:5760
[SCOUT] Connected
[TELEM] Connecting to MAVLink router UDP 14550[MAIN] Waiting for telemetry (GPS)...

[TELEM] Waiting for heartbeat...
[TELEM] Heartbeat OK
[MAIN] Telemetry ready: lat=28.4222983, lon=77.5262278, h=0.79
Loading model engine: best.engine
[SCOUT] Connecting to mavlink-router TCP 127.0.0.1:5760
[SCOUT] Connected
[TELEM] Connecting to MAVLink router UDP 14550[MAIN] Waiting for telemetry (GPS)...

[TELEM] Waiting for heartbeat...
[TELEM] Heartbeat OK
[MAIN] Telemetry ready: lat=28.4222987, lon=77.526229, h=0.719
Loading model engine: best.engine
[SCOUT] Connecting to mavlink-router TCP 127.0.0.1:5760
[SCOUT] Connected
[TELEM] Connecting to MAVLink router UDP 14550[MAIN] Waiting for telemetry (GPS)...

[TELEM] Waiting for heartbeat...
[TELEM] Heartbeat OK
[MAIN] Telemetry ready: lat=28.4222987, lon=77.5262291, h=0.846
Loading model engine: best.engine
[SCOUT] Connecting to mavlink-router TCP 127.0.0.1:5760
[SCOUT] Connected
[TELEM] Connecting to MAVLink router UDP 14550[MAIN] Waiting for telemetry (GPS)...

[TELEM] Waiting for heartbeat...
[TELEM] Heartbeat OK
[MAIN] Telemetry ready: lat=28.4222915, lon=77.5262253, h=0.664
Loading model engine: best.engine
[SCOUT] Connecting to mavlink-router TCP 127.0.0.1:5760
[SCOUT] Connected
[TELEM] Connecting to MAVLink router UDP 14550[MAIN] Waiting for telemetry (GPS)...

[TELEM] Waiting for heartbeat...
[TELEM] Heartbeat OK
[MAIN] Telemetry ready: lat=28.4222866, lon=77.526224, h=0.65
Loading model engine: best.engine
[SCOUT] Connecting to mavlink-router TCP 127.0.0.1:5760
[SCOUT] Connected
[TELEM] Connecting to MAVLink router UDP 14550[MAIN] Waiting for telemetry (GPS)...

[TELEM] Waiting for heartbeat...
[TELEM] Heartbeat OK
[MAIN] Telemetry ready: lat=28.4222831, lon=77.5262237, h=0.564
Loading model engine: best.engine
[SCOUT] Connecting to mavlink-router TCP 127.0.0.1:5760
[SCOUT] Connected
[TELEM] Connecting to MAVLink router UDP 14550[MAIN] Waiting for telemetry (GPS)...

[TELEM] Waiting for heartbeat...
[TELEM] Heartbeat OK
[MAIN] Telemetry ready: lat=28.4222823, lon=77.5262258, h=0.432
Loading model engine: best.engine
[SCOUT] Connecting to mavlink-router TCP 127.0.0.1:5760
[SCOUT] Connected
[TELEM] Connecting to MAVLink router UDP 14550[MAIN] Waiting for telemetry (GPS)...

[TELEM] Waiting for heartbeat...
[TELEM] Heartbeat OK
[MAIN] Telemetry ready: lat=28.422283, lon=77.5262263, h=0.438
Loading model engine: best.engine
[SCOUT] Connecting to mavlink-router TCP 127.0.0.1:5760
[SCOUT] Connected
[TELEM] Connecting to MAVLink router UDP 14550[MAIN] Waiting for telemetry (GPS)...

[TELEM] Waiting for heartbeat...
[TELEM] Heartbeat OK
[MAIN] Telemetry ready: lat=28.4222848, lon=77.5262305, h=0.244
Loading model engine: best.engine
[SCOUT] Connecting to mavlink-router TCP 127.0.0.1:5760
[SCOUT] Connected
[TELEM] Connecting to MAVLink router UDP 14550[MAIN] Waiting for telemetry (GPS)...

[TELEM] Waiting for heartbeat...
[TELEM] Heartbeat OK
[MAIN] Telemetry ready: lat=28.4222843, lon=77.5262322, h=0.217
Loading model engine: best.engine
[SCOUT] Connecting to mavlink-router TCP 127.0.0.1:5760
[SCOUT] Connected
[TELEM] Connecting to MAVLink router UDP 14550[MAIN] Waiting for telemetry (GPS)...

[TELEM] Waiting for heartbeat...
[TELEM] Heartbeat OK
[MAIN] Telemetry ready: lat=28.4222845, lon=77.5262301, h=0.183
Loading model engine: best.engine
[SCOUT] Connecting to mavlink-router TCP 127.0.0.1:5760
[SCOUT] Connected
[TELEM] Connecting to MAVLink router UDP 14550[MAIN] Waiting for telemetry (GPS)...

[TELEM] Waiting for heartbeat...
[TELEM] Heartbeat OK
[MAIN] Telemetry ready: lat=28.4222844, lon=77.5262298, h=0.348
Loading model engine: best.engine
[SCOUT] Connecting to mavlink-router TCP 127.0.0.1:5760
[SCOUT] Connected
[TELEM] Connecting to MAVLink router UDP 14550[MAIN] Waiting for telemetry (GPS)...

[TELEM] Waiting for heartbeat...
[TELEM] Heartbeat OK
[MAIN] Telemetry ready: lat=28.4222866, lon=77.5262305, h=0.744
Loading model engine: best.engine
[SCOUT] Connecting to mavlink-router TCP 127.0.0.1:5760
[SCOUT] Connected
[TELEM] Connecting to MAVLink router UDP 14550[MAIN] Waiting for telemetry (GPS)...

[TELEM] Waiting for heartbeat...
[TELEM] Heartbeat OK
[MAIN] Telemetry ready: lat=28.4222812, lon=77.5262295, h=0.875
Loading model engine: best.engine
[SCOUT] Connecting to mavlink-router TCP 127.0.0.1:5760
[SCOUT] Connected
[TELEM] Connecting to MAVLink router UDP 14550[MAIN] Waiting for telemetry (GPS)...

[TELEM] Waiting for heartbeat...
[TELEM] Heartbeat OK
[MAIN] Telemetry ready: lat=28.4222802, lon=77.5262269, h=0.986
Loading model engine: best.engine
[SCOUT] Connecting to mavlink-router TCP 127.0.0.1:5760
[SCOUT] Connected
[TELEM] Connecting to MAVLink router UDP 14550[MAIN] Waiting for telemetry (GPS)...

[TELEM] Waiting for heartbeat...
[TELEM] Heartbeat OK
[MAIN] Telemetry ready: lat=28.4222788, lon=77.5262259, h=0.859
Loading model engine: best.engine
[SCOUT] Connecting to mavlink-router TCP 127.0.0.1:5760
[SCOUT] Connected
[TELEM] Connecting to MAVLink router UDP 14550[MAIN] Waiting for telemetry (GPS)...

[TELEM] Waiting for heartbeat...
[TELEM] Heartbeat OK
[MAIN] Telemetry ready: lat=28.4222806, lon=77.5262279, h=0.875
Loading model engine: best.engine
[SCOUT] Connecting to mavlink-router TCP 127.0.0.1:5760
[SCOUT] Connected
[TELEM] Connecting to MAVLink router UDP 14550[MAIN] Waiting for telemetry (GPS)...

[TELEM] Waiting for heartbeat...
[TELEM] Heartbeat OK
[MAIN] Telemetry ready: lat=28.4222849, lon=77.5262294, h=0.967
Loading model engine: best.engine
[SCOUT] Connecting to mavlink-router TCP 127.0.0.1:5760
[SCOUT] Connected
[TELEM] Connecting to MAVLink router UDP 14550[MAIN] Waiting for telemetry (GPS)...

[TELEM] Waiting for heartbeat...
[TELEM] Heartbeat OK
[MAIN] Telemetry ready: lat=28.4222866, lon=77.5262303, h=1.04
Loading model engine: best.engine
[SCOUT] Connecting to mavlink-router TCP 127.0.0.1:5760
[SCOUT] Connected
[TELEM] Connecting to MAVLink router UDP 14550[MAIN] Waiting for telemetry (GPS)...

[TELEM] Waiting for heartbeat...
[TELEM] Heartbeat OK
[MAIN] Telemetry ready: lat=28.4222855, lon=77.5262281, h=1.021
Loading model engine: best.engine
[SCOUT] Connecting to mavlink-router TCP 127.0.0.1:5760
[SCOUT] Connected
[TELEM] Connecting to MAVLink router UDP 14550[MAIN] Waiting for telemetry (GPS)...

[TELEM] Waiting for heartbeat...
[TELEM] Heartbeat OK
[MAIN] Telemetry ready: lat=28.4222841, lon=77.5262287, h=0.846
Loading model engine: best.engine
[SCOUT] Connecting to mavlink-router TCP 127.0.0.1:5760
[SCOUT] Connected
[TELEM] Connecting to MAVLink router UDP 14550[MAIN] Waiting for telemetry (GPS)...

[TELEM] Waiting for heartbeat...
[TELEM] Heartbeat OK
[MAIN] Telemetry ready: lat=28.4222825, lon=77.5262284, h=1.06
Loading model engine: best.engine
[SCOUT] Connecting to mavlink-router TCP 127.0.0.1:5760
[SCOUT] Connected
[TELEM] Connecting to MAVLink router UDP 14550[MAIN] Waiting for telemetry (GPS)...

[TELEM] Waiting for heartbeat...
[TELEM] Heartbeat OK
[MAIN] Telemetry ready: lat=28.4222815, lon=77.5262283, h=0.926
Loading model engine: best.engine
[SCOUT] Connecting to mavlink-router TCP 127.0.0.1:5760
[SCOUT] Connected
[TELEM] Connecting to MAVLink router UDP 14550[MAIN] Waiting for telemetry (GPS)...

[TELEM] Waiting for heartbeat...
[TELEM] Heartbeat OK
[MAIN] Telemetry ready: lat=28.4222814, lon=77.5262275, h=1.033
Loading model engine: best.engine
[SCOUT] Connecting to mavlink-router TCP 127.0.0.1:5760
[SCOUT] Connected
[TELEM] Connecting to MAVLink router UDP 14550[MAIN] Waiting for telemetry (GPS)...

[TELEM] Waiting for heartbeat...
[TELEM] Heartbeat OK
[MAIN] Telemetry ready: lat=28.422282, lon=77.5262282, h=0.849
Loading model engine: best.engine
[SCOUT] Connecting to mavlink-router TCP 127.0.0.1:5760
[SCOUT] Connected
[TELEM] Connecting to MAVLink router UDP 14550[MAIN] Waiting for telemetry (GPS)...

[TELEM] Waiting for heartbeat...
[TELEM] Heartbeat OK
[MAIN] Telemetry ready: lat=28.4222833, lon=77.5262261, h=0.994
Loading model engine: best.engine
[SCOUT] Connecting to mavlink-router TCP 127.0.0.1:5760
[SCOUT] Connected
[TELEM] Connecting to MAVLink router UDP 14550[MAIN] Waiting for telemetry (GPS)...

[TELEM] Waiting for heartbeat...
[TELEM] Heartbeat OK
[MAIN] Telemetry ready: lat=28.4222798, lon=77.5262256, h=0.88
Loading model engine: best.engine
[SCOUT] Connecting to mavlink-router TCP 127.0.0.1:5760
[SCOUT] Connected
[TELEM] Connecting to MAVLink router UDP 14550[MAIN] Waiting for telemetry (GPS)...

[TELEM] Waiting for heartbeat...
[TELEM] Heartbeat OK
[MAIN] Telemetry ready: lat=28.4222798, lon=77.5262264, h=0.916
Loading model engine: best.engine
[SCOUT] Connecting to mavlink-router TCP 127.0.0.1:5760
[SCOUT] Connected
[TELEM] Connecting to MAVLink router UDP 14550[MAIN] Waiting for telemetry (GPS)...

[TELEM] Waiting for heartbeat...
[TELEM] Heartbeat OK
[MAIN] Telemetry ready: lat=28.4222812, lon=77.5262284, h=0.918
Loading model engine: best.engine
[SCOUT] Connecting to mavlink-router TCP 127.0.0.1:5760
[SCOUT] Connected
[TELEM] Connecting to MAVLink router UDP 14550[MAIN] Waiting for telemetry (GPS)...

[TELEM] Waiting for heartbeat...
[TELEM] Heartbeat OK
[MAIN] Telemetry ready: lat=28.4222817, lon=77.5262304, h=0.829
Loading model engine: best.engine
[SCOUT] Connecting to mavlink-router TCP 127.0.0.1:5760
[SCOUT] Connected
[TELEM] Connecting to MAVLink router UDP 14550[MAIN] Waiting for telemetry (GPS)...

[TELEM] Waiting for heartbeat...
[TELEM] Heartbeat OK
[MAIN] Telemetry ready: lat=28.4222801, lon=77.5262287, h=0.862
Loading model engine: best.engine
[SCOUT] Connecting to mavlink-router TCP 127.0.0.1:5760
[SCOUT] Connected
[TELEM] Connecting to MAVLink router UDP 14550[MAIN] Waiting for telemetry (GPS)...

[TELEM] Waiting for heartbeat...
[TELEM] Heartbeat OK
[MAIN] Telemetry ready: lat=28.4222787, lon=77.5262283, h=0.792
Loading model engine: best.engine
[SCOUT] Connecting to mavlink-router TCP 127.0.0.1:5760
[SCOUT] Connected
[TELEM] Connecting to MAVLink router UDP 14550[MAIN] Waiting for telemetry (GPS)...

[TELEM] Waiting for heartbeat...
[TELEM] Heartbeat OK
[MAIN] Telemetry ready: lat=28.4222791, lon=77.5262267, h=0.754
Loading model engine: best.engine
[SCOUT] Connecting to mavlink-router TCP 127.0.0.1:5760
[SCOUT] Connected
[TELEM] Connecting to MAVLink router UDP 14550[MAIN] Waiting for telemetry (GPS)...

[TELEM] Waiting for heartbeat...
[TELEM] Heartbeat OK
[MAIN] Telemetry ready: lat=28.42228, lon=77.5262247, h=0.926
Loading model engine: best.engine
                                                                                                                                                                                                                                                                                                                      [SCOUT] Connecting to mavlink-router TCP 127.0.0.1:5760
[SCOUT] Connected
[TELEM] Connecting to MAVLink router UDP 14550
[TELEM] Waiting for heartbeat...
[MAIN] Waiting for telemetry (GPS)...
[TELEM] Heartbeat OK
[MAIN] WARNING: telemetry not ready after 30s, continuing anyway
Loading model engine: best.engine
[SCOUT] Connecting to mavlink-router TCP 127.0.0.1:5760
[SCOUT] Connected
[TELEM] Connecting to MAVLink router UDP 14550[MAIN] Waiting for telemetry (GPS)...

[TELEM] Waiting for heartbeat...
[TELEM] Heartbeat OK
[MAIN] WARNING: telemetry not ready after 30s, continuing anyway
Loading model engine: best.engine
[SCOUT] Connecting to mavlink-router TCP 127.0.0.1:5760
[SCOUT] Connected
[TELEM] Connecting to MAVLink router UDP 14550[MAIN] Waiting for telemetry (GPS)...

[TELEM] Waiting for heartbeat...
[TELEM] Heartbeat OK
[MAIN] WARNING: telemetry not ready after 30s, continuing anyway
Loading model engine: best.engine
[SCOUT] Connecting to mavlink-router TCP 127.0.0.1:5760
[SCOUT] Connected
[TELEM] Connecting to MAVLink router UDP 14550[MAIN] Waiting for telemetry (GPS)...

[TELEM] Waiting for heartbeat...
[TELEM] Heartbeat OK
[MAIN] WARNING: telemetry not ready after 30s, continuing anyway
Loading model engine: best.engine
[SCOUT] Connecting to mavlink-router TCP 127.0.0.1:5760
[SCOUT] Connected
[TELEM] Connecting to MAVLink router UDP 14550[MAIN] Waiting for telemetry (GPS)...

[TELEM] Waiting for heartbeat...
[TELEM] Heartbeat OK
[MAIN] WARNING: telemetry not ready after 30s, continuing anyway
Loading model engine: best.engine
[SCOUT] Connecting to mavlink-router TCP 127.0.0.1:5760
[SCOUT] Connected
[TELEM] Connecting to MAVLink router UDP 14550[MAIN] Waiting for telemetry (GPS)...

[TELEM] Waiting for heartbeat...
[TELEM] Heartbeat OK
[MAIN] WARNING: telemetry not ready after 30s, continuing anyway
Loading model engine: best.engine
[SCOUT] Connecting to mavlink-router TCP 127.0.0.1:5760
[SCOUT] Connected
[TELEM] Connecting to MAVLink router UDP 14550[MAIN] Waiting for telemetry (GPS)...

[TELEM] Waiting for heartbeat...
[TELEM] Heartbeat OK
[MAIN] WARNING: telemetry not ready after 30s, continuing anyway
Loading model engine: best.engine
[SCOUT] Connecting to mavlink-router TCP 127.0.0.1:5760
[SCOUT] Connected
[TELEM] Connecting to MAVLink router UDP 14550[MAIN] Waiting for telemetry (GPS)...

[TELEM] Waiting for heartbeat...
[TELEM] Heartbeat OK
[MAIN] WARNING: telemetry not ready after 30s, continuing anyway
Loading model engine: best.engine
[SCOUT] Connecting to mavlink-router TCP 127.0.0.1:5760
[SCOUT] Connected
[TELEM] Connecting to MAVLink router UDP 14550[MAIN] Waiting for telemetry (GPS)...

[TELEM] Waiting for heartbeat...
[TELEM] Heartbeat OK
[MAIN] WARNING: telemetry not ready after 30s, continuing anyway
Loading model engine: best.engine
[SCOUT] Connecting to mavlink-router TCP 127.0.0.1:5760
[SCOUT] Connected
[TELEM] Connecting to MAVLink router UDP 14550[MAIN] Waiting for telemetry (GPS)...

[TELEM] Waiting for heartbeat...
[TELEM] Heartbeat OK
[MAIN] WARNING: telemetry not ready after 30s, continuing anyway
Loading model engine: best.engine
[SCOUT] Connecting to mavlink-router TCP 127.0.0.1:5760
[SCOUT] Connected
[TELEM] Connecting to MAVLink router UDP 14550[MAIN] Waiting for telemetry (GPS)...

[TELEM] Waiting for heartbeat...
[TELEM] Heartbeat OK
[MAIN] WARNING: telemetry not ready after 30s, continuing anyway
Loading model engine: best.engine
[SCOUT] Connecting to mavlink-router TCP 127.0.0.1:5760
[SCOUT] Connected
[TELEM] Connecting to MAVLink router UDP 14550[MAIN] Waiting for telemetry (GPS)...

[TELEM] Waiting for heartbeat...
[TELEM] Heartbeat OK
[MAIN] WARNING: telemetry not ready after 30s, continuing anyway
Loading model engine: best.engine
[SCOUT] Connecting to mavlink-router TCP 127.0.0.1:5760
[SCOUT] Connected
[TELEM] Connecting to MAVLink router UDP 14550[MAIN] Waiting for telemetry (GPS)...

[TELEM] Waiting for heartbeat...
[TELEM] Heartbeat OK
[MAIN] WARNING: telemetry not ready after 30s, continuing anyway
Loading model engine: best.engine
[SCOUT] Connecting to mavlink-router TCP 127.0.0.1:5760
[SCOUT] Connected
[TELEM] Connecting to MAVLink router UDP 14550[MAIN] Waiting for telemetry (GPS)...

[TELEM] Waiting for heartbeat...
[TELEM] Heartbeat OK
[MAIN] WARNING: telemetry not ready after 30s, continuing anyway
Loading model engine: best.engine
[SCOUT] Connecting to mavlink-router TCP 127.0.0.1:5760
[SCOUT] Connected
[TELEM] Connecting to MAVLink router UDP 14550[MAIN] Waiting for telemetry (GPS)...

[TELEM] Waiting for heartbeat...
[TELEM] Heartbeat OK
[MAIN] WARNING: telemetry not ready after 30s, continuing anyway
Loading model engine: best.engine
[SCOUT] Connecting to mavlink-router TCP 127.0.0.1:5760
[SCOUT] Connected
[TELEM] Connecting to MAVLink router UDP 14550[MAIN] Waiting for telemetry (GPS)...

[TELEM] Waiting for heartbeat...
[TELEM] Heartbeat OK
[MAIN] WARNING: telemetry not ready after 30s, continuing anyway
Loading model engine: best.engine
                                                                                                                                                                                                                     [SCOUT] Connecting to mavlink-router TCP 127.0.0.1:5760
[SCOUT] Connected
[TELEM] Connecting to MAVLink router UDP 14550[MAIN] Waiting for telemetry (GPS)...

[TELEM] Waiting for heartbeat...
[TELEM] Heartbeat OK
[MAIN] WARNING: telemetry not ready after 30s, continuing anyway
Loading model engine: best.engine
[SCOUT] Connecting to mavlink-router TCP 127.0.0.1:5760
[SCOUT] Connected
[TELEM] Connecting to MAVLink router UDP 14550[MAIN] Waiting for telemetry (GPS)...

[TELEM] Waiting for heartbeat...
[TELEM] Heartbeat OK
[MAIN] WARNING: telemetry not ready after 30s, continuing anyway
Loading model engine: best.engine
[SCOUT] Connecting to mavlink-router TCP 127.0.0.1:5760
[SCOUT] Connected
[TELEM] Connecting to MAVLink router UDP 14550[MAIN] Waiting for telemetry (GPS)...

[TELEM] Waiting for heartbeat...
[TELEM] Heartbeat OK
[MAIN] WARNING: telemetry not ready after 30s, continuing anyway
Loading model engine: best.engine
[SCOUT] Connecting to mavlink-router TCP 127.0.0.1:5760
[SCOUT] Connected
[TELEM] Connecting to MAVLink router UDP 14550[MAIN] Waiting for telemetry (GPS)...

[TELEM] Waiting for heartbeat...
[TELEM] Heartbeat OK
[MAIN] WARNING: telemetry not ready after 30s, continuing anyway
Loading model engine: best.engine
[SCOUT] Connecting to mavlink-router TCP 127.0.0.1:5760
[SCOUT] Connected
[TELEM] Connecting to MAVLink router UDP 14550[MAIN] Waiting for telemetry (GPS)...

[TELEM] Waiting for heartbeat...
[TELEM] Heartbeat OK
[MAIN] WARNING: telemetry not ready after 30s, continuing anyway
Loading model engine: best.engine
[SCOUT] Connecting to mavlink-router TCP 127.0.0.1:5760
[SCOUT] Connected
[TELEM] Connecting to MAVLink router UDP 14550[MAIN] Waiting for telemetry (GPS)...

[TELEM] Waiting for heartbeat...
[TELEM] Heartbeat OK
[MAIN] WARNING: telemetry not ready after 30s, continuing anyway
Loading model engine: best.engine
[SCOUT] Connecting to mavlink-router TCP 127.0.0.1:5760
[SCOUT] Connected
[TELEM] Connecting to MAVLink router UDP 14550[MAIN] Waiting for telemetry (GPS)...

[TELEM] Waiting for heartbeat...
[TELEM] Heartbeat OK
[MAIN] WARNING: telemetry not ready after 30s, continuing anyway
Loading model engine: best.engine
[SCOUT] Connecting to mavlink-router TCP 127.0.0.1:5760
[SCOUT] Connected
[TELEM] Connecting to MAVLink router UDP 14550[MAIN] Waiting for telemetry (GPS)...

[TELEM] Waiting for heartbeat...
[TELEM] Heartbeat OK
[MAIN] WARNING: telemetry not ready after 30s, continuing anyway
Loading model engine: best.engine
[SCOUT] Connecting to mavlink-router TCP 127.0.0.1:5760
[SCOUT] Connected
[TELEM] Connecting to MAVLink router UDP 14550[MAIN] Waiting for telemetry (GPS)...

[TELEM] Waiting for heartbeat...
[TELEM] Heartbeat OK
[MAIN] WARNING: telemetry not ready after 30s, continuing anyway
Loading model engine: best.engine
[SCOUT] Connecting to mavlink-router TCP 127.0.0.1:5760
[SCOUT] Connected
[TELEM] Connecting to MAVLink router UDP 14550[MAIN] Waiting for telemetry (GPS)...

[TELEM] Waiting for heartbeat...
[TELEM] Heartbeat OK
[MAIN] WARNING: telemetry not ready after 30s, continuing anyway
Loading model engine: best.engine
[SCOUT] Connecting to mavlink-router TCP 127.0.0.1:5760
[SCOUT] Connected
[TELEM] Connecting to MAVLink router UDP 14550
[MAIN] Waiting for telemetry (GPS)...
[TELEM] Waiting for heartbeat...
[TELEM] Heartbeat OK
[MAIN] WARNING: telemetry not ready after 30s, continuing anyway
Loading model engine: best.engine
[SCOUT] Connecting to mavlink-router TCP 127.0.0.1:5760
[SCOUT] Connected
[TELEM] Connecting to MAVLink router UDP 14550[MAIN] Waiting for telemetry (GPS)...

[TELEM] Waiting for heartbeat...
[TELEM] Heartbeat OK
[MAIN] WARNING: telemetry not ready after 30s, continuing anyway
Loading model engine: best.engine
[SCOUT] Connecting to mavlink-router TCP 127.0.0.1:5760
[SCOUT] Connected
[TELEM] Connecting to MAVLink router UDP 14550[MAIN] Waiting for telemetry (GPS)...

[TELEM] Waiting for heartbeat...
[TELEM] Heartbeat OK
[MAIN] WARNING: telemetry not ready after 30s, continuing anyway
Loading model engine: best.engine
[SCOUT] Connecting to mavlink-router TCP 127.0.0.1:5760
[SCOUT] Connected
[TELEM] Connecting to MAVLink router UDP 14550[MAIN] Waiting for telemetry (GPS)...

[TELEM] Waiting for heartbeat...
[TELEM] Heartbeat OK
[MAIN] WARNING: telemetry not ready after 30s, continuing anyway
Loading model engine: best.engine
[SCOUT] Connecting to mavlink-router TCP 127.0.0.1:5760
[SCOUT] Connected
[TELEM] Connecting to MAVLink router UDP 14550
[TELEM] Waiting for heartbeat...
[MAIN] Waiting for telemetry (GPS)...
[TELEM] Heartbeat OK
[MAIN] WARNING: telemetry not ready after 30s, continuing anyway
Loading model engine: best.engine
[SCOUT] Connecting to mavlink-router TCP 127.0.0.1:5760
[SCOUT] Connected
[TELEM] Connecting to MAVLink router UDP 14550[MAIN] Waiting for telemetry (GPS)...

[TELEM] Waiting for heartbeat...
[TELEM] Heartbeat OK
[MAIN] WARNING: telemetry not ready after 30s, continuing anyway
Loading model engine: best.engine
[SCOUT] Connecting to mavlink-router TCP 127.0.0.1:5760
[SCOUT] Connected
[TELEM] Connecting to MAVLink router UDP 14550[MAIN] Waiting for telemetry (GPS)...

[TELEM] Waiting for heartbeat...
[TELEM] Heartbeat OK
[MAIN] WARNING: telemetry not ready after 30s, continuing anyway
Loading model engine: best.engine
[SCOUT] Connecting to mavlink-router TCP 127.0.0.1:5760
[SCOUT] Connected
[TELEM] Connecting to MAVLink router UDP 14550[MAIN] Waiting for telemetry (GPS)...

[TELEM] Waiting for heartbeat...
[TELEM] Heartbeat OK
[MAIN] WARNING: telemetry not ready after 30s, continuing anyway
Loading model engine: best.engine
[SCOUT] Connecting to mavlink-router TCP 127.0.0.1:5760
[SCOUT] Connected
[TELEM] Connecting to MAVLink router UDP 14550[MAIN] Waiting for telemetry (GPS)...

[TELEM] Waiting for heartbeat...
[TELEM] Heartbeat OK
[MAIN] WARNING: telemetry not ready after 30s, continuing anyway
Loading model engine: best.engine
[SCOUT] Connecting to mavlink-router TCP 127.0.0.1:5760
[SCOUT] Connected
[TELEM] Connecting to MAVLink router UDP 14550[MAIN] Waiting for telemetry (GPS)...

[TELEM] Waiting for heartbeat...
[TELEM] Heartbeat OK
[MAIN] WARNING: telemetry not ready after 30s, continuing anyway
Loading model engine: best.engine
[SCOUT] Connecting to mavlink-router TCP 127.0.0.1:5760
[SCOUT] Connected
[TELEM] Connecting to MAVLink router UDP 14550[MAIN] Waiting for telemetry (GPS)...

[TELEM] Waiting for heartbeat...
[TELEM] Heartbeat OK
[MAIN] WARNING: telemetry not ready after 30s, continuing anyway
Loading model engine: best.engine
[SCOUT] Connecting to mavlink-router TCP 127.0.0.1:5760
[SCOUT] Connected
[TELEM] Connecting to MAVLink router UDP 14550[MAIN] Waiting for telemetry (GPS)...

[TELEM] Waiting for heartbeat...
[TELEM] Heartbeat OK
[MAIN] WARNING: telemetry not ready after 30s, continuing anyway
Loading model engine: best.engine
[SCOUT] Connecting to mavlink-router TCP 127.0.0.1:5760
[SCOUT] Connected
[TELEM] Connecting to MAVLink router UDP 14550[MAIN] Waiting for telemetry (GPS)...

[TELEM] Waiting for heartbeat...
[TELEM] Heartbeat OK
[MAIN] WARNING: telemetry not ready after 30s, continuing anyway
Loading model engine: best.engine
[SCOUT] Connecting to mavlink-router TCP 127.0.0.1:5760
[SCOUT] Connected
[TELEM] Connecting to MAVLink router UDP 14550[MAIN] Waiting for telemetry (GPS)...

[TELEM] Waiting for heartbeat...
[TELEM] Heartbeat OK
[MAIN] WARNING: telemetry not ready after 30s, continuing anyway
Loading model engine: best.engine
[SCOUT] Connecting to mavlink-router TCP 127.0.0.1:5760
[SCOUT] Connected
[TELEM] Connecting to MAVLink router UDP 14550[MAIN] Waiting for telemetry (GPS)...

[TELEM] Waiting for heartbeat...
[TELEM] Heartbeat OK
[MAIN] WARNING: telemetry not ready after 30s, continuing anyway
Loading model engine: best.engine
[SCOUT] Connecting to mavlink-router TCP 127.0.0.1:5760
[SCOUT] Connected
[TELEM] Connecting to MAVLink router UDP 14550[MAIN] Waiting for telemetry (GPS)...

[TELEM] Waiting for heartbeat...
[TELEM] Heartbeat OK
[MAIN] WARNING: telemetry not ready after 30s, continuing anyway
Loading model engine: best.engine
[SCOUT] Connecting to mavlink-router TCP 127.0.0.1:5760
[SCOUT] Connected
[TELEM] Connecting to MAVLink router UDP 14550[MAIN] Waiting for telemetry (GPS)...

[TELEM] Waiting for heartbeat...
[TELEM] Heartbeat OK
[MAIN] WARNING: telemetry not ready after 30s, continuing anyway
Loading model engine: best.engine
[SCOUT] Connecting to mavlink-router TCP 127.0.0.1:5760
[SCOUT] Connected
[TELEM] Connecting to MAVLink router UDP 14550[MAIN] Waiting for telemetry (GPS)...

[TELEM] Waiting for heartbeat...
[TELEM] Heartbeat OK
[MAIN] WARNING: telemetry not ready after 30s, continuing anyway
Loading model engine: best.engine
[SCOUT] Connecting to mavlink-router TCP 127.0.0.1:5760
[SCOUT] Connected
[TELEM] Connecting to MAVLink router UDP 14550[MAIN] Waiting for telemetry (GPS)...

[TELEM] Waiting for heartbeat...
[TELEM] Heartbeat OK
[MAIN] WARNING: telemetry not ready after 30s, continuing anyway
Loading model engine: best.engine
[SCOUT] Connecting to mavlink-router TCP 127.0.0.1:5760
[SCOUT] Connected
[TELEM] Connecting to MAVLink router UDP 14550[MAIN] Waiting for telemetry (GPS)...

[TELEM] Waiting for heartbeat...
[TELEM] Heartbeat OK
[MAIN] WARNING: telemetry not ready after 30s, continuing anyway
Loading model engine: best.engine
[SCOUT] Connecting to mavlink-router TCP 127.0.0.1:5760
[SCOUT] Connected
[TELEM] Connecting to MAVLink router UDP 14550[MAIN] Waiting for telemetry (GPS)...

[TELEM] Waiting for heartbeat...
[TELEM] Heartbeat OK
[MAIN] WARNING: telemetry not ready after 30s, continuing anyway
Loading model engine: best.engine
[SCOUT] Connecting to mavlink-router TCP 127.0.0.1:5760
[SCOUT] Connected
[TELEM] Connecting to MAVLink router UDP 14550[MAIN] Waiting for telemetry (GPS)...

[TELEM] Waiting for heartbeat...
[TELEM] Heartbeat OK
[MAIN] WARNING: telemetry not ready after 30s, continuing anyway
Loading model engine: best.engine
[SCOUT] Connecting to mavlink-router TCP 127.0.0.1:5760
[SCOUT] Connected
[TELEM] Connecting to MAVLink router UDP 14550[MAIN] Waiting for telemetry (GPS)...

[TELEM] Waiting for heartbeat...
[TELEM] Heartbeat OK
[MAIN] WARNING: telemetry not ready after 30s, continuing anyway
Loading model engine: best.engine
[SCOUT] Connecting to mavlink-router TCP 127.0.0.1:5760
[SCOUT] Connected
[TELEM] Connecting to MAVLink router UDP 14550[MAIN] Waiting for telemetry (GPS)...

[TELEM] Waiting for heartbeat...
[TELEM] Heartbeat OK
[MAIN] WARNING: telemetry not ready after 30s, continuing anyway
Loading model engine: best.engine
[SCOUT] Connecting to mavlink-router TCP 127.0.0.1:5760
[SCOUT] Connected
[TELEM] Connecting to MAVLink router UDP 14550[MAIN] Waiting for telemetry (GPS)...

[TELEM] Waiting for heartbeat...
[TELEM] Heartbeat OK
[MAIN] WARNING: telemetry not ready after 30s, continuing anyway
Loading model engine: best.engine
[SCOUT] Connecting to mavlink-router TCP 127.0.0.1:5760
[SCOUT] Connected
[TELEM] Connecting to MAVLink router UDP 14550[MAIN] Waiting for telemetry (GPS)...

[TELEM] Waiting for heartbeat...
[TELEM] Heartbeat OK
[MAIN] WARNING: telemetry not ready after 30s, continuing anyway
Loading model engine: best.engine
[SCOUT] Connecting to mavlink-router TCP 127.0.0.1:5760
[SCOUT] Connected
[TELEM] Connecting to MAVLink router UDP 14550[MAIN] Waiting for telemetry (GPS)...

[TELEM] Waiting for heartbeat...
[TELEM] Heartbeat OK
[MAIN] WARNING: telemetry not ready after 30s, continuing anyway
Loading model engine: best.engine
[SCOUT] Connecting to mavlink-router TCP 127.0.0.1:5760
[SCOUT] Connected
[TELEM] Connecting to MAVLink router UDP 14550[MAIN] Waiting for telemetry (GPS)...

[TELEM] Waiting for heartbeat...
[TELEM] Heartbeat OK
[MAIN] WARNING: telemetry not ready after 30s, continuing anyway
Loading model engine: best.engine
[SCOUT] Connecting to mavlink-router TCP 127.0.0.1:5760
[SCOUT] Connected
[TELEM] Connecting to MAVLink router UDP 14550[MAIN] Waiting for telemetry (GPS)...

[TELEM] Waiting for heartbeat...
[TELEM] Heartbeat OK
[MAIN] WARNING: telemetry not ready after 30s, continuing anyway
Loading model engine: best.engine
[SCOUT] Connecting to mavlink-router TCP 127.0.0.1:5760
[SCOUT] Connected
[TELEM] Connecting to MAVLink router UDP 14550[MAIN] Waiting for telemetry (GPS)...

[TELEM] Waiting for heartbeat...
[TELEM] Heartbeat OK
[MAIN] WARNING: telemetry not ready after 30s, continuing anyway
Loading model engine: best.engine
[SCOUT] Connecting to mavlink-router TCP 127.0.0.1:5760
[SCOUT] Connected
[TELEM] Connecting to MAVLink router UDP 14550[MAIN] Waiting for telemetry (GPS)...

[TELEM] Waiting for heartbeat...
[TELEM] Heartbeat OK
[MAIN] WARNING: telemetry not ready after 30s, continuing anyway
Loading model engine: best.engine
[SCOUT] Connecting to mavlink-router TCP 127.0.0.1:5760
[SCOUT] Connected
[TELEM] Connecting to MAVLink router UDP 14550[MAIN] Waiting for telemetry (GPS)...

[TELEM] Waiting for heartbeat...
[TELEM] Heartbeat OK
[MAIN] WARNING: telemetry not ready after 30s, continuing anyway
Loading model engine: best.engine
[SCOUT] Connecting to mavlink-router TCP 127.0.0.1:5760
[SCOUT] Connected
[TELEM] Connecting to MAVLink router UDP 14550[MAIN] Waiting for telemetry (GPS)...

[TELEM] Waiting for heartbeat...
[TELEM] Heartbeat OK
[MAIN] WARNING: telemetry not ready after 30s, continuing anyway
Loading model engine: best.engine
[SCOUT] Connecting to mavlink-router TCP 127.0.0.1:5760
[SCOUT] Connected
[TELEM] Connecting to MAVLink router UDP 14550[MAIN] Waiting for telemetry (GPS)...

[TELEM] Waiting for heartbeat...
[TELEM] Heartbeat OK
[MAIN] WARNING: telemetry not ready after 30s, continuing anyway
Loading model engine: best.engine
[SCOUT] Connecting to mavlink-router TCP 127.0.0.1:5760
[SCOUT] Connected
[TELEM] Connecting to MAVLink router UDP 14550[MAIN] Waiting for telemetry (GPS)...

[TELEM] Waiting for heartbeat...
[TELEM] Heartbeat OK
[MAIN] WARNING: telemetry not ready after 30s, continuing anyway
Loading model engine: best.engine
[SCOUT] Connecting to mavlink-router TCP 127.0.0.1:5760
[SCOUT] Connected
[TELEM] Connecting to MAVLink router UDP 14550[MAIN] Waiting for telemetry (GPS)...

[TELEM] Waiting for heartbeat...
[TELEM] Heartbeat OK
[MAIN] WARNING: telemetry not ready after 30s, continuing anyway
Loading model engine: best.engine
[SCOUT] Connecting to mavlink-router TCP 127.0.0.1:5760
[SCOUT] Connected
[TELEM] Connecting to MAVLink router UDP 14550[MAIN] Waiting for telemetry (GPS)...

[TELEM] Waiting for heartbeat...
[TELEM] Heartbeat OK
[MAIN] WARNING: telemetry not ready after 30s, continuing anyway
Loading model engine: best.engine
[SCOUT] Connecting to mavlink-router TCP 127.0.0.1:5760
[SCOUT] Connected
[TELEM] Connecting to MAVLink router UDP 14550[MAIN] Waiting for telemetry (GPS)...

[TELEM] Waiting for heartbeat...
[TELEM] Heartbeat OK
[MAIN] WARNING: telemetry not ready after 30s, continuing anyway
Loading model engine: best.engine
[SCOUT] Connecting to mavlink-router TCP 127.0.0.1:5760
[SCOUT] Connected
[TELEM] Connecting to MAVLink router UDP 14550[MAIN] Waiting for telemetry (GPS)...

[TELEM] Waiting for heartbeat...
[TELEM] Heartbeat OK
[MAIN] WARNING: telemetry not ready after 30s, continuing anyway
Loading model engine: best.engine
[SCOUT] Connecting to mavlink-router TCP 127.0.0.1:5760
[SCOUT] Connected
[TELEM] Connecting to MAVLink router UDP 14550[MAIN] Waiting for telemetry (GPS)...

[TELEM] Waiting for heartbeat...
[TELEM] Heartbeat OK
[MAIN] WARNING: telemetry not ready after 30s, continuing anyway
Loading model engine: best.engine
[SCOUT] Connecting to mavlink-router TCP 127.0.0.1:5760
[SCOUT] Connected
[TELEM] Connecting to MAVLink router UDP 14550[MAIN] Waiting for telemetry (GPS)...

[TELEM] Waiting for heartbeat...
[TELEM] Heartbeat OK
[MAIN] WARNING: telemetry not ready after 30s, continuing anyway
Loading model engine: best.engine
[SCOUT] Connecting to mavlink-router TCP 127.0.0.1:5760
[SCOUT] Connected
[TELEM] Connecting to MAVLink router UDP 14550[MAIN] Waiting for telemetry (GPS)...

[TELEM] Waiting for heartbeat...
[TELEM] Heartbeat OK
[MAIN] WARNING: telemetry not ready after 30s, continuing anyway
Loading model engine: best.engine
[SCOUT] Connecting to mavlink-router TCP 127.0.0.1:5760
[SCOUT] Connected
[TELEM] Connecting to MAVLink router UDP 14550[MAIN] Waiting for telemetry (GPS)...

[TELEM] Waiting for heartbeat...
[TELEM] Heartbeat OK
[MAIN] WARNING: telemetry not ready after 30s, continuing anyway
Loading model engine: best.engine
[SCOUT] Connecting to mavlink-router TCP 127.0.0.1:5760
[SCOUT] Connected
[TELEM] Connecting to MAVLink router UDP 14550[MAIN] Waiting for telemetry (GPS)...

[TELEM] Waiting for heartbeat...
[TELEM] Heartbeat OK
[MAIN] WARNING: telemetry not ready after 30s, continuing anyway
Loading model engine: best.engine
[SCOUT] Connecting to mavlink-router TCP 127.0.0.1:5760
[SCOUT] Connected
[TELEM] Connecting to MAVLink router UDP 14550[MAIN] Waiting for telemetry (GPS)...

[TELEM] Waiting for heartbeat...
[TELEM] Heartbeat OK
[MAIN] WARNING: telemetry not ready after 30s, continuing anyway
Loading model engine: best.engine
[SCOUT] Connecting to mavlink-router TCP 127.0.0.1:5760
[SCOUT] Connected
[TELEM] Connecting to MAVLink router UDP 14550[MAIN] Waiting for telemetry (GPS)...

[TELEM] Waiting for heartbeat...
[TELEM] Heartbeat OK
[MAIN] WARNING: telemetry not ready after 30s, continuing anyway
Loading model engine: best.engine
[SCOUT] Connecting to mavlink-router TCP 127.0.0.1:5760
[SCOUT] Connected
[TELEM] Connecting to MAVLink router UDP 14550[MAIN] Waiting for telemetry (GPS)...

[TELEM] Waiting for heartbeat...
[TELEM] Heartbeat OK
[MAIN] WARNING: telemetry not ready after 30s, continuing anyway
Loading model engine: best.engine
[SCOUT] Connecting to mavlink-router TCP 127.0.0.1:5760
[SCOUT] Connected
[TELEM] Connecting to MAVLink router UDP 14550[MAIN] Waiting for telemetry (GPS)...

[TELEM] Waiting for heartbeat...
[TELEM] Heartbeat OK
[MAIN] WARNING: telemetry not ready after 30s, continuing anyway
Loading model engine: best.engine
[SCOUT] Connecting to mavlink-router TCP 127.0.0.1:5760
[SCOUT] Connected
[TELEM] Connecting to MAVLink router UDP 14550[MAIN] Waiting for telemetry (GPS)...

[TELEM] Waiting for heartbeat...
[TELEM] Heartbeat OK
[MAIN] WARNING: telemetry not ready after 30s, continuing anyway
Loading model engine: best.engine
[SCOUT] Connecting to mavlink-router TCP 127.0.0.1:5760
[SCOUT] Connected
[TELEM] Connecting to MAVLink router UDP 14550[MAIN] Waiting for telemetry (GPS)...

[TELEM] Waiting for heartbeat...
[TELEM] Heartbeat OK
[MAIN] WARNING: telemetry not ready after 30s, continuing anyway
Loading model engine: best.engine
[SCOUT] Connecting to mavlink-router TCP 127.0.0.1:5760
[SCOUT] Connected
[TELEM] Connecting to MAVLink router UDP 14550[MAIN] Waiting for telemetry (GPS)...

[TELEM] Waiting for heartbeat...
[TELEM] Heartbeat OK
[MAIN] WARNING: telemetry not ready after 30s, continuing anyway
Loading model engine: best.engine
[SCOUT] Connecting to mavlink-router TCP 127.0.0.1:5760
[SCOUT] Connected
[TELEM] Connecting to MAVLink router UDP 14550[MAIN] Waiting for telemetry (GPS)...

[TELEM] Waiting for heartbeat...
[TELEM] Heartbeat OK
[MAIN] WARNING: telemetry not ready after 30s, continuing anyway
Loading model engine: best.engine
[SCOUT] Connecting to mavlink-router TCP 127.0.0.1:5760
[SCOUT] Connected
[TELEM] Connecting to MAVLink router UDP 14550[MAIN] Waiting for telemetry (GPS)...

[TELEM] Waiting for heartbeat...
[TELEM] Heartbeat OK
[MAIN] WARNING: telemetry not ready after 30s, continuing anyway
Loading model engine: best.engine
[SCOUT] Connecting to mavlink-router TCP 127.0.0.1:5760
[SCOUT] Connected
[TELEM] Connecting to MAVLink router UDP 14550[MAIN] Waiting for telemetry (GPS)...

[TELEM] Waiting for heartbeat...
[TELEM] Heartbeat OK
[MAIN] WARNING: telemetry not ready after 30s, continuing anyway
Loading model engine: best.engine
[SCOUT] Connecting to mavlink-router TCP 127.0.0.1:5760
[SCOUT] Connected
[TELEM] Connecting to MAVLink router UDP 14550[MAIN] Waiting for telemetry (GPS)...

[TELEM] Waiting for heartbeat...
[TELEM] Heartbeat OK
[MAIN] WARNING: telemetry not ready after 30s, continuing anyway
Loading model engine: best.engine
[SCOUT] Connecting to mavlink-router TCP 127.0.0.1:5760
[SCOUT] Connected
[TELEM] Connecting to MAVLink router UDP 14550[MAIN] Waiting for telemetry (GPS)...

[TELEM] Waiting for heartbeat...
[TELEM] Heartbeat OK
[MAIN] WARNING: telemetry not ready after 30s, continuing anyway
Loading model engine: best.engine
[SCOUT] Connecting to mavlink-router TCP 127.0.0.1:5760
[SCOUT] Connected
[TELEM] Connecting to MAVLink router UDP 14550[MAIN] Waiting for telemetry (GPS)...

[TELEM] Waiting for heartbeat...
[TELEM] Heartbeat OK
[MAIN] WARNING: telemetry not ready after 30s, continuing anyway
Loading model engine: best.engine
[SCOUT] Connecting to mavlink-router TCP 127.0.0.1:5760
[SCOUT] Connected
[TELEM] Connecting to MAVLink router UDP 14550[MAIN] Waiting for telemetry (GPS)...

[TELEM] Waiting for heartbeat...
[TELEM] Heartbeat OK
[MAIN] WARNING: telemetry not ready after 30s, continuing anyway
Loading model engine: best.engine
[SCOUT] Connecting to mavlink-router TCP 127.0.0.1:5760
[SCOUT] Connected
[TELEM] Connecting to MAVLink router UDP 14550[MAIN] Waiting for telemetry (GPS)...

[TELEM] Waiting for heartbeat...
[TELEM] Heartbeat OK
[MAIN] WARNING: telemetry not ready after 30s, continuing anyway
Loading model engine: best.engine
[SCOUT] Connecting to mavlink-router TCP 127.0.0.1:5760
[SCOUT] Connected
[TELEM] Connecting to MAVLink router UDP 14550[MAIN] Waiting for telemetry (GPS)...

[TELEM] Waiting for heartbeat...
[TELEM] Heartbeat OK
[MAIN] WARNING: telemetry not ready after 30s, continuing anyway
Loading model engine: best.engine
[SCOUT] Connecting to mavlink-router TCP 127.0.0.1:5760
[SCOUT] Connected
[TELEM] Connecting to MAVLink router UDP 14550[MAIN] Waiting for telemetry (GPS)...

[TELEM] Waiting for heartbeat...
[TELEM] Heartbeat OK
[MAIN] WARNING: telemetry not ready after 30s, continuing anyway
Loading model engine: best.engine
[SCOUT] Connecting to mavlink-router TCP 127.0.0.1:5760
[SCOUT] Connected
[TELEM] Connecting to MAVLink router UDP 14550[MAIN] Waiting for telemetry (GPS)...

[TELEM] Waiting for heartbeat...
[TELEM] Heartbeat OK
[MAIN] WARNING: telemetry not ready after 30s, continuing anyway
Loading model engine: best.engine
[SCOUT] Connecting to mavlink-router TCP 127.0.0.1:5760
[SCOUT] Connected
[TELEM] Connecting to MAVLink router UDP 14550[MAIN] Waiting for telemetry (GPS)...

[TELEM] Waiting for heartbeat...
[TELEM] Heartbeat OK
[MAIN] WARNING: telemetry not ready after 30s, continuing anyway
Loading model engine: best.engine
[SCOUT] Connecting to mavlink-router TCP 127.0.0.1:5760
[SCOUT] Connected
[TELEM] Connecting to MAVLink router UDP 14550[MAIN] Waiting for telemetry (GPS)...

[TELEM] Waiting for heartbeat...
[TELEM] Heartbeat OK
[MAIN] WARNING: telemetry not ready after 30s, continuing anyway
Loading model engine: best.engine
[SCOUT] Connecting to mavlink-router TCP 127.0.0.1:5760
[SCOUT] Connected
[TELEM] Connecting to MAVLink router UDP 14550[MAIN] Waiting for telemetry (GPS)...

[TELEM] Waiting for heartbeat...
[TELEM] Heartbeat OK
[MAIN] WARNING: telemetry not ready after 30s, continuing anyway
Loading model engine: best.engine
[SCOUT] Connecting to mavlink-router TCP 127.0.0.1:5760
[SCOUT] Connected
[TELEM] Connecting to MAVLink router UDP 14550[MAIN] Waiting for telemetry (GPS)...

[TELEM] Waiting for heartbeat...
[TELEM] Heartbeat OK
[MAIN] WARNING: telemetry not ready after 30s, continuing anyway
Loading model engine: best.engine
[SCOUT] Connecting to mavlink-router TCP 127.0.0.1:5760
[SCOUT] Connected
[TELEM] Connecting to MAVLink router UDP 14550[MAIN] Waiting for telemetry (GPS)...

[TELEM] Waiting for heartbeat...
[TELEM] Heartbeat OK
[MAIN] WARNING: telemetry not ready after 30s, continuing anyway
Loading model engine: best.engine
[SCOUT] Connecting to mavlink-router TCP 127.0.0.1:5760
[SCOUT] Connected
[TELEM] Connecting to MAVLink router UDP 14550[MAIN] Waiting for telemetry (GPS)...

[TELEM] Waiting for heartbeat...
[TELEM] Heartbeat OK
[MAIN] WARNING: telemetry not ready after 30s, continuing anyway
Loading model engine: best.engine
[SCOUT] Connecting to mavlink-router TCP 127.0.0.1:5760
[SCOUT] Connected
[TELEM] Connecting to MAVLink router UDP 14550[MAIN] Waiting for telemetry (GPS)...

[TELEM] Waiting for heartbeat...
[TELEM] Heartbeat OK
[MAIN] WARNING: telemetry not ready after 30s, continuing anyway
Loading model engine: best.engine
[SCOUT] Connecting to mavlink-router TCP 127.0.0.1:5760
[SCOUT] Connected
[TELEM] Connecting to MAVLink router UDP 14550[MAIN] Waiting for telemetry (GPS)...

[TELEM] Waiting for heartbeat...
[TELEM] Heartbeat OK
[MAIN] WARNING: telemetry not ready after 30s, continuing anyway
Loading model engine: best.engine
[SCOUT] Connecting to mavlink-router TCP 127.0.0.1:5760
[SCOUT] Connected
[TELEM] Connecting to MAVLink router UDP 14550[MAIN] Waiting for telemetry (GPS)...

[TELEM] Waiting for heartbeat...
[TELEM] Heartbeat OK
[MAIN] WARNING: telemetry not ready after 30s, continuing anyway
Loading model engine: best.engine
[SCOUT] Connecting to mavlink-router TCP 127.0.0.1:5760
[SCOUT] Connected
[TELEM] Connecting to MAVLink router UDP 14550[MAIN] Waiting for telemetry (GPS)...

[TELEM] Waiting for heartbeat...
[TELEM] Heartbeat OK
[MAIN] WARNING: telemetry not ready after 30s, continuing anyway
Loading model engine: best.engine
[SCOUT] Connecting to mavlink-router TCP 127.0.0.1:5760
[SCOUT] Connected
[TELEM] Connecting to MAVLink router UDP 14550[MAIN] Waiting for telemetry (GPS)...

[TELEM] Waiting for heartbeat...
[TELEM] Heartbeat OK
[MAIN] WARNING: telemetry not ready after 30s, continuing anyway
Loading model engine: best.engine
[SCOUT] Connecting to mavlink-router TCP 127.0.0.1:5760
[SCOUT] Connected
[TELEM] Connecting to MAVLink router UDP 14550[MAIN] Waiting for telemetry (GPS)...

[TELEM] Waiting for heartbeat...
[TELEM] Heartbeat OK
[MAIN] WARNING: telemetry not ready after 30s, continuing anyway
Loading model engine: best.engine
[SCOUT] Connecting to mavlink-router TCP 127.0.0.1:5760
[SCOUT] Connected
[TELEM] Connecting to MAVLink router UDP 14550[MAIN] Waiting for telemetry (GPS)...

[TELEM] Waiting for heartbeat...
[TELEM] Heartbeat OK
[MAIN] WARNING: telemetry not ready after 30s, continuing anyway
Loading model engine: best.engine
[SCOUT] Connecting to mavlink-router TCP 127.0.0.1:5760
[SCOUT] Connected
[TELEM] Connecting to MAVLink router UDP 14550[MAIN] Waiting for telemetry (GPS)...

[TELEM] Waiting for heartbeat...
[TELEM] Heartbeat OK
[MAIN] WARNING: telemetry not ready after 30s, continuing anyway
Loading model engine: best.engine
[SCOUT] Connecting to mavlink-router TCP 127.0.0.1:5760
[SCOUT] Connected
[TELEM] Connecting to MAVLink router UDP 14550[MAIN] Waiting for telemetry (GPS)...

[TELEM] Waiting for heartbeat...
[TELEM] Heartbeat OK
[MAIN] WARNING: telemetry not ready after 30s, continuing anyway
Loading model engine: best.engine
[SCOUT] Connecting to mavlink-router TCP 127.0.0.1:5760
[SCOUT] Connected
[TELEM] Connecting to MAVLink router UDP 14550[MAIN] Waiting for telemetry (GPS)...

[TELEM] Waiting for heartbeat...
[TELEM] Heartbeat OK
[MAIN] WARNING: telemetry not ready after 30s, continuing anyway
Loading model engine: best.engine
[SCOUT] Connecting to mavlink-router TCP 127.0.0.1:5760
[SCOUT] Connected
[TELEM] Connecting to MAVLink router UDP 14550[MAIN] Waiting for telemetry (GPS)...

[TELEM] Waiting for heartbeat...
[TELEM] Heartbeat OK
[MAIN] WARNING: telemetry not ready after 30s, continuing anyway
Loading model engine: best.engine
[SCOUT] Connecting to mavlink-router TCP 127.0.0.1:5760
[SCOUT] Connected
[TELEM] Connecting to MAVLink router UDP 14550[MAIN] Waiting for telemetry (GPS)...

[TELEM] Waiting for heartbeat...
[TELEM] Heartbeat OK
[MAIN] WARNING: telemetry not ready after 30s, continuing anyway
Loading model engine: best.engine
[SCOUT] Connecting to mavlink-router TCP 127.0.0.1:5760
[SCOUT] Connected
[TELEM] Connecting to MAVLink router UDP 14550[MAIN] Waiting for telemetry (GPS)...

[TELEM] Waiting for heartbeat...
[TELEM] Heartbeat OK
[MAIN] WARNING: telemetry not ready after 30s, continuing anyway
Loading model engine: best.engine
[SCOUT] Connecting to mavlink-router TCP 127.0.0.1:5760
[SCOUT] Connected
[TELEM] Connecting to MAVLink router UDP 14550[MAIN] Waiting for telemetry (GPS)...

[TELEM] Waiting for heartbeat...
[TELEM] Heartbeat OK
[MAIN] WARNING: telemetry not ready after 30s, continuing anyway
Loading model engine: best.engine
[SCOUT] Connecting to mavlink-router TCP 127.0.0.1:5760
[SCOUT] Connected
[TELEM] Connecting to MAVLink router UDP 14550
[TELEM] Waiting for heartbeat...[MAIN] Waiting for telemetry (GPS)...

[TELEM] Heartbeat OK
[MAIN] WARNING: telemetry not ready after 30s, continuing anyway
Loading model engine: best.engine
[SCOUT] Connecting to mavlink-router TCP 127.0.0.1:5760
[SCOUT] Connected
[TELEM] Connecting to MAVLink router UDP 14550[MAIN] Waiting for telemetry (GPS)...

[TELEM] Waiting for heartbeat...
[TELEM] Heartbeat OK
[MAIN] WARNING: telemetry not ready after 30s, continuing anyway
Loading model engine: best.engine
[SCOUT] Connecting to mavlink-router TCP 127.0.0.1:5760
[SCOUT] Connected
[TELEM] Connecting to MAVLink router UDP 14550[MAIN] Waiting for telemetry (GPS)...

[TELEM] Waiting for heartbeat...
[TELEM] Heartbeat OK
[MAIN] WARNING: telemetry not ready after 30s, continuing anyway
Loading model engine: best.engine
[SCOUT] Connecting to mavlink-router TCP 127.0.0.1:5760
[SCOUT] Connected
[TELEM] Connecting to MAVLink router UDP 14550[MAIN] Waiting for telemetry (GPS)...

[TELEM] Waiting for heartbeat...
[TELEM] Heartbeat OK
[MAIN] WARNING: telemetry not ready after 30s, continuing anyway
Loading model engine: best.engine
[SCOUT] Connecting to mavlink-router TCP 127.0.0.1:5760
[SCOUT] Connected
[TELEM] Connecting to MAVLink router UDP 14550[MAIN] Waiting for telemetry (GPS)...

[TELEM] Waiting for heartbeat...
[TELEM] Heartbeat OK
[SCOUT] Connecting to mavlink-router TCP 127.0.0.1:5760
[SCOUT] Connected
[TELEM] Connecting to MAVLink router UDP 14550
[TELEM] Waiting for heartbeat...
[MAIN] Waiting for telemetry (GPS)...
[TELEM] Heartbeat OK
[MAIN] WARNING: telemetry not ready after 30s, continuing anyway
Loading model engine: best.engine
[SCOUT] Connecting to mavlink-router TCP 127.0.0.1:5760
[SCOUT] Connected
[TELEM] Connecting to MAVLink router UDP 14550[MAIN] Waiting for telemetry (GPS)...

[TELEM] Waiting for heartbeat...
[TELEM] Heartbeat OK
[MAIN] WARNING: telemetry not ready after 30s, continuing anyway
Loading model engine: best.engine
[SCOUT] Connecting to mavlink-router TCP 127.0.0.1:5760
[SCOUT] Connected
[TELEM] Connecting to MAVLink router UDP 14550[MAIN] Waiting for telemetry (GPS)...

[TELEM] Waiting for heartbeat...
[TELEM] Heartbeat OK
[MAIN] WARNING: telemetry not ready after 30s, continuing anyway
Loading model engine: best.engine
[SCOUT] Connecting to mavlink-router TCP 127.0.0.1:5760
[SCOUT] Connected
[TELEM] Connecting to MAVLink router UDP 14550[MAIN] Waiting for telemetry (GPS)...

[TELEM] Waiting for heartbeat...
[TELEM] Heartbeat OK
[MAIN] WARNING: telemetry not ready after 30s, continuing anyway
Loading model engine: best.engine
[SCOUT] Connecting to mavlink-router TCP 127.0.0.1:5760
[SCOUT] Connected
[TELEM] Connecting to MAVLink router UDP 14550[MAIN] Waiting for telemetry (GPS)...

[TELEM] Waiting for heartbeat...
[TELEM] Heartbeat OK
[MAIN] WARNING: telemetry not ready after 30s, continuing anyway
Loading model engine: best.engine
[SCOUT] Connecting to mavlink-router TCP 127.0.0.1:5760
[SCOUT] Connected
[TELEM] Connecting to MAVLink router UDP 14550[MAIN] Waiting for telemetry (GPS)...

[TELEM] Waiting for heartbeat...
[TELEM] Heartbeat OK
[MAIN] WARNING: telemetry not ready after 30s, continuing anyway
Loading model engine: best.engine
[SCOUT] Connecting to mavlink-router TCP 127.0.0.1:5760
[SCOUT] Connected
[TELEM] Connecting to MAVLink router UDP 14550[MAIN] Waiting for telemetry (GPS)...

[TELEM] Waiting for heartbeat...
[TELEM] Heartbeat OK
[MAIN] WARNING: telemetry not ready after 30s, continuing anyway
Loading model engine: best.engine
[SCOUT] Connecting to mavlink-router TCP 127.0.0.1:5760
[SCOUT] Connected
[TELEM] Connecting to MAVLink router UDP 14550[MAIN] Waiting for telemetry (GPS)...

[TELEM] Waiting for heartbeat...
[TELEM] Heartbeat OK
[MAIN] WARNING: telemetry not ready after 30s, continuing anyway
Loading model engine: best.engine
[SCOUT] Connecting to mavlink-router TCP 127.0.0.1:5760
[SCOUT] Connected
[TELEM] Connecting to MAVLink router UDP 14550[MAIN] Waiting for telemetry (GPS)...

[TELEM] Waiting for heartbeat...
[TELEM] Heartbeat OK
[MAIN] WARNING: telemetry not ready after 30s, continuing anyway
Loading model engine: best.engine
[SCOUT] Connecting to mavlink-router TCP 127.0.0.1:5760
[SCOUT] Connected
[TELEM] Connecting to MAVLink router UDP 14550[MAIN] Waiting for telemetry (GPS)...

[TELEM] Waiting for heartbeat...
[TELEM] Heartbeat OK
[MAIN] WARNING: telemetry not ready after 30s, continuing anyway
Loading model engine: best.engine
[SCOUT] Connecting to mavlink-router TCP 127.0.0.1:5760
[SCOUT] Connected
[TELEM] Connecting to MAVLink router UDP 14550[MAIN] Waiting for telemetry (GPS)...

[TELEM] Waiting for heartbeat...
[TELEM] Heartbeat OK
[MAIN] WARNING: telemetry not ready after 30s, continuing anyway
Loading model engine: best.engine
[SCOUT] Connecting to mavlink-router TCP 127.0.0.1:5760
[SCOUT] Connected
[TELEM] Connecting to MAVLink router UDP 14550[MAIN] Waiting for telemetry (GPS)...

[TELEM] Waiting for heartbeat...
[TELEM] Heartbeat OK
[MAIN] WARNING: telemetry not ready after 30s, continuing anyway
Loading model engine: model2.engine
[SCOUT] Connecting to mavlink-router TCP 127.0.0.1:5760
[SCOUT] Connected
[TELEM] Connecting to MAVLink router UDP 14550[MAIN] Waiting for telemetry (GPS)...

[TELEM] Waiting for heartbeat...
[TELEM] Heartbeat OK
[MAIN] WARNING: telemetry not ready after 30s, continuing anyway
Loading model engine: model2.engine
[SCOUT] Connecting to mavlink-router TCP 127.0.0.1:5760
[SCOUT] Connected
[TELEM] Connecting to MAVLink router UDP 14550[MAIN] Waiting for telemetry (GPS)...

[TELEM] Waiting for heartbeat...
[TELEM] Heartbeat OK
[MAIN] WARNING: telemetry not ready after 30s, continuing anyway
Loading model engine: model2.engine
[SCOUT] Connecting to mavlink-router TCP 127.0.0.1:5760
[SCOUT] Connected
[MAIN] Waiting for telemetry (GPS)...
[TELEM] Connecting to MAVLink router UDP 14550
[TELEM] Waiting for heartbeat...
[TELEM] Heartbeat OK
[MAIN] WARNING: telemetry not ready after 30s, continuing anyway
Loading model engine: model2.engine
[SCOUT] Connecting to mavlink-router TCP 127.0.0.1:5760
[SCOUT] Connected
[TELEM] Connecting to MAVLink router UDP 14550[MAIN] Waiting for telemetry (GPS)...

[TELEM] Waiting for heartbeat...
[TELEM] Heartbeat OK
[MAIN] WARNING: telemetry not ready after 30s, continuing anyway
Loading model engine: model2.engine
[SCOUT] Connecting to mavlink-router TCP 127.0.0.1:5760
[SCOUT] Connected
[TELEM] Connecting to MAVLink router UDP 14550[MAIN] Waiting for telemetry (GPS)...

[TELEM] Waiting for heartbeat...
[TELEM] Heartbeat OK
[MAIN] WARNING: telemetry not ready after 30s, continuing anyway
Loading model engine: model2.engine
[SCOUT] Connecting to mavlink-router TCP 127.0.0.1:5760
[SCOUT] Connected
[TELEM] Connecting to MAVLink router UDP 14550[MAIN] Waiting for telemetry (GPS)...

[TELEM] Waiting for heartbeat...
[MAIN] WARNING: telemetry not ready after 30s, continuing anyway
Loading model engine: model2.engine
[SCOUT] Connecting to mavlink-router TCP 127.0.0.1:5760
[SCOUT] Connected
[TELEM] Connecting to MAVLink router UDP 14550[MAIN] Waiting for telemetry (GPS)...

[TELEM] Waiting for heartbeat...
[TELEM] Heartbeat OK
[MAIN] WARNING: telemetry not ready after 30s, continuing anyway
Loading model engine: model2.engine
[SCOUT] Connecting to mavlink-router TCP 127.0.0.1:5760
[SCOUT] Connected
[TELEM] Connecting to MAVLink router UDP 14550[MAIN] Waiting for telemetry (GPS)...

[TELEM] Waiting for heartbeat...
[TELEM] Heartbeat OK
[MAIN] WARNING: telemetry not ready after 30s, continuing anyway
Loading model engine: model2.engine
[SCOUT] Connecting to mavlink-router TCP 127.0.0.1:5760
[SCOUT] Connected
[TELEM] Connecting to MAVLink router UDP 14550[MAIN] Waiting for telemetry (GPS)...

[TELEM] Waiting for heartbeat...
[TELEM] Heartbeat OK
[MAIN] WARNING: telemetry not ready after 30s, continuing anyway
Loading model engine: model2.engine
[SCOUT] Connecting to mavlink-router TCP 127.0.0.1:5760
[SCOUT] Connected
[TELEM] Connecting to MAVLink router UDP 14550[MAIN] Waiting for telemetry (GPS)...

[TELEM] Waiting for heartbeat...
[TELEM] Heartbeat OK
[MAIN] WARNING: telemetry not ready after 30s, continuing anyway
Loading model engine: model2.engine
[SCOUT] Connecting to mavlink-router TCP 127.0.0.1:5760
[SCOUT] Connected
[TELEM] Connecting to MAVLink router UDP 14550[MAIN] Waiting for telemetry (GPS)...

[TELEM] Waiting for heartbeat...
[TELEM] Heartbeat OK
[MAIN] WARNING: telemetry not ready after 30s, continuing anyway
Loading model engine: model2.engine
[SCOUT] Connecting to mavlink-router TCP 127.0.0.1:5760
[SCOUT] Connected
[TELEM] Connecting to MAVLink router UDP 14550[MAIN] Waiting for telemetry (GPS)...

[TELEM] Waiting for heartbeat...
[TELEM] Heartbeat OK
[MAIN] WARNING: telemetry not ready after 30s, continuing anyway
Loading model engine: model2.engine
[SCOUT] Connecting to mavlink-router TCP 127.0.0.1:5760
[SCOUT] Connected
[TELEM] Connecting to MAVLink router UDP 14550[MAIN] Waiting for telemetry (GPS)...

[TELEM] Waiting for heartbeat...
[TELEM] Heartbeat OK
[MAIN] WARNING: telemetry not ready after 30s, continuing anyway
Loading model engine: model2.engine
[SCOUT] Connecting to mavlink-router TCP 127.0.0.1:5760
[SCOUT] Connected
[TELEM] Connecting to MAVLink router UDP 14550[MAIN] Waiting for telemetry (GPS)...

[TELEM] Waiting for heartbeat...
[TELEM] Heartbeat OK
[MAIN] Telemetry ready: lat=28.422314, lon=77.5262192, h=1.197
Loading model engine: model2.engine
[SCOUT] Connecting to mavlink-router TCP 127.0.0.1:5760
[SCOUT] Connected
[TELEM] Connecting to MAVLink router UDP 14550[MAIN] Waiting for telemetry (GPS)...

[TELEM] Waiting for heartbeat...
[TELEM] Heartbeat OK
[MAIN] Telemetry ready: lat=28.4223129, lon=77.5262187, h=1.153
Loading model engine: model2.engine
[SCOUT] Connecting to mavlink-router TCP 127.0.0.1:5760
[SCOUT] Connected
[TELEM] Connecting to MAVLink router UDP 14550[MAIN] Waiting for telemetry (GPS)...

[TELEM] Waiting for heartbeat...
[TELEM] Heartbeat OK
[MAIN] Telemetry ready: lat=28.4223127, lon=77.5262174, h=1.348
Loading model engine: model2.engine
[SCOUT] Connecting to mavlink-router TCP 127.0.0.1:5760
[SCOUT] Connected
[TELEM] Connecting to MAVLink router UDP 14550[MAIN] Waiting for telemetry (GPS)...

[TELEM] Waiting for heartbeat...
[TELEM] Heartbeat OK
[MAIN] Telemetry ready: lat=28.4223137, lon=77.5262178, h=1.164
Loading model engine: model2.engine
[SCOUT] Connecting to mavlink-router TCP 127.0.0.1:5760
[SCOUT] Connected
[TELEM] Connecting to MAVLink router UDP 14550[MAIN] Waiting for telemetry (GPS)...

[TELEM] Waiting for heartbeat...
[TELEM] Heartbeat OK
[MAIN] Telemetry ready: lat=28.4223137, lon=77.526218, h=1.256
Loading model engine: model2.engine
[SCOUT] Connecting to mavlink-router TCP 127.0.0.1:5760
[SCOUT] Connected
[TELEM] Connecting to MAVLink router UDP 14550[MAIN] Waiting for telemetry (GPS)...

[TELEM] Waiting for heartbeat...
[TELEM] Heartbeat OK
[MAIN] Telemetry ready: lat=28.422313, lon=77.52622, h=1.36
Loading model engine: model2.engine
[SCOUT] Connecting to mavlink-router TCP 127.0.0.1:5760
[SCOUT] Connected
[TELEM] Connecting to MAVLink router UDP 14550[MAIN] Waiting for telemetry (GPS)...

[TELEM] Waiting for heartbeat...
[TELEM] Heartbeat OK
[MAIN] Telemetry ready: lat=28.4223126, lon=77.5262215, h=1.332
Loading model engine: model2.engine
[SCOUT] Connecting to mavlink-router TCP 127.0.0.1:5760
[SCOUT] Connected
[TELEM] Connecting to MAVLink router UDP 14550[MAIN] Waiting for telemetry (GPS)...

[TELEM] Waiting for heartbeat...
[TELEM] Heartbeat OK
[MAIN] Telemetry ready: lat=28.4223133, lon=77.5262215, h=1.586
Loading model engine: model2.engine
[SCOUT] Connecting to mavlink-router TCP 127.0.0.1:5760
[SCOUT] Connected
[TELEM] Connecting to MAVLink router UDP 14550[MAIN] Waiting for telemetry (GPS)...

[TELEM] Waiting for heartbeat...
[TELEM] Heartbeat OK
[MAIN] Telemetry ready: lat=28.422312, lon=77.526221, h=1.523
Loading model engine: model2.engine
[SCOUT] Connecting to mavlink-router TCP 127.0.0.1:5760
[SCOUT] Connected
[TELEM] Connecting to MAVLink router UDP 14550[MAIN] Waiting for telemetry (GPS)...

[TELEM] Waiting for heartbeat...
[TELEM] Heartbeat OK
[MAIN] Telemetry ready: lat=28.4223105, lon=77.5262205, h=1.382
Loading model engine: model2.engine
[SCOUT] Connecting to mavlink-router TCP 127.0.0.1:5760
[SCOUT] Connected
[TELEM] Connecting to MAVLink router UDP 14550[MAIN] Waiting for telemetry (GPS)...

[TELEM] Waiting for heartbeat...
[TELEM] Heartbeat OK
[MAIN] Telemetry ready: lat=28.4223094, lon=77.5262207, h=1.507
Loading model engine: model2.engine
[SCOUT] Connecting to mavlink-router TCP 127.0.0.1:5760
[SCOUT] Connected
[TELEM] Connecting to MAVLink router UDP 14550[MAIN] Waiting for telemetry (GPS)...

[TELEM] Waiting for heartbeat...
[TELEM] Heartbeat OK
[MAIN] Telemetry ready: lat=28.4223097, lon=77.5262213, h=1.454
Loading model engine: model2.engine
[SCOUT] Connecting to mavlink-router TCP 127.0.0.1:5760
[SCOUT] Connected
[TELEM] Connecting to MAVLink router UDP 14550[MAIN] Waiting for telemetry (GPS)...

[TELEM] Waiting for heartbeat...
[TELEM] Heartbeat OK
[MAIN] Telemetry ready: lat=28.4223075, lon=77.5262213, h=1.818
Loading model engine: model2.engine
[SCOUT] Connecting to mavlink-router TCP 127.0.0.1:5760
[SCOUT] Connected
[TELEM] Connecting to MAVLink router UDP 14550[MAIN] Waiting for telemetry (GPS)...

[TELEM] Waiting for heartbeat...
[TELEM] Heartbeat OK
[MAIN] Telemetry ready: lat=28.4223067, lon=77.5262207, h=1.797
Loading model engine: model2.engine
[SCOUT] Connecting to mavlink-router TCP 127.0.0.1:5760
[SCOUT] Connected
[TELEM] Connecting to MAVLink router UDP 14550[MAIN] Waiting for telemetry (GPS)...

[TELEM] Waiting for heartbeat...
[TELEM] Heartbeat OK
[MAIN] Telemetry ready: lat=28.4223069, lon=77.52622, h=1.882
Loading model engine: model2.engine
[SCOUT] Connecting to mavlink-router TCP 127.0.0.1:5760
[SCOUT] Connected
[TELEM] Connecting to MAVLink router UDP 14550[MAIN] Waiting for telemetry (GPS)...

[TELEM] Waiting for heartbeat...
[TELEM] Heartbeat OK
[MAIN] Telemetry ready: lat=28.4223063, lon=77.5262167, h=1.768
Loading model engine: model2.engine
[SCOUT] Connecting to mavlink-router TCP 127.0.0.1:5760
[SCOUT] Connected
[TELEM] Connecting to MAVLink router UDP 14550[MAIN] Waiting for telemetry (GPS)...

[TELEM] Waiting for heartbeat...
[TELEM] Heartbeat OK
[MAIN] Telemetry ready: lat=28.4223058, lon=77.5262169, h=1.81
Loading model engine: model2.engine
[SCOUT] Connecting to mavlink-router TCP 127.0.0.1:5760
[SCOUT] Connected
[TELEM] Connecting to MAVLink router UDP 14550[MAIN] Waiting for telemetry (GPS)...

[TELEM] Waiting for heartbeat...
[TELEM] Heartbeat OK
[MAIN] Telemetry ready: lat=28.422306, lon=77.5262177, h=1.857
Loading model engine: model2.engine
[SCOUT] Connecting to mavlink-router TCP 127.0.0.1:5760
[SCOUT] Connected
[TELEM] Connecting to MAVLink router UDP 14550[MAIN] Waiting for telemetry (GPS)...

[TELEM] Waiting for heartbeat...
[TELEM] Heartbeat OK
[MAIN] Telemetry ready: lat=28.4223064, lon=77.5262195, h=1.923
Loading model engine: model2.engine
[SCOUT] Connecting to mavlink-router TCP 127.0.0.1:5760
[SCOUT] Connected
[TELEM] Connecting to MAVLink router UDP 14550[MAIN] Waiting for telemetry (GPS)...

[TELEM] Waiting for heartbeat...
[TELEM] Heartbeat OK
[MAIN] Telemetry ready: lat=28.4223079, lon=77.526222, h=1.824
Loading model engine: model2.engine
[SCOUT] Connecting to mavlink-router TCP 127.0.0.1:5760
[SCOUT] Connected
[TELEM] Connecting to MAVLink router UDP 14550[MAIN] Waiting for telemetry (GPS)...

[TELEM] Waiting for heartbeat...
[TELEM] Heartbeat OK
[MAIN] Telemetry ready: lat=28.422308, lon=77.5262214, h=2.071
Loading model engine: model2.engine
[SCOUT] Connecting to mavlink-router TCP 127.0.0.1:5760
[SCOUT] Connected
[TELEM] Connecting to MAVLink router UDP 14550[MAIN] Waiting for telemetry (GPS)...

[TELEM] Waiting for heartbeat...
[TELEM] Heartbeat OK
[MAIN] Telemetry ready: lat=28.4223083, lon=77.526221, h=1.875
Loading model engine: model2.engine
[SCOUT] Connecting to mavlink-router TCP 127.0.0.1:5760
[SCOUT] Connected
[TELEM] Connecting to MAVLink router UDP 14550[MAIN] Waiting for telemetry (GPS)...

[TELEM] Waiting for heartbeat...
[TELEM] Heartbeat OK
[MAIN] Telemetry ready: lat=28.4223082, lon=77.5262216, h=2.167
Loading model engine: model2.engine
[SCOUT] Connecting to mavlink-router TCP 127.0.0.1:5760
[SCOUT] Connected
[TELEM] Connecting to MAVLink router UDP 14550[MAIN] Waiting for telemetry (GPS)...

[TELEM] Waiting for heartbeat...
[TELEM] Heartbeat OK
[MAIN] Telemetry ready: lat=28.4223066, lon=77.5262216, h=1.884
Loading model engine: model2.engine
[SCOUT] Connecting to mavlink-router TCP 127.0.0.1:5760
[SCOUT] Connected
[TELEM] Connecting to MAVLink router UDP 14550[MAIN] Waiting for telemetry (GPS)...

[TELEM] Waiting for heartbeat...
[TELEM] Heartbeat OK
[MAIN] Telemetry ready: lat=28.422307, lon=77.5262218, h=2.051
Loading model engine: model2.engine
[SCOUT] Connecting to mavlink-router TCP 127.0.0.1:5760
[SCOUT] Connected
[TELEM] Connecting to MAVLink router UDP 14550[MAIN] Waiting for telemetry (GPS)...

[TELEM] Waiting for heartbeat...
[TELEM] Heartbeat OK
[MAIN] Telemetry ready: lat=28.4223096, lon=77.526222, h=2.007
Loading model engine: model2.engine
[SCOUT] Connecting to mavlink-router TCP 127.0.0.1:5760
[SCOUT] Connected
[TELEM] Connecting to MAVLink router UDP 14550[MAIN] Waiting for telemetry (GPS)...

[TELEM] Waiting for heartbeat...
[TELEM] Heartbeat OK
[MAIN] Telemetry ready: lat=28.4223104, lon=77.5262226, h=1.992
Loading model engine: model2.engine
[SCOUT] Connecting to mavlink-router TCP 127.0.0.1:5760
[SCOUT] Connected
[TELEM] Connecting to MAVLink router UDP 14550[MAIN] Waiting for telemetry (GPS)...

[TELEM] Waiting for heartbeat...
[TELEM] Heartbeat OK
[MAIN] Telemetry ready: lat=28.4223111, lon=77.5262232, h=2.075
Loading model engine: model2.engine
[SCOUT] Connecting to mavlink-router TCP 127.0.0.1:5760
[SCOUT] Connected
[TELEM] Connecting to MAVLink router UDP 14550[MAIN] Waiting for telemetry (GPS)...

[TELEM] Waiting for heartbeat...
[TELEM] Heartbeat OK
[MAIN] Telemetry ready: lat=28.4223115, lon=77.5262231, h=2.172
Loading model engine: model2.engine
[SCOUT] Connecting to mavlink-router TCP 127.0.0.1:5760
[SCOUT] Connected
[TELEM] Connecting to MAVLink router UDP 14550[MAIN] Waiting for telemetry (GPS)...

[TELEM] Waiting for heartbeat...
[TELEM] Heartbeat OK
[MAIN] Telemetry ready: lat=28.4223114, lon=77.5262235, h=2.19
Loading model engine: model2.engine
[SCOUT] Connecting to mavlink-router TCP 127.0.0.1:5760
[SCOUT] Connected
[TELEM] Connecting to MAVLink router UDP 14550[MAIN] Waiting for telemetry (GPS)...

[TELEM] Waiting for heartbeat...
[TELEM] Heartbeat OK
[MAIN] Telemetry ready: lat=28.4223122, lon=77.5262237, h=2.248
Loading model engine: model2.engine
[SCOUT] Connecting to mavlink-router TCP 127.0.0.1:5760
[SCOUT] Connected
[TELEM] Connecting to MAVLink router UDP 14550[MAIN] Waiting for telemetry (GPS)...

[TELEM] Waiting for heartbeat...
[TELEM] Heartbeat OK
[MAIN] Telemetry ready: lat=28.4223106, lon=77.5262242, h=2.149
Loading model engine: model2.engine
[SCOUT] Connecting to mavlink-router TCP 127.0.0.1:5760
[SCOUT] Connected
[TELEM] Connecting to MAVLink router UDP 14550[MAIN] Waiting for telemetry (GPS)...

[TELEM] Waiting for heartbeat...
[TELEM] Heartbeat OK
[MAIN] Telemetry ready: lat=28.4223075, lon=77.5262281, h=2.241
Loading model engine: model2.engine
[SCOUT] Connecting to mavlink-router TCP 127.0.0.1:5760
[SCOUT] Connected
[TELEM] Connecting to MAVLink router UDP 14550[MAIN] Waiting for telemetry (GPS)...

[TELEM] Waiting for heartbeat...
[TELEM] Heartbeat OK
[MAIN] Telemetry ready: lat=28.4223024, lon=77.5262331, h=2.383
Loading model engine: model2.engine
[SCOUT] Connecting to mavlink-router TCP 127.0.0.1:5760
[SCOUT] Connected
[TELEM] Connecting to MAVLink router UDP 14550
[TELEM] Waiting for heartbeat...
[MAIN] Waiting for telemetry (GPS)...
[TELEM] Heartbeat OK
[MAIN] Telemetry ready: lat=28.4223034, lon=77.5262298, h=2.301
Loading model engine: model2.engine
[SCOUT] Connecting to mavlink-router TCP 127.0.0.1:5760
[SCOUT] Connected
[TELEM] Connecting to MAVLink router UDP 14550[MAIN] Waiting for telemetry (GPS)...

[TELEM] Waiting for heartbeat...
[TELEM] Heartbeat OK
[MAIN] Telemetry ready: lat=28.4223035, lon=77.526225, h=2.29
Loading model engine: model2.engine
[SCOUT] Connecting to mavlink-router TCP 127.0.0.1:5760
[SCOUT] Connected
[TELEM] Connecting to MAVLink router UDP 14550[MAIN] Waiting for telemetry (GPS)...

[TELEM] Waiting for heartbeat...
[TELEM] Heartbeat OK
[MAIN] Telemetry ready: lat=28.4223036, lon=77.5262227, h=2.17
Loading model engine: model2.engine
[SCOUT] Connecting to mavlink-router TCP 127.0.0.1:5760
[SCOUT] Connected
[TELEM] Connecting to MAVLink router UDP 14550[MAIN] Waiting for telemetry (GPS)...

[TELEM] Waiting for heartbeat...
[TELEM] Heartbeat OK
[MAIN] Telemetry ready: lat=28.4223002, lon=77.5262229, h=2.248
Loading model engine: model2.engine
[SCOUT] Connecting to mavlink-router TCP 127.0.0.1:5760
[SCOUT] Connected
[TELEM] Connecting to MAVLink router UDP 14550[MAIN] Waiting for telemetry (GPS)...

[TELEM] Waiting for heartbeat...
[TELEM] Heartbeat OK
[MAIN] Telemetry ready: lat=28.4222981, lon=77.5262217, h=2.391
Loading model engine: model2.engine
[SCOUT] Connecting to mavlink-router TCP 127.0.0.1:5760
[SCOUT] Connected
[TELEM] Connecting to MAVLink router UDP 14550[MAIN] Waiting for telemetry (GPS)...

[TELEM] Waiting for heartbeat...
[TELEM] Heartbeat OK
[MAIN] Telemetry ready: lat=28.4222991, lon=77.5262218, h=2.294
Loading model engine: model2.engine
[SCOUT] Connecting to mavlink-router TCP 127.0.0.1:5760
[SCOUT] Connected
[TELEM] Connecting to MAVLink router UDP 14550[MAIN] Waiting for telemetry (GPS)...

[TELEM] Waiting for heartbeat...
[TELEM] Heartbeat OK
[MAIN] Telemetry ready: lat=28.4222999, lon=77.5262228, h=2.252
Loading model engine: model2.engine
[SCOUT] Connecting to mavlink-router TCP 127.0.0.1:5760
[SCOUT] Connected
[TELEM] Connecting to MAVLink router UDP 14550[MAIN] Waiting for telemetry (GPS)...

[TELEM] Waiting for heartbeat...
[TELEM] Heartbeat OK
[MAIN] Telemetry ready: lat=28.4222995, lon=77.5262215, h=2.289
Loading model engine: model2.engine
[SCOUT] Connecting to mavlink-router TCP 127.0.0.1:5760
[SCOUT] Connected
[TELEM] Connecting to MAVLink router UDP 14550[MAIN] Waiting for telemetry (GPS)...

[TELEM] Waiting for heartbeat...
[TELEM] Heartbeat OK
[MAIN] Telemetry ready: lat=28.4222981, lon=77.526222, h=2.417
Loading model engine: model2.engine
[SCOUT] Connecting to mavlink-router TCP 127.0.0.1:5760
[SCOUT] Connected
[TELEM] Connecting to MAVLink router UDP 14550[MAIN] Waiting for telemetry (GPS)...

[TELEM] Waiting for heartbeat...
[TELEM] Heartbeat OK
[MAIN] Telemetry ready: lat=28.4222967, lon=77.5262224, h=2.467
Loading model engine: model2.engine
[SCOUT] Connecting to mavlink-router TCP 127.0.0.1:5760
[SCOUT] Connected
[TELEM] Connecting to MAVLink router UDP 14550[MAIN] Waiting for telemetry (GPS)...

[TELEM] Waiting for heartbeat...
[TELEM] Heartbeat OK
[MAIN] Telemetry ready: lat=28.4222937, lon=77.5262226, h=2.339
Loading model engine: model2.engine
[SCOUT] Connecting to mavlink-router TCP 127.0.0.1:5760
[SCOUT] Connected
[TELEM] Connecting to MAVLink router UDP 14550[MAIN] Waiting for telemetry (GPS)...

[TELEM] Waiting for heartbeat...
[TELEM] Heartbeat OK
[MAIN] Telemetry ready: lat=28.4222967, lon=77.5262222, h=2.521
Loading model engine: model2.engine
[SCOUT] Connecting to mavlink-router TCP 127.0.0.1:5760
[SCOUT] Connected
[TELEM] Connecting to MAVLink router UDP 14550[MAIN] Waiting for telemetry (GPS)...

[TELEM] Waiting for heartbeat...
[TELEM] Heartbeat OK
[MAIN] Telemetry ready: lat=28.4222957, lon=77.5262224, h=2.443
Loading model engine: model2.engine
[SCOUT] Connecting to mavlink-router TCP 127.0.0.1:5760
[SCOUT] Connected
[TELEM] Connecting to MAVLink router UDP 14550[MAIN] Waiting for telemetry (GPS)...

[TELEM] Waiting for heartbeat...
[TELEM] Heartbeat OK
[MAIN] Telemetry ready: lat=28.4222924, lon=77.5262214, h=2.496
Loading model engine: model2.engine
[SCOUT] Connecting to mavlink-router TCP 127.0.0.1:5760
[SCOUT] Connected
[TELEM] Connecting to MAVLink router UDP 14550[MAIN] Waiting for telemetry (GPS)...

[TELEM] Waiting for heartbeat...
[TELEM] Heartbeat OK
[MAIN] Telemetry ready: lat=28.4222939, lon=77.5262211, h=2.406
Loading model engine: model2.engine
[SCOUT] Connecting to mavlink-router TCP 127.0.0.1:5760
[SCOUT] Connected
[TELEM] Connecting to MAVLink router UDP 14550[MAIN] Waiting for telemetry (GPS)...

[TELEM] Waiting for heartbeat...
[TELEM] Heartbeat OK
[MAIN] Telemetry ready: lat=28.4222937, lon=77.5262235, h=2.502
Loading model engine: model2.engine
[SCOUT] Connecting to mavlink-router TCP 127.0.0.1:5760
[SCOUT] Connected
[TELEM] Connecting to MAVLink router UDP 14550[MAIN] Waiting for telemetry (GPS)...

[TELEM] Waiting for heartbeat...
[TELEM] Heartbeat OK
[MAIN] Telemetry ready: lat=28.4222949, lon=77.5262244, h=2.482
Loading model engine: model2.engine
[SCOUT] Connecting to mavlink-router TCP 127.0.0.1:5760
[SCOUT] Connected
[TELEM] Connecting to MAVLink router UDP 14550[MAIN] Waiting for telemetry (GPS)...

[TELEM] Waiting for heartbeat...
[TELEM] Heartbeat OK
[MAIN] Telemetry ready: lat=28.4222969, lon=77.5262241, h=2.367
Loading model engine: model2.engine
[SCOUT] Connecting to mavlink-router TCP 127.0.0.1:5760
[SCOUT] Connected
[TELEM] Connecting to MAVLink router UDP 14550[MAIN] Waiting for telemetry (GPS)...

[TELEM] Waiting for heartbeat...
[TELEM] Heartbeat OK
[MAIN] Telemetry ready: lat=28.4222984, lon=77.5262255, h=2.35
Loading model engine: model2.engine
[SCOUT] Connecting to mavlink-router TCP 127.0.0.1:5760
[SCOUT] Connected
[TELEM] Connecting to MAVLink router UDP 14550[MAIN] Waiting for telemetry (GPS)...

[TELEM] Waiting for heartbeat...
[TELEM] Heartbeat OK
[MAIN] Telemetry ready: lat=28.4223024, lon=77.5262244, h=2.269
Loading model engine: model2.engine
[SCOUT] Connecting to mavlink-router TCP 127.0.0.1:5760
[SCOUT] Connected
[TELEM] Connecting to MAVLink router UDP 14550[MAIN] Waiting for telemetry (GPS)...

[TELEM] Waiting for heartbeat...
[TELEM] Heartbeat OK
[MAIN] Telemetry ready: lat=28.4223011, lon=77.5262237, h=2.512
Loading model engine: model2.engine
[SCOUT] Connecting to mavlink-router TCP 127.0.0.1:5760
[SCOUT] Connected
[TELEM] Connecting to MAVLink router UDP 14550[MAIN] Waiting for telemetry (GPS)...

[TELEM] Waiting for heartbeat...
[TELEM] Heartbeat OK
[MAIN] Telemetry ready: lat=28.4222998, lon=77.5262223, h=2.613
Loading model engine: model2.engine
[SCOUT] Connecting to mavlink-router TCP 127.0.0.1:5760
[SCOUT] Connected
[TELEM] Connecting to MAVLink router UDP 14550[MAIN] Waiting for telemetry (GPS)...

[TELEM] Waiting for heartbeat...
[TELEM] Heartbeat OK
[MAIN] Telemetry ready: lat=28.422299, lon=77.5262215, h=2.463
Loading model engine: model2.engine
[SCOUT] Connecting to mavlink-router TCP 127.0.0.1:5760
[SCOUT] Connected
[TELEM] Connecting to MAVLink router UDP 14550[MAIN] Waiting for telemetry (GPS)...

[TELEM] Waiting for heartbeat...
[TELEM] Heartbeat OK
[MAIN] Telemetry ready: lat=28.4222992, lon=77.5262229, h=2.551
Loading model engine: model2.engine
[SCOUT] Connecting to mavlink-router TCP 127.0.0.1:5760
[SCOUT] Connected
[TELEM] Connecting to MAVLink router UDP 14550[MAIN] Waiting for telemetry (GPS)...

[TELEM] Waiting for heartbeat...
[TELEM] Heartbeat OK
[MAIN] Telemetry ready: lat=28.4222994, lon=77.5262249, h=2.257
Loading model engine: model2.engine
[SCOUT] Connecting to mavlink-router TCP 127.0.0.1:5760
[SCOUT] Connected
[TELEM] Connecting to MAVLink router UDP 14550[MAIN] Waiting for telemetry (GPS)...

[TELEM] Waiting for heartbeat...
[TELEM] Heartbeat OK
[MAIN] Telemetry ready: lat=28.4223025, lon=77.5262254, h=2.548
Loading model engine: model2.engine
[SCOUT] Connecting to mavlink-router TCP 127.0.0.1:5760
[SCOUT] Connected
[TELEM] Connecting to MAVLink router UDP 14550[MAIN] Waiting for telemetry (GPS)...

[TELEM] Waiting for heartbeat...
[TELEM] Heartbeat OK
[MAIN] Telemetry ready: lat=28.4223043, lon=77.5262246, h=2.51
Loading model engine: model2.engine
[SCOUT] Connecting to mavlink-router TCP 127.0.0.1:5760
[SCOUT] Connected
[TELEM] Connecting to MAVLink router UDP 14550[MAIN] Waiting for telemetry (GPS)...

[TELEM] Waiting for heartbeat...
[TELEM] Heartbeat OK
[MAIN] Telemetry ready: lat=28.4223046, lon=77.5262247, h=2.76
Loading model engine: model2.engine
[SCOUT] Connecting to mavlink-router TCP 127.0.0.1:5760
[SCOUT] Connected
[TELEM] Connecting to MAVLink router UDP 14550[MAIN] Waiting for telemetry (GPS)...

[TELEM] Waiting for heartbeat...
[TELEM] Heartbeat OK
[MAIN] Telemetry ready: lat=28.4223011, lon=77.526224, h=2.606
Loading model engine: model2.engine
[SCOUT] Connecting to mavlink-router TCP 127.0.0.1:5760
[SCOUT] Connected
[TELEM] Connecting to MAVLink router UDP 14550[MAIN] Waiting for telemetry (GPS)...

[TELEM] Waiting for heartbeat...
[TELEM] Heartbeat OK
[MAIN] Telemetry ready: lat=28.4222964, lon=77.5262239, h=2.606
Loading model engine: model2.engine
[SCOUT] Connecting to mavlink-router TCP 127.0.0.1:5760
[SCOUT] Connected
[TELEM] Connecting to MAVLink router UDP 14550
[MAIN] Waiting for telemetry (GPS)...
[TELEM] Waiting for heartbeat...
[TELEM] Heartbeat OK
[MAIN] Telemetry ready: lat=28.4222949, lon=77.5262227, h=2.702
Loading model engine: model2.engine
[SCOUT] Connecting to mavlink-router TCP 127.0.0.1:5760
[SCOUT] Connected
[TELEM] Connecting to MAVLink router UDP 14550[MAIN] Waiting for telemetry (GPS)...

[TELEM] Waiting for heartbeat...
[TELEM] Heartbeat OK
[MAIN] Telemetry ready: lat=28.4222963, lon=77.5262223, h=2.774
Loading model engine: model2.engine
[SCOUT] Connecting to mavlink-router TCP 127.0.0.1:5760
[SCOUT] Connected
[TELEM] Connecting to MAVLink router UDP 14550[MAIN] Waiting for telemetry (GPS)...

[TELEM] Waiting for heartbeat...
[TELEM] Heartbeat OK
[MAIN] Telemetry ready: lat=28.4222952, lon=77.5262213, h=2.646
Loading model engine: model2.engine
[SCOUT] Connecting to mavlink-router TCP 127.0.0.1:5760
[SCOUT] Connected
[TELEM] Connecting to MAVLink router UDP 14550[MAIN] Waiting for telemetry (GPS)...

[TELEM] Waiting for heartbeat...
[TELEM] Heartbeat OK
[MAIN] Telemetry ready: lat=28.422294, lon=77.5262218, h=2.819
Loading model engine: model2.engine
[SCOUT] Connecting to mavlink-router TCP 127.0.0.1:5760
[SCOUT] Connected
[TELEM] Connecting to MAVLink router UDP 14550[MAIN] Waiting for telemetry (GPS)...

[TELEM] Waiting for heartbeat...
[TELEM] Heartbeat OK
[MAIN] Telemetry ready: lat=28.4222937, lon=77.5262202, h=2.874
Loading model engine: model2.engine
[SCOUT] Connecting to mavlink-router TCP 127.0.0.1:5760
[SCOUT] Connected
[TELEM] Connecting to MAVLink router UDP 14550[MAIN] Waiting for telemetry (GPS)...

[TELEM] Waiting for heartbeat...
[TELEM] Heartbeat OK
[MAIN] Telemetry ready: lat=28.4222953, lon=77.5262211, h=2.863
Loading model engine: model2.engine
[SCOUT] Connecting to mavlink-router TCP 127.0.0.1:5760
[SCOUT] Connected
[TELEM] Connecting to MAVLink router UDP 14550[MAIN] Waiting for telemetry (GPS)...

[TELEM] Waiting for heartbeat...
[TELEM] Heartbeat OK
[MAIN] Telemetry ready: lat=28.4222952, lon=77.5262215, h=2.977
Loading model engine: model2.engine
[SCOUT] Connecting to mavlink-router TCP 127.0.0.1:5760
[SCOUT] Connected
[TELEM] Connecting to MAVLink router UDP 14550[MAIN] Waiting for telemetry (GPS)...

[TELEM] Waiting for heartbeat...
[TELEM] Heartbeat OK
[MAIN] Telemetry ready: lat=28.4222969, lon=77.5262212, h=3.081
Loading model engine: model2.engine
[SCOUT] Connecting to mavlink-router TCP 127.0.0.1:5760
[SCOUT] Connected
[TELEM] Connecting to MAVLink router UDP 14550[MAIN] Waiting for telemetry (GPS)...

[TELEM] Waiting for heartbeat...
[TELEM] Heartbeat OK
[MAIN] Telemetry ready: lat=28.4222986, lon=77.5262217, h=3.188
Loading model engine: model2.engine
[SCOUT] Connecting to mavlink-router TCP 127.0.0.1:5760
[SCOUT] Connected
[TELEM] Connecting to MAVLink router UDP 14550[MAIN] Waiting for telemetry (GPS)...

[TELEM] Waiting for heartbeat...
[TELEM] Heartbeat OK
[MAIN] Telemetry ready: lat=28.4222989, lon=77.5262229, h=3.155
Loading model engine: model2.engine
[SCOUT] Connecting to mavlink-router TCP 127.0.0.1:5760
[SCOUT] Connected
[TELEM] Connecting to MAVLink router UDP 14550[MAIN] Waiting for telemetry (GPS)...

[TELEM] Waiting for heartbeat...
[TELEM] Heartbeat OK
[MAIN] Telemetry ready: lat=28.4222984, lon=77.5262223, h=3.067
Loading model engine: model2.engine
[SCOUT] Connecting to mavlink-router TCP 127.0.0.1:5760
[SCOUT] Connected
[TELEM] Connecting to MAVLink router UDP 14550[MAIN] Waiting for telemetry (GPS)...

[TELEM] Waiting for heartbeat...
[TELEM] Heartbeat OK
[MAIN] Telemetry ready: lat=28.4222983, lon=77.5262213, h=3.079
Loading model engine: model2.engine
[SCOUT] Connecting to mavlink-router TCP 127.0.0.1:5760
[SCOUT] Connected
[TELEM] Connecting to MAVLink router UDP 14550[MAIN] Waiting for telemetry (GPS)...

[TELEM] Waiting for heartbeat...
[TELEM] Heartbeat OK
[MAIN] Telemetry ready: lat=28.4222962, lon=77.5262234, h=3.217
Loading model engine: model2.engine
[SCOUT] Connecting to mavlink-router TCP 127.0.0.1:5760
[SCOUT] Connected
[TELEM] Connecting to MAVLink router UDP 14550[MAIN] Waiting for telemetry (GPS)...

[TELEM] Waiting for heartbeat...
[TELEM] Heartbeat OK
[MAIN] Telemetry ready: lat=28.4222947, lon=77.5262242, h=3.126
Loading model engine: model2.engine
[SCOUT] Connecting to mavlink-router TCP 127.0.0.1:5760
[SCOUT] Connected
[TELEM] Connecting to MAVLink router UDP 14550[MAIN] Waiting for telemetry (GPS)...

[TELEM] Waiting for heartbeat...
[TELEM] Heartbeat OK
[MAIN] Telemetry ready: lat=28.4222941, lon=77.5262259, h=3.268
Loading model engine: model2.engine
[SCOUT] Connecting to mavlink-router TCP 127.0.0.1:5760
[SCOUT] Connected
[TELEM] Connecting to MAVLink router UDP 14550[MAIN] Waiting for telemetry (GPS)...

[TELEM] Waiting for heartbeat...
[TELEM] Heartbeat OK
[MAIN] Telemetry ready: lat=28.422297, lon=77.526223, h=3.294
Loading model engine: model2.engine
[SCOUT] Connecting to mavlink-router TCP 127.0.0.1:5760
[SCOUT] Connected
[TELEM] Connecting to MAVLink router UDP 14550[MAIN] Waiting for telemetry (GPS)...

[TELEM] Waiting for heartbeat...
[TELEM] Heartbeat OK
[MAIN] Telemetry ready: lat=28.4222979, lon=77.5262196, h=3.254
Loading model engine: model2.engine
[SCOUT] Connecting to mavlink-router TCP 127.0.0.1:5760
[SCOUT] Connected
[TELEM] Connecting to MAVLink router UDP 14550[MAIN] Waiting for telemetry (GPS)...

[TELEM] Waiting for heartbeat...
[TELEM] Heartbeat OK
[MAIN] Telemetry ready: lat=28.422297, lon=77.5262183, h=3.315
Loading model engine: model2.engine
[SCOUT] Connecting to mavlink-router TCP 127.0.0.1:5760
[SCOUT] Connected
[TELEM] Connecting to MAVLink router UDP 14550[MAIN] Waiting for telemetry (GPS)...

[TELEM] Waiting for heartbeat...
[TELEM] Heartbeat OK
[MAIN] Telemetry ready: lat=28.4222974, lon=77.5262228, h=3.196
Loading model engine: model2.engine
[SCOUT] Connecting to mavlink-router TCP 127.0.0.1:5760
[SCOUT] Connected
[TELEM] Connecting to MAVLink router UDP 14550[MAIN] Waiting for telemetry (GPS)...

[TELEM] Waiting for heartbeat...
[TELEM] Heartbeat OK
[MAIN] Telemetry ready: lat=28.4222982, lon=77.5262235, h=3.383
Loading model engine: model2.engine
[SCOUT] Connecting to mavlink-router TCP 127.0.0.1:5760
[SCOUT] Connected
[TELEM] Connecting to MAVLink router UDP 14550[MAIN] Waiting for telemetry (GPS)...

[TELEM] Waiting for heartbeat...
[TELEM] Heartbeat OK
[MAIN] Telemetry ready: lat=28.4223008, lon=77.5262232, h=3.359
Loading model engine: model2.engine
[SCOUT] Connecting to mavlink-router TCP 127.0.0.1:5760
[SCOUT] Connected
[TELEM] Connecting to MAVLink router UDP 14550[MAIN] Waiting for telemetry (GPS)...

[TELEM] Waiting for heartbeat...
[TELEM] Heartbeat OK
[MAIN] Telemetry ready: lat=28.4223008, lon=77.5262235, h=3.41
Loading model engine: model2.engine
[SCOUT] Connecting to mavlink-router TCP 127.0.0.1:5760
[SCOUT] Connected
[TELEM] Connecting to MAVLink router UDP 14550[MAIN] Waiting for telemetry (GPS)...

[TELEM] Waiting for heartbeat...
[TELEM] Heartbeat OK
[MAIN] Telemetry ready: lat=28.4223013, lon=77.5262244, h=3.333
Loading model engine: model2.engine
[SCOUT] Connecting to mavlink-router TCP 127.0.0.1:5760
[SCOUT] Connected
[TELEM] Connecting to MAVLink router UDP 14550[MAIN] Waiting for telemetry (GPS)...

[TELEM] Waiting for heartbeat...
[TELEM] Heartbeat OK
[MAIN] Telemetry ready: lat=28.4223019, lon=77.526224, h=3.403
Loading model engine: model2.engine
[SCOUT] Connecting to mavlink-router TCP 127.0.0.1:5760
[SCOUT] Connected
[TELEM] Connecting to MAVLink router UDP 14550[MAIN] Waiting for telemetry (GPS)...

[TELEM] Waiting for heartbeat...
[TELEM] Heartbeat OK
[MAIN] Telemetry ready: lat=28.4223025, lon=77.5262235, h=3.48
Loading model engine: model2.engine
[SCOUT] Connecting to mavlink-router TCP 127.0.0.1:5760
[SCOUT] Connected
[TELEM] Connecting to MAVLink router UDP 14550[MAIN] Waiting for telemetry (GPS)...

[TELEM] Waiting for heartbeat...
[TELEM] Heartbeat OK
[MAIN] Telemetry ready: lat=28.4223023, lon=77.5262236, h=3.174
Loading model engine: model2.engine
[SCOUT] Connecting to mavlink-router TCP 127.0.0.1:5760
[SCOUT] Connected
[TELEM] Connecting to MAVLink router UDP 14550[MAIN] Waiting for telemetry (GPS)...

[TELEM] Waiting for heartbeat...
[TELEM] Heartbeat OK
[MAIN] Telemetry ready: lat=28.4223019, lon=77.5262221, h=3.37
Loading model engine: model2.engine
[SCOUT] Connecting to mavlink-router TCP 127.0.0.1:5760
[SCOUT] Connected
[TELEM] Connecting to MAVLink router UDP 14550[MAIN] Waiting for telemetry (GPS)...

[TELEM] Waiting for heartbeat...
[TELEM] Heartbeat OK
[MAIN] Telemetry ready: lat=28.4223023, lon=77.5262219, h=3.398
Loading model engine: model2.engine
[SCOUT] Connecting to mavlink-router TCP 127.0.0.1:5760
[SCOUT] Connected
[TELEM] Connecting to MAVLink router UDP 14550[MAIN] Waiting for telemetry (GPS)...

[TELEM] Waiting for heartbeat...
[TELEM] Heartbeat OK
[MAIN] Telemetry ready: lat=28.4223075, lon=77.5262207, h=3.466
Loading model engine: model2.engine
[SCOUT] Connecting to mavlink-router TCP 127.0.0.1:5760
[SCOUT] Connected
[TELEM] Connecting to MAVLink router UDP 14550[MAIN] Waiting for telemetry (GPS)...

[TELEM] Waiting for heartbeat...
[TELEM] Heartbeat OK
[MAIN] Telemetry ready: lat=28.4223104, lon=77.5262211, h=3.503
Loading model engine: model2.engine
[SCOUT] Connecting to mavlink-router TCP 127.0.0.1:5760
[SCOUT] Connected
[TELEM] Connecting to MAVLink router UDP 14550[MAIN] Waiting for telemetry (GPS)...

[TELEM] Waiting for heartbeat...
[TELEM] Heartbeat OK
[MAIN] Telemetry ready: lat=28.422306, lon=77.5262218, h=3.57
Loading model engine: model2.engine
[SCOUT] Connecting to mavlink-router TCP 127.0.0.1:5760
[SCOUT] Connected
[TELEM] Connecting to MAVLink router UDP 14550[MAIN] Waiting for telemetry (GPS)...

[TELEM] Waiting for heartbeat...
[TELEM] Heartbeat OK
[MAIN] Telemetry ready: lat=28.422307, lon=77.5262237, h=3.448
Loading model engine: model2.engine
[SCOUT] Connecting to mavlink-router TCP 127.0.0.1:5760
[SCOUT] Connected
[TELEM] Connecting to MAVLink router UDP 14550[MAIN] Waiting for telemetry (GPS)...

[TELEM] Waiting for heartbeat...
[TELEM] Heartbeat OK
[MAIN] Telemetry ready: lat=28.422307, lon=77.5262244, h=3.468
Loading model engine: model2.engine
[SCOUT] Connecting to mavlink-router TCP 127.0.0.1:5760
[SCOUT] Connected
[TELEM] Connecting to MAVLink router UDP 14550[MAIN] Waiting for telemetry (GPS)...

[TELEM] Waiting for heartbeat...
[TELEM] Heartbeat OK
[MAIN] Telemetry ready: lat=28.4223049, lon=77.5262242, h=3.654
Loading model engine: model2.engine
[SCOUT] Connecting to mavlink-router TCP 127.0.0.1:5760
[SCOUT] Connected
[TELEM] Connecting to MAVLink router UDP 14550[MAIN] Waiting for telemetry (GPS)...

[TELEM] Waiting for heartbeat...
[TELEM] Heartbeat OK
[MAIN] Telemetry ready: lat=28.4223001, lon=77.5262254, h=3.53
Loading model engine: model2.engine
[SCOUT] Connecting to mavlink-router TCP 127.0.0.1:5760
[SCOUT] Connected
[TELEM] Connecting to MAVLink router UDP 14550[MAIN] Waiting for telemetry (GPS)...

[TELEM] Waiting for heartbeat...
[TELEM] Heartbeat OK
[MAIN] Telemetry ready: lat=28.4222964, lon=77.5262266, h=3.607
Loading model engine: model2.engine
[SCOUT] Connecting to mavlink-router TCP 127.0.0.1:5760
[SCOUT] Connected
[TELEM] Connecting to MAVLink router UDP 14550[MAIN] Waiting for telemetry (GPS)...

[TELEM] Waiting for heartbeat...
[TELEM] Heartbeat OK
[MAIN] Telemetry ready: lat=28.422297, lon=77.526227, h=3.517
Loading model engine: model2.engine
[SCOUT] Connecting to mavlink-router TCP 127.0.0.1:5760
[SCOUT] Connected
[TELEM] Connecting to MAVLink router UDP 14550[MAIN] Waiting for telemetry (GPS)...

[TELEM] Waiting for heartbeat...
[TELEM] Heartbeat OK
[MAIN] Telemetry ready: lat=28.4222995, lon=77.5262268, h=3.627
Loading model engine: model2.engine
[SCOUT] Connecting to mavlink-router TCP 127.0.0.1:5760
[SCOUT] Connected
[TELEM] Connecting to MAVLink router UDP 14550[MAIN] Waiting for telemetry (GPS)...

[TELEM] Waiting for heartbeat...
[TELEM] Heartbeat OK
[MAIN] Telemetry ready: lat=28.4223015, lon=77.526226, h=3.685
Loading model engine: model2.engine
[SCOUT] Connecting to mavlink-router TCP 127.0.0.1:5760
[SCOUT] Connected
[TELEM] Connecting to MAVLink router UDP 14550[MAIN] Waiting for telemetry (GPS)...

[TELEM] Waiting for heartbeat...
[TELEM] Heartbeat OK
[MAIN] Telemetry ready: lat=28.4222996, lon=77.5262248, h=3.363
Loading model engine: model2.engine
[SCOUT] Connecting to mavlink-router TCP 127.0.0.1:5760
[SCOUT] Connected
[TELEM] Connecting to MAVLink router UDP 14550[MAIN] Waiting for telemetry (GPS)...

[TELEM] Waiting for heartbeat...
[TELEM] Heartbeat OK
[MAIN] Telemetry ready: lat=28.4223004, lon=77.5262236, h=3.584
Loading model engine: model2.engine
[SCOUT] Connecting to mavlink-router TCP 127.0.0.1:5760
[SCOUT] Connected
[TELEM] Connecting to MAVLink router UDP 14550[MAIN] Waiting for telemetry (GPS)...

[TELEM] Waiting for heartbeat...
[TELEM] Heartbeat OK
[MAIN] Telemetry ready: lat=28.4222981, lon=77.5262242, h=3.685
Loading model engine: model2.engine
[SCOUT] Connecting to mavlink-router TCP 127.0.0.1:5760
[SCOUT] Connected
[TELEM] Connecting to MAVLink router UDP 14550[MAIN] Waiting for telemetry (GPS)...

[TELEM] Waiting for heartbeat...
[TELEM] Heartbeat OK
[MAIN] Telemetry ready: lat=28.4222942, lon=77.5262276, h=3.727
Loading model engine: model2.engine
[SCOUT] Connecting to mavlink-router TCP 127.0.0.1:5760
[SCOUT] Connected
[TELEM] Connecting to MAVLink router UDP 14550[MAIN] Waiting for telemetry (GPS)...

[TELEM] Waiting for heartbeat...
[TELEM] Heartbeat OK
[MAIN] Telemetry ready: lat=28.422293, lon=77.5262285, h=3.622
Loading model engine: model2.engine
[SCOUT] Connecting to mavlink-router TCP 127.0.0.1:5760
[SCOUT] Connected
[TELEM] Connecting to MAVLink router UDP 14550[MAIN] Waiting for telemetry (GPS)...

[TELEM] Waiting for heartbeat...
[TELEM] Heartbeat OK
[MAIN] Telemetry ready: lat=28.422295, lon=77.5262271, h=3.689
Loading model engine: model2.engine
[SCOUT] Connecting to mavlink-router TCP 127.0.0.1:5760
[SCOUT] Connected
[TELEM] Connecting to MAVLink router UDP 14550[MAIN] Waiting for telemetry (GPS)...

[TELEM] Waiting for heartbeat...
[TELEM] Heartbeat OK
[MAIN] Telemetry ready: lat=28.422298, lon=77.5262247, h=3.778
Loading model engine: model2.engine
[SCOUT] Connecting to mavlink-router TCP 127.0.0.1:5760
[SCOUT] Connected
[TELEM] Connecting to MAVLink router UDP 14550[MAIN] Waiting for telemetry (GPS)...

[TELEM] Waiting for heartbeat...
[TELEM] Heartbeat OK
[MAIN] Telemetry ready: lat=28.4222985, lon=77.526222, h=3.593
Loading model engine: model2.engine
[SCOUT] Connecting to mavlink-router TCP 127.0.0.1:5760
[SCOUT] Connected
[TELEM] Connecting to MAVLink router UDP 14550[MAIN] Waiting for telemetry (GPS)...

[TELEM] Waiting for heartbeat...
[TELEM] Heartbeat OK
[MAIN] Telemetry ready: lat=28.4222978, lon=77.5262212, h=3.882
Loading model engine: model2.engine
[SCOUT] Connecting to mavlink-router TCP 127.0.0.1:5760
[SCOUT] Connected
[TELEM] Connecting to MAVLink router UDP 14550[MAIN] Waiting for telemetry (GPS)...

[TELEM] Waiting for heartbeat...
[TELEM] Heartbeat OK
[MAIN] Telemetry ready: lat=28.4222989, lon=77.526221, h=3.854
Loading model engine: model2.engine
[SCOUT] Connecting to mavlink-router TCP 127.0.0.1:5760
[SCOUT] Connected
[TELEM] Connecting to MAVLink router UDP 14550[MAIN] Waiting for telemetry (GPS)...

[TELEM] Waiting for heartbeat...
[TELEM] Heartbeat OK
[MAIN] Telemetry ready: lat=28.4222982, lon=77.526222, h=3.899
Loading model engine: model2.engine
[SCOUT] Connecting to mavlink-router TCP 127.0.0.1:5760
[SCOUT] Connected
[TELEM] Connecting to MAVLink router UDP 14550[MAIN] Waiting for telemetry (GPS)...

[TELEM] Waiting for heartbeat...
[TELEM] Heartbeat OK
[MAIN] Telemetry ready: lat=28.422295, lon=77.5262214, h=3.984
Loading model engine: model2.engine
[SCOUT] Connecting to mavlink-router TCP 127.0.0.1:5760
[SCOUT] Connected
[TELEM] Connecting to MAVLink router UDP 14550[MAIN] Waiting for telemetry (GPS)...

[TELEM] Waiting for heartbeat...
[TELEM] Heartbeat OK
[MAIN] Telemetry ready: lat=28.4222948, lon=77.526217, h=3.891
Loading model engine: model2.engine
[SCOUT] Connecting to mavlink-router TCP 127.0.0.1:5760
[SCOUT] Connected
[TELEM] Connecting to MAVLink router UDP 14550[MAIN] Waiting for telemetry (GPS)...

[TELEM] Waiting for heartbeat...
[TELEM] Heartbeat OK
[MAIN] Telemetry ready: lat=28.4222977, lon=77.5262161, h=4.144
Loading model engine: model2.engine
[SCOUT] Connecting to mavlink-router TCP 127.0.0.1:5760
[SCOUT] Connected
[TELEM] Connecting to MAVLink router UDP 14550[MAIN] Waiting for telemetry (GPS)...

[TELEM] Waiting for heartbeat...
[TELEM] Heartbeat OK
[MAIN] Telemetry ready: lat=28.4222971, lon=77.526217, h=4.263
Loading model engine: model2.engine
[SCOUT] Connecting to mavlink-router TCP 127.0.0.1:5760
[SCOUT] Connected
[TELEM] Connecting to MAVLink router UDP 14550[MAIN] Waiting for telemetry (GPS)...

[TELEM] Waiting for heartbeat...
[TELEM] Heartbeat OK
[MAIN] Telemetry ready: lat=28.4222968, lon=77.5262199, h=4.264
Loading model engine: model2.engine
[SCOUT] Connecting to mavlink-router TCP 127.0.0.1:5760
[SCOUT] Connected
[TELEM] Connecting to MAVLink router UDP 14550[MAIN] Waiting for telemetry (GPS)...

[TELEM] Waiting for heartbeat...
[TELEM] Heartbeat OK
[MAIN] Telemetry ready: lat=28.4222964, lon=77.5262224, h=4.407
Loading model engine: model2.engine
[SCOUT] Connecting to mavlink-router TCP 127.0.0.1:5760
[SCOUT] Connected
[TELEM] Connecting to MAVLink router UDP 14550[MAIN] Waiting for telemetry (GPS)...

[TELEM] Waiting for heartbeat...
[TELEM] Heartbeat OK
[MAIN] Telemetry ready: lat=28.422296, lon=77.5262232, h=4.555
Loading model engine: model2.engine
[SCOUT] Connecting to mavlink-router TCP 127.0.0.1:5760
[SCOUT] Connected
[TELEM] Connecting to MAVLink router UDP 14550[MAIN] Waiting for telemetry (GPS)...

[TELEM] Waiting for heartbeat...
[TELEM] Heartbeat OK
[MAIN] Telemetry ready: lat=28.4222971, lon=77.5262207, h=4.49
Loading model engine: model2.engine
[SCOUT] Connecting to mavlink-router TCP 127.0.0.1:5760
[SCOUT] Connected
[TELEM] Connecting to MAVLink router UDP 14550[MAIN] Waiting for telemetry (GPS)...

[TELEM] Waiting for heartbeat...
[TELEM] Heartbeat OK
[MAIN] Telemetry ready: lat=28.4222986, lon=77.5262177, h=4.302
Loading model engine: model2.engine
[SCOUT] Connecting to mavlink-router TCP 127.0.0.1:5760
[SCOUT] Connected
[TELEM] Connecting to MAVLink router UDP 14550[MAIN] Waiting for telemetry (GPS)...

[TELEM] Waiting for heartbeat...
[TELEM] Heartbeat OK
[MAIN] Telemetry ready: lat=28.4223, lon=77.5262159, h=4.494
Loading model engine: model2.engine
[SCOUT] Connecting to mavlink-router TCP 127.0.0.1:5760
[SCOUT] Connected
[TELEM] Connecting to MAVLink router UDP 14550[MAIN] Waiting for telemetry (GPS)...

[TELEM] Waiting for heartbeat...
[TELEM] Heartbeat OK
[MAIN] Telemetry ready: lat=28.4222979, lon=77.5262122, h=4.601
Loading model engine: model2.engine
[SCOUT] Connecting to mavlink-router TCP 127.0.0.1:5760
[SCOUT] Connected
[TELEM] Connecting to MAVLink router UDP 14550[MAIN] Waiting for telemetry (GPS)...

[TELEM] Waiting for heartbeat...
[TELEM] Heartbeat OK
[MAIN] Telemetry ready: lat=28.4222964, lon=77.5262093, h=4.505
Loading model engine: model2.engine
[SCOUT] Connecting to mavlink-router TCP 127.0.0.1:5760
[SCOUT] Connected
[TELEM] Connecting to MAVLink router UDP 14550
[TELEM] Waiting for heartbeat...
[MAIN] Waiting for telemetry (GPS)...
[TELEM] Heartbeat OK
[MAIN] Telemetry ready: lat=28.4222944, lon=77.5262113, h=4.659
Loading model engine: model2.engine
[SCOUT] Connecting to mavlink-router TCP 127.0.0.1:5760
[SCOUT] Connected
[TELEM] Connecting to MAVLink router UDP 14550[MAIN] Waiting for telemetry (GPS)...

[TELEM] Waiting for heartbeat...
[TELEM] Heartbeat OK
[MAIN] Telemetry ready: lat=28.4222952, lon=77.5262138, h=4.654
Loading model engine: model2.engine
[SCOUT] Connecting to mavlink-router TCP 127.0.0.1:5760
[SCOUT] Connected
[TELEM] Connecting to MAVLink router UDP 14550[MAIN] Waiting for telemetry (GPS)...

[TELEM] Waiting for heartbeat...
[TELEM] Heartbeat OK
[MAIN] Telemetry ready: lat=28.4222949, lon=77.5262146, h=4.708
Loading model engine: model2.engine
[SCOUT] Connecting to mavlink-router TCP 127.0.0.1:5760
[SCOUT] Connected
[TELEM] Connecting to MAVLink router UDP 14550[MAIN] Waiting for telemetry (GPS)...

[TELEM] Waiting for heartbeat...
[TELEM] Heartbeat OK
[MAIN] Telemetry ready: lat=28.4222971, lon=77.5262148, h=4.706
Loading model engine: model2.engine
[SCOUT] Connecting to mavlink-router TCP 127.0.0.1:5760
[SCOUT] Connected
[TELEM] Connecting to MAVLink router UDP 14550[MAIN] Waiting for telemetry (GPS)...

[TELEM] Waiting for heartbeat...
[TELEM] Heartbeat OK
[MAIN] Telemetry ready: lat=28.4222966, lon=77.5262151, h=4.813
Loading model engine: model2.engine
[SCOUT] Connecting to mavlink-router TCP 127.0.0.1:5760
[SCOUT] Connected
[TELEM] Connecting to MAVLink router UDP 14550[MAIN] Waiting for telemetry (GPS)...

[TELEM] Waiting for heartbeat...
[TELEM] Heartbeat OK
[MAIN] Telemetry ready: lat=28.4222961, lon=77.5262149, h=4.918
Loading model engine: model2.engine
[SCOUT] Connecting to mavlink-router TCP 127.0.0.1:5760
[SCOUT] Connected
[TELEM] Connecting to MAVLink router UDP 14550
[MAIN] Waiting for telemetry (GPS)...
[TELEM] Waiting for heartbeat...
[TELEM] Heartbeat OK
[MAIN] Telemetry ready: lat=28.4222968, lon=77.5262135, h=5.05
Loading model engine: model2.engine
[SCOUT] Connecting to mavlink-router TCP 127.0.0.1:5760
[SCOUT] Connected
[TELEM] Connecting to MAVLink router UDP 14550
[TELEM] Waiting for heartbeat...[MAIN] Waiting for telemetry (GPS)...

[TELEM] Heartbeat OK
[MAIN] Telemetry ready: lat=28.4223018, lon=77.5262164, h=4.87
Loading model engine: model2.engine
[SCOUT] Connecting to mavlink-router TCP 127.0.0.1:5760
[SCOUT] Connected
[TELEM] Connecting to MAVLink router UDP 14550[MAIN] Waiting for telemetry (GPS)...

[TELEM] Waiting for heartbeat...
[TELEM] Heartbeat OK
[MAIN] Telemetry ready: lat=28.4223065, lon=77.5262198, h=5.063
Loading model engine: model2.engine
[SCOUT] Connecting to mavlink-router TCP 127.0.0.1:5760
[SCOUT] Connected
[TELEM] Connecting to MAVLink router UDP 14550[MAIN] Waiting for telemetry (GPS)...

[TELEM] Waiting for heartbeat...
[TELEM] Heartbeat OK
[MAIN] Telemetry ready: lat=28.422309, lon=77.5262214, h=4.943
Loading model engine: model2.engine
[SCOUT] Connecting to mavlink-router TCP 127.0.0.1:5760
[SCOUT] Connected
[TELEM] Connecting to MAVLink router UDP 14550[MAIN] Waiting for telemetry (GPS)...

[TELEM] Waiting for heartbeat...
[TELEM] Heartbeat OK
[MAIN] Telemetry ready: lat=28.4223106, lon=77.5262226, h=4.95
Loading model engine: model2.engine
[SCOUT] Connecting to mavlink-router TCP 127.0.0.1:5760
[SCOUT] Connected
[MAIN] Waiting for telemetry (GPS)...
[TELEM] Connecting to MAVLink router UDP 14550
[TELEM] Waiting for heartbeat...
[TELEM] Heartbeat OK
[MAIN] Telemetry ready: lat=28.4223138, lon=77.5262237, h=4.737
Loading model engine: model2.engine
[SCOUT] Connecting to mavlink-router TCP 127.0.0.1:5760
[SCOUT] Connected
[TELEM] Connecting to MAVLink router UDP 14550[MAIN] Waiting for telemetry (GPS)...

[TELEM] Waiting for heartbeat...
[TELEM] Heartbeat OK
[MAIN] Telemetry ready: lat=28.422315, lon=77.5262241, h=5.366
Loading model engine: model2.engine
[SCOUT] Connecting to mavlink-router TCP 127.0.0.1:5760
[SCOUT] Connected
[TELEM] Connecting to MAVLink router UDP 14550[MAIN] Waiting for telemetry (GPS)...

[TELEM] Waiting for heartbeat...
[TELEM] Heartbeat OK
[MAIN] Telemetry ready: lat=28.4223146, lon=77.526226, h=4.966
Loading model engine: model2.engine
[SCOUT] Connecting to mavlink-router TCP 127.0.0.1:5760
[SCOUT] Connected
[TELEM] Connecting to MAVLink router UDP 14550[MAIN] Waiting for telemetry (GPS)...

[TELEM] Waiting for heartbeat...
[TELEM] Heartbeat OK
[MAIN] Telemetry ready: lat=28.4223131, lon=77.5262261, h=5.126
Loading model engine: model2.engine
[SCOUT] Connecting to mavlink-router TCP 127.0.0.1:5760
[SCOUT] Connected
[TELEM] Connecting to MAVLink router UDP 14550[MAIN] Waiting for telemetry (GPS)...

[TELEM] Waiting for heartbeat...
[TELEM] Heartbeat OK
[MAIN] Telemetry ready: lat=28.4223146, lon=77.5262247, h=5.19
Loading model engine: model2.engine
[SCOUT] Connecting to mavlink-router TCP 127.0.0.1:5760
[SCOUT] Connected
[TELEM] Connecting to MAVLink router UDP 14550[MAIN] Waiting for telemetry (GPS)...

[TELEM] Waiting for heartbeat...
[TELEM] Heartbeat OK
[MAIN] Telemetry ready: lat=28.4223119, lon=77.5262242, h=5.123
Loading model engine: model2.engine
[SCOUT] Connecting to mavlink-router TCP 127.0.0.1:5760
[SCOUT] Connected
[TELEM] Connecting to MAVLink router UDP 14550[MAIN] Waiting for telemetry (GPS)...

[TELEM] Waiting for heartbeat...
[TELEM] Heartbeat OK
[MAIN] Telemetry ready: lat=28.4223106, lon=77.5262229, h=5.21
Loading model engine: model2.engine
[SCOUT] Connecting to mavlink-router TCP 127.0.0.1:5760
[SCOUT] Connected
[TELEM] Connecting to MAVLink router UDP 14550[MAIN] Waiting for telemetry (GPS)...

[TELEM] Waiting for heartbeat...
[TELEM] Heartbeat OK
[MAIN] Telemetry ready: lat=28.422309, lon=77.5262226, h=5.501
Loading model engine: model2.engine
[SCOUT] Connecting to mavlink-router TCP 127.0.0.1:5760
[SCOUT] Connected
[TELEM] Connecting to MAVLink router UDP 14550[MAIN] Waiting for telemetry (GPS)...

[TELEM] Waiting for heartbeat...
[TELEM] Heartbeat OK
[MAIN] Telemetry ready: lat=28.4223108, lon=77.5262218, h=5.35
Loading model engine: model2.engine
[SCOUT] Connecting to mavlink-router TCP 127.0.0.1:5760
[SCOUT] Connected
[TELEM] Connecting to MAVLink router UDP 14550[MAIN] Waiting for telemetry (GPS)...

[TELEM] Waiting for heartbeat...
[TELEM] Heartbeat OK
[MAIN] Telemetry ready: lat=28.4223143, lon=77.5262213, h=5.295
Loading model engine: model2.engine
[SCOUT] Connecting to mavlink-router TCP 127.0.0.1:5760
[SCOUT] Connected
[TELEM] Connecting to MAVLink router UDP 14550[MAIN] Waiting for telemetry (GPS)...

[TELEM] Waiting for heartbeat...
[TELEM] Heartbeat OK
[MAIN] Telemetry ready: lat=28.4223167, lon=77.5262217, h=5.434
Loading model engine: model2.engine
[SCOUT] Connecting to mavlink-router TCP 127.0.0.1:5760
[SCOUT] Connected
[TELEM] Connecting to MAVLink router UDP 14550[MAIN] Waiting for telemetry (GPS)...

[TELEM] Waiting for heartbeat...
[TELEM] Heartbeat OK
[MAIN] Telemetry ready: lat=28.4223188, lon=77.5262234, h=5.545
Loading model engine: model2.engine
[SCOUT] Connecting to mavlink-router TCP 127.0.0.1:5760
[SCOUT] Connected
[TELEM] Connecting to MAVLink router UDP 14550[MAIN] Waiting for telemetry (GPS)...

[TELEM] Waiting for heartbeat...
[TELEM] Heartbeat OK
[MAIN] Telemetry ready: lat=28.4223177, lon=77.5262244, h=5.67
Loading model engine: model2.engine
[SCOUT] Connecting to mavlink-router TCP 127.0.0.1:5760
[SCOUT] Connected
[TELEM] Connecting to MAVLink router UDP 14550[MAIN] Waiting for telemetry (GPS)...

[TELEM] Waiting for heartbeat...
[TELEM] Heartbeat OK
[MAIN] Telemetry ready: lat=28.4223187, lon=77.5262245, h=5.643
Loading model engine: model2.engine
[SCOUT] Connecting to mavlink-router TCP 127.0.0.1:5760
[SCOUT] Connected
[TELEM] Connecting to MAVLink router UDP 14550[MAIN] Waiting for telemetry (GPS)...

[TELEM] Waiting for heartbeat...
[TELEM] Heartbeat OK
[MAIN] Telemetry ready: lat=28.4223191, lon=77.5262269, h=5.58
Loading model engine: model2.engine
[SCOUT] Connecting to mavlink-router TCP 127.0.0.1:5760
[SCOUT] Connected
[TELEM] Connecting to MAVLink router UDP 14550[MAIN] Waiting for telemetry (GPS)...

[TELEM] Waiting for heartbeat...
[TELEM] Heartbeat OK
[MAIN] Telemetry ready: lat=28.4223199, lon=77.5262284, h=5.777
Loading model engine: model2.engine
[SCOUT] Connecting to mavlink-router TCP 127.0.0.1:5760
[SCOUT] Connected
[TELEM] Connecting to MAVLink router UDP 14550[MAIN] Waiting for telemetry (GPS)...

[TELEM] Waiting for heartbeat...
[TELEM] Heartbeat OK
[MAIN] Telemetry ready: lat=28.4223164, lon=77.5262277, h=5.494
Loading model engine: model2.engine
[SCOUT] Connecting to mavlink-router TCP 127.0.0.1:5760
[SCOUT] Connected
[TELEM] Connecting to MAVLink router UDP 14550[MAIN] Waiting for telemetry (GPS)...

[TELEM] Waiting for heartbeat...
[TELEM] Heartbeat OK
[MAIN] Telemetry ready: lat=28.4223129, lon=77.5262252, h=5.601
Loading model engine: model2.engine
[SCOUT] Connecting to mavlink-router TCP 127.0.0.1:5760
[SCOUT] Connected
[TELEM] Connecting to MAVLink router UDP 14550[MAIN] Waiting for telemetry (GPS)...

[TELEM] Waiting for heartbeat...
[TELEM] Heartbeat OK
[MAIN] Telemetry ready: lat=28.4223132, lon=77.5262249, h=5.357
Loading model engine: model2.engine
[SCOUT] Connecting to mavlink-router TCP 127.0.0.1:5760
[SCOUT] Connected
[TELEM] Connecting to MAVLink router UDP 14550[MAIN] Waiting for telemetry (GPS)...

[TELEM] Waiting for heartbeat...
[TELEM] Heartbeat OK
[MAIN] Telemetry ready: lat=28.422313, lon=77.5262262, h=5.555
Loading model engine: model2.engine
[SCOUT] Connecting to mavlink-router TCP 127.0.0.1:5760
[SCOUT] Connected
[TELEM] Connecting to MAVLink router UDP 14550[MAIN] Waiting for telemetry (GPS)...

[TELEM] Waiting for heartbeat...
[TELEM] Heartbeat OK
[MAIN] Telemetry ready: lat=28.4223142, lon=77.5262265, h=5.703
Loading model engine: model2.engine
[SCOUT] Connecting to mavlink-router TCP 127.0.0.1:5760
[SCOUT] Connected
[TELEM] Connecting to MAVLink router UDP 14550[MAIN] Waiting for telemetry (GPS)...

[TELEM] Waiting for heartbeat...
[TELEM] Heartbeat OK
[MAIN] Telemetry ready: lat=28.4223142, lon=77.5262249, h=5.599
Loading model engine: model2.engine
[SCOUT] Connecting to mavlink-router TCP 127.0.0.1:5760
[SCOUT] Connected
[TELEM] Connecting to MAVLink router UDP 14550[MAIN] Waiting for telemetry (GPS)...

[TELEM] Waiting for heartbeat...
[TELEM] Heartbeat OK
[MAIN] Telemetry ready: lat=28.422312, lon=77.5262226, h=5.939
Loading model engine: model2.engine
[SCOUT] Connecting to mavlink-router TCP 127.0.0.1:5760
[SCOUT] Connected
[TELEM] Connecting to MAVLink router UDP 14550[MAIN] Waiting for telemetry (GPS)...

[TELEM] Waiting for heartbeat...
[TELEM] Heartbeat OK
[MAIN] Telemetry ready: lat=28.4223108, lon=77.5262216, h=5.756
Loading model engine: model2.engine
[SCOUT] Connecting to mavlink-router TCP 127.0.0.1:5760
[SCOUT] Connected
[TELEM] Connecting to MAVLink router UDP 14550[MAIN] Waiting for telemetry (GPS)...

[TELEM] Waiting for heartbeat...
[TELEM] Heartbeat OK
[MAIN] Telemetry ready: lat=28.4223103, lon=77.5262248, h=-0.042
Loading model engine: model2.engine
[SCOUT] Connecting to mavlink-router TCP 127.0.0.1:5760
[SCOUT] Connected
[TELEM] Connecting to MAVLink router UDP 14550[MAIN] Waiting for telemetry (GPS)...

[TELEM] Waiting for heartbeat...
[TELEM] Heartbeat OK
[MAIN] Telemetry ready: lat=28.4223105, lon=77.5262249, h=6.268
Loading model engine: model2.engine
[SCOUT] Connecting to mavlink-router TCP 127.0.0.1:5760
[SCOUT] Connected
[TELEM] Connecting to MAVLink router UDP 14550[MAIN] Waiting for telemetry (GPS)...

[TELEM] Waiting for heartbeat...
[TELEM] Heartbeat OK
[MAIN] Telemetry ready: lat=28.4223106, lon=77.5262248, h=14.835
Loading model engine: model2.engine
[SCOUT] Connecting to mavlink-router TCP 127.0.0.1:5760
[SCOUT] Connected
[TELEM] Connecting to MAVLink router UDP 14550[MAIN] Waiting for telemetry (GPS)...

[TELEM] Waiting for heartbeat...
[TELEM] Heartbeat OK
[MAIN] Telemetry ready: lat=28.4223835, lon=77.5260602, h=14.788
Loading model engine: model2.engine
[SCOUT] Connecting to mavlink-router TCP 127.0.0.1:5760
[SCOUT] Connected
[TELEM] Connecting to MAVLink router UDP 14550[MAIN] Waiting for telemetry (GPS)...

[TELEM] Waiting for heartbeat...
[TELEM] Heartbeat OK
[MAIN] Telemetry ready: lat=28.4225994, lon=77.5261206, h=15.15
Loading model engine: model2.engine
[SCOUT] Connecting to mavlink-router TCP 127.0.0.1:5760
[SCOUT] Connected
[TELEM] Connecting to MAVLink router UDP 14550[MAIN] Waiting for telemetry (GPS)...

[TELEM] Waiting for heartbeat...
[TELEM] Heartbeat OK
[MAIN] Telemetry ready: lat=28.4228179, lon=77.5261798, h=14.983
Loading model engine: model2.engine
[SCOUT] Connecting to mavlink-router TCP 127.0.0.1:5760
[SCOUT] Connected
[TELEM] Connecting to MAVLink router UDP 14550
[MAIN] Waiting for telemetry (GPS)...
[TELEM] Waiting for heartbeat...
[TELEM] Heartbeat OK
[MAIN] Telemetry ready: lat=28.4229298, lon=77.5262869, h=14.968
Loading model engine: model2.engine
[SCOUT] Connecting to mavlink-router TCP 127.0.0.1:5760
[SCOUT] Connected
[TELEM] Connecting to MAVLink router UDP 14550[MAIN] Waiting for telemetry (GPS)...

[TELEM] Waiting for heartbeat...
[TELEM] Heartbeat OK
[MAIN] Telemetry ready: lat=28.4227166, lon=77.5262354, h=14.899
Loading model engine: model2.engine
[SCOUT] Connecting to mavlink-router TCP 127.0.0.1:5760
[SCOUT] Connected
[TELEM] Connecting to MAVLink router UDP 14550[MAIN] Waiting for telemetry (GPS)...

[TELEM] Waiting for heartbeat...
[TELEM] Heartbeat OK
[MAIN] Telemetry ready: lat=28.4225005, lon=77.5261768, h=14.966
Loading model engine: model2.engine
[SCOUT] Connecting to mavlink-router TCP 127.0.0.1:5760
[SCOUT] Connected
[TELEM] Connecting to MAVLink router UDP 14550[MAIN] Waiting for telemetry (GPS)...

[TELEM] Waiting for heartbeat...
[TELEM] Heartbeat OK
[MAIN] Telemetry ready: lat=28.4223369, lon=77.5261904, h=14.742
Loading model engine: model2.engine
[SCOUT] Connecting to mavlink-router TCP 127.0.0.1:5760
[SCOUT] Connected
[TELEM] Connecting to MAVLink router UDP 14550
[MAIN] Waiting for telemetry (GPS)...
[TELEM] Waiting for heartbeat...
[TELEM] Heartbeat OK
[MAIN] Telemetry ready: lat=28.4225279, lon=77.5262674, h=15.105
Loading model engine: model2.engine
[SCOUT] Connecting to mavlink-router TCP 127.0.0.1:5760
[SCOUT] Connected
[TELEM] Connecting to MAVLink router UDP 14550[MAIN] Waiting for telemetry (GPS)...

[TELEM] Waiting for heartbeat...
[TELEM] Heartbeat OK
[MAIN] Telemetry ready: lat=28.422661, lon=77.5263031, h=16.847
Loading model engine: model2.engine
[SCOUT] Connecting to mavlink-router TCP 127.0.0.1:5760
[SCOUT] Connected
[TELEM] Connecting to MAVLink router UDP 14550[MAIN] Waiting for telemetry (GPS)...

[TELEM] Waiting for heartbeat...
[TELEM] Heartbeat OK
[MAIN] Telemetry ready: lat=28.4224483, lon=77.5262552, h=17.283
Loading model engine: model2.engine
[SCOUT] Connecting to mavlink-router TCP 127.0.0.1:5760
[SCOUT] Connected
[TELEM] Connecting to MAVLink router UDP 14550
[TELEM] Waiting for heartbeat...
[MAIN] Waiting for telemetry (GPS)...
[TELEM] Heartbeat OK
[MAIN] Telemetry ready: lat=28.4223085, lon=77.5262215, h=16.787
Loading model engine: model2.engine
[SCOUT] Connecting to mavlink-router TCP 127.0.0.1:5760
[SCOUT] Connected
[TELEM] Connecting to MAVLink router UDP 14550[MAIN] Waiting for telemetry (GPS)...

[TELEM] Waiting for heartbeat...
[TELEM] Heartbeat OK
[MAIN] Telemetry ready: lat=28.4223087, lon=77.5262239, h=12.615
Loading model engine: model2.engine
[SCOUT] Connecting to mavlink-router TCP 127.0.0.1:5760
[SCOUT] Connected
[TELEM] Connecting to MAVLink router UDP 14550[MAIN] Waiting for telemetry (GPS)...

[TELEM] Waiting for heartbeat...
[TELEM] Heartbeat OK
[MAIN] Telemetry ready: lat=28.4223115, lon=77.5262213, h=7.047
Loading model engine: model2.engine
[SCOUT] Connecting to mavlink-router TCP 127.0.0.1:5760
[SCOUT] Connected
[TELEM] Connecting to MAVLink router UDP 14550[MAIN] Waiting for telemetry (GPS)...

[TELEM] Waiting for heartbeat...
[TELEM] Heartbeat OK
[MAIN] Telemetry ready: lat=28.4223113, lon=77.5262216, h=3.045
Loading model engine: model2.engine
[SCOUT] Connecting to mavlink-router TCP 127.0.0.1:5760
[SCOUT] Connected
[TELEM] Connecting to MAVLink router UDP 14550[MAIN] Waiting for telemetry (GPS)...

[TELEM] Waiting for heartbeat...
[TELEM] Heartbeat OK
[MAIN] Telemetry ready: lat=28.4223139, lon=77.5262196, h=1.209
Loading model engine: best.engine
[SCOUT] Connecting to mavlink-router TCP 127.0.0.1:5760
[SCOUT] Connected
[TELEM] Connecting to MAVLink router UDP 14550
[MAIN] Waiting for telemetry (GPS)...
[TELEM] Waiting for heartbeat...
[TELEM] Heartbeat OK
[MAIN] Telemetry ready: lat=28.4223158, lon=77.5262209, h=1.356
Loading model engine: best.engine
[SCOUT] Connecting to mavlink-router TCP 127.0.0.1:5760
[SCOUT] Connected
[TELEM] Connecting to MAVLink router UDP 14550[MAIN] Waiting for telemetry (GPS)...

[TELEM] Waiting for heartbeat...
[TELEM] Heartbeat OK
[MAIN] Telemetry ready: lat=28.4223179, lon=77.5262206, h=1.362
Loading model engine: best.engine
[SCOUT] Connecting to mavlink-router TCP 127.0.0.1:5760
[SCOUT] Connected
[TELEM] Connecting to MAVLink router UDP 14550[MAIN] Waiting for telemetry (GPS)...

[TELEM] Waiting for heartbeat...
[TELEM] Heartbeat OK
[MAIN] Telemetry ready: lat=28.4223189, lon=77.5262215, h=1.518
Loading model engine: best.engine
[SCOUT] Connecting to mavlink-router TCP 127.0.0.1:5760
[SCOUT] Connected
[TELEM] Connecting to MAVLink router UDP 14550[MAIN] Waiting for telemetry (GPS)...

[TELEM] Waiting for heartbeat...
[TELEM] Heartbeat OK
[MAIN] Telemetry ready: lat=28.4223195, lon=77.5262232, h=1.509
Loading model engine: best.engine
[SCOUT] Connecting to mavlink-router TCP 127.0.0.1:5760
[SCOUT] Connected
[TELEM] Connecting to MAVLink router UDP 14550[MAIN] Waiting for telemetry (GPS)...

[TELEM] Waiting for heartbeat...
[TELEM] Heartbeat OK
[MAIN] Telemetry ready: lat=28.422319, lon=77.5262234, h=1.7
Loading model engine: best.engine
[SCOUT] Connecting to mavlink-router TCP 127.0.0.1:5760
[SCOUT] Connected
[TELEM] Connecting to MAVLink router UDP 14550[MAIN] Waiting for telemetry (GPS)...

[TELEM] Waiting for heartbeat...
[TELEM] Heartbeat OK
[MAIN] Telemetry ready: lat=28.4223193, lon=77.526223, h=1.53
Loading model engine: best.engine
[SCOUT] Connecting to mavlink-router TCP 127.0.0.1:5760
[SCOUT] Connected
[TELEM] Connecting to MAVLink router UDP 14550[MAIN] Waiting for telemetry (GPS)...

[TELEM] Waiting for heartbeat...
[TELEM] Heartbeat OK
[MAIN] Telemetry ready: lat=28.4223193, lon=77.5262216, h=1.565
Loading model engine: best.engine
[SCOUT] Connecting to mavlink-router TCP 127.0.0.1:5760
[SCOUT] Connected
[TELEM] Connecting to MAVLink router UDP 14550[MAIN] Waiting for telemetry (GPS)...

[TELEM] Waiting for heartbeat...
[TELEM] Heartbeat OK
[MAIN] Telemetry ready: lat=28.4223173, lon=77.5262212, h=1.46
Loading model engine: best.engine
[SCOUT] Connecting to mavlink-router TCP 127.0.0.1:5760
[SCOUT] Connected
[TELEM] Connecting to MAVLink router UDP 14550[MAIN] Waiting for telemetry (GPS)...

[TELEM] Waiting for heartbeat...
[TELEM] Heartbeat OK
[MAIN] Telemetry ready: lat=28.4223162, lon=77.5262216, h=1.495
Loading model engine: best.engine
[SCOUT] Connecting to mavlink-router TCP 127.0.0.1:5760
[SCOUT] Connected
[TELEM] Connecting to MAVLink router UDP 14550[MAIN] Waiting for telemetry (GPS)...

[TELEM] Waiting for heartbeat...
[TELEM] Heartbeat OK
[MAIN] Telemetry ready: lat=28.4223143, lon=77.5262202, h=1.969
Loading model engine: best.engine
[SCOUT] Connecting to mavlink-router TCP 127.0.0.1:5760
[SCOUT] Connected
[TELEM] Connecting to MAVLink router UDP 14550[MAIN] Waiting for telemetry (GPS)...

[TELEM] Waiting for heartbeat...
[TELEM] Heartbeat OK
[MAIN] Telemetry ready: lat=28.422315, lon=77.5262227, h=1.807
Loading model engine: best.engine
[SCOUT] Connecting to mavlink-router TCP 127.0.0.1:5760
[SCOUT] Connected
[TELEM] Connecting to MAVLink router UDP 14550[MAIN] Waiting for telemetry (GPS)...

[TELEM] Waiting for heartbeat...
[TELEM] Heartbeat OK
[MAIN] Telemetry ready: lat=28.4223174, lon=77.5262265, h=1.867
Loading model engine: best.engine
[SCOUT] Connecting to mavlink-router TCP 127.0.0.1:5760
[SCOUT] Connected
[TELEM] Connecting to MAVLink router UDP 14550[MAIN] Waiting for telemetry (GPS)...

[TELEM] Waiting for heartbeat...
[TELEM] Heartbeat OK
[MAIN] Telemetry ready: lat=28.4223185, lon=77.5262266, h=1.887
Loading model engine: best.engine
[SCOUT] Connecting to mavlink-router TCP 127.0.0.1:5760
[SCOUT] Connected
[TELEM] Connecting to MAVLink router UDP 14550[MAIN] Waiting for telemetry (GPS)...

[TELEM] Waiting for heartbeat...
[TELEM] Heartbeat OK
[MAIN] Telemetry ready: lat=28.4223185, lon=77.5262255, h=1.989
Loading model engine: best.engine
[SCOUT] Connecting to mavlink-router TCP 127.0.0.1:5760
[SCOUT] Connected
[TELEM] Connecting to MAVLink router UDP 14550[MAIN] Waiting for telemetry (GPS)...

[TELEM] Waiting for heartbeat...
[TELEM] Heartbeat OK
[MAIN] Telemetry ready: lat=28.422318, lon=77.5262228, h=2.127
Loading model engine: best.engine
[SCOUT] Connecting to mavlink-router TCP 127.0.0.1:5760
[SCOUT] Connected
[TELEM] Connecting to MAVLink router UDP 14550[MAIN] Waiting for telemetry (GPS)...

[TELEM] Waiting for heartbeat...
[TELEM] Heartbeat OK
[MAIN] Telemetry ready: lat=28.4223181, lon=77.5262222, h=2.009
Loading model engine: best.engine
[SCOUT] Connecting to mavlink-router TCP 127.0.0.1:5760
[SCOUT] Connected
[TELEM] Connecting to MAVLink router UDP 14550[MAIN] Waiting for telemetry (GPS)...

[TELEM] Waiting for heartbeat...
[TELEM] Heartbeat OK
[MAIN] Telemetry ready: lat=28.4223187, lon=77.5262211, h=2.187
Loading model engine: best.engine
[SCOUT] Connecting to mavlink-router TCP 127.0.0.1:5760
[SCOUT] Connected
[TELEM] Connecting to MAVLink router UDP 14550[MAIN] Waiting for telemetry (GPS)...

[TELEM] Waiting for heartbeat...
[TELEM] Heartbeat OK
[MAIN] Telemetry ready: lat=28.4223187, lon=77.5262202, h=2.1
Loading model engine: best.engine
[SCOUT] Connecting to mavlink-router TCP 127.0.0.1:5760
[SCOUT] Connected
[TELEM] Connecting to MAVLink router UDP 14550[MAIN] Waiting for telemetry (GPS)...

[TELEM] Waiting for heartbeat...
[TELEM] Heartbeat OK
[MAIN] Telemetry ready: lat=28.4223187, lon=77.5262187, h=2.102
Loading model engine: best.engine
[SCOUT] Connecting to mavlink-router TCP 127.0.0.1:5760
[SCOUT] Connected
[TELEM] Connecting to MAVLink router UDP 14550[MAIN] Waiting for telemetry (GPS)...

[TELEM] Waiting for heartbeat...
[TELEM] Heartbeat OK
[MAIN] Telemetry ready: lat=28.4223179, lon=77.5262185, h=2.475
Loading model engine: best.engine
[SCOUT] Connecting to mavlink-router TCP 127.0.0.1:5760
[SCOUT] Connected
[TELEM] Connecting to MAVLink router UDP 14550[MAIN] Waiting for telemetry (GPS)...

[TELEM] Waiting for heartbeat...
[TELEM] Heartbeat OK
[MAIN] Telemetry ready: lat=28.4223175, lon=77.5262194, h=2.255
Loading model engine: best.engine
[SCOUT] Connecting to mavlink-router TCP 127.0.0.1:5760
[SCOUT] Connected
[TELEM] Connecting to MAVLink router UDP 14550[MAIN] Waiting for telemetry (GPS)...

[TELEM] Waiting for heartbeat...
[TELEM] Heartbeat OK
[MAIN] Telemetry ready: lat=28.422317, lon=77.5262194, h=2.253
Loading model engine: best.engine
[SCOUT] Connecting to mavlink-router TCP 127.0.0.1:5760
[SCOUT] Connected
[TELEM] Connecting to MAVLink router UDP 14550[MAIN] Waiting for telemetry (GPS)...

[TELEM] Waiting for heartbeat...
[TELEM] Heartbeat OK
[MAIN] Telemetry ready: lat=28.4223185, lon=77.52622, h=2.393
Loading model engine: best.engine
[SCOUT] Connecting to mavlink-router TCP 127.0.0.1:5760
[SCOUT] Connected
[TELEM] Connecting to MAVLink router UDP 14550[MAIN] Waiting for telemetry (GPS)...

[TELEM] Waiting for heartbeat...
[TELEM] Heartbeat OK
[MAIN] Telemetry ready: lat=28.4223211, lon=77.5262191, h=2.206
Loading model engine: best.engine
[SCOUT] Connecting to mavlink-router TCP 127.0.0.1:5760
[SCOUT] Connected
[TELEM] Connecting to MAVLink router UDP 14550[MAIN] Waiting for telemetry (GPS)...

[TELEM] Waiting for heartbeat...
[TELEM] Heartbeat OK
[MAIN] Telemetry ready: lat=28.4223219, lon=77.5262187, h=2.378
Loading model engine: best.engine
[SCOUT] Connecting to mavlink-router TCP 127.0.0.1:5760
[SCOUT] Connected
[TELEM] Connecting to MAVLink router UDP 14550[MAIN] Waiting for telemetry (GPS)...

[TELEM] Waiting for heartbeat...
[TELEM] Heartbeat OK
[MAIN] Telemetry ready: lat=28.4223219, lon=77.5262184, h=2.402
Loading model engine: best.engine
[SCOUT] Connecting to mavlink-router TCP 127.0.0.1:5760
[SCOUT] Connected
[TELEM] Connecting to MAVLink router UDP 14550[MAIN] Waiting for telemetry (GPS)...

[TELEM] Waiting for heartbeat...
[TELEM] Heartbeat OK
[MAIN] Telemetry ready: lat=28.422322, lon=77.526219, h=2.354
Loading model engine: best.engine
[SCOUT] Connecting to mavlink-router TCP 127.0.0.1:5760
[SCOUT] Connected
[TELEM] Connecting to MAVLink router UDP 14550[MAIN] Waiting for telemetry (GPS)...

[TELEM] Waiting for heartbeat...
[TELEM] Heartbeat OK
[MAIN] Telemetry ready: lat=28.4223218, lon=77.5262197, h=2.451
Loading model engine: best.engine
[SCOUT] Connecting to mavlink-router TCP 127.0.0.1:5760
[SCOUT] Connected
[TELEM] Connecting to MAVLink router UDP 14550[MAIN] Waiting for telemetry (GPS)...

[TELEM] Waiting for heartbeat...
[TELEM] Heartbeat OK
[MAIN] Telemetry ready: lat=28.4223207, lon=77.5262203, h=2.366
Loading model engine: best.engine
[SCOUT] Connecting to mavlink-router TCP 127.0.0.1:5760
[SCOUT] Connected
[TELEM] Connecting to MAVLink router UDP 14550[MAIN] Waiting for telemetry (GPS)...

[TELEM] Waiting for heartbeat...
[TELEM] Heartbeat OK
[MAIN] Telemetry ready: lat=28.4223228, lon=77.5262216, h=2.303
Loading model engine: best.engine
[SCOUT] Connecting to mavlink-router TCP 127.0.0.1:5760
[SCOUT] Connected
[TELEM] Connecting to MAVLink router UDP 14550[MAIN] Waiting for telemetry (GPS)...

[TELEM] Waiting for heartbeat...
[TELEM] Heartbeat OK
[MAIN] Telemetry ready: lat=28.4223218, lon=77.5262211, h=2.552
Loading model engine: best.engine
[SCOUT] Connecting to mavlink-router TCP 127.0.0.1:5760
[SCOUT] Connected
[TELEM] Connecting to MAVLink router UDP 14550[MAIN] Waiting for telemetry (GPS)...

[TELEM] Waiting for heartbeat...
[TELEM] Heartbeat OK
[MAIN] Telemetry ready: lat=28.422319, lon=77.5262217, h=2.499
Loading model engine: best.engine
[SCOUT] Connecting to mavlink-router TCP 127.0.0.1:5760
[SCOUT] Connected
[TELEM] Connecting to MAVLink router UDP 14550[MAIN] Waiting for telemetry (GPS)...

[TELEM] Waiting for heartbeat...
[TELEM] Heartbeat OK
[MAIN] Telemetry ready: lat=28.4223191, lon=77.5262203, h=2.752
Loading model engine: best.engine
[SCOUT] Connecting to mavlink-router TCP 127.0.0.1:5760
[SCOUT] Connected
[TELEM] Connecting to MAVLink router UDP 14550[MAIN] Waiting for telemetry (GPS)...

[TELEM] Waiting for heartbeat...
[TELEM] Heartbeat OK
[MAIN] Telemetry ready: lat=28.4223198, lon=77.5262214, h=2.705
Loading model engine: best.engine
[SCOUT] Connecting to mavlink-router TCP 127.0.0.1:5760
[SCOUT] Connected
[TELEM] Connecting to MAVLink router UDP 14550[MAIN] Waiting for telemetry (GPS)...

[TELEM] Waiting for heartbeat...
[TELEM] Heartbeat OK
[MAIN] Telemetry ready: lat=28.4223205, lon=77.5262227, h=2.687
Loading model engine: best.engine
[SCOUT] Connecting to mavlink-router TCP 127.0.0.1:5760
[SCOUT] Connected
[TELEM] Connecting to MAVLink router UDP 14550[MAIN] Waiting for telemetry (GPS)...

[TELEM] Waiting for heartbeat...
[TELEM] Heartbeat OK
[MAIN] Telemetry ready: lat=28.4223212, lon=77.5262236, h=2.673
Loading model engine: best.engine
[SCOUT] Connecting to mavlink-router TCP 127.0.0.1:5760
[SCOUT] Connected
[TELEM] Connecting to MAVLink router UDP 14550[MAIN] Waiting for telemetry (GPS)...

[TELEM] Waiting for heartbeat...
[TELEM] Heartbeat OK
[MAIN] Telemetry ready: lat=28.4223215, lon=77.5262234, h=2.705
Loading model engine: best.engine
[SCOUT] Connecting to mavlink-router TCP 127.0.0.1:5760
[SCOUT] Connected
[TELEM] Connecting to MAVLink router UDP 14550[MAIN] Waiting for telemetry (GPS)...

[TELEM] Waiting for heartbeat...
[TELEM] Heartbeat OK
[MAIN] Telemetry ready: lat=28.4223196, lon=77.5262228, h=2.727
Loading model engine: best.engine
[SCOUT] Connecting to mavlink-router TCP 127.0.0.1:5760
[SCOUT] Connected
[TELEM] Connecting to MAVLink router UDP 14550[MAIN] Waiting for telemetry (GPS)...

[TELEM] Waiting for heartbeat...
[TELEM] Heartbeat OK
[MAIN] Telemetry ready: lat=28.4223191, lon=77.5262233, h=2.803
Loading model engine: best.engine
[SCOUT] Connecting to mavlink-router TCP 127.0.0.1:5760
[SCOUT] Connected
[TELEM] Connecting to MAVLink router UDP 14550[MAIN] Waiting for telemetry (GPS)...

[TELEM] Waiting for heartbeat...
[TELEM] Heartbeat OK
[MAIN] Telemetry ready: lat=28.4223184, lon=77.5262234, h=2.771
Loading model engine: best.engine
[SCOUT] Connecting to mavlink-router TCP 127.0.0.1:5760
[SCOUT] Connected
[TELEM] Connecting to MAVLink router UDP 14550[MAIN] Waiting for telemetry (GPS)...

[TELEM] Waiting for heartbeat...
[TELEM] Heartbeat OK
[MAIN] Telemetry ready: lat=28.4223177, lon=77.5262218, h=2.837
Loading model engine: best.engine
[SCOUT] Connecting to mavlink-router TCP 127.0.0.1:5760
[SCOUT] Connected
[TELEM] Connecting to MAVLink router UDP 14550[MAIN] Waiting for telemetry (GPS)...

[TELEM] Waiting for heartbeat...
[TELEM] Heartbeat OK
[MAIN] Telemetry ready: lat=28.4223164, lon=77.5262204, h=2.87
Loading model engine: best.engine
[SCOUT] Connecting to mavlink-router TCP 127.0.0.1:5760
[SCOUT] Connected
[TELEM] Connecting to MAVLink router UDP 14550[MAIN] Waiting for telemetry (GPS)...

[TELEM] Waiting for heartbeat...
[TELEM] Heartbeat OK
[MAIN] Telemetry ready: lat=28.422315, lon=77.526221, h=2.95
Loading model engine: best.engine
[SCOUT] Connecting to mavlink-router TCP 127.0.0.1:5760
[SCOUT] Connected
[TELEM] Connecting to MAVLink router UDP 14550[MAIN] Waiting for telemetry (GPS)...

[TELEM] Waiting for heartbeat...
[TELEM] Heartbeat OK
[MAIN] Telemetry ready: lat=28.4223156, lon=77.5262207, h=2.971
Loading model engine: best.engine
[SCOUT] Connecting to mavlink-router TCP 127.0.0.1:5760
[SCOUT] Connected
[TELEM] Connecting to MAVLink router UDP 14550[MAIN] Waiting for telemetry (GPS)...

[TELEM] Waiting for heartbeat...
[TELEM] Heartbeat OK
[MAIN] Telemetry ready: lat=28.4223151, lon=77.5262201, h=2.833
Loading model engine: best.engine
[SCOUT] Connecting to mavlink-router TCP 127.0.0.1:5760
[SCOUT] Connected
[TELEM] Connecting to MAVLink router UDP 14550[MAIN] Waiting for telemetry (GPS)...

[TELEM] Waiting for heartbeat...
[TELEM] Heartbeat OK
[MAIN] Telemetry ready: lat=28.4223153, lon=77.5262188, h=3.05
Loading model engine: best.engine
[SCOUT] Connecting to mavlink-router TCP 127.0.0.1:5760
[SCOUT] Connected
[TELEM] Connecting to MAVLink router UDP 14550[MAIN] Waiting for telemetry (GPS)...

[TELEM] Waiting for heartbeat...
[TELEM] Heartbeat OK
[MAIN] Telemetry ready: lat=28.4223155, lon=77.5262189, h=2.835
Loading model engine: best.engine
[SCOUT] Connecting to mavlink-router TCP 127.0.0.1:5760
[SCOUT] Connected
[TELEM] Connecting to MAVLink router UDP 14550[MAIN] Waiting for telemetry (GPS)...

[TELEM] Waiting for heartbeat...
[TELEM] Heartbeat OK
[MAIN] Telemetry ready: lat=28.4223162, lon=77.5262178, h=3.083
Loading model engine: best.engine
[SCOUT] Connecting to mavlink-router TCP 127.0.0.1:5760
[SCOUT] Connected
[TELEM] Connecting to MAVLink router UDP 14550[MAIN] Waiting for telemetry (GPS)...

[TELEM] Waiting for heartbeat...
[TELEM] Heartbeat OK
[MAIN] Telemetry ready: lat=28.4223164, lon=77.5262182, h=3.24
Loading model engine: best.engine
[SCOUT] Connecting to mavlink-router TCP 127.0.0.1:5760
[SCOUT] Connected
[TELEM] Connecting to MAVLink router UDP 14550[MAIN] Waiting for telemetry (GPS)...

[TELEM] Waiting for heartbeat...
[TELEM] Heartbeat OK
[MAIN] Telemetry ready: lat=28.4223171, lon=77.5262207, h=3.068
Loading model engine: best.engine
[SCOUT] Connecting to mavlink-router TCP 127.0.0.1:5760
[SCOUT] Connected
[TELEM] Connecting to MAVLink router UDP 14550[MAIN] Waiting for telemetry (GPS)...

[TELEM] Waiting for heartbeat...
[TELEM] Heartbeat OK
[MAIN] Telemetry ready: lat=28.4223151, lon=77.5262223, h=3.246
Loading model engine: best.engine
[SCOUT] Connecting to mavlink-router TCP 127.0.0.1:5760
[SCOUT] Connected
[TELEM] Connecting to MAVLink router UDP 14550[MAIN] Waiting for telemetry (GPS)...

[TELEM] Waiting for heartbeat...
[TELEM] Heartbeat OK
[MAIN] Telemetry ready: lat=28.4223138, lon=77.526222, h=3.186
Loading model engine: best.engine
[SCOUT] Connecting to mavlink-router TCP 127.0.0.1:5760
[SCOUT] Connected
[TELEM] Connecting to MAVLink router UDP 14550[MAIN] Waiting for telemetry (GPS)...

[TELEM] Waiting for heartbeat...
[TELEM] Heartbeat OK
[MAIN] Telemetry ready: lat=28.4223139, lon=77.5262213, h=3.431
Loading model engine: best.engine
[SCOUT] Connecting to mavlink-router TCP 127.0.0.1:5760
[SCOUT] Connected
[TELEM] Connecting to MAVLink router UDP 14550[MAIN] Waiting for telemetry (GPS)...

[TELEM] Waiting for heartbeat...
[TELEM] Heartbeat OK
[MAIN] Telemetry ready: lat=28.4223133, lon=77.5262207, h=3.424
Loading model engine: best.engine
[SCOUT] Connecting to mavlink-router TCP 127.0.0.1:5760
[SCOUT] Connected
[TELEM] Connecting to MAVLink router UDP 14550[MAIN] Waiting for telemetry (GPS)...

[TELEM] Waiting for heartbeat...
[TELEM] Heartbeat OK
[MAIN] Telemetry ready: lat=28.4223141, lon=77.5262211, h=3.404
Loading model engine: best.engine
[SCOUT] Connecting to mavlink-router TCP 127.0.0.1:5760
[SCOUT] Connected
[TELEM] Connecting to MAVLink router UDP 14550[MAIN] Waiting for telemetry (GPS)...

[TELEM] Waiting for heartbeat...
[TELEM] Heartbeat OK
[MAIN] Telemetry ready: lat=28.4223153, lon=77.5262198, h=3.661
Loading model engine: best.engine
[SCOUT] Connecting to mavlink-router TCP 127.0.0.1:5760
[SCOUT] Connected
[TELEM] Connecting to MAVLink router UDP 14550[MAIN] Waiting for telemetry (GPS)...

[TELEM] Waiting for heartbeat...
[TELEM] Heartbeat OK
[MAIN] Telemetry ready: lat=28.4223148, lon=77.5262198, h=3.519
Loading model engine: best.engine
[SCOUT] Connecting to mavlink-router TCP 127.0.0.1:5760
[SCOUT] Connected
[TELEM] Connecting to MAVLink router UDP 14550[MAIN] Waiting for telemetry (GPS)...

[TELEM] Waiting for heartbeat...
[TELEM] Heartbeat OK
[MAIN] Telemetry ready: lat=28.4223142, lon=77.5262228, h=3.512
Loading model engine: best.engine
[SCOUT] Connecting to mavlink-router TCP 127.0.0.1:5760
[SCOUT] Connected
[TELEM] Connecting to MAVLink router UDP 14550[MAIN] Waiting for telemetry (GPS)...

[TELEM] Waiting for heartbeat...
[TELEM] Heartbeat OK
[MAIN] Telemetry ready: lat=28.4223124, lon=77.5262242, h=3.864
Loading model engine: best.engine
[SCOUT] Connecting to mavlink-router TCP 127.0.0.1:5760
[SCOUT] Connected
[TELEM] Connecting to MAVLink router UDP 14550[MAIN] Waiting for telemetry (GPS)...

[TELEM] Waiting for heartbeat...
[TELEM] Heartbeat OK
[MAIN] Telemetry ready: lat=28.4223123, lon=77.5262223, h=3.732
Loading model engine: best.engine
[SCOUT] Connecting to mavlink-router TCP 127.0.0.1:5760
[SCOUT] Connected
[TELEM] Connecting to MAVLink router UDP 14550[MAIN] Waiting for telemetry (GPS)...

[TELEM] Waiting for heartbeat...
[TELEM] Heartbeat OK
[MAIN] Telemetry ready: lat=28.4223164, lon=77.5262264, h=3.521
Loading model engine: best.engine
[SCOUT] Connecting to mavlink-router TCP 127.0.0.1:5760
[SCOUT] Connected
[TELEM] Connecting to MAVLink router UDP 14550[MAIN] Waiting for telemetry (GPS)...

[TELEM] Waiting for heartbeat...
[TELEM] Heartbeat OK
[MAIN] Telemetry ready: lat=28.4223183, lon=77.5262301, h=3.666
Loading model engine: best.engine
[SCOUT] Connecting to mavlink-router TCP 127.0.0.1:5760
[SCOUT] Connected
[TELEM] Connecting to MAVLink router UDP 14550[MAIN] Waiting for telemetry (GPS)...

[TELEM] Waiting for heartbeat...
[TELEM] Heartbeat OK
[MAIN] Telemetry ready: lat=28.4223181, lon=77.52623, h=3.751
Loading model engine: best.engine
[SCOUT] Connecting to mavlink-router TCP 127.0.0.1:5760
[SCOUT] Connected
[TELEM] Connecting to MAVLink router UDP 14550[MAIN] Waiting for telemetry (GPS)...

[TELEM] Waiting for heartbeat...
[TELEM] Heartbeat OK
[MAIN] Telemetry ready: lat=28.4223176, lon=77.5262276, h=3.862
Loading model engine: best.engine
[SCOUT] Connecting to mavlink-router TCP 127.0.0.1:5760
[SCOUT] Connected
[TELEM] Connecting to MAVLink router UDP 14550[MAIN] Waiting for telemetry (GPS)...

[TELEM] Waiting for heartbeat...
[TELEM] Heartbeat OK
[MAIN] Telemetry ready: lat=28.4223143, lon=77.5262243, h=3.754
Loading model engine: best.engine
[SCOUT] Connecting to mavlink-router TCP 127.0.0.1:5760
[SCOUT] Connected
[TELEM] Connecting to MAVLink router UDP 14550[MAIN] Waiting for telemetry (GPS)...

[TELEM] Waiting for heartbeat...
[TELEM] Heartbeat OK
[MAIN] Telemetry ready: lat=28.4223128, lon=77.5262236, h=4.023
Loading model engine: best.engine
[SCOUT] Connecting to mavlink-router TCP 127.0.0.1:5760
[SCOUT] Connected
[TELEM] Connecting to MAVLink router UDP 14550[MAIN] Waiting for telemetry (GPS)...

[TELEM] Waiting for heartbeat...
[TELEM] Heartbeat OK
[MAIN] Telemetry ready: lat=28.4223122, lon=77.5262222, h=4.087
Loading model engine: best.engine
[SCOUT] Connecting to mavlink-router TCP 127.0.0.1:5760
[SCOUT] Connected
[TELEM] Connecting to MAVLink router UDP 14550[MAIN] Waiting for telemetry (GPS)...

[TELEM] Waiting for heartbeat...
[TELEM] Heartbeat OK
[MAIN] Telemetry ready: lat=28.4223113, lon=77.5262221, h=4.267
Loading model engine: best.engine
[SCOUT] Connecting to mavlink-router TCP 127.0.0.1:5760
[SCOUT] Connected
[TELEM] Connecting to MAVLink router UDP 14550[MAIN] Waiting for telemetry (GPS)...

[TELEM] Waiting for heartbeat...
[TELEM] Heartbeat OK
[MAIN] Telemetry ready: lat=28.4223137, lon=77.5262231, h=4.171
Loading model engine: best.engine
[SCOUT] Connecting to mavlink-router TCP 127.0.0.1:5760
[SCOUT] Connected
[TELEM] Connecting to MAVLink router UDP 14550[MAIN] Waiting for telemetry (GPS)...

[TELEM] Waiting for heartbeat...
[TELEM] Heartbeat OK
[MAIN] Telemetry ready: lat=28.4223126, lon=77.5262221, h=4.151
Loading model engine: best.engine
[SCOUT] Connecting to mavlink-router TCP 127.0.0.1:5760
[SCOUT] Connected
[TELEM] Connecting to MAVLink router UDP 14550[MAIN] Waiting for telemetry (GPS)...

[TELEM] Waiting for heartbeat...
[TELEM] Heartbeat OK
[MAIN] Telemetry ready: lat=28.4223128, lon=77.5262217, h=4.148
Loading model engine: best.engine
[SCOUT] Connecting to mavlink-router TCP 127.0.0.1:5760
[SCOUT] Connected
[TELEM] Connecting to MAVLink router UDP 14550[MAIN] Waiting for telemetry (GPS)...

[TELEM] Waiting for heartbeat...
[TELEM] Heartbeat OK
[MAIN] Telemetry ready: lat=28.4223144, lon=77.5262232, h=4.049
Loading model engine: best.engine
[SCOUT] Connecting to mavlink-router TCP 127.0.0.1:5760
[SCOUT] Connected
[TELEM] Connecting to MAVLink router UDP 14550[MAIN] Waiting for telemetry (GPS)...

[TELEM] Waiting for heartbeat...
[TELEM] Heartbeat OK
[MAIN] Telemetry ready: lat=28.4223142, lon=77.5262242, h=4.367
Loading model engine: best.engine
[SCOUT] Connecting to mavlink-router TCP 127.0.0.1:5760
[SCOUT] Connected
[TELEM] Connecting to MAVLink router UDP 14550[MAIN] Waiting for telemetry (GPS)...

[TELEM] Waiting for heartbeat...
[TELEM] Heartbeat OK
[MAIN] Telemetry ready: lat=28.4223141, lon=77.5262231, h=4.304
Loading model engine: best.engine
[SCOUT] Connecting to mavlink-router TCP 127.0.0.1:5760
[SCOUT] Connected
[TELEM] Connecting to MAVLink router UDP 14550[MAIN] Waiting for telemetry (GPS)...

[TELEM] Waiting for heartbeat...
[TELEM] Heartbeat OK
[MAIN] Telemetry ready: lat=28.4223139, lon=77.5262222, h=4.367
Loading model engine: best.engine
[SCOUT] Connecting to mavlink-router TCP 127.0.0.1:5760
[SCOUT] Connected
[TELEM] Connecting to MAVLink router UDP 14550[MAIN] Waiting for telemetry (GPS)...

[TELEM] Waiting for heartbeat...
[TELEM] Heartbeat OK
[MAIN] Telemetry ready: lat=28.4223146, lon=77.5262217, h=4.437
Loading model engine: best.engine
[SCOUT] Connecting to mavlink-router TCP 127.0.0.1:5760
[SCOUT] Connected
[TELEM] Connecting to MAVLink router UDP 14550[MAIN] Waiting for telemetry (GPS)...

[TELEM] Waiting for heartbeat...
[TELEM] Heartbeat OK
[MAIN] Telemetry ready: lat=28.4223139, lon=77.5262218, h=4.444
Loading model engine: best.engine
[SCOUT] Connecting to mavlink-router TCP 127.0.0.1:5760
[SCOUT] Connected
[TELEM] Connecting to MAVLink router UDP 14550[MAIN] Waiting for telemetry (GPS)...

[TELEM] Waiting for heartbeat...
[TELEM] Heartbeat OK
[MAIN] Telemetry ready: lat=28.4223135, lon=77.5262228, h=4.379
Loading model engine: best.engine
[SCOUT] Connecting to mavlink-router TCP 127.0.0.1:5760
[SCOUT] Connected
[TELEM] Connecting to MAVLink router UDP 14550[MAIN] Waiting for telemetry (GPS)...

[TELEM] Waiting for heartbeat...
[TELEM] Heartbeat OK
[MAIN] Telemetry ready: lat=28.4223131, lon=77.5262232, h=4.307
Loading model engine: best.engine
[SCOUT] Connecting to mavlink-router TCP 127.0.0.1:5760
[SCOUT] Connected
[TELEM] Connecting to MAVLink router UDP 14550[MAIN] Waiting for telemetry (GPS)...

[TELEM] Waiting for heartbeat...
[TELEM] Heartbeat OK
[MAIN] Telemetry ready: lat=28.4223134, lon=77.5262236, h=4.414
Loading model engine: best.engine
[SCOUT] Connecting to mavlink-router TCP 127.0.0.1:5760
[SCOUT] Connected
[TELEM] Connecting to MAVLink router UDP 14550[MAIN] Waiting for telemetry (GPS)...

[TELEM] Waiting for heartbeat...
[TELEM] Heartbeat OK
[MAIN] Telemetry ready: lat=28.4223135, lon=77.5262243, h=4.375
Loading model engine: best.engine
[SCOUT] Connecting to mavlink-router TCP 127.0.0.1:5760
[SCOUT] Connected
[TELEM] Connecting to MAVLink router UDP 14550[MAIN] Waiting for telemetry (GPS)...

[TELEM] Waiting for heartbeat...
[TELEM] Heartbeat OK
[MAIN] Telemetry ready: lat=28.4223123, lon=77.5262238, h=4.523
Loading model engine: best.engine
[SCOUT] Connecting to mavlink-router TCP 127.0.0.1:5760
[SCOUT] Connected
[TELEM] Connecting to MAVLink router UDP 14550[MAIN] Waiting for telemetry (GPS)...

[TELEM] Waiting for heartbeat...
[TELEM] Heartbeat OK
[MAIN] Telemetry ready: lat=28.4223116, lon=77.5262228, h=4.536
Loading model engine: best.engine
[SCOUT] Connecting to mavlink-router TCP 127.0.0.1:5760
[SCOUT] Connected
[TELEM] Connecting to MAVLink router UDP 14550[MAIN] Waiting for telemetry (GPS)...

[TELEM] Waiting for heartbeat...
[TELEM] Heartbeat OK
[MAIN] Telemetry ready: lat=28.4223114, lon=77.5262229, h=4.552
Loading model engine: best.engine
[SCOUT] Connecting to mavlink-router TCP 127.0.0.1:5760
[SCOUT] Connected
[TELEM] Connecting to MAVLink router UDP 14550[MAIN] Waiting for telemetry (GPS)...

[TELEM] Waiting for heartbeat...
[TELEM] Heartbeat OK
[MAIN] Telemetry ready: lat=28.4223105, lon=77.5262223, h=4.596
Loading model engine: best.engine
[SCOUT] Connecting to mavlink-router TCP 127.0.0.1:5760
[SCOUT] Connected
[TELEM] Connecting to MAVLink router UDP 14550[MAIN] Waiting for telemetry (GPS)...

[TELEM] Waiting for heartbeat...
[TELEM] Heartbeat OK
[MAIN] Telemetry ready: lat=28.4223108, lon=77.5262221, h=4.608
Loading model engine: best.engine
[SCOUT] Connecting to mavlink-router TCP 127.0.0.1:5760
[SCOUT] Connected
[TELEM] Connecting to MAVLink router UDP 14550[MAIN] Waiting for telemetry (GPS)...

[TELEM] Waiting for heartbeat...
[TELEM] Heartbeat OK
[MAIN] Telemetry ready: lat=28.422312, lon=77.5262223, h=4.617
Loading model engine: best.engine
[SCOUT] Connecting to mavlink-router TCP 127.0.0.1:5760
[SCOUT] Connected
[TELEM] Connecting to MAVLink router UDP 14550[MAIN] Waiting for telemetry (GPS)...

[TELEM] Waiting for heartbeat...
[TELEM] Heartbeat OK
[MAIN] Telemetry ready: lat=28.422313, lon=77.5262232, h=4.568
Loading model engine: best.engine
[SCOUT] Connecting to mavlink-router TCP 127.0.0.1:5760
[SCOUT] Connected
[TELEM] Connecting to MAVLink router UDP 14550[MAIN] Waiting for telemetry (GPS)...

[TELEM] Waiting for heartbeat...
[TELEM] Heartbeat OK
[MAIN] Telemetry ready: lat=28.422313, lon=77.5262229, h=4.638
Loading model engine: best.engine
[SCOUT] Connecting to mavlink-router TCP 127.0.0.1:5760
[SCOUT] Connected
[TELEM] Connecting to MAVLink router UDP 14550[MAIN] Waiting for telemetry (GPS)...

[TELEM] Waiting for heartbeat...
[TELEM] Heartbeat OK
[MAIN] Telemetry ready: lat=28.4223119, lon=77.5262219, h=4.715
Loading model engine: best.engine
[SCOUT] Connecting to mavlink-router TCP 127.0.0.1:5760
[SCOUT] Connected
[TELEM] Connecting to MAVLink router UDP 14550[MAIN] Waiting for telemetry (GPS)...

[TELEM] Waiting for heartbeat...
[TELEM] Heartbeat OK
[MAIN] Telemetry ready: lat=28.4223105, lon=77.5262217, h=4.673
Loading model engine: best.engine
[SCOUT] Connecting to mavlink-router TCP 127.0.0.1:5760
[SCOUT] Connected
[TELEM] Connecting to MAVLink router UDP 14550[MAIN] Waiting for telemetry (GPS)...

[TELEM] Waiting for heartbeat...
[TELEM] Heartbeat OK
[MAIN] Telemetry ready: lat=28.4223098, lon=77.52622, h=4.715
Loading model engine: best.engine
[SCOUT] Connecting to mavlink-router TCP 127.0.0.1:5760
[SCOUT] Connected
[TELEM] Connecting to MAVLink router UDP 14550[MAIN] Waiting for telemetry (GPS)...

[TELEM] Waiting for heartbeat...
[TELEM] Heartbeat OK
[MAIN] Telemetry ready: lat=28.4223105, lon=77.5262196, h=4.682
Loading model engine: best.engine
[SCOUT] Connecting to mavlink-router TCP 127.0.0.1:5760
[SCOUT] Connected
[TELEM] Connecting to MAVLink router UDP 14550[MAIN] Waiting for telemetry (GPS)...

[TELEM] Waiting for heartbeat...
[TELEM] Heartbeat OK
[MAIN] Telemetry ready: lat=28.4223109, lon=77.5262202, h=4.722
Loading model engine: best.engine
[SCOUT] Connecting to mavlink-router TCP 127.0.0.1:5760
[SCOUT] Connected
[TELEM] Connecting to MAVLink router UDP 14550[MAIN] Waiting for telemetry (GPS)...

[TELEM] Waiting for heartbeat...
[TELEM] Heartbeat OK
[MAIN] Telemetry ready: lat=28.4223108, lon=77.5262204, h=4.599
Loading model engine: best.engine
[SCOUT] Connecting to mavlink-router TCP 127.0.0.1:5760
[SCOUT] Connected
[TELEM] Connecting to MAVLink router UDP 14550[MAIN] Waiting for telemetry (GPS)...

[TELEM] Waiting for heartbeat...
[TELEM] Heartbeat OK
[MAIN] Telemetry ready: lat=28.4223108, lon=77.5262203, h=4.613
Loading model engine: best.engine
[SCOUT] Connecting to mavlink-router TCP 127.0.0.1:5760
[SCOUT] Connected
[TELEM] Connecting to MAVLink router UDP 14550[MAIN] Waiting for telemetry (GPS)...

[TELEM] Waiting for heartbeat...
[TELEM] Heartbeat OK
[MAIN] Telemetry ready: lat=28.4223107, lon=77.5262191, h=4.58
Loading model engine: best.engine
[SCOUT] Connecting to mavlink-router TCP 127.0.0.1:5760
[SCOUT] Connected
[TELEM] Connecting to MAVLink router UDP 14550[MAIN] Waiting for telemetry (GPS)...

[TELEM] Waiting for heartbeat...
[TELEM] Heartbeat OK
[MAIN] Telemetry ready: lat=28.4223124, lon=77.5262188, h=4.797
Loading model engine: best.engine
[SCOUT] Connecting to mavlink-router TCP 127.0.0.1:5760
[SCOUT] Connected
[TELEM] Connecting to MAVLink router UDP 14550[MAIN] Waiting for telemetry (GPS)...

[TELEM] Waiting for heartbeat...
[TELEM] Heartbeat OK
[MAIN] Telemetry ready: lat=28.4223138, lon=77.5262192, h=4.75
Loading model engine: best.engine
[SCOUT] Connecting to mavlink-router TCP 127.0.0.1:5760
[SCOUT] Connected
[TELEM] Connecting to MAVLink router UDP 14550[MAIN] Waiting for telemetry (GPS)...

[TELEM] Waiting for heartbeat...
[TELEM] Heartbeat OK
[MAIN] Telemetry ready: lat=28.4223156, lon=77.5262188, h=4.769
Loading model engine: best.engine
[SCOUT] Connecting to mavlink-router TCP 127.0.0.1:5760
[SCOUT] Connected
[TELEM] Connecting to MAVLink router UDP 14550[MAIN] Waiting for telemetry (GPS)...

[TELEM] Waiting for heartbeat...
[TELEM] Heartbeat OK
[MAIN] Telemetry ready: lat=28.4223148, lon=77.5262189, h=4.774
Loading model engine: best.engine
[SCOUT] Connecting to mavlink-router TCP 127.0.0.1:5760
[SCOUT] Connected
[TELEM] Connecting to MAVLink router UDP 14550[MAIN] Waiting for telemetry (GPS)...

[TELEM] Waiting for heartbeat...
[TELEM] Heartbeat OK
[MAIN] Telemetry ready: lat=28.4223134, lon=77.5262195, h=4.67
Loading model engine: best.engine
[SCOUT] Connecting to mavlink-router TCP 127.0.0.1:5760
[SCOUT] Connected
[TELEM] Connecting to MAVLink router UDP 14550[MAIN] Waiting for telemetry (GPS)...

[TELEM] Waiting for heartbeat...
[TELEM] Heartbeat OK
[MAIN] Telemetry ready: lat=28.4223126, lon=77.5262182, h=4.672
Loading model engine: best.engine
[SCOUT] Connecting to mavlink-router TCP 127.0.0.1:5760
[SCOUT] Connected
[TELEM] Connecting to MAVLink router UDP 14550[MAIN] Waiting for telemetry (GPS)...

[TELEM] Waiting for heartbeat...
[TELEM] Heartbeat OK
[MAIN] Telemetry ready: lat=28.4223127, lon=77.5262176, h=4.649
Loading model engine: best.engine
[SCOUT] Connecting to mavlink-router TCP 127.0.0.1:5760
[SCOUT] Connected
[TELEM] Connecting to MAVLink router UDP 14550[MAIN] Waiting for telemetry (GPS)...

[TELEM] Waiting for heartbeat...
[TELEM] Heartbeat OK
[MAIN] Telemetry ready: lat=28.4223121, lon=77.5262192, h=4.688
Loading model engine: best.engine
[SCOUT] Connecting to mavlink-router TCP 127.0.0.1:5760
[SCOUT] Connected
[TELEM] Connecting to MAVLink router UDP 14550[MAIN] Waiting for telemetry (GPS)...

[TELEM] Waiting for heartbeat...
[TELEM] Heartbeat OK
[MAIN] Telemetry ready: lat=28.422312, lon=77.5262207, h=4.608
Loading model engine: best.engine
[SCOUT] Connecting to mavlink-router TCP 127.0.0.1:5760
[SCOUT] Connected
[TELEM] Connecting to MAVLink router UDP 14550[MAIN] Waiting for telemetry (GPS)...

[TELEM] Waiting for heartbeat...
[TELEM] Heartbeat OK
[MAIN] Telemetry ready: lat=28.4223122, lon=77.5262215, h=4.536
Loading model engine: best.engine
[SCOUT] Connecting to mavlink-router TCP 127.0.0.1:5760
[SCOUT] Connected
[TELEM] Connecting to MAVLink router UDP 14550[MAIN] Waiting for telemetry (GPS)...

[TELEM] Waiting for heartbeat...
[TELEM] Heartbeat OK
[MAIN] Telemetry ready: lat=28.4223124, lon=77.5262219, h=4.602
Loading model engine: best.engine
[SCOUT] Connecting to mavlink-router TCP 127.0.0.1:5760
[SCOUT] Connected
[TELEM] Connecting to MAVLink router UDP 14550[MAIN] Waiting for telemetry (GPS)...

[TELEM] Waiting for heartbeat...
[TELEM] Heartbeat OK
[MAIN] Telemetry ready: lat=28.4223129, lon=77.526222, h=4.678
Loading model engine: best.engine
[SCOUT] Connecting to mavlink-router TCP 127.0.0.1:5760
[SCOUT] Connected
[TELEM] Connecting to MAVLink router UDP 14550[MAIN] Waiting for telemetry (GPS)...

[TELEM] Waiting for heartbeat...
[TELEM] Heartbeat OK
[MAIN] Telemetry ready: lat=28.4223137, lon=77.526219, h=4.683
Loading model engine: best.engine
[SCOUT] Connecting to mavlink-router TCP 127.0.0.1:5760
[SCOUT] Connected
[TELEM] Connecting to MAVLink router UDP 14550[MAIN] Waiting for telemetry (GPS)...

[TELEM] Waiting for heartbeat...
[TELEM] Heartbeat OK
[MAIN] Telemetry ready: lat=28.4223131, lon=77.526218, h=4.643
Loading model engine: best.engine
[SCOUT] Connecting to mavlink-router TCP 127.0.0.1:5760
[SCOUT] Connected
[TELEM] Connecting to MAVLink router UDP 14550[MAIN] Waiting for telemetry (GPS)...

[TELEM] Waiting for heartbeat...
[TELEM] Heartbeat OK
[MAIN] Telemetry ready: lat=28.4223131, lon=77.5262178, h=4.64
Loading model engine: best.engine
[SCOUT] Connecting to mavlink-router TCP 127.0.0.1:5760
[SCOUT] Connected
[TELEM] Connecting to MAVLink router UDP 14550[MAIN] Waiting for telemetry (GPS)...

[TELEM] Waiting for heartbeat...
[TELEM] Heartbeat OK
[MAIN] Telemetry ready: lat=28.422313, lon=77.5262202, h=4.735
Loading model engine: best.engine
[SCOUT] Connecting to mavlink-router TCP 127.0.0.1:5760
[SCOUT] Connected
[TELEM] Connecting to MAVLink router UDP 14550[MAIN] Waiting for telemetry (GPS)...

[TELEM] Waiting for heartbeat...
[TELEM] Heartbeat OK
[MAIN] Telemetry ready: lat=28.4223138, lon=77.5262221, h=4.61
Loading model engine: best.engine
[SCOUT] Connecting to mavlink-router TCP 127.0.0.1:5760
[SCOUT] Connected
[TELEM] Connecting to MAVLink router UDP 14550[MAIN] Waiting for telemetry (GPS)...

[TELEM] Waiting for heartbeat...
[TELEM] Heartbeat OK
[MAIN] Telemetry ready: lat=28.4223151, lon=77.5262225, h=4.666
Loading model engine: best.engine
[SCOUT] Connecting to mavlink-router TCP 127.0.0.1:5760
[SCOUT] Connected
[TELEM] Connecting to MAVLink router UDP 14550[MAIN] Waiting for telemetry (GPS)...

[TELEM] Waiting for heartbeat...
[TELEM] Heartbeat OK
[MAIN] Telemetry ready: lat=28.4223139, lon=77.5262226, h=4.568
Loading model engine: best.engine
[SCOUT] Connecting to mavlink-router TCP 127.0.0.1:5760
[SCOUT] Connected
[TELEM] Connecting to MAVLink router UDP 14550[MAIN] Waiting for telemetry (GPS)...

[TELEM] Waiting for heartbeat...
[TELEM] Heartbeat OK
[MAIN] Telemetry ready: lat=28.4223136, lon=77.5262227, h=4.652
Loading model engine: best.engine
[SCOUT] Connecting to mavlink-router TCP 127.0.0.1:5760
[SCOUT] Connected
[TELEM] Connecting to MAVLink router UDP 14550[MAIN] Waiting for telemetry (GPS)...

[TELEM] Waiting for heartbeat...
[TELEM] Heartbeat OK
[MAIN] Telemetry ready: lat=28.4223137, lon=77.5262216, h=4.629
Loading model engine: best.engine
[SCOUT] Connecting to mavlink-router TCP 127.0.0.1:5760
[SCOUT] Connected
[TELEM] Connecting to MAVLink router UDP 14550[MAIN] Waiting for telemetry (GPS)...

[TELEM] Waiting for heartbeat...
[TELEM] Heartbeat OK
[MAIN] Telemetry ready: lat=28.4223124, lon=77.5262209, h=4.58
Loading model engine: best.engine
[SCOUT] Connecting to mavlink-router TCP 127.0.0.1:5760
[SCOUT] Connected
[TELEM] Connecting to MAVLink router UDP 14550[MAIN] Waiting for telemetry (GPS)...

[TELEM] Waiting for heartbeat...
[TELEM] Heartbeat OK
[MAIN] Telemetry ready: lat=28.4223122, lon=77.5262205, h=4.52
Loading model engine: best.engine
[SCOUT] Connecting to mavlink-router TCP 127.0.0.1:5760
[SCOUT] Connected
[TELEM] Connecting to MAVLink router UDP 14550[MAIN] Waiting for telemetry (GPS)...

[TELEM] Waiting for heartbeat...
[TELEM] Heartbeat OK
[MAIN] Telemetry ready: lat=28.4223112, lon=77.5262201, h=4.495
Loading model engine: best.engine
[SCOUT] Connecting to mavlink-router TCP 127.0.0.1:5760
[SCOUT] Connected
[TELEM] Connecting to MAVLink router UDP 14550[MAIN] Waiting for telemetry (GPS)...

[TELEM] Waiting for heartbeat...
[TELEM] Heartbeat OK
[MAIN] Telemetry ready: lat=28.4223116, lon=77.5262214, h=4.49
Loading model engine: best.engine
[SCOUT] Connecting to mavlink-router TCP 127.0.0.1:5760
[SCOUT] Connected
[TELEM] Connecting to MAVLink router UDP 14550[MAIN] Waiting for telemetry (GPS)...

[TELEM] Waiting for heartbeat...
[TELEM] Heartbeat OK
[MAIN] Telemetry ready: lat=28.4223117, lon=77.5262233, h=4.536
Loading model engine: best.engine
[SCOUT] Connecting to mavlink-router TCP 127.0.0.1:5760
[SCOUT] Connected
[TELEM] Connecting to MAVLink router UDP 14550[MAIN] Waiting for telemetry (GPS)...

[TELEM] Waiting for heartbeat...
[TELEM] Heartbeat OK
[MAIN] Telemetry ready: lat=28.4223115, lon=77.5262228, h=4.469
Loading model engine: best.engine
[SCOUT] Connecting to mavlink-router TCP 127.0.0.1:5760
[SCOUT] Connected
[TELEM] Connecting to MAVLink router UDP 14550[MAIN] Waiting for telemetry (GPS)...

[TELEM] Waiting for heartbeat...
[TELEM] Heartbeat OK
[MAIN] Telemetry ready: lat=28.4223121, lon=77.5262236, h=4.475
Loading model engine: best.engine
[SCOUT] Connecting to mavlink-router TCP 127.0.0.1:5760
[SCOUT] Connected
[TELEM] Connecting to MAVLink router UDP 14550[MAIN] Waiting for telemetry (GPS)...

[TELEM] Waiting for heartbeat...
[TELEM] Heartbeat OK
[MAIN] Telemetry ready: lat=28.4223139, lon=77.5262244, h=4.496
Loading model engine: best.engine
[SCOUT] Connecting to mavlink-router TCP 127.0.0.1:5760
[SCOUT] Connected
[TELEM] Connecting to MAVLink router UDP 14550[MAIN] Waiting for telemetry (GPS)...

[TELEM] Waiting for heartbeat...
[TELEM] Heartbeat OK
[MAIN] Telemetry ready: lat=28.4223149, lon=77.526224, h=4.481
Loading model engine: best.engine
[SCOUT] Connecting to mavlink-router TCP 127.0.0.1:5760
[SCOUT] Connected
[TELEM] Connecting to MAVLink router UDP 14550[MAIN] Waiting for telemetry (GPS)...

[TELEM] Waiting for heartbeat...
[TELEM] Heartbeat OK
[MAIN] Telemetry ready: lat=28.422315, lon=77.5262212, h=4.513
Loading model engine: best.engine
[SCOUT] Connecting to mavlink-router TCP 127.0.0.1:5760
[SCOUT] Connected
[TELEM] Connecting to MAVLink router UDP 14550[MAIN] Waiting for telemetry (GPS)...

[TELEM] Waiting for heartbeat...
[TELEM] Heartbeat OK
[MAIN] Telemetry ready: lat=28.4223134, lon=77.5262187, h=4.594
Loading model engine: best.engine
[SCOUT] Connecting to mavlink-router TCP 127.0.0.1:5760
[SCOUT] Connected
[TELEM] Connecting to MAVLink router UDP 14550[MAIN] Waiting for telemetry (GPS)...

[TELEM] Waiting for heartbeat...
[TELEM] Heartbeat OK
[MAIN] Telemetry ready: lat=28.4223118, lon=77.5262188, h=4.678
Loading model engine: best.engine
[SCOUT] Connecting to mavlink-router TCP 127.0.0.1:5760
[SCOUT] Connected
[TELEM] Connecting to MAVLink router UDP 14550[MAIN] Waiting for telemetry (GPS)...

[TELEM] Waiting for heartbeat...
[TELEM] Heartbeat OK
[MAIN] Telemetry ready: lat=28.4223119, lon=77.5262195, h=4.882
Loading model engine: best.engine
[SCOUT] Connecting to mavlink-router TCP 127.0.0.1:5760
[SCOUT] Connected
[TELEM] Connecting to MAVLink router UDP 14550[MAIN] Waiting for telemetry (GPS)...

[TELEM] Waiting for heartbeat...
[TELEM] Heartbeat OK
[MAIN] Telemetry ready: lat=28.4223114, lon=77.5262196, h=4.875
Loading model engine: best.engine
[SCOUT] Connecting to mavlink-router TCP 127.0.0.1:5760
[SCOUT] Connected
[TELEM] Connecting to MAVLink router UDP 14550[MAIN] Waiting for telemetry (GPS)...

[TELEM] Waiting for heartbeat...
[TELEM] Heartbeat OK
[MAIN] Telemetry ready: lat=28.422311, lon=77.5262193, h=4.889
Loading model engine: best.engine
[SCOUT] Connecting to mavlink-router TCP 127.0.0.1:5760
[SCOUT] Connected
[TELEM] Connecting to MAVLink router UDP 14550[MAIN] Waiting for telemetry (GPS)...

[TELEM] Waiting for heartbeat...
[TELEM] Heartbeat OK
[MAIN] Telemetry ready: lat=28.4223123, lon=77.5262214, h=4.806
Loading model engine: best.engine
[SCOUT] Connecting to mavlink-router TCP 127.0.0.1:5760
[SCOUT] Connected
[TELEM] Connecting to MAVLink router UDP 14550[MAIN] Waiting for telemetry (GPS)...

[TELEM] Waiting for heartbeat...
[TELEM] Heartbeat OK
[MAIN] Telemetry ready: lat=28.422312, lon=77.5262196, h=4.677
Loading model engine: best.engine
[SCOUT] Connecting to mavlink-router TCP 127.0.0.1:5760
[SCOUT] Connected
[TELEM] Connecting to MAVLink router UDP 14550[MAIN] Waiting for telemetry (GPS)...

[TELEM] Waiting for heartbeat...
[TELEM] Heartbeat OK
[MAIN] Telemetry ready: lat=28.4223126, lon=77.5262182, h=4.665
Loading model engine: best.engine
[SCOUT] Connecting to mavlink-router TCP 127.0.0.1:5760
[SCOUT] Connected
[TELEM] Connecting to MAVLink router UDP 14550[MAIN] Waiting for telemetry (GPS)...

[TELEM] Waiting for heartbeat...
[TELEM] Heartbeat OK
[MAIN] Telemetry ready: lat=28.4223125, lon=77.5262157, h=4.972
Loading model engine: best.engine
[SCOUT] Connecting to mavlink-router TCP 127.0.0.1:5760
[SCOUT] Connected
[TELEM] Connecting to MAVLink router UDP 14550[MAIN] Waiting for telemetry (GPS)...

[TELEM] Waiting for heartbeat...
[TELEM] Heartbeat OK
[MAIN] Telemetry ready: lat=28.4223121, lon=77.5262155, h=5.015
Loading model engine: best.engine
[SCOUT] Connecting to mavlink-router TCP 127.0.0.1:5760
[SCOUT] Connected
[TELEM] Connecting to MAVLink router UDP 14550[MAIN] Waiting for telemetry (GPS)...

[TELEM] Waiting for heartbeat...
[TELEM] Heartbeat OK
[MAIN] Telemetry ready: lat=28.4223126, lon=77.526215, h=5.151
Loading model engine: best.engine
[SCOUT] Connecting to mavlink-router TCP 127.0.0.1:5760
[SCOUT] Connected
[TELEM] Connecting to MAVLink router UDP 14550[MAIN] Waiting for telemetry (GPS)...

[TELEM] Waiting for heartbeat...
[TELEM] Heartbeat OK
[MAIN] Telemetry ready: lat=28.422312, lon=77.5262149, h=5.173
Loading model engine: best.engine
[SCOUT] Connecting to mavlink-router TCP 127.0.0.1:5760
[SCOUT] Connected
[TELEM] Connecting to MAVLink router UDP 14550[MAIN] Waiting for telemetry (GPS)...

[TELEM] Waiting for heartbeat...
[TELEM] Heartbeat OK
[MAIN] Telemetry ready: lat=28.4223114, lon=77.526215, h=5.167
Loading model engine: best.engine
[SCOUT] Connecting to mavlink-router TCP 127.0.0.1:5760
[SCOUT] Connected
[TELEM] Connecting to MAVLink router UDP 14550[MAIN] Waiting for telemetry (GPS)...

[TELEM] Waiting for heartbeat...
[TELEM] Heartbeat OK
[MAIN] Telemetry ready: lat=28.4223125, lon=77.5262161, h=5.085
Loading model engine: best.engine
[SCOUT] Connecting to mavlink-router TCP 127.0.0.1:5760
[SCOUT] Connected
[TELEM] Connecting to MAVLink router UDP 14550[MAIN] Waiting for telemetry (GPS)...

[TELEM] Waiting for heartbeat...
[TELEM] Heartbeat OK
[MAIN] Telemetry ready: lat=28.4223136, lon=77.5262173, h=4.943
Loading model engine: best.engine
[SCOUT] Connecting to mavlink-router TCP 127.0.0.1:5760
[SCOUT] Connected
[TELEM] Connecting to MAVLink router UDP 14550[MAIN] Waiting for telemetry (GPS)...

[TELEM] Waiting for heartbeat...
[TELEM] Heartbeat OK
[MAIN] Telemetry ready: lat=28.422314, lon=77.5262182, h=4.882
Loading model engine: best.engine
[SCOUT] Connecting to mavlink-router TCP 127.0.0.1:5760
[SCOUT] Connected
[TELEM] Connecting to MAVLink router UDP 14550[MAIN] Waiting for telemetry (GPS)...

[TELEM] Waiting for heartbeat...
[TELEM] Heartbeat OK
[MAIN] Telemetry ready: lat=28.4223139, lon=77.5262186, h=4.947
Loading model engine: best.engine
[SCOUT] Connecting to mavlink-router TCP 127.0.0.1:5760
[SCOUT] Connected
[TELEM] Connecting to MAVLink router UDP 14550[MAIN] Waiting for telemetry (GPS)...

[TELEM] Waiting for heartbeat...
[TELEM] Heartbeat OK
[MAIN] Telemetry ready: lat=28.4223133, lon=77.5262188, h=5.017
Loading model engine: best.engine
[SCOUT] Connecting to mavlink-router TCP 127.0.0.1:5760
[SCOUT] Connected
[TELEM] Connecting to MAVLink router UDP 14550[MAIN] Waiting for telemetry (GPS)...

[TELEM] Waiting for heartbeat...
[TELEM] Heartbeat OK
[MAIN] Telemetry ready: lat=28.4223136, lon=77.5262189, h=4.842
Loading model engine: best.engine
[SCOUT] Connecting to mavlink-router TCP 127.0.0.1:5760
[SCOUT] Connected
[TELEM] Connecting to MAVLink router UDP 14550[MAIN] Waiting for telemetry (GPS)...

[TELEM] Waiting for heartbeat...
[TELEM] Heartbeat OK
[MAIN] Telemetry ready: lat=28.4223154, lon=77.5262195, h=4.906
Loading model engine: best.engine
[SCOUT] Connecting to mavlink-router TCP 127.0.0.1:5760
[SCOUT] Connected
[TELEM] Connecting to MAVLink router UDP 14550[MAIN] Waiting for telemetry (GPS)...

[TELEM] Waiting for heartbeat...
[TELEM] Heartbeat OK
[MAIN] Telemetry ready: lat=28.4223157, lon=77.5262207, h=4.94
Loading model engine: best.engine
[SCOUT] Connecting to mavlink-router TCP 127.0.0.1:5760
[SCOUT] Connected
[TELEM] Connecting to MAVLink router UDP 14550[MAIN] Waiting for telemetry (GPS)...

[TELEM] Waiting for heartbeat...
[TELEM] Heartbeat OK
[MAIN] Telemetry ready: lat=28.4223162, lon=77.5262219, h=5.159
Loading model engine: best.engine
[SCOUT] Connecting to mavlink-router TCP 127.0.0.1:5760
[SCOUT] Connected
[TELEM] Connecting to MAVLink router UDP 14550[MAIN] Waiting for telemetry (GPS)...

[TELEM] Waiting for heartbeat...
[TELEM] Heartbeat OK
[MAIN] Telemetry ready: lat=28.4223168, lon=77.5262233, h=5.142
Loading model engine: best.engine
[SCOUT] Connecting to mavlink-router TCP 127.0.0.1:5760
[SCOUT] Connected
[TELEM] Connecting to MAVLink router UDP 14550[MAIN] Waiting for telemetry (GPS)...

[TELEM] Waiting for heartbeat...
[TELEM] Heartbeat OK
[MAIN] Telemetry ready: lat=28.4223154, lon=77.5262216, h=5.024
Loading model engine: best.engine
[SCOUT] Connecting to mavlink-router TCP 127.0.0.1:5760
[SCOUT] Connected
[TELEM] Connecting to MAVLink router UDP 14550[MAIN] Waiting for telemetry (GPS)...

[TELEM] Waiting for heartbeat...
[TELEM] Heartbeat OK
[MAIN] Telemetry ready: lat=28.4223141, lon=77.5262196, h=5.135
Loading model engine: best.engine
[SCOUT] Connecting to mavlink-router TCP 127.0.0.1:5760
[SCOUT] Connected
[TELEM] Connecting to MAVLink router UDP 14550[MAIN] Waiting for telemetry (GPS)...

[TELEM] Waiting for heartbeat...
[TELEM] Heartbeat OK
[MAIN] Telemetry ready: lat=28.4223124, lon=77.526219, h=5.194
Loading model engine: best.engine
[SCOUT] Connecting to mavlink-router TCP 127.0.0.1:5760
[SCOUT] Connected
[TELEM] Connecting to MAVLink router UDP 14550[MAIN] Waiting for telemetry (GPS)...

[TELEM] Waiting for heartbeat...
[TELEM] Heartbeat OK
[MAIN] Telemetry ready: lat=28.4223124, lon=77.5262192, h=5.232
Loading model engine: best.engine
[SCOUT] Connecting to mavlink-router TCP 127.0.0.1:5760
[SCOUT] Connected
[TELEM] Connecting to MAVLink router UDP 14550[MAIN] Waiting for telemetry (GPS)...

[TELEM] Waiting for heartbeat...
[TELEM] Heartbeat OK
[MAIN] Telemetry ready: lat=28.4223114, lon=77.5262202, h=5.154
Loading model engine: best.engine
[SCOUT] Connecting to mavlink-router TCP 127.0.0.1:5760
[SCOUT] Connected
[TELEM] Connecting to MAVLink router UDP 14550[MAIN] Waiting for telemetry (GPS)...

[TELEM] Waiting for heartbeat...
[TELEM] Heartbeat OK
[MAIN] Telemetry ready: lat=28.4223094, lon=77.5262219, h=5.221
Loading model engine: best.engine
[SCOUT] Connecting to mavlink-router TCP 127.0.0.1:5760
[SCOUT] Connected
[TELEM] Connecting to MAVLink router UDP 14550[MAIN] Waiting for telemetry (GPS)...

[TELEM] Waiting for heartbeat...
[TELEM] Heartbeat OK
[MAIN] Telemetry ready: lat=28.4223094, lon=77.5262226, h=5.336
Loading model engine: best.engine
[SCOUT] Connecting to mavlink-router TCP 127.0.0.1:5760
[SCOUT] Connected
[TELEM] Connecting to MAVLink router UDP 14550[MAIN] Waiting for telemetry (GPS)...

[TELEM] Waiting for heartbeat...
[TELEM] Heartbeat OK
[MAIN] Telemetry ready: lat=28.4223095, lon=77.5262229, h=5.375
Loading model engine: best.engine
[SCOUT] Connecting to mavlink-router TCP 127.0.0.1:5760
[SCOUT] Connected
[TELEM] Connecting to MAVLink router UDP 14550[MAIN] Waiting for telemetry (GPS)...

[TELEM] Waiting for heartbeat...
[TELEM] Heartbeat OK
[MAIN] Telemetry ready: lat=28.4223096, lon=77.5262229, h=5.379
Loading model engine: best.engine
[SCOUT] Connecting to mavlink-router TCP 127.0.0.1:5760
[SCOUT] Connected
[TELEM] Connecting to MAVLink router UDP 14550[MAIN] Waiting for telemetry (GPS)...

[TELEM] Waiting for heartbeat...
[TELEM] Heartbeat OK
[MAIN] Telemetry ready: lat=28.4223083, lon=77.526222, h=5.388
Loading model engine: best.engine
[SCOUT] Connecting to mavlink-router TCP 127.0.0.1:5760
[SCOUT] Connected
[TELEM] Connecting to MAVLink router UDP 14550[MAIN] Waiting for telemetry (GPS)...

[TELEM] Waiting for heartbeat...
[TELEM] Heartbeat OK
[MAIN] Telemetry ready: lat=28.4223089, lon=77.526222, h=5.498
Loading model engine: best.engine
[SCOUT] Connecting to mavlink-router TCP 127.0.0.1:5760
[SCOUT] Connected
[TELEM] Connecting to MAVLink router UDP 14550[MAIN] Waiting for telemetry (GPS)...

[TELEM] Waiting for heartbeat...
[TELEM] Heartbeat OK
[MAIN] Telemetry ready: lat=28.4223103, lon=77.5262221, h=5.471
Loading model engine: best.engine
[SCOUT] Connecting to mavlink-router TCP 127.0.0.1:5760
[SCOUT] Connected
[TELEM] Connecting to MAVLink router UDP 14550[MAIN] Waiting for telemetry (GPS)...

[TELEM] Waiting for heartbeat...
[TELEM] Heartbeat OK
[MAIN] Telemetry ready: lat=28.4223106, lon=77.526222, h=5.509
Loading model engine: best.engine
[SCOUT] Connecting to mavlink-router TCP 127.0.0.1:5760
[SCOUT] Connected
[TELEM] Connecting to MAVLink router UDP 14550[MAIN] Waiting for telemetry (GPS)...

[TELEM] Waiting for heartbeat...
[TELEM] Heartbeat OK
[MAIN] Telemetry ready: lat=28.4223109, lon=77.5262227, h=0.004
Loading model engine: best.engine
[SCOUT] Connecting to mavlink-router TCP 127.0.0.1:5760
[SCOUT] Connected
[TELEM] Connecting to MAVLink router UDP 14550[MAIN] Waiting for telemetry (GPS)...

[TELEM] Waiting for heartbeat...
[TELEM] Heartbeat OK
[MAIN] Telemetry ready: lat=28.4223109, lon=77.5262236, h=4.528
Loading model engine: best.engine
[SCOUT] Connecting to mavlink-router TCP 127.0.0.1:5760
[SCOUT] Connected
[TELEM] Connecting to MAVLink router UDP 14550[MAIN] Waiting for telemetry (GPS)...

[TELEM] Waiting for heartbeat...
[TELEM] Heartbeat OK
[MAIN] Telemetry ready: lat=28.4223108, lon=77.5262243, h=14.43
Loading model engine: best.engine
[SCOUT] Connecting to mavlink-router TCP 127.0.0.1:5760
[SCOUT] Connected
[TELEM] Connecting to MAVLink router UDP 14550[MAIN] Waiting for telemetry (GPS)...

[TELEM] Waiting for heartbeat...
[TELEM] Heartbeat OK
[MAIN] Telemetry ready: lat=28.4223534, lon=77.5260755, h=14.888
Loading model engine: best.engine
[SCOUT] Connecting to mavlink-router TCP 127.0.0.1:5760
[SCOUT] Connected
[TELEM] Connecting to MAVLink router UDP 14550[MAIN] Waiting for telemetry (GPS)...

[TELEM] Waiting for heartbeat...
[TELEM] Heartbeat OK
[MAIN] Telemetry ready: lat=28.4225573, lon=77.5261076, h=14.929
Loading model engine: best.engine
[SCOUT] Connecting to mavlink-router TCP 127.0.0.1:5760
[SCOUT] Connected
[TELEM] Connecting to MAVLink router UDP 14550[MAIN] Waiting for telemetry (GPS)...

[TELEM] Waiting for heartbeat...
[TELEM] Heartbeat OK
[MAIN] Telemetry ready: lat=28.4227717, lon=77.5261649, h=14.969
Loading model engine: best.engine
[SCOUT] Connecting to mavlink-router TCP 127.0.0.1:5760
[SCOUT] Connected
[TELEM] Connecting to MAVLink router UDP 14550[MAIN] Waiting for telemetry (GPS)...

[TELEM] Waiting for heartbeat...
[TELEM] Heartbeat OK
[MAIN] Telemetry ready: lat=28.4229434, lon=77.5262527, h=14.751
Loading model engine: best.engine
[SCOUT] Connecting to mavlink-router TCP 127.0.0.1:5760
[SCOUT] Connected
[TELEM] Connecting to MAVLink router UDP 14550[MAIN] Waiting for telemetry (GPS)...

[TELEM] Waiting for heartbeat...
[TELEM] Heartbeat OK
[MAIN] Telemetry ready: lat=28.4227883, lon=77.5262544, h=14.982
Loading model engine: best.engine
[SCOUT] Connecting to mavlink-router TCP 127.0.0.1:5760
[SCOUT] Connected
[TELEM] Connecting to MAVLink router UDP 14550[MAIN] Waiting for telemetry (GPS)...

[TELEM] Waiting for heartbeat...
[TELEM] Heartbeat OK
[MAIN] Telemetry ready: lat=28.4225926, lon=77.5262025, h=15.139
Loading model engine: best.engine
[SCOUT] Connecting to mavlink-router TCP 127.0.0.1:5760
[SCOUT] Connected
[TELEM] Connecting to MAVLink router UDP 14550[MAIN] Waiting for telemetry (GPS)...

[TELEM] Waiting for heartbeat...
[TELEM] Heartbeat OK
[MAIN] Telemetry ready: lat=28.4223962, lon=77.5261478, h=14.894
Loading model engine: best.engine
[SCOUT] Connecting to mavlink-router TCP 127.0.0.1:5760
[SCOUT] Connected
[TELEM] Connecting to MAVLink router UDP 14550[MAIN] Waiting for telemetry (GPS)...

[TELEM] Waiting for heartbeat...
[TELEM] Heartbeat OK
[MAIN] Telemetry ready: lat=28.4223899, lon=77.5262321, h=15.116
Loading model engine: best.engine
[SCOUT] Connecting to mavlink-router TCP 127.0.0.1:5760
[SCOUT] Connected
[TELEM] Connecting to MAVLink router UDP 14550[MAIN] Waiting for telemetry (GPS)...

[TELEM] Waiting for heartbeat...
[TELEM] Heartbeat OK
[MAIN] Telemetry ready: lat=28.4225976, lon=77.5262857, h=14.795
Loading model engine: best.engine
[SCOUT] Connecting to mavlink-router TCP 127.0.0.1:5760
[SCOUT] Connected
[TELEM] Connecting to MAVLink router UDP 14550[MAIN] Waiting for telemetry (GPS)...

[TELEM] Waiting for heartbeat...
[TELEM] Heartbeat OK
[MAIN] Telemetry ready: lat=28.422804, lon=77.5263436, h=14.861
Loading model engine: best.engine
[SCOUT] Connecting to mavlink-router TCP 127.0.0.1:5760
[SCOUT] Connected
[TELEM] Connecting to MAVLink router UDP 14550[MAIN] Waiting for telemetry (GPS)...

[TELEM] Waiting for heartbeat...
[TELEM] Heartbeat OK
[MAIN] Telemetry ready: lat=28.4229193, lon=77.5264421, h=14.875
Loading model engine: best.engine
[SCOUT] Connecting to mavlink-router TCP 127.0.0.1:5760
[SCOUT] Connected
[TELEM] Connecting to MAVLink router UDP 14550[MAIN] Waiting for telemetry (GPS)...

[TELEM] Waiting for heartbeat...
[TELEM] Heartbeat OK
[MAIN] Telemetry ready: lat=28.4227255, lon=77.5264046, h=14.965
Loading model engine: best.engine
[SCOUT] Connecting to mavlink-router TCP 127.0.0.1:5760
[SCOUT] Connected
[TELEM] Connecting to MAVLink router UDP 14550[MAIN] Waiting for telemetry (GPS)...

[TELEM] Waiting for heartbeat...
[TELEM] Heartbeat OK
[MAIN] Telemetry ready: lat=28.4225199, lon=77.5263518, h=14.904
Loading model engine: best.engine
[SCOUT] Connecting to mavlink-router TCP 127.0.0.1:5760
[SCOUT] Connected
[TELEM] Connecting to MAVLink router UDP 14550[MAIN] Waiting for telemetry (GPS)...

[TELEM] Waiting for heartbeat...
[TELEM] Heartbeat OK
[MAIN] Telemetry ready: lat=28.4223337, lon=77.526303, h=14.925
Loading model engine: best.engine
[SCOUT] Connecting to mavlink-router TCP 127.0.0.1:5760
[SCOUT] Connected
[TELEM] Connecting to MAVLink router UDP 14550[MAIN] Waiting for telemetry (GPS)...

[TELEM] Waiting for heartbeat...
[TELEM] Heartbeat OK
[MAIN] Telemetry ready: lat=28.4224133, lon=77.5264053, h=15.225
Loading model engine: best.engine
[SCOUT] Connecting to mavlink-router TCP 127.0.0.1:5760
[SCOUT] Connected
[TELEM] Connecting to MAVLink router UDP 14550[MAIN] Waiting for telemetry (GPS)...

[TELEM] Waiting for heartbeat...
[TELEM] Heartbeat OK
[MAIN] Telemetry ready: lat=28.422611, lon=77.5264584, h=14.952
Loading model engine: best.engine
[SCOUT] Connecting to mavlink-router TCP 127.0.0.1:5760
[SCOUT] Connected
[TELEM] Connecting to MAVLink router UDP 14550[MAIN] Waiting for telemetry (GPS)...

[TELEM] Waiting for heartbeat...
[TELEM] Heartbeat OK
[MAIN] Telemetry ready: lat=28.4228174, lon=77.5265144, h=14.897
Loading model engine: best.engine
[SCOUT] Connecting to mavlink-router TCP 127.0.0.1:5760
[SCOUT] Connected
[TELEM] Connecting to MAVLink router UDP 14550[MAIN] Waiting for telemetry (GPS)...

[TELEM] Waiting for heartbeat...
[TELEM] Heartbeat OK
[MAIN] Telemetry ready: lat=28.4228691, lon=77.5266129, h=15.124
Loading model engine: best.engine
[SCOUT] Connecting to mavlink-router TCP 127.0.0.1:5760
[SCOUT] Connected
[TELEM] Connecting to MAVLink router UDP 14550[MAIN] Waiting for telemetry (GPS)...

[TELEM] Waiting for heartbeat...
[TELEM] Heartbeat OK
[MAIN] Telemetry ready: lat=28.4226811, lon=77.5265621, h=15.727
Loading model engine: best.engine
[SCOUT] Connecting to mavlink-router TCP 127.0.0.1:5760
[SCOUT] Connected
[TELEM] Connecting to MAVLink router UDP 14550[MAIN] Waiting for telemetry (GPS)...

[TELEM] Waiting for heartbeat...
[TELEM] Heartbeat OK
[MAIN] Telemetry ready: lat=28.4225668, lon=77.5264588, h=17.077
Loading model engine: best.engine
[SCOUT] Connecting to mavlink-router TCP 127.0.0.1:5760
[SCOUT] Connected
[TELEM] Connecting to MAVLink router UDP 14550[MAIN] Waiting for telemetry (GPS)...

[TELEM] Waiting for heartbeat...
[TELEM] Heartbeat OK
[MAIN] Telemetry ready: lat=28.4224094, lon=77.5263149, h=17.039
Loading model engine: best.engine
[SCOUT] Connecting to mavlink-router TCP 127.0.0.1:5760
[SCOUT] Connected
[TELEM] Connecting to MAVLink router UDP 14550[MAIN] Waiting for telemetry (GPS)...

[TELEM] Waiting for heartbeat...
[TELEM] Heartbeat OK
[MAIN] Telemetry ready: lat=28.4223101, lon=77.5262215, h=16.965
Loading model engine: best.engine
[SCOUT] Connecting to mavlink-router TCP 127.0.0.1:5760
[SCOUT] Connected
[TELEM] Connecting to MAVLink router UDP 14550[MAIN] Waiting for telemetry (GPS)...

[TELEM] Waiting for heartbeat...
[TELEM] Heartbeat OK
[MAIN] Telemetry ready: lat=28.4223116, lon=77.5262214, h=13.237
Loading model engine: best.engine
[SCOUT] Connecting to mavlink-router TCP 127.0.0.1:5760
[SCOUT] Connected
[TELEM] Connecting to MAVLink router UDP 14550[MAIN] Waiting for telemetry (GPS)...

[TELEM] Waiting for heartbeat...
[TELEM] Heartbeat OK
[MAIN] Telemetry ready: lat=28.4223109, lon=77.526223, h=7.783
Loading model engine: best.engine
[SCOUT] Connecting to mavlink-router TCP 127.0.0.1:5760
[SCOUT] Connected
[TELEM] Connecting to MAVLink router UDP 14550[MAIN] Waiting for telemetry (GPS)...

[TELEM] Waiting for heartbeat...
[TELEM] Heartbeat OK
[MAIN] Telemetry ready: lat=28.4223105, lon=77.5262228, h=3.153
Loading model engine: best.engine
[SCOUT] Connecting to mavlink-router TCP 127.0.0.1:5760
[SCOUT] Connected
[TELEM] Connecting to MAVLink router UDP 14550[MAIN] Waiting for telemetry (GPS)...

[TELEM] Waiting for heartbeat...
[TELEM] Heartbeat OK
[MAIN] Telemetry ready: lat=28.4223108, lon=77.5262208, h=1.051
Loading model engine: best.engine
[SCOUT] Connecting to mavlink-router TCP 127.0.0.1:5760
[SCOUT] Connected
[TELEM] Connecting to MAVLink router UDP 14550[MAIN] Waiting for telemetry (GPS)...

[TELEM] Waiting for heartbeat...
[TELEM] Heartbeat OK
[MAIN] Telemetry ready: lat=28.4223101, lon=77.5262211, h=0.818
Loading model engine: best.engine
[SCOUT] Connecting to mavlink-router TCP 127.0.0.1:5760
[SCOUT] Connected
[TELEM] Connecting to MAVLink router UDP 14550[MAIN] Waiting for telemetry (GPS)...

[TELEM] Waiting for heartbeat...
[TELEM] Heartbeat OK
[MAIN] Telemetry ready: lat=28.42231, lon=77.5262199, h=0.783
Loading model engine: best.engine
[SCOUT] Connecting to mavlink-router TCP 127.0.0.1:5760
[SCOUT] Connected
[TELEM] Connecting to MAVLink router UDP 14550[MAIN] Waiting for telemetry (GPS)...

[TELEM] Waiting for heartbeat...
[TELEM] Heartbeat OK
[MAIN] Telemetry ready: lat=28.4223104, lon=77.5262186, h=0.745
Loading model engine: best.engine
[SCOUT] Connecting to mavlink-router TCP 127.0.0.1:5760
[SCOUT] Connected
[TELEM] Connecting to MAVLink router UDP 14550[MAIN] Waiting for telemetry (GPS)...

[TELEM] Waiting for heartbeat...
[TELEM] Heartbeat OK
[MAIN] Telemetry ready: lat=28.422311, lon=77.5262187, h=0.821
Loading model engine: best.engine
[SCOUT] Connecting to mavlink-router TCP 127.0.0.1:5760
[SCOUT] Connected
[TELEM] Connecting to MAVLink router UDP 14550[MAIN] Waiting for telemetry (GPS)...

[TELEM] Waiting for heartbeat...
[TELEM] Heartbeat OK
[MAIN] Telemetry ready: lat=28.4223113, lon=77.5262185, h=0.713
Loading model engine: best.engine
[SCOUT] Connecting to mavlink-router TCP 127.0.0.1:5760
[SCOUT] Connected
[TELEM] Connecting to MAVLink router UDP 14550[MAIN] Waiting for telemetry (GPS)...

[TELEM] Waiting for heartbeat...
[TELEM] Heartbeat OK
[MAIN] Telemetry ready: lat=28.4223094, lon=77.5262173, h=0.799
Loading model engine: best.engine
[SCOUT] Connecting to mavlink-router TCP 127.0.0.1:5760
[SCOUT] Connected
[TELEM] Connecting to MAVLink router UDP 14550[MAIN] Waiting for telemetry (GPS)...

[TELEM] Waiting for heartbeat...
[TELEM] Heartbeat OK
[MAIN] Telemetry ready: lat=28.4223077, lon=77.5262178, h=0.876
Loading model engine: best.engine
[SCOUT] Connecting to mavlink-router TCP 127.0.0.1:5760
[SCOUT] Connected
[TELEM] Connecting to MAVLink router UDP 14550[MAIN] Waiting for telemetry (GPS)...

[TELEM] Waiting for heartbeat...
[TELEM] Heartbeat OK
[MAIN] Telemetry ready: lat=28.4223092, lon=77.5262175, h=0.672
Loading model engine: best.engine
[SCOUT] Connecting to mavlink-router TCP 127.0.0.1:5760
[SCOUT] Connected
[TELEM] Connecting to MAVLink router UDP 14550[MAIN] Waiting for telemetry (GPS)...

[TELEM] Waiting for heartbeat...
[TELEM] Heartbeat OK
[MAIN] Telemetry ready: lat=28.4223098, lon=77.5262178, h=0.995
Loading model engine: best.engine
[SCOUT] Connecting to mavlink-router TCP 127.0.0.1:5760
[SCOUT] Connected
[TELEM] Connecting to MAVLink router UDP 14550[MAIN] Waiting for telemetry (GPS)...

[TELEM] Waiting for heartbeat...
[TELEM] Heartbeat OK
[MAIN] Telemetry ready: lat=28.4223088, lon=77.5262183, h=0.892
Loading model engine: best.engine
[SCOUT] Connecting to mavlink-router TCP 127.0.0.1:5760
[SCOUT] Connected
[TELEM] Connecting to MAVLink router UDP 14550[MAIN] Waiting for telemetry (GPS)...

[TELEM] Waiting for heartbeat...
[TELEM] Heartbeat OK
[MAIN] Telemetry ready: lat=28.4223088, lon=77.5262184, h=0.793
Loading model engine: best.engine
[SCOUT] Connecting to mavlink-router TCP 127.0.0.1:5760
[SCOUT] Connected
[TELEM] Connecting to MAVLink router UDP 14550[MAIN] Waiting for telemetry (GPS)...

[TELEM] Waiting for heartbeat...
[TELEM] Heartbeat OK
[MAIN] Telemetry ready: lat=28.422308, lon=77.5262181, h=0.841
Loading model engine: best.engine
[SCOUT] Connecting to mavlink-router TCP 127.0.0.1:5760
[SCOUT] Connected
[TELEM] Connecting to MAVLink router UDP 14550[MAIN] Waiting for telemetry (GPS)...

[TELEM] Waiting for heartbeat...
[TELEM] Heartbeat OK
[MAIN] Telemetry ready: lat=28.4223097, lon=77.5262158, h=1.016
Loading model engine: best.engine
[SCOUT] Connecting to mavlink-router TCP 127.0.0.1:5760
[SCOUT] Connected
[TELEM] Connecting to MAVLink router UDP 14550[MAIN] Waiting for telemetry (GPS)...

[TELEM] Waiting for heartbeat...
[TELEM] Heartbeat OK
[MAIN] Telemetry ready: lat=28.4223104, lon=77.5262149, h=0.994
Loading model engine: best.engine
[SCOUT] Connecting to mavlink-router TCP 127.0.0.1:5760
[SCOUT] Connected
[TELEM] Connecting to MAVLink router UDP 14550[MAIN] Waiting for telemetry (GPS)...

[TELEM] Waiting for heartbeat...
[TELEM] Heartbeat OK
[MAIN] Telemetry ready: lat=28.4223108, lon=77.5262148, h=0.929
Loading model engine: best.engine
[SCOUT] Connecting to mavlink-router TCP 127.0.0.1:5760
[SCOUT] Connected
[TELEM] Connecting to MAVLink router UDP 14550[MAIN] Waiting for telemetry (GPS)...

[TELEM] Waiting for heartbeat...
[TELEM] Heartbeat OK
[MAIN] Telemetry ready: lat=28.4223116, lon=77.5262135, h=1.006
Loading model engine: best.engine
[SCOUT] Connecting to mavlink-router TCP 127.0.0.1:5760
[SCOUT] Connected
[TELEM] Connecting to MAVLink router UDP 14550[MAIN] Waiting for telemetry (GPS)...

[TELEM] Waiting for heartbeat...
[TELEM] Heartbeat OK
[MAIN] Telemetry ready: lat=28.42231, lon=77.5262132, h=0.853
Loading model engine: best.engine
[SCOUT] Connecting to mavlink-router TCP 127.0.0.1:5760
[SCOUT] Connected
[TELEM] Connecting to MAVLink router UDP 14550[MAIN] Waiting for telemetry (GPS)...

[TELEM] Waiting for heartbeat...
[TELEM] Heartbeat OK
[MAIN] Telemetry ready: lat=28.4223077, lon=77.5262149, h=0.927
Loading model engine: best.engine
[SCOUT] Connecting to mavlink-router TCP 127.0.0.1:5760
[SCOUT] Connected
[TELEM] Connecting to MAVLink router UDP 14550[MAIN] Waiting for telemetry (GPS)...

[TELEM] Waiting for heartbeat...
[TELEM] Heartbeat OK
[MAIN] Telemetry ready: lat=28.4223056, lon=77.5262176, h=1.003
Loading model engine: best.engine
[SCOUT] Connecting to mavlink-router TCP 127.0.0.1:5760
[SCOUT] Connected
[TELEM] Connecting to MAVLink router UDP 14550[MAIN] Waiting for telemetry (GPS)...

[TELEM] Waiting for heartbeat...
[TELEM] Heartbeat OK
[MAIN] Telemetry ready: lat=28.4223028, lon=77.5262223, h=0.956
Loading model engine: best.engine
[SCOUT] Connecting to mavlink-router TCP 127.0.0.1:5760
[SCOUT] Connected
[TELEM] Connecting to MAVLink router UDP 14550[MAIN] Waiting for telemetry (GPS)...

[TELEM] Waiting for heartbeat...
[TELEM] Heartbeat OK
[MAIN] Telemetry ready: lat=28.4223009, lon=77.526222, h=0.962
Loading model engine: best.engine
[SCOUT] Connecting to mavlink-router TCP 127.0.0.1:5760
[SCOUT] Connected
[TELEM] Connecting to MAVLink router UDP 14550[MAIN] Waiting for telemetry (GPS)...

[TELEM] Waiting for heartbeat...
[TELEM] Heartbeat OK
[MAIN] Telemetry ready: lat=28.4223024, lon=77.526222, h=0.837
Loading model engine: best.engine
[SCOUT] Connecting to mavlink-router TCP 127.0.0.1:5760
[SCOUT] Connected
[TELEM] Connecting to MAVLink router UDP 14550[MAIN] Waiting for telemetry (GPS)...

[TELEM] Waiting for heartbeat...
[TELEM] Heartbeat OK
[MAIN] Telemetry ready: lat=28.4223033, lon=77.5262238, h=1.002
Loading model engine: best.engine
[SCOUT] Connecting to mavlink-router TCP 127.0.0.1:5760
[SCOUT] Connected
[TELEM] Connecting to MAVLink router UDP 14550[MAIN] Waiting for telemetry (GPS)...

[TELEM] Waiting for heartbeat...
[TELEM] Heartbeat OK
[MAIN] Telemetry ready: lat=28.4223031, lon=77.5262218, h=1.207
Loading model engine: best.engine
[SCOUT] Connecting to mavlink-router TCP 127.0.0.1:5760
[SCOUT] Connected
[TELEM] Connecting to MAVLink router UDP 14550[MAIN] Waiting for telemetry (GPS)...

[TELEM] Waiting for heartbeat...
[TELEM] Heartbeat OK
[MAIN] Telemetry ready: lat=28.4223057, lon=77.5262221, h=1.122
Loading model engine: best.engine
[SCOUT] Connecting to mavlink-router TCP 127.0.0.1:5760
[SCOUT] Connected
[TELEM] Connecting to MAVLink router UDP 14550[MAIN] Waiting for telemetry (GPS)...

[TELEM] Waiting for heartbeat...
[TELEM] Heartbeat OK
[MAIN] Telemetry ready: lat=28.4223065, lon=77.5262196, h=1.164
Loading model engine: best.engine
[SCOUT] Connecting to mavlink-router TCP 127.0.0.1:5760
[SCOUT] Connected
[TELEM] Connecting to MAVLink router UDP 14550[MAIN] Waiting for telemetry (GPS)...

[TELEM] Waiting for heartbeat...
[TELEM] Heartbeat OK
[MAIN] Telemetry ready: lat=28.4223051, lon=77.5262162, h=1.009
Loading model engine: best.engine
[SCOUT] Connecting to mavlink-router TCP 127.0.0.1:5760
[SCOUT] Connected
[TELEM] Connecting to MAVLink router UDP 14550[MAIN] Waiting for telemetry (GPS)...

[TELEM] Waiting for heartbeat...
[TELEM] Heartbeat OK
[MAIN] Telemetry ready: lat=28.4223056, lon=77.5262158, h=1.238
Loading model engine: best.engine
[SCOUT] Connecting to mavlink-router TCP 127.0.0.1:5760
[SCOUT] Connected
[TELEM] Connecting to MAVLink router UDP 14550[MAIN] Waiting for telemetry (GPS)...

[TELEM] Waiting for heartbeat...
[TELEM] Heartbeat OK
[MAIN] Telemetry ready: lat=28.4223062, lon=77.5262165, h=1.149
Loading model engine: best.engine
[SCOUT] Connecting to mavlink-router TCP 127.0.0.1:5760
[SCOUT] Connected
[TELEM] Connecting to MAVLink router UDP 14550[MAIN] Waiting for telemetry (GPS)...

[TELEM] Waiting for heartbeat...
[TELEM] Heartbeat OK
[MAIN] Telemetry ready: lat=28.4223053, lon=77.5262174, h=0.992
Loading model engine: best.engine
[SCOUT] Connecting to mavlink-router TCP 127.0.0.1:5760
[SCOUT] Connected
[TELEM] Connecting to MAVLink router UDP 14550[MAIN] Waiting for telemetry (GPS)...

[TELEM] Waiting for heartbeat...
[TELEM] Heartbeat OK
[MAIN] Telemetry ready: lat=28.4223046, lon=77.5262168, h=1.146
Loading model engine: best.engine
[SCOUT] Connecting to mavlink-router TCP 127.0.0.1:5760
[SCOUT] Connected
[TELEM] Connecting to MAVLink router UDP 14550[MAIN] Waiting for telemetry (GPS)...

[TELEM] Waiting for heartbeat...
[TELEM] Heartbeat OK
[MAIN] Telemetry ready: lat=28.4223042, lon=77.526217, h=1.124
Loading model engine: best.engine
[SCOUT] Connecting to mavlink-router TCP 127.0.0.1:5760
[SCOUT] Connected
[TELEM] Connecting to MAVLink router UDP 14550[MAIN] Waiting for telemetry (GPS)...

[TELEM] Waiting for heartbeat...
[TELEM] Heartbeat OK
[MAIN] Telemetry ready: lat=28.4223035, lon=77.5262167, h=1.188
Loading model engine: best.engine
[SCOUT] Connecting to mavlink-router TCP 127.0.0.1:5760
[SCOUT] Connected
[TELEM] Connecting to MAVLink router UDP 14550[MAIN] Waiting for telemetry (GPS)...

[TELEM] Waiting for heartbeat...
[TELEM] Heartbeat OK
[MAIN] Telemetry ready: lat=28.4223033, lon=77.526216, h=1.28
Loading model engine: best.engine
[SCOUT] Connecting to mavlink-router TCP 127.0.0.1:5760
[SCOUT] Connected
[TELEM] Connecting to MAVLink router UDP 14550[MAIN] Waiting for telemetry (GPS)...

[TELEM] Waiting for heartbeat...
[TELEM] Heartbeat OK
[MAIN] Telemetry ready: lat=28.4223035, lon=77.5262164, h=1.276
Loading model engine: best.engine
[SCOUT] Connecting to mavlink-router TCP 127.0.0.1:5760
[SCOUT] Connected
[TELEM] Connecting to MAVLink router UDP 14550[MAIN] Waiting for telemetry (GPS)...

[TELEM] Waiting for heartbeat...
[TELEM] Heartbeat OK
[MAIN] Telemetry ready: lat=28.4223033, lon=77.526216, h=1.226
Loading model engine: best.engine
[SCOUT] Connecting to mavlink-router TCP 127.0.0.1:5760
[SCOUT] Connected
[TELEM] Connecting to MAVLink router UDP 14550[MAIN] Waiting for telemetry (GPS)...

[TELEM] Waiting for heartbeat...
[TELEM] Heartbeat OK
[MAIN] Telemetry ready: lat=28.4223034, lon=77.5262156, h=1.136
Loading model engine: best.engine
[SCOUT] Connecting to mavlink-router TCP 127.0.0.1:5760
[SCOUT] Connected
[TELEM] Connecting to MAVLink router UDP 14550[MAIN] Waiting for telemetry (GPS)...

[TELEM] Waiting for heartbeat...
[TELEM] Heartbeat OK
[MAIN] Telemetry ready: lat=28.4223034, lon=77.5262158, h=1.151
Loading model engine: best.engine
[SCOUT] Connecting to mavlink-router TCP 127.0.0.1:5760
[SCOUT] Connected
[TELEM] Connecting to MAVLink router UDP 14550[MAIN] Waiting for telemetry (GPS)...

[TELEM] Waiting for heartbeat...
[TELEM] Heartbeat OK
[MAIN] Telemetry ready: lat=28.4223042, lon=77.5262167, h=1.078
Loading model engine: best.engine
[SCOUT] Connecting to mavlink-router TCP 127.0.0.1:5760
[SCOUT] Connected
[TELEM] Connecting to MAVLink router UDP 14550[MAIN] Waiting for telemetry (GPS)...

[TELEM] Waiting for heartbeat...
[TELEM] Heartbeat OK
[MAIN] Telemetry ready: lat=28.4223038, lon=77.5262169, h=1.195
Loading model engine: best.engine
[SCOUT] Connecting to mavlink-router TCP 127.0.0.1:5760
[SCOUT] Connected
[TELEM] Connecting to MAVLink router UDP 14550[MAIN] Waiting for telemetry (GPS)...

[TELEM] Waiting for heartbeat...
[TELEM] Heartbeat OK
[MAIN] Telemetry ready: lat=28.4223039, lon=77.5262161, h=1.174
Loading model engine: best.engine
[SCOUT] Connecting to mavlink-router TCP 127.0.0.1:5760
[SCOUT] Connected
[TELEM] Connecting to MAVLink router UDP 14550[MAIN] Waiting for telemetry (GPS)...

[TELEM] Waiting for heartbeat...
[TELEM] Heartbeat OK
[MAIN] Telemetry ready: lat=28.4223034, lon=77.5262146, h=1.129
Loading model engine: best.engine
[SCOUT] Connecting to mavlink-router TCP 127.0.0.1:5760
[SCOUT] Connected
[TELEM] Connecting to MAVLink router UDP 14550[MAIN] Waiting for telemetry (GPS)...

[TELEM] Waiting for heartbeat...
[TELEM] Heartbeat OK
[MAIN] Telemetry ready: lat=28.4223029, lon=77.5262143, h=1.196
Loading model engine: best.engine
[SCOUT] Connecting to mavlink-router TCP 127.0.0.1:5760
[SCOUT] Connected
[TELEM] Connecting to MAVLink router UDP 14550[MAIN] Waiting for telemetry (GPS)...

[TELEM] Waiting for heartbeat...
[TELEM] Heartbeat OK
[MAIN] Telemetry ready: lat=28.4223014, lon=77.5262142, h=1.313
Loading model engine: best.engine
[SCOUT] Connecting to mavlink-router TCP 127.0.0.1:5760
[SCOUT] Connected
[TELEM] Connecting to MAVLink router UDP 14550[MAIN] Waiting for telemetry (GPS)...

[TELEM] Waiting for heartbeat...
[TELEM] Heartbeat OK
[MAIN] Telemetry ready: lat=28.4223014, lon=77.5262159, h=1.218
Loading model engine: best.engine
[SCOUT] Connecting to mavlink-router TCP 127.0.0.1:5760
[SCOUT] Connected
[TELEM] Connecting to MAVLink router UDP 14550[MAIN] Waiting for telemetry (GPS)...

[TELEM] Waiting for heartbeat...
[TELEM] Heartbeat OK
[MAIN] Telemetry ready: lat=28.4223019, lon=77.5262173, h=1.251
Loading model engine: best.engine
[SCOUT] Connecting to mavlink-router TCP 127.0.0.1:5760
[SCOUT] Connected
[TELEM] Connecting to MAVLink router UDP 14550[MAIN] Waiting for telemetry (GPS)...

[TELEM] Waiting for heartbeat...
[TELEM] Heartbeat OK
[MAIN] Telemetry ready: lat=28.4223024, lon=77.5262164, h=1.24
Loading model engine: best.engine
[SCOUT] Connecting to mavlink-router TCP 127.0.0.1:5760
[SCOUT] Connected
[TELEM] Connecting to MAVLink router UDP 14550[MAIN] Waiting for telemetry (GPS)...

[TELEM] Waiting for heartbeat...
[TELEM] Heartbeat OK
[MAIN] Telemetry ready: lat=28.4223033, lon=77.5262151, h=0.043
Loading model engine: best.engine
[SCOUT] Connecting to mavlink-router TCP 127.0.0.1:5760
[SCOUT] Connected
[TELEM] Connecting to MAVLink router UDP 14550[MAIN] Waiting for telemetry (GPS)...

[TELEM] Waiting for heartbeat...
[TELEM] Heartbeat OK
[MAIN] Telemetry ready: lat=28.4223036, lon=77.5262152, h=5.013
Loading model engine: best.engine
[SCOUT] Connecting to mavlink-router TCP 127.0.0.1:5760
[SCOUT] Connected
[TELEM] Connecting to MAVLink router UDP 14550[MAIN] Waiting for telemetry (GPS)...

[TELEM] Waiting for heartbeat...
[TELEM] Heartbeat OK
[MAIN] Telemetry ready: lat=28.4223036, lon=77.5262157, h=14.457
Loading model engine: best.engine
[SCOUT] Connecting to mavlink-router TCP 127.0.0.1:5760
[SCOUT] Connected
[TELEM] Connecting to MAVLink router UDP 14550[MAIN] Waiting for telemetry (GPS)...

[TELEM] Waiting for heartbeat...
[TELEM] Heartbeat OK
[MAIN] Telemetry ready: lat=28.4223483, lon=77.52608, h=14.919
Loading model engine: best.engine
[SCOUT] Connecting to mavlink-router TCP 127.0.0.1:5760
[SCOUT] Connected
[TELEM] Connecting to MAVLink router UDP 14550[MAIN] Waiting for telemetry (GPS)...

[TELEM] Waiting for heartbeat...
[TELEM] Heartbeat OK
[MAIN] Telemetry ready: lat=28.4225405, lon=77.5261028, h=14.865
Loading model engine: best.engine
[SCOUT] Connecting to mavlink-router TCP 127.0.0.1:5760
[SCOUT] Connected
[TELEM] Connecting to MAVLink router UDP 14550[MAIN] Waiting for telemetry (GPS)...

[TELEM] Waiting for heartbeat...
[TELEM] Heartbeat OK
[MAIN] Telemetry ready: lat=28.4227376, lon=77.5261565, h=14.856
Loading model engine: best.engine
[SCOUT] Connecting to mavlink-router TCP 127.0.0.1:5760
[SCOUT] Connected
[TELEM] Connecting to MAVLink router UDP 14550[MAIN] Waiting for telemetry (GPS)...

[TELEM] Waiting for heartbeat...
[TELEM] Heartbeat OK
[MAIN] Telemetry ready: lat=28.422936, lon=77.5262164, h=15.1
Loading model engine: best.engine
[SCOUT] Connecting to mavlink-router TCP 127.0.0.1:5760
[SCOUT] Connected
[TELEM] Connecting to MAVLink router UDP 14550[MAIN] Waiting for telemetry (GPS)...

[TELEM] Waiting for heartbeat...
[TELEM] Heartbeat OK
[MAIN] Telemetry ready: lat=28.4228102, lon=77.5262589, h=15.09
Loading model engine: best.engine
[SCOUT] Connecting to mavlink-router TCP 127.0.0.1:5760
[SCOUT] Connected
[TELEM] Connecting to MAVLink router UDP 14550[MAIN] Waiting for telemetry (GPS)...

[TELEM] Waiting for heartbeat...
[TELEM] Heartbeat OK
[MAIN] Telemetry ready: lat=28.4226032, lon=77.5262049, h=15.025
Loading model engine: best.engine
[SCOUT] Connecting to mavlink-router TCP 127.0.0.1:5760
[SCOUT] Connected
[TELEM] Connecting to MAVLink router UDP 14550[MAIN] Waiting for telemetry (GPS)...

[TELEM] Waiting for heartbeat...
[TELEM] Heartbeat OK
[MAIN] Telemetry ready: lat=28.4223859, lon=77.5261465, h=14.882
Loading model engine: best.engine
[SCOUT] Connecting to mavlink-router TCP 127.0.0.1:5760
[SCOUT] Connected
[TELEM] Connecting to MAVLink router UDP 14550[MAIN] Waiting for telemetry (GPS)...

[TELEM] Waiting for heartbeat...
[TELEM] Heartbeat OK
[MAIN] Telemetry ready: lat=28.4224208, lon=77.5262389, h=15.0
Loading model engine: best.engine
[SCOUT] Connecting to mavlink-router TCP 127.0.0.1:5760
[SCOUT] Connected
[TELEM] Connecting to MAVLink router UDP 14550[MAIN] Waiting for telemetry (GPS)...

[TELEM] Waiting for heartbeat...
[TELEM] Heartbeat OK
[MAIN] Telemetry ready: lat=28.4226381, lon=77.5262966, h=15.131
Loading model engine: best.engine
[SCOUT] Connecting to mavlink-router TCP 127.0.0.1:5760
[SCOUT] Connected
[TELEM] Connecting to MAVLink router UDP 14550[MAIN] Waiting for telemetry (GPS)...

[TELEM] Waiting for heartbeat...
[TELEM] Heartbeat OK
[MAIN] Telemetry ready: lat=28.4228569, lon=77.5263562, h=14.962
Loading model engine: best.engine
[SCOUT] Connecting to mavlink-router TCP 127.0.0.1:5760
[SCOUT] Connected
[TELEM] Connecting to MAVLink router UDP 14550[MAIN] Waiting for telemetry (GPS)...

[TELEM] Waiting for heartbeat...
[TELEM] Heartbeat OK
[MAIN] Telemetry ready: lat=28.4228602, lon=77.5264443, h=15.113
Loading model engine: best.engine
[SCOUT] Connecting to mavlink-router TCP 127.0.0.1:5760
[SCOUT] Connected
[TELEM] Connecting to MAVLink router UDP 14550[MAIN] Waiting for telemetry (GPS)...

[TELEM] Waiting for heartbeat...
[TELEM] Heartbeat OK
[MAIN] Telemetry ready: lat=28.4226524, lon=77.5263865, h=14.944
Loading model engine: best.engine
[SCOUT] Connecting to mavlink-router TCP 127.0.0.1:5760
[SCOUT] Connected
[TELEM] Connecting to MAVLink router UDP 14550[MAIN] Waiting for telemetry (GPS)...

[TELEM] Waiting for heartbeat...
[TELEM] Heartbeat OK
[MAIN] Telemetry ready: lat=28.4223894, lon=77.5263097, h=16.866
Loading model engine: best.engine
[SCOUT] Connecting to mavlink-router TCP 127.0.0.1:5760
[SCOUT] Connected
[TELEM] Connecting to MAVLink router UDP 14550[MAIN] Waiting for telemetry (GPS)...

[TELEM] Waiting for heartbeat...
[TELEM] Heartbeat OK
[MAIN] Telemetry ready: lat=28.4223017, lon=77.5262156, h=17.172
Loading model engine: best.engine
[SCOUT] Connecting to mavlink-router TCP 127.0.0.1:5760
[SCOUT] Connected
[TELEM] Connecting to MAVLink router UDP 14550[MAIN] Waiting for telemetry (GPS)...

[TELEM] Waiting for heartbeat...
[TELEM] Heartbeat OK
[MAIN] Telemetry ready: lat=28.422303, lon=77.5262168, h=13.651
Loading model engine: best.engine
[SCOUT] Connecting to mavlink-router TCP 127.0.0.1:5760
[SCOUT] Connected
[TELEM] Connecting to MAVLink router UDP 14550[MAIN] Waiting for telemetry (GPS)...

[TELEM] Waiting for heartbeat...
[TELEM] Heartbeat OK
[MAIN] Telemetry ready: lat=28.4223027, lon=77.5262163, h=7.676
Loading model engine: best.engine
[SCOUT] Connecting to mavlink-router TCP 127.0.0.1:5760
[SCOUT] Connected
[TELEM] Connecting to MAVLink router UDP 14550[MAIN] Waiting for telemetry (GPS)...

[TELEM] Waiting for heartbeat...
[TELEM] Heartbeat OK
[MAIN] Telemetry ready: lat=28.4223026, lon=77.5262168, h=2.787
Loading model engine: best.engine
[SCOUT] Connecting to mavlink-router TCP 127.0.0.1:5760
[SCOUT] Connected
[TELEM] Connecting to MAVLink router UDP 14550[MAIN] Waiting for telemetry (GPS)...
[TELEM] Waiting for heartbeat...

[TELEM] Heartbeat OK
[MAIN] Telemetry ready: lat=28.4223038, lon=77.5262158, h=0.052
Loading model engine: best.engine
[SCOUT] Connecting to mavlink-router TCP 127.0.0.1:5760
[SCOUT] Connected
[TELEM] Connecting to MAVLink router UDP 14550[MAIN] Waiting for telemetry (GPS)...

[TELEM] Waiting for heartbeat...
[TELEM] Heartbeat OK
[MAIN] Telemetry ready: lat=28.4223044, lon=77.526215, h=-0.03
Loading model engine: best.engine
[SCOUT] Connecting to mavlink-router TCP 127.0.0.1:5760
[SCOUT] Connected
[TELEM] Connecting to MAVLink router UDP 14550[MAIN] Waiting for telemetry (GPS)...

[TELEM] Waiting for heartbeat...
[TELEM] Heartbeat OK
[MAIN] Telemetry ready: lat=28.4223052, lon=77.5262145, h=-0.086
Loading model engine: best.engine
[SCOUT] Connecting to mavlink-router TCP 127.0.0.1:5760
[SCOUT] Connected
[TELEM] Connecting to MAVLink router UDP 14550[MAIN] Waiting for telemetry (GPS)...

[TELEM] Waiting for heartbeat...
[TELEM] Heartbeat OK
[MAIN] Telemetry ready: lat=28.4223052, lon=77.526215, h=-0.081
Loading model engine: best.engine
[SCOUT] Connecting to mavlink-router TCP 127.0.0.1:5760
[SCOUT] Connected
[TELEM] Connecting to MAVLink router UDP 14550[MAIN] Waiting for telemetry (GPS)...

[TELEM] Waiting for heartbeat...
[TELEM] Heartbeat OK
[MAIN] Telemetry ready: lat=28.4223057, lon=77.5262149, h=-0.018
Loading model engine: best.engine
[SCOUT] Connecting to mavlink-router TCP 127.0.0.1:5760
[SCOUT] Connected
[TELEM] Connecting to MAVLink router UDP 14550[MAIN] Waiting for telemetry (GPS)...

[TELEM] Waiting for heartbeat...
[TELEM] Heartbeat OK
[MAIN] Telemetry ready: lat=28.4223053, lon=77.5262144, h=-0.152
Loading model engine: best.engine
[SCOUT] Connecting to mavlink-router TCP 127.0.0.1:5760
[SCOUT] Connected
[TELEM] Connecting to MAVLink router UDP 14550[MAIN] Waiting for telemetry (GPS)...

[TELEM] Waiting for heartbeat...
[TELEM] Heartbeat OK
[MAIN] Telemetry ready: lat=28.4223047, lon=77.5262135, h=-0.101
Loading model engine: best.engine
[SCOUT] Connecting to mavlink-router TCP 127.0.0.1:5760
[SCOUT] Connected
[TELEM] Connecting to MAVLink router UDP 14550[MAIN] Waiting for telemetry (GPS)...

[TELEM] Waiting for heartbeat...
[TELEM] Heartbeat OK
[MAIN] Telemetry ready: lat=28.4223045, lon=77.526213, h=-0.144
Loading model engine: best.engine
[SCOUT] Connecting to mavlink-router TCP 127.0.0.1:5760
[SCOUT] Connected
[TELEM] Connecting to MAVLink router UDP 14550[MAIN] Waiting for telemetry (GPS)...

[TELEM] Waiting for heartbeat...
[TELEM] Heartbeat OK
[MAIN] Telemetry ready: lat=28.422305, lon=77.5262138, h=-0.213
Loading model engine: best.engine
[SCOUT] Connecting to mavlink-router TCP 127.0.0.1:5760
[SCOUT] Connected
[TELEM] Connecting to MAVLink router UDP 14550[MAIN] Waiting for telemetry (GPS)...

[TELEM] Waiting for heartbeat...
[TELEM] Heartbeat OK
[MAIN] Telemetry ready: lat=28.4223057, lon=77.5262137, h=-0.185
Loading model engine: best.engine
[SCOUT] Connecting to mavlink-router TCP 127.0.0.1:5760
[SCOUT] Connected
[TELEM] Connecting to MAVLink router UDP 14550
[MAIN] Waiting for telemetry (GPS)...[TELEM] Waiting for heartbeat...

[TELEM] Heartbeat OK
[MAIN] Telemetry ready: lat=28.422305, lon=77.5262128, h=0.036
Loading model engine: best.engine
[SCOUT] Connecting to mavlink-router TCP 127.0.0.1:5760
[SCOUT] Connected
[TELEM] Connecting to MAVLink router UDP 14550[MAIN] Waiting for telemetry (GPS)...

[TELEM] Waiting for heartbeat...
[TELEM] Heartbeat OK
[MAIN] Telemetry ready: lat=28.4223048, lon=77.5262131, h=0.004
Loading model engine: best.engine
[SCOUT] Connecting to mavlink-router TCP 127.0.0.1:5760
[SCOUT] Connected
[TELEM] Connecting to MAVLink router UDP 14550[MAIN] Waiting for telemetry (GPS)...

[TELEM] Waiting for heartbeat...
[TELEM] Heartbeat OK
[MAIN] Telemetry ready: lat=28.4223036, lon=77.5262138, h=0.053
Loading model engine: best.engine
[SCOUT] Connecting to mavlink-router TCP 127.0.0.1:5760
[SCOUT] Connected
[TELEM] Connecting to MAVLink router UDP 14550
[TELEM] Waiting for heartbeat...
[MAIN] Waiting for telemetry (GPS)...
[TELEM] Heartbeat OK
[MAIN] Telemetry ready: lat=28.4223033, lon=77.5262145, h=0.165
Loading model engine: best.engine
[SCOUT] Connecting to mavlink-router TCP 127.0.0.1:5760
[SCOUT] Connected
[TELEM] Connecting to MAVLink router UDP 14550[MAIN] Waiting for telemetry (GPS)...

[TELEM] Waiting for heartbeat...
[TELEM] Heartbeat OK
[MAIN] Telemetry ready: lat=28.4223028, lon=77.526215, h=0.165
Loading model engine: best.engine
[SCOUT] Connecting to mavlink-router TCP 127.0.0.1:5760
[SCOUT] Connected
[TELEM] Connecting to MAVLink router UDP 14550[MAIN] Waiting for telemetry (GPS)...

[TELEM] Waiting for heartbeat...
[TELEM] Heartbeat OK
[MAIN] Telemetry ready: lat=28.4223024, lon=77.5262144, h=0.287
Loading model engine: best.engine
[SCOUT] Connecting to mavlink-router TCP 127.0.0.1:5760
[SCOUT] Connected
[TELEM] Connecting to MAVLink router UDP 14550[MAIN] Waiting for telemetry (GPS)...

[TELEM] Waiting for heartbeat...
[TELEM] Heartbeat OK
[MAIN] Telemetry ready: lat=28.4223027, lon=77.5262131, h=0.395
Loading model engine: best.engine
[SCOUT] Connecting to mavlink-router TCP 127.0.0.1:5760
[SCOUT] Connected
[TELEM] Connecting to MAVLink router UDP 14550[MAIN] Waiting for telemetry (GPS)...

[TELEM] Waiting for heartbeat...
[TELEM] Heartbeat OK
[MAIN] Telemetry ready: lat=28.4223036, lon=77.5262146, h=0.488
Loading model engine: best.engine
[SCOUT] Connecting to mavlink-router TCP 127.0.0.1:5760
[SCOUT] Connected
[TELEM] Connecting to MAVLink router UDP 14550[MAIN] Waiting for telemetry (GPS)...

[TELEM] Waiting for heartbeat...
[TELEM] Heartbeat OK
[MAIN] Telemetry ready: lat=28.4223052, lon=77.5262142, h=0.389
Loading model engine: best.engine
[SCOUT] Connecting to mavlink-router TCP 127.0.0.1:5760
[SCOUT] Connected
[TELEM] Connecting to MAVLink router UDP 14550[MAIN] Waiting for telemetry (GPS)...

[TELEM] Waiting for heartbeat...
[TELEM] Heartbeat OK
[MAIN] Telemetry ready: lat=28.4223049, lon=77.5262147, h=0.448
Loading model engine: best.engine
[SCOUT] Connecting to mavlink-router TCP 127.0.0.1:5760
[SCOUT] Connected
[TELEM] Connecting to MAVLink router UDP 14550[MAIN] Waiting for telemetry (GPS)...

[TELEM] Waiting for heartbeat...
[TELEM] Heartbeat OK
[MAIN] Telemetry ready: lat=28.422303, lon=77.5262157, h=0.484
Loading model engine: best.engine
[SCOUT] Connecting to mavlink-router TCP 127.0.0.1:5760
[SCOUT] Connected
[TELEM] Connecting to MAVLink router UDP 14550[MAIN] Waiting for telemetry (GPS)...

[TELEM] Waiting for heartbeat...
[TELEM] Heartbeat OK
[MAIN] Telemetry ready: lat=28.4223024, lon=77.5262158, h=0.544
Loading model engine: best.engine
[SCOUT] Connecting to mavlink-router TCP 127.0.0.1:5760
[SCOUT] Connected
[TELEM] Connecting to MAVLink router UDP 14550[MAIN] Waiting for telemetry (GPS)...

[TELEM] Waiting for heartbeat...
[TELEM] Heartbeat OK
[MAIN] Telemetry ready: lat=28.4223017, lon=77.5262149, h=0.65
Loading model engine: best.engine
[SCOUT] Connecting to mavlink-router TCP 127.0.0.1:5760
[SCOUT] Connected
[TELEM] Connecting to MAVLink router UDP 14550
[TELEM] Waiting for heartbeat...
[MAIN] Waiting for telemetry (GPS)...
[TELEM] Heartbeat OK
[MAIN] Telemetry ready: lat=28.4223015, lon=77.526214, h=0.68
Loading model engine: best.engine
[SCOUT] Connecting to mavlink-router TCP 127.0.0.1:5760
[SCOUT] Connected
[TELEM] Connecting to MAVLink router UDP 14550[MAIN] Waiting for telemetry (GPS)...

[TELEM] Waiting for heartbeat...
[TELEM] Heartbeat OK
[MAIN] Telemetry ready: lat=28.4223022, lon=77.5262138, h=0.694
Loading model engine: best.engine
[SCOUT] Connecting to mavlink-router TCP 127.0.0.1:5760
[SCOUT] Connected
[TELEM] Connecting to MAVLink router UDP 14550[MAIN] Waiting for telemetry (GPS)...

[TELEM] Waiting for heartbeat...
[TELEM] Heartbeat OK
[MAIN] Telemetry ready: lat=28.4223021, lon=77.5262144, h=0.8
Loading model engine: best.engine
[SCOUT] Connecting to mavlink-router TCP 127.0.0.1:5760
[SCOUT] Connected
[TELEM] Connecting to MAVLink router UDP 14550[MAIN] Waiting for telemetry (GPS)...

[TELEM] Waiting for heartbeat...
[TELEM] Heartbeat OK
[MAIN] Telemetry ready: lat=28.4223023, lon=77.5262141, h=0.834
Loading model engine: best.engine
[SCOUT] Connecting to mavlink-router TCP 127.0.0.1:5760
[SCOUT] Connected
[TELEM] Connecting to MAVLink router UDP 14550[MAIN] Waiting for telemetry (GPS)...

[TELEM] Waiting for heartbeat...
[TELEM] Heartbeat OK
[MAIN] Telemetry ready: lat=28.4223017, lon=77.5262141, h=0.611
Loading model engine: best.engine
[SCOUT] Connecting to mavlink-router TCP 127.0.0.1:5760
[SCOUT] Connected
[TELEM] Connecting to MAVLink router UDP 14550[MAIN] Waiting for telemetry (GPS)...

[TELEM] Waiting for heartbeat...
[TELEM] Heartbeat OK
[MAIN] Telemetry ready: lat=28.4223019, lon=77.5262138, h=0.776
Loading model engine: best.engine
[SCOUT] Connecting to mavlink-router TCP 127.0.0.1:5760
[SCOUT] Connected
[TELEM] Connecting to MAVLink router UDP 14550[MAIN] Waiting for telemetry (GPS)...

[TELEM] Waiting for heartbeat...
[TELEM] Heartbeat OK
[MAIN] Telemetry ready: lat=28.4223021, lon=77.5262146, h=0.805
Loading model engine: best.engine
[SCOUT] Connecting to mavlink-router TCP 127.0.0.1:5760
[SCOUT] Connected
[TELEM] Connecting to MAVLink router UDP 14550[MAIN] Waiting for telemetry (GPS)...

[TELEM] Waiting for heartbeat...
[TELEM] Heartbeat OK
[MAIN] Telemetry ready: lat=28.422301, lon=77.5262155, h=0.66
Loading model engine: best.engine
[SCOUT] Connecting to mavlink-router TCP 127.0.0.1:5760
[SCOUT] Connected
[TELEM] Connecting to MAVLink router UDP 14550[MAIN] Waiting for telemetry (GPS)...

[TELEM] Waiting for heartbeat...
[TELEM] Heartbeat OK
[MAIN] Telemetry ready: lat=28.4223008, lon=77.5262157, h=0.697
Loading model engine: best.engine
[SCOUT] Connecting to mavlink-router TCP 127.0.0.1:5760
[SCOUT] Connected
[TELEM] Connecting to MAVLink router UDP 14550[MAIN] Waiting for telemetry (GPS)...

[TELEM] Waiting for heartbeat...
[TELEM] Heartbeat OK
[MAIN] Telemetry ready: lat=28.4223017, lon=77.5262146, h=0.905
Loading model engine: best.engine
[SCOUT] Connecting to mavlink-router TCP 127.0.0.1:5760
[SCOUT] Connected
[TELEM] Connecting to MAVLink router UDP 14550[MAIN] Waiting for telemetry (GPS)...

[TELEM] Waiting for heartbeat...
[TELEM] Heartbeat OK
[MAIN] Telemetry ready: lat=28.4223018, lon=77.5262142, h=0.728
Loading model engine: best.engine
[SCOUT] Connecting to mavlink-router TCP 127.0.0.1:5760
[SCOUT] Connected
[TELEM] Connecting to MAVLink router UDP 14550[MAIN] Waiting for telemetry (GPS)...

[TELEM] Waiting for heartbeat...
[TELEM] Heartbeat OK
[MAIN] Telemetry ready: lat=28.4223006, lon=77.5262141, h=0.73
Loading model engine: best.engine
[SCOUT] Connecting to mavlink-router TCP 127.0.0.1:5760
[SCOUT] Connected
[TELEM] Connecting to MAVLink router UDP 14550[MAIN] Waiting for telemetry (GPS)...

[TELEM] Waiting for heartbeat...
[TELEM] Heartbeat OK
[MAIN] Telemetry ready: lat=28.4223, lon=77.5262133, h=0.826
Loading model engine: best.engine
[SCOUT] Connecting to mavlink-router TCP 127.0.0.1:5760
[SCOUT] Connected
[TELEM] Connecting to MAVLink router UDP 14550[MAIN] Waiting for telemetry (GPS)...

[TELEM] Waiting for heartbeat...
[TELEM] Heartbeat OK
[MAIN] Telemetry ready: lat=28.4222992, lon=77.5262123, h=0.753
Loading model engine: best.engine
[SCOUT] Connecting to mavlink-router TCP 127.0.0.1:5760
[SCOUT] Connected
[TELEM] Connecting to MAVLink router UDP 14550[MAIN] Waiting for telemetry (GPS)...

[TELEM] Waiting for heartbeat...
[TELEM] Heartbeat OK
[MAIN] Telemetry ready: lat=28.4222981, lon=77.5262118, h=0.641
Loading model engine: best.engine
[SCOUT] Connecting to mavlink-router TCP 127.0.0.1:5760
[SCOUT] Connected
[TELEM] Connecting to MAVLink router UDP 14550[MAIN] Waiting for telemetry (GPS)...

[TELEM] Waiting for heartbeat...
[TELEM] Heartbeat OK
[MAIN] Telemetry ready: lat=28.4222985, lon=77.5262121, h=0.694
Loading model engine: best.engine
[SCOUT] Connecting to mavlink-router TCP 127.0.0.1:5760
[SCOUT] Connected
[TELEM] Connecting to MAVLink router UDP 14550[MAIN] Waiting for telemetry (GPS)...

[TELEM] Waiting for heartbeat...
[TELEM] Heartbeat OK
[MAIN] Telemetry ready: lat=28.4222985, lon=77.5262125, h=0.84
Loading model engine: best.engine
[SCOUT] Connecting to mavlink-router TCP 127.0.0.1:5760
[SCOUT] Connected
[TELEM] Connecting to MAVLink router UDP 14550[MAIN] Waiting for telemetry (GPS)...

[TELEM] Waiting for heartbeat...
[TELEM] Heartbeat OK
[MAIN] Telemetry ready: lat=28.4223003, lon=77.5262145, h=0.936
Loading model engine: best.engine
[SCOUT] Connecting to mavlink-router TCP 127.0.0.1:5760
[SCOUT] Connected
[TELEM] Connecting to MAVLink router UDP 14550[MAIN] Waiting for telemetry (GPS)...

[TELEM] Waiting for heartbeat...
[TELEM] Heartbeat OK
[MAIN] Telemetry ready: lat=28.4223005, lon=77.526214, h=0.925
Loading model engine: best.engine
[SCOUT] Connecting to mavlink-router TCP 127.0.0.1:5760
[SCOUT] Connected
[TELEM] Connecting to MAVLink router UDP 14550[MAIN] Waiting for telemetry (GPS)...

[TELEM] Waiting for heartbeat...
[TELEM] Heartbeat OK
[MAIN] Telemetry ready: lat=28.4223001, lon=77.5262139, h=0.915
Loading model engine: best.engine
[SCOUT] Connecting to mavlink-router TCP 127.0.0.1:5760
[SCOUT] Connected
[TELEM] Connecting to MAVLink router UDP 14550[MAIN] Waiting for telemetry (GPS)...

[TELEM] Waiting for heartbeat...
[TELEM] Heartbeat OK
[MAIN] Telemetry ready: lat=28.4222995, lon=77.5262148, h=0.807
Loading model engine: best.engine
[SCOUT] Connecting to mavlink-router TCP 127.0.0.1:5760
[SCOUT] Connected
[TELEM] Connecting to MAVLink router UDP 14550[MAIN] Waiting for telemetry (GPS)...

[TELEM] Waiting for heartbeat...
[TELEM] Heartbeat OK
[MAIN] Telemetry ready: lat=28.4222988, lon=77.5262145, h=0.801
Loading model engine: best.engine
[SCOUT] Connecting to mavlink-router TCP 127.0.0.1:5760
[SCOUT] Connected
[TELEM] Connecting to MAVLink router UDP 14550[MAIN] Waiting for telemetry (GPS)...

[TELEM] Waiting for heartbeat...
[TELEM] Heartbeat OK
[MAIN] Telemetry ready: lat=28.4222996, lon=77.5262139, h=0.922
Loading model engine: best.engine
[SCOUT] Connecting to mavlink-router TCP 127.0.0.1:5760
[SCOUT] Connected
[TELEM] Connecting to MAVLink router UDP 14550[MAIN] Waiting for telemetry (GPS)...

[TELEM] Waiting for heartbeat...
[TELEM] Heartbeat OK
[MAIN] Telemetry ready: lat=28.4223007, lon=77.5262137, h=0.962
Loading model engine: best.engine
[SCOUT] Connecting to mavlink-router TCP 127.0.0.1:5760
[SCOUT] Connected
[TELEM] Connecting to MAVLink router UDP 14550[MAIN] Waiting for telemetry (GPS)...

[TELEM] Waiting for heartbeat...
[TELEM] Heartbeat OK
[MAIN] Telemetry ready: lat=28.4223014, lon=77.5262152, h=0.914
Loading model engine: best.engine
[SCOUT] Connecting to mavlink-router TCP 127.0.0.1:5760
[SCOUT] Connected
[TELEM] Connecting to MAVLink router UDP 14550[MAIN] Waiting for telemetry (GPS)...

[TELEM] Waiting for heartbeat...
[TELEM] Heartbeat OK
[MAIN] Telemetry ready: lat=28.4223016, lon=77.5262165, h=0.896
Loading model engine: best.engine
[SCOUT] Connecting to mavlink-router TCP 127.0.0.1:5760
[SCOUT] Connected
[TELEM] Connecting to MAVLink router UDP 14550[MAIN] Waiting for telemetry (GPS)...

[TELEM] Waiting for heartbeat...
[TELEM] Heartbeat OK
[MAIN] Telemetry ready: lat=28.4223011, lon=77.526217, h=1.059
Loading model engine: best.engine
[SCOUT] Connecting to mavlink-router TCP 127.0.0.1:5760
[SCOUT] Connected
[TELEM] Connecting to MAVLink router UDP 14550[MAIN] Waiting for telemetry (GPS)...

[TELEM] Waiting for heartbeat...
[TELEM] Heartbeat OK
[MAIN] Telemetry ready: lat=28.4223011, lon=77.5262163, h=0.969
Loading model engine: best.engine
[SCOUT] Connecting to mavlink-router TCP 127.0.0.1:5760
[SCOUT] Connected
[TELEM] Connecting to MAVLink router UDP 14550
[MAIN] Waiting for telemetry (GPS)...
[TELEM] Waiting for heartbeat...
[TELEM] Heartbeat OK
[MAIN] Telemetry ready: lat=28.4223012, lon=77.5262167, h=0.999
Loading model engine: best.engine
[SCOUT] Connecting to mavlink-router TCP 127.0.0.1:5760
[SCOUT] Connected
[TELEM] Connecting to MAVLink router UDP 14550[MAIN] Waiting for telemetry (GPS)...

[TELEM] Waiting for heartbeat...
[TELEM] Heartbeat OK
[MAIN] Telemetry ready: lat=28.4223026, lon=77.5262167, h=0.906
Loading model engine: best.engine
[SCOUT] Connecting to mavlink-router TCP 127.0.0.1:5760
[SCOUT] Connected
[TELEM] Connecting to MAVLink router UDP 14550[MAIN] Waiting for telemetry (GPS)...

[TELEM] Waiting for heartbeat...
[TELEM] Heartbeat OK
[MAIN] Telemetry ready: lat=28.4223045, lon=77.5262161, h=1.102
Loading model engine: best.engine
[SCOUT] Connecting to mavlink-router TCP 127.0.0.1:5760
[SCOUT] Connected
[TELEM] Connecting to MAVLink router UDP 14550[MAIN] Waiting for telemetry (GPS)...

[TELEM] Waiting for heartbeat...
[TELEM] Heartbeat OK
[MAIN] Telemetry ready: lat=28.4223044, lon=77.5262155, h=1.096
Loading model engine: best.engine
[SCOUT] Connecting to mavlink-router TCP 127.0.0.1:5760
[SCOUT] Connected
[TELEM] Connecting to MAVLink router UDP 14550[MAIN] Waiting for telemetry (GPS)...

[TELEM] Waiting for heartbeat...
[TELEM] Heartbeat OK
[MAIN] Telemetry ready: lat=28.4223051, lon=77.5262151, h=1.034
Loading model engine: best.engine
[SCOUT] Connecting to mavlink-router TCP 127.0.0.1:5760
[SCOUT] Connected
[TELEM] Connecting to MAVLink router UDP 14550[MAIN] Waiting for telemetry (GPS)...

[TELEM] Waiting for heartbeat...
[TELEM] Heartbeat OK
[MAIN] Telemetry ready: lat=28.4223049, lon=77.5262138, h=1.212
Loading model engine: best.engine
[SCOUT] Connecting to mavlink-router TCP 127.0.0.1:5760
[SCOUT] Connected
[TELEM] Connecting to MAVLink router UDP 14550[MAIN] Waiting for telemetry (GPS)...

[TELEM] Waiting for heartbeat...
[TELEM] Heartbeat OK
[MAIN] Telemetry ready: lat=28.4223047, lon=77.5262141, h=1.163
Loading model engine: best.engine
[SCOUT] Connecting to mavlink-router TCP 127.0.0.1:5760
[SCOUT] Connected
[TELEM] Connecting to MAVLink router UDP 14550[MAIN] Waiting for telemetry (GPS)...

[TELEM] Waiting for heartbeat...
[TELEM] Heartbeat OK
[MAIN] Telemetry ready: lat=28.4223046, lon=77.5262149, h=1.189
Loading model engine: best.engine
[SCOUT] Connecting to mavlink-router TCP 127.0.0.1:5760
[SCOUT] Connected
[TELEM] Connecting to MAVLink router UDP 14550[MAIN] Waiting for telemetry (GPS)...

[TELEM] Waiting for heartbeat...
[TELEM] Heartbeat OK
[MAIN] Telemetry ready: lat=28.422304, lon=77.5262154, h=1.215
Loading model engine: best.engine
[SCOUT] Connecting to mavlink-router TCP 127.0.0.1:5760
[SCOUT] Connected
[TELEM] Connecting to MAVLink router UDP 14550[MAIN] Waiting for telemetry (GPS)...

[TELEM] Waiting for heartbeat...
[TELEM] Heartbeat OK
[MAIN] Telemetry ready: lat=28.4223036, lon=77.5262153, h=1.158
Loading model engine: best.engine
[SCOUT] Connecting to mavlink-router TCP 127.0.0.1:5760
[SCOUT] Connected
[TELEM] Connecting to MAVLink router UDP 14550[MAIN] Waiting for telemetry (GPS)...

[TELEM] Waiting for heartbeat...
[TELEM] Heartbeat OK
[MAIN] Telemetry ready: lat=28.4223034, lon=77.5262144, h=1.387
Loading model engine: best.engine
[SCOUT] Connecting to mavlink-router TCP 127.0.0.1:5760
[SCOUT] Connected
[TELEM] Connecting to MAVLink router UDP 14550[MAIN] Waiting for telemetry (GPS)...

[TELEM] Waiting for heartbeat...
[TELEM] Heartbeat OK
[MAIN] Telemetry ready: lat=28.4223035, lon=77.5262148, h=1.31
Loading model engine: best.engine
[SCOUT] Connecting to mavlink-router TCP 127.0.0.1:5760
[SCOUT] Connected
[TELEM] Connecting to MAVLink router UDP 14550[MAIN] Waiting for telemetry (GPS)...

[TELEM] Waiting for heartbeat...
[TELEM] Heartbeat OK
[MAIN] Telemetry ready: lat=28.4223039, lon=77.5262152, h=1.315
Loading model engine: best.engine
[SCOUT] Connecting to mavlink-router TCP 127.0.0.1:5760
[SCOUT] Connected
[TELEM] Connecting to MAVLink router UDP 14550[MAIN] Waiting for telemetry (GPS)...

[TELEM] Waiting for heartbeat...
[TELEM] Heartbeat OK
[MAIN] Telemetry ready: lat=28.4223038, lon=77.5262144, h=1.363
Loading model engine: best.engine
[SCOUT] Connecting to mavlink-router TCP 127.0.0.1:5760
[SCOUT] Connected
[TELEM] Connecting to MAVLink router UDP 14550[MAIN] Waiting for telemetry (GPS)...

[TELEM] Waiting for heartbeat...
[TELEM] Heartbeat OK
[MAIN] Telemetry ready: lat=28.422304, lon=77.5262129, h=1.464
Loading model engine: best.engine
[SCOUT] Connecting to mavlink-router TCP 127.0.0.1:5760
[SCOUT] Connected
[TELEM] Connecting to MAVLink router UDP 14550[MAIN] Waiting for telemetry (GPS)...

[TELEM] Waiting for heartbeat...
[TELEM] Heartbeat OK
[MAIN] Telemetry ready: lat=28.4223042, lon=77.5262122, h=1.553
Loading model engine: best.engine
[SCOUT] Connecting to mavlink-router TCP 127.0.0.1:5760
[SCOUT] Connected
[TELEM] Connecting to MAVLink router UDP 14550[MAIN] Waiting for telemetry (GPS)...

[TELEM] Waiting for heartbeat...
[TELEM] Heartbeat OK
[MAIN] Telemetry ready: lat=28.4223037, lon=77.5262125, h=1.634
Loading model engine: best.engine
[SCOUT] Connecting to mavlink-router TCP 127.0.0.1:5760
[SCOUT] Connected
[TELEM] Connecting to MAVLink router UDP 14550[MAIN] Waiting for telemetry (GPS)...

[TELEM] Waiting for heartbeat...
[TELEM] Heartbeat OK
[MAIN] Telemetry ready: lat=28.422303, lon=77.5262118, h=1.732
Loading model engine: best.engine
[SCOUT] Connecting to mavlink-router TCP 127.0.0.1:5760
[SCOUT] Connected
[TELEM] Connecting to MAVLink router UDP 14550[MAIN] Waiting for telemetry (GPS)...

[TELEM] Waiting for heartbeat...
[TELEM] Heartbeat OK
[MAIN] Telemetry ready: lat=28.4223022, lon=77.5262124, h=1.65
Loading model engine: best.engine
[SCOUT] Connecting to mavlink-router TCP 127.0.0.1:5760
[SCOUT] Connected
[TELEM] Connecting to MAVLink router UDP 14550[MAIN] Waiting for telemetry (GPS)...

[TELEM] Waiting for heartbeat...
[TELEM] Heartbeat OK
[MAIN] Telemetry ready: lat=28.4223027, lon=77.5262126, h=1.765
Loading model engine: best.engine
[SCOUT] Connecting to mavlink-router TCP 127.0.0.1:5760
[SCOUT] Connected
[TELEM] Connecting to MAVLink router UDP 14550[MAIN] Waiting for telemetry (GPS)...

[TELEM] Waiting for heartbeat...
[TELEM] Heartbeat OK
[MAIN] Telemetry ready: lat=28.4223034, lon=77.5262116, h=1.83
Loading model engine: best.engine
[SCOUT] Connecting to mavlink-router TCP 127.0.0.1:5760
[SCOUT] Connected
[TELEM] Connecting to MAVLink router UDP 14550[MAIN] Waiting for telemetry (GPS)...

[TELEM] Waiting for heartbeat...
[TELEM] Heartbeat OK
[MAIN] Telemetry ready: lat=28.4223038, lon=77.5262129, h=1.779
Loading model engine: best.engine
[SCOUT] Connecting to mavlink-router TCP 127.0.0.1:5760
[SCOUT] Connected
[TELEM] Connecting to MAVLink router UDP 14550[MAIN] Waiting for telemetry (GPS)...

[TELEM] Waiting for heartbeat...
[TELEM] Heartbeat OK
[MAIN] Telemetry ready: lat=28.4223038, lon=77.5262119, h=1.78
Loading model engine: best.engine
[SCOUT] Connecting to mavlink-router TCP 127.0.0.1:5760
[SCOUT] Connected
[TELEM] Connecting to MAVLink router UDP 14550[MAIN] Waiting for telemetry (GPS)...

[TELEM] Waiting for heartbeat...
[TELEM] Heartbeat OK
[MAIN] Telemetry ready: lat=28.4223036, lon=77.526211, h=1.739
Loading model engine: best.engine
[SCOUT] Connecting to mavlink-router TCP 127.0.0.1:5760
[SCOUT] Connected
[TELEM] Connecting to MAVLink router UDP 14550[MAIN] Waiting for telemetry (GPS)...

[TELEM] Waiting for heartbeat...
[TELEM] Heartbeat OK
[MAIN] Telemetry ready: lat=28.4223035, lon=77.5262107, h=1.869
Loading model engine: best.engine
[SCOUT] Connecting to mavlink-router TCP 127.0.0.1:5760
[SCOUT] Connected
[TELEM] Connecting to MAVLink router UDP 14550[MAIN] Waiting for telemetry (GPS)...

[TELEM] Waiting for heartbeat...
[TELEM] Heartbeat OK
[MAIN] Telemetry ready: lat=28.4223041, lon=77.5262111, h=1.887
Loading model engine: best.engine
[SCOUT] Connecting to mavlink-router TCP 127.0.0.1:5760
[SCOUT] Connected
[TELEM] Connecting to MAVLink router UDP 14550[MAIN] Waiting for telemetry (GPS)...

[TELEM] Waiting for heartbeat...
[TELEM] Heartbeat OK
[MAIN] Telemetry ready: lat=28.422304, lon=77.5262127, h=1.964
Loading model engine: best.engine
[SCOUT] Connecting to mavlink-router TCP 127.0.0.1:5760
[SCOUT] Connected
[TELEM] Connecting to MAVLink router UDP 14550[MAIN] Waiting for telemetry (GPS)...

[TELEM] Waiting for heartbeat...
[TELEM] Heartbeat OK
[MAIN] Telemetry ready: lat=28.4223045, lon=77.5262122, h=2.039
Loading model engine: best.engine
[SCOUT] Connecting to mavlink-router TCP 127.0.0.1:5760
[SCOUT] Connected
[TELEM] Connecting to MAVLink router UDP 14550[MAIN] Waiting for telemetry (GPS)...

[TELEM] Waiting for heartbeat...
[TELEM] Heartbeat OK
[MAIN] Telemetry ready: lat=28.4223049, lon=77.5262122, h=1.974
Loading model engine: best.engine
[SCOUT] Connecting to mavlink-router TCP 127.0.0.1:5760
[SCOUT] Connected
[TELEM] Connecting to MAVLink router UDP 14550[MAIN] Waiting for telemetry (GPS)...

[TELEM] Waiting for heartbeat...
[TELEM] Heartbeat OK
[MAIN] Telemetry ready: lat=28.4223056, lon=77.5262121, h=2.223
Loading model engine: best.engine
[SCOUT] Connecting to mavlink-router TCP 127.0.0.1:5760
[SCOUT] Connected
[TELEM] Connecting to MAVLink router UDP 14550[MAIN] Waiting for telemetry (GPS)...

[TELEM] Waiting for heartbeat...
[TELEM] Heartbeat OK
[MAIN] Telemetry ready: lat=28.4223053, lon=77.5262123, h=2.168
Loading model engine: best.engine
[SCOUT] Connecting to mavlink-router TCP 127.0.0.1:5760
[SCOUT] Connected
[TELEM] Connecting to MAVLink router UDP 14550[MAIN] Waiting for telemetry (GPS)...

[TELEM] Waiting for heartbeat...
[TELEM] Heartbeat OK
[MAIN] Telemetry ready: lat=28.4223059, lon=77.5262129, h=2.256
Loading model engine: best.engine
[SCOUT] Connecting to mavlink-router TCP 127.0.0.1:5760
[SCOUT] Connected
[TELEM] Connecting to MAVLink router UDP 14550[MAIN] Waiting for telemetry (GPS)...

[TELEM] Waiting for heartbeat...
[TELEM] Heartbeat OK
[MAIN] Telemetry ready: lat=28.4223054, lon=77.5262132, h=2.164
Loading model engine: best.engine
[SCOUT] Connecting to mavlink-router TCP 127.0.0.1:5760
[SCOUT] Connected
[TELEM] Connecting to MAVLink router UDP 14550[MAIN] Waiting for telemetry (GPS)...

[TELEM] Waiting for heartbeat...
[TELEM] Heartbeat OK
[MAIN] Telemetry ready: lat=28.4223064, lon=77.5262134, h=2.205
Loading model engine: best.engine
[SCOUT] Connecting to mavlink-router TCP 127.0.0.1:5760
[SCOUT] Connected
[TELEM] Connecting to MAVLink router UDP 14550[MAIN] Waiting for telemetry (GPS)...

[TELEM] Waiting for heartbeat...
[TELEM] Heartbeat OK
[MAIN] Telemetry ready: lat=28.4223059, lon=77.5262123, h=2.258
Loading model engine: best.engine
[SCOUT] Connecting to mavlink-router TCP 127.0.0.1:5760
[SCOUT] Connected
[TELEM] Connecting to MAVLink router UDP 14550[MAIN] Waiting for telemetry (GPS)...

[TELEM] Waiting for heartbeat...
[TELEM] Heartbeat OK
[MAIN] Telemetry ready: lat=28.422305, lon=77.526211, h=2.159
Loading model engine: best.engine
[SCOUT] Connecting to mavlink-router TCP 127.0.0.1:5760
[SCOUT] Connected
[TELEM] Connecting to MAVLink router UDP 14550[MAIN] Waiting for telemetry (GPS)...

[TELEM] Waiting for heartbeat...
[TELEM] Heartbeat OK
[MAIN] Telemetry ready: lat=28.422304, lon=77.5262117, h=2.185
Loading model engine: best.engine
[SCOUT] Connecting to mavlink-router TCP 127.0.0.1:5760
[SCOUT] Connected
[TELEM] Connecting to MAVLink router UDP 14550[MAIN] Waiting for telemetry (GPS)...

[TELEM] Waiting for heartbeat...
[TELEM] Heartbeat OK
[MAIN] Telemetry ready: lat=28.4223048, lon=77.5262099, h=2.441
Loading model engine: best.engine
[SCOUT] Connecting to mavlink-router TCP 127.0.0.1:5760
[SCOUT] Connected
[TELEM] Connecting to MAVLink router UDP 14550[MAIN] Waiting for telemetry (GPS)...

[TELEM] Waiting for heartbeat...
[TELEM] Heartbeat OK
[MAIN] Telemetry ready: lat=28.422303, lon=77.526209, h=2.324
Loading model engine: best.engine
[SCOUT] Connecting to mavlink-router TCP 127.0.0.1:5760
[SCOUT] Connected
[TELEM] Connecting to MAVLink router UDP 14550[MAIN] Waiting for telemetry (GPS)...

[TELEM] Waiting for heartbeat...
[TELEM] Heartbeat OK
[MAIN] Telemetry ready: lat=28.4223008, lon=77.5262096, h=2.387
Loading model engine: best.engine
[SCOUT] Connecting to mavlink-router TCP 127.0.0.1:5760
[SCOUT] Connected
[TELEM] Connecting to MAVLink router UDP 14550[MAIN] Waiting for telemetry (GPS)...

[TELEM] Waiting for heartbeat...
[TELEM] Heartbeat OK
[MAIN] Telemetry ready: lat=28.4223008, lon=77.5262101, h=2.408
Loading model engine: best.engine
[SCOUT] Connecting to mavlink-router TCP 127.0.0.1:5760
[SCOUT] Connected
[TELEM] Connecting to MAVLink router UDP 14550[MAIN] Waiting for telemetry (GPS)...

[TELEM] Waiting for heartbeat...
[TELEM] Heartbeat OK
[MAIN] Telemetry ready: lat=28.422301, lon=77.5262092, h=2.365
Loading model engine: best.engine
[SCOUT] Connecting to mavlink-router TCP 127.0.0.1:5760
[SCOUT] Connected
[TELEM] Connecting to MAVLink router UDP 14550[MAIN] Waiting for telemetry (GPS)...

[TELEM] Waiting for heartbeat...
[TELEM] Heartbeat OK
[MAIN] Telemetry ready: lat=28.4223021, lon=77.5262094, h=2.558
Loading model engine: best.engine
[SCOUT] Connecting to mavlink-router TCP 127.0.0.1:5760
[SCOUT] Connected
[TELEM] Connecting to MAVLink router UDP 14550[MAIN] Waiting for telemetry (GPS)...

[TELEM] Waiting for heartbeat...
[TELEM] Heartbeat OK
[MAIN] Telemetry ready: lat=28.4223026, lon=77.5262105, h=2.196
Loading model engine: best.engine
[SCOUT] Connecting to mavlink-router TCP 127.0.0.1:5760
[SCOUT] Connected
[TELEM] Connecting to MAVLink router UDP 14550[MAIN] Waiting for telemetry (GPS)...

[TELEM] Waiting for heartbeat...
[TELEM] Heartbeat OK
[MAIN] Telemetry ready: lat=28.422304, lon=77.5262094, h=2.245
Loading model engine: best.engine
[SCOUT] Connecting to mavlink-router TCP 127.0.0.1:5760
[SCOUT] Connected
[TELEM] Connecting to MAVLink router UDP 14550[MAIN] Waiting for telemetry (GPS)...

[TELEM] Waiting for heartbeat...
[TELEM] Heartbeat OK
[MAIN] Telemetry ready: lat=28.4223046, lon=77.5262084, h=2.465
Loading model engine: best.engine
[SCOUT] Connecting to mavlink-router TCP 127.0.0.1:5760
[SCOUT] Connected
[TELEM] Connecting to MAVLink router UDP 14550[MAIN] Waiting for telemetry (GPS)...

[TELEM] Waiting for heartbeat...
[TELEM] Heartbeat OK
[MAIN] Telemetry ready: lat=28.422305, lon=77.5262094, h=2.459
Loading model engine: best.engine
[SCOUT] Connecting to mavlink-router TCP 127.0.0.1:5760
[SCOUT] Connected
[TELEM] Connecting to MAVLink router UDP 14550[MAIN] Waiting for telemetry (GPS)...

[TELEM] Waiting for heartbeat...
[TELEM] Heartbeat OK
[MAIN] Telemetry ready: lat=28.4223044, lon=77.5262098, h=2.46
Loading model engine: best.engine
[SCOUT] Connecting to mavlink-router TCP 127.0.0.1:5760
[SCOUT] Connected
[TELEM] Connecting to MAVLink router UDP 14550[MAIN] Waiting for telemetry (GPS)...

[TELEM] Waiting for heartbeat...
[TELEM] Heartbeat OK
[MAIN] Telemetry ready: lat=28.4223052, lon=77.5262112, h=2.426
Loading model engine: best.engine
[SCOUT] Connecting to mavlink-router TCP 127.0.0.1:5760
[SCOUT] Connected
[TELEM] Connecting to MAVLink router UDP 14550[MAIN] Waiting for telemetry (GPS)...

[TELEM] Waiting for heartbeat...
[TELEM] Heartbeat OK
[MAIN] Telemetry ready: lat=28.422305, lon=77.526212, h=2.467
Loading model engine: best.engine
[SCOUT] Connecting to mavlink-router TCP 127.0.0.1:5760
[SCOUT] Connected
[TELEM] Connecting to MAVLink router UDP 14550[MAIN] Waiting for telemetry (GPS)...

[TELEM] Waiting for heartbeat...
[TELEM] Heartbeat OK
[MAIN] Telemetry ready: lat=28.4223048, lon=77.5262129, h=2.52
Loading model engine: best.engine
[SCOUT] Connecting to mavlink-router TCP 127.0.0.1:5760
[SCOUT] Connected
[TELEM] Connecting to MAVLink router UDP 14550[MAIN] Waiting for telemetry (GPS)...

[TELEM] Waiting for heartbeat...
[TELEM] Heartbeat OK
[MAIN] Telemetry ready: lat=28.4223047, lon=77.5262145, h=2.438
Loading model engine: best.engine
[SCOUT] Connecting to mavlink-router TCP 127.0.0.1:5760
[SCOUT] Connected
[TELEM] Connecting to MAVLink router UDP 14550[MAIN] Waiting for telemetry (GPS)...

[TELEM] Waiting for heartbeat...
[TELEM] Heartbeat OK
[MAIN] Telemetry ready: lat=28.422305, lon=77.5262139, h=2.542
Loading model engine: best.engine
[SCOUT] Connecting to mavlink-router TCP 127.0.0.1:5760
[SCOUT] Connected
[TELEM] Connecting to MAVLink router UDP 14550[MAIN] Waiting for telemetry (GPS)...

[TELEM] Waiting for heartbeat...
[TELEM] Heartbeat OK
[MAIN] Telemetry ready: lat=28.4223066, lon=77.5262128, h=2.353
Loading model engine: best.engine
[SCOUT] Connecting to mavlink-router TCP 127.0.0.1:5760
[SCOUT] Connected
[TELEM] Connecting to MAVLink router UDP 14550[MAIN] Waiting for telemetry (GPS)...

[TELEM] Waiting for heartbeat...
[TELEM] Heartbeat OK
[MAIN] Telemetry ready: lat=28.4223079, lon=77.5262131, h=2.436
Loading model engine: best.engine
[SCOUT] Connecting to mavlink-router TCP 127.0.0.1:5760
[SCOUT] Connected
[TELEM] Connecting to MAVLink router UDP 14550[MAIN] Waiting for telemetry (GPS)...

[TELEM] Waiting for heartbeat...
[TELEM] Heartbeat OK
[MAIN] Telemetry ready: lat=28.422308, lon=77.5262127, h=2.579
Loading model engine: best.engine
[SCOUT] Connecting to mavlink-router TCP 127.0.0.1:5760
[SCOUT] Connected
[TELEM] Connecting to MAVLink router UDP 14550[MAIN] Waiting for telemetry (GPS)...

[TELEM] Waiting for heartbeat...
[TELEM] Heartbeat OK
[MAIN] Telemetry ready: lat=28.4223071, lon=77.5262108, h=2.712
Loading model engine: best.engine
[SCOUT] Connecting to mavlink-router TCP 127.0.0.1:5760
[SCOUT] Connected
[TELEM] Connecting to MAVLink router UDP 14550[MAIN] Waiting for telemetry (GPS)...

[TELEM] Waiting for heartbeat...
[TELEM] Heartbeat OK
[MAIN] Telemetry ready: lat=28.422306, lon=77.5262105, h=2.727
Loading model engine: best.engine
[SCOUT] Connecting to mavlink-router TCP 127.0.0.1:5760
[SCOUT] Connected
[TELEM] Connecting to MAVLink router UDP 14550[MAIN] Waiting for telemetry (GPS)...

[TELEM] Waiting for heartbeat...
[TELEM] Heartbeat OK
[MAIN] Telemetry ready: lat=28.4223054, lon=77.5262124, h=2.742
Loading model engine: best.engine
[SCOUT] Connecting to mavlink-router TCP 127.0.0.1:5760
[SCOUT] Connected
[TELEM] Connecting to MAVLink router UDP 14550[MAIN] Waiting for telemetry (GPS)...

[TELEM] Waiting for heartbeat...
[TELEM] Heartbeat OK
[MAIN] Telemetry ready: lat=28.4223056, lon=77.5262125, h=2.701
Loading model engine: best.engine
[SCOUT] Connecting to mavlink-router TCP 127.0.0.1:5760
[SCOUT] Connected
[TELEM] Connecting to MAVLink router UDP 14550[MAIN] Waiting for telemetry (GPS)...

[TELEM] Waiting for heartbeat...
[TELEM] Heartbeat OK
[MAIN] Telemetry ready: lat=28.4223061, lon=77.5262112, h=2.889
Loading model engine: best.engine
[SCOUT] Connecting to mavlink-router TCP 127.0.0.1:5760
[SCOUT] Connected
[TELEM] Connecting to MAVLink router UDP 14550
[MAIN] Waiting for telemetry (GPS)...
[TELEM] Waiting for heartbeat...
[TELEM] Heartbeat OK
[MAIN] Telemetry ready: lat=28.4223068, lon=77.5262114, h=2.834
Loading model engine: best.engine
[SCOUT] Connecting to mavlink-router TCP 127.0.0.1:5760
[SCOUT] Connected
[TELEM] Connecting to MAVLink router UDP 14550[MAIN] Waiting for telemetry (GPS)...

[TELEM] Waiting for heartbeat...
[TELEM] Heartbeat OK
[MAIN] Telemetry ready: lat=28.4223071, lon=77.5262138, h=2.882
Loading model engine: best.engine
[SCOUT] Connecting to mavlink-router TCP 127.0.0.1:5760
[SCOUT] Connected
[TELEM] Connecting to MAVLink router UDP 14550[MAIN] Waiting for telemetry (GPS)...

[TELEM] Waiting for heartbeat...
[TELEM] Heartbeat OK
[MAIN] Telemetry ready: lat=28.4223053, lon=77.526215, h=2.842
Loading model engine: best.engine
[SCOUT] Connecting to mavlink-router TCP 127.0.0.1:5760
[SCOUT] Connected
[TELEM] Connecting to MAVLink router UDP 14550[MAIN] Waiting for telemetry (GPS)...

[TELEM] Waiting for heartbeat...
[TELEM] Heartbeat OK
[MAIN] Telemetry ready: lat=28.4223051, lon=77.526215, h=2.876
Loading model engine: best.engine
[SCOUT] Connecting to mavlink-router TCP 127.0.0.1:5760
[SCOUT] Connected
[TELEM] Connecting to MAVLink router UDP 14550[MAIN] Waiting for telemetry (GPS)...

[TELEM] Waiting for heartbeat...
[TELEM] Heartbeat OK
[MAIN] Telemetry ready: lat=28.4223047, lon=77.5262144, h=2.783
Loading model engine: best.engine
[SCOUT] Connecting to mavlink-router TCP 127.0.0.1:5760
[SCOUT] Connected
[TELEM] Connecting to MAVLink router UDP 14550[MAIN] Waiting for telemetry (GPS)...

[TELEM] Waiting for heartbeat...
[TELEM] Heartbeat OK
[MAIN] Telemetry ready: lat=28.4223051, lon=77.5262141, h=2.81
Loading model engine: best.engine
[SCOUT] Connecting to mavlink-router TCP 127.0.0.1:5760
[SCOUT] Connected
[TELEM] Connecting to MAVLink router UDP 14550[MAIN] Waiting for telemetry (GPS)...

[TELEM] Waiting for heartbeat...
[TELEM] Heartbeat OK
[MAIN] Telemetry ready: lat=28.4223047, lon=77.5262133, h=2.811
Loading model engine: best.engine
[SCOUT] Connecting to mavlink-router TCP 127.0.0.1:5760
[SCOUT] Connected
[TELEM] Connecting to MAVLink router UDP 14550[MAIN] Waiting for telemetry (GPS)...

[TELEM] Waiting for heartbeat...
[TELEM] Heartbeat OK
[MAIN] Telemetry ready: lat=28.4223042, lon=77.5262086, h=2.895
Loading model engine: best.engine
[SCOUT] Connecting to mavlink-router TCP 127.0.0.1:5760
[SCOUT] Connected
[TELEM] Connecting to MAVLink router UDP 14550[MAIN] Waiting for telemetry (GPS)...

[TELEM] Waiting for heartbeat...
[TELEM] Heartbeat OK
[MAIN] Telemetry ready: lat=28.4223041, lon=77.5262055, h=2.992
Loading model engine: best.engine
[SCOUT] Connecting to mavlink-router TCP 127.0.0.1:5760
[SCOUT] Connected
[TELEM] Connecting to MAVLink router UDP 14550[MAIN] Waiting for telemetry (GPS)...

[TELEM] Waiting for heartbeat...
[TELEM] Heartbeat OK
[MAIN] Telemetry ready: lat=28.4223045, lon=77.5262085, h=2.839
Loading model engine: best.engine
[SCOUT] Connecting to mavlink-router TCP 127.0.0.1:5760
[SCOUT] Connected
[TELEM] Connecting to MAVLink router UDP 14550[MAIN] Waiting for telemetry (GPS)...

[TELEM] Waiting for heartbeat...
[TELEM] Heartbeat OK
[MAIN] Telemetry ready: lat=28.4223045, lon=77.5262091, h=3.105
Loading model engine: best.engine
[SCOUT] Connecting to mavlink-router TCP 127.0.0.1:5760
[SCOUT] Connected
[TELEM] Connecting to MAVLink router UDP 14550[MAIN] Waiting for telemetry (GPS)...

[TELEM] Waiting for heartbeat...
[TELEM] Heartbeat OK
[MAIN] Telemetry ready: lat=28.4223046, lon=77.526209, h=3.003
Loading model engine: best.engine
[SCOUT] Connecting to mavlink-router TCP 127.0.0.1:5760
[SCOUT] Connected
[TELEM] Connecting to MAVLink router UDP 14550[MAIN] Waiting for telemetry (GPS)...

[TELEM] Waiting for heartbeat...
[TELEM] Heartbeat OK
[MAIN] Telemetry ready: lat=28.4223051, lon=77.5262084, h=3.104
Loading model engine: best.engine
[SCOUT] Connecting to mavlink-router TCP 127.0.0.1:5760
[SCOUT] Connected
[TELEM] Connecting to MAVLink router UDP 14550[MAIN] Waiting for telemetry (GPS)...

[TELEM] Waiting for heartbeat...
[TELEM] Heartbeat OK
[MAIN] Telemetry ready: lat=28.4223059, lon=77.5262097, h=3.163
Loading model engine: best.engine
[SCOUT] Connecting to mavlink-router TCP 127.0.0.1:5760
[SCOUT] Connected
[TELEM] Connecting to MAVLink router UDP 14550[MAIN] Waiting for telemetry (GPS)...

[TELEM] Waiting for heartbeat...
[TELEM] Heartbeat OK
[MAIN] Telemetry ready: lat=28.4223056, lon=77.5262096, h=3.356
Loading model engine: best.engine
[SCOUT] Connecting to mavlink-router TCP 127.0.0.1:5760
[SCOUT] Connected
[TELEM] Connecting to MAVLink router UDP 14550[MAIN] Waiting for telemetry (GPS)...

[TELEM] Waiting for heartbeat...
[TELEM] Heartbeat OK
[MAIN] Telemetry ready: lat=28.4223047, lon=77.5262091, h=3.204
Loading model engine: best.engine
[SCOUT] Connecting to mavlink-router TCP 127.0.0.1:5760
[SCOUT] Connected
[TELEM] Connecting to MAVLink router UDP 14550[MAIN] Waiting for telemetry (GPS)...

[TELEM] Waiting for heartbeat...
[TELEM] Heartbeat OK
[MAIN] Telemetry ready: lat=28.4223037, lon=77.5262093, h=3.289
Loading model engine: best.engine
[SCOUT] Connecting to mavlink-router TCP 127.0.0.1:5760
[SCOUT] Connected
[TELEM] Connecting to MAVLink router UDP 14550[MAIN] Waiting for telemetry (GPS)...

[TELEM] Waiting for heartbeat...
[TELEM] Heartbeat OK
[MAIN] Telemetry ready: lat=28.4223038, lon=77.5262092, h=3.262
Loading model engine: best.engine
[SCOUT] Connecting to mavlink-router TCP 127.0.0.1:5760
[SCOUT] Connected
[TELEM] Connecting to MAVLink router UDP 14550[MAIN] Waiting for telemetry (GPS)...

[TELEM] Waiting for heartbeat...
[TELEM] Heartbeat OK
[MAIN] Telemetry ready: lat=28.422305, lon=77.5262089, h=3.406
Loading model engine: best.engine
[SCOUT] Connecting to mavlink-router TCP 127.0.0.1:5760
[SCOUT] Connected
[TELEM] Connecting to MAVLink router UDP 14550[MAIN] Waiting for telemetry (GPS)...

[TELEM] Waiting for heartbeat...
[TELEM] Heartbeat OK
[MAIN] Telemetry ready: lat=28.4223052, lon=77.5262084, h=3.441
Loading model engine: best.engine
[SCOUT] Connecting to mavlink-router TCP 127.0.0.1:5760
[SCOUT] Connected
[TELEM] Connecting to MAVLink router UDP 14550[MAIN] Waiting for telemetry (GPS)...

[TELEM] Waiting for heartbeat...
[TELEM] Heartbeat OK
[MAIN] Telemetry ready: lat=28.4223048, lon=77.526207, h=3.363
Loading model engine: best.engine
[SCOUT] Connecting to mavlink-router TCP 127.0.0.1:5760
[SCOUT] Connected
[TELEM] Connecting to MAVLink router UDP 14550[MAIN] Waiting for telemetry (GPS)...

[TELEM] Waiting for heartbeat...
[TELEM] Heartbeat OK
[MAIN] Telemetry ready: lat=28.4223041, lon=77.5262087, h=3.409
Loading model engine: best.engine
[SCOUT] Connecting to mavlink-router TCP 127.0.0.1:5760
[SCOUT] Connected
[TELEM] Connecting to MAVLink router UDP 14550[MAIN] Waiting for telemetry (GPS)...

[TELEM] Waiting for heartbeat...
[TELEM] Heartbeat OK
[MAIN] Telemetry ready: lat=28.4223041, lon=77.5262121, h=3.455
Loading model engine: best.engine
[SCOUT] Connecting to mavlink-router TCP 127.0.0.1:5760
[SCOUT] Connected
[TELEM] Connecting to MAVLink router UDP 14550[MAIN] Waiting for telemetry (GPS)...

[TELEM] Waiting for heartbeat...
[TELEM] Heartbeat OK
[MAIN] Telemetry ready: lat=28.4223036, lon=77.5262135, h=3.596
Loading model engine: best.engine
[SCOUT] Connecting to mavlink-router TCP 127.0.0.1:5760
[SCOUT] Connected
[TELEM] Connecting to MAVLink router UDP 14550[MAIN] Waiting for telemetry (GPS)...

[TELEM] Waiting for heartbeat...
[TELEM] Heartbeat OK
[MAIN] Telemetry ready: lat=28.4223047, lon=77.5262133, h=3.617
Loading model engine: best.engine
[SCOUT] Connecting to mavlink-router TCP 127.0.0.1:5760
[SCOUT] Connected
[TELEM] Connecting to MAVLink router UDP 14550[MAIN] Waiting for telemetry (GPS)...

[TELEM] Waiting for heartbeat...
[TELEM] Heartbeat OK
[MAIN] Telemetry ready: lat=28.4223049, lon=77.5262126, h=3.788
Loading model engine: best.engine
[SCOUT] Connecting to mavlink-router TCP 127.0.0.1:5760
[SCOUT] Connected
[TELEM] Connecting to MAVLink router UDP 14550[MAIN] Waiting for telemetry (GPS)...

[TELEM] Waiting for heartbeat...
[TELEM] Heartbeat OK
[MAIN] Telemetry ready: lat=28.4223064, lon=77.5262131, h=3.762
Loading model engine: best.engine
[SCOUT] Connecting to mavlink-router TCP 127.0.0.1:5760
[SCOUT] Connected
[TELEM] Connecting to MAVLink router UDP 14550[MAIN] Waiting for telemetry (GPS)...

[TELEM] Waiting for heartbeat...
[TELEM] Heartbeat OK
[MAIN] Telemetry ready: lat=28.4223073, lon=77.5262134, h=3.764
Loading model engine: best.engine
[SCOUT] Connecting to mavlink-router TCP 127.0.0.1:5760
[SCOUT] Connected
[TELEM] Connecting to MAVLink router UDP 14550[MAIN] Waiting for telemetry (GPS)...

[TELEM] Waiting for heartbeat...
[TELEM] Heartbeat OK
[MAIN] Telemetry ready: lat=28.4223086, lon=77.526214, h=3.616
Loading model engine: best.engine
[SCOUT] Connecting to mavlink-router TCP 127.0.0.1:5760
[SCOUT] Connected
[TELEM] Connecting to MAVLink router UDP 14550[MAIN] Waiting for telemetry (GPS)...

[TELEM] Waiting for heartbeat...
[TELEM] Heartbeat OK
[MAIN] Telemetry ready: lat=28.4223059, lon=77.5262162, h=3.783
Loading model engine: best.engine
[SCOUT] Connecting to mavlink-router TCP 127.0.0.1:5760
[SCOUT] Connected
[TELEM] Connecting to MAVLink router UDP 14550[MAIN] Waiting for telemetry (GPS)...

[TELEM] Waiting for heartbeat...
[TELEM] Heartbeat OK
[MAIN] Telemetry ready: lat=28.4223052, lon=77.5262172, h=0.128
Loading model engine: best.engine
[SCOUT] Connecting to mavlink-router TCP 127.0.0.1:5760
[SCOUT] Connected
[TELEM] Connecting to MAVLink router UDP 14550[MAIN] Waiting for telemetry (GPS)...

[TELEM] Waiting for heartbeat...
[TELEM] Heartbeat OK
[MAIN] Telemetry ready: lat=28.4223055, lon=77.5262169, h=7.133
Loading model engine: best.engine
[SCOUT] Connecting to mavlink-router TCP 127.0.0.1:5760
[SCOUT] Connected
[TELEM] Connecting to MAVLink router UDP 14550[MAIN] Waiting for telemetry (GPS)...

[TELEM] Waiting for heartbeat...
[TELEM] Heartbeat OK
[MAIN] Telemetry ready: lat=28.4223057, lon=77.5262179, h=5.135
Loading model engine: best.engine
[SCOUT] Connecting to mavlink-router TCP 127.0.0.1:5760
[SCOUT] Connected
[TELEM] Connecting to MAVLink router UDP 14550[MAIN] Waiting for telemetry (GPS)...

[TELEM] Waiting for heartbeat...
[TELEM] Heartbeat OK
[MAIN] Telemetry ready: lat=28.4223061, lon=77.5262178, h=0.641
Loading model engine: best.engine
[SCOUT] Connecting to mavlink-router TCP 127.0.0.1:5760
[SCOUT] Connected
[TELEM] Connecting to MAVLink router UDP 14550[MAIN] Waiting for telemetry (GPS)...

[TELEM] Waiting for heartbeat...
[TELEM] Heartbeat OK
[MAIN] Telemetry ready: lat=28.4223075, lon=77.5262166, h=0.071
Loading model engine: best.engine
[SCOUT] Connecting to mavlink-router TCP 127.0.0.1:5760
[SCOUT] Connected
[TELEM] Connecting to MAVLink router UDP 14550[MAIN] Waiting for telemetry (GPS)...

[TELEM] Waiting for heartbeat...
[TELEM] Heartbeat OK
[MAIN] Telemetry ready: lat=28.4223069, lon=77.5262164, h=0.317
Loading model engine: best.engine
[SCOUT] Connecting to mavlink-router TCP 127.0.0.1:5760
[SCOUT] Connected
[TELEM] Connecting to MAVLink router UDP 14550[MAIN] Waiting for telemetry (GPS)...

[TELEM] Waiting for heartbeat...
[TELEM] Heartbeat OK
[MAIN] Telemetry ready: lat=28.422307, lon=77.5262162, h=0.338
Loading model engine: best.engine
[SCOUT] Connecting to mavlink-router TCP 127.0.0.1:5760
[SCOUT] Connected
[TELEM] Connecting to MAVLink router UDP 14550[MAIN] Waiting for telemetry (GPS)...

[TELEM] Waiting for heartbeat...
[TELEM] Heartbeat OK
[MAIN] Telemetry ready: lat=28.4223069, lon=77.5262156, h=0.397
Loading model engine: best.engine
[SCOUT] Connecting to mavlink-router TCP 127.0.0.1:5760
[SCOUT] Connected
[TELEM] Connecting to MAVLink router UDP 14550[MAIN] Waiting for telemetry (GPS)...

[TELEM] Waiting for heartbeat...
[TELEM] Heartbeat OK
[MAIN] Telemetry ready: lat=28.422308, lon=77.5262161, h=0.328
Loading model engine: best.engine
[SCOUT] Connecting to mavlink-router TCP 127.0.0.1:5760
[SCOUT] Connected
[TELEM] Connecting to MAVLink router UDP 14550[MAIN] Waiting for telemetry (GPS)...

[TELEM] Waiting for heartbeat...
[TELEM] Heartbeat OK
[MAIN] Telemetry ready: lat=28.4223093, lon=77.5262174, h=0.013
Loading model engine: best.engine
[SCOUT] Connecting to mavlink-router TCP 127.0.0.1:5760
[SCOUT] Connected
[TELEM] Connecting to MAVLink router UDP 14550[MAIN] Waiting for telemetry (GPS)...

[TELEM] Waiting for heartbeat...
[TELEM] Heartbeat OK
[MAIN] Telemetry ready: lat=28.4223084, lon=77.5262177, h=5.286
Loading model engine: best.engine
[SCOUT] Connecting to mavlink-router TCP 127.0.0.1:5760
[SCOUT] Connected
[TELEM] Connecting to MAVLink router UDP 14550[MAIN] Waiting for telemetry (GPS)...

[TELEM] Waiting for heartbeat...
[TELEM] Heartbeat OK
[MAIN] Telemetry ready: lat=28.4223143, lon=77.5262044, h=12.01
Loading model engine: best.engine
[SCOUT] Connecting to mavlink-router TCP 127.0.0.1:5760
[SCOUT] Connected
[TELEM] Connecting to MAVLink router UDP 14550[MAIN] Waiting for telemetry (GPS)...

[TELEM] Waiting for heartbeat...
[TELEM] Heartbeat OK
[MAIN] Telemetry ready: lat=28.4224672, lon=77.5261283, h=11.729
Loading model engine: best.engine
[SCOUT] Connecting to mavlink-router TCP 127.0.0.1:5760
[SCOUT] Connected
[TELEM] Connecting to MAVLink router UDP 14550[MAIN] Waiting for telemetry (GPS)...

[TELEM] Waiting for heartbeat...
[TELEM] Heartbeat OK
[MAIN] Telemetry ready: lat=28.4226853, lon=77.5261869, h=11.995
Loading model engine: best.engine
[SCOUT] Connecting to mavlink-router TCP 127.0.0.1:5760
[SCOUT] Connected
[TELEM] Connecting to MAVLink router UDP 14550[MAIN] Waiting for telemetry (GPS)...

[TELEM] Waiting for heartbeat...
[TELEM] Heartbeat OK
[MAIN] Telemetry ready: lat=28.4227208, lon=77.5262822, h=11.98
Loading model engine: best.engine
[SCOUT] Connecting to mavlink-router TCP 127.0.0.1:5760
[SCOUT] Connected
[TELEM] Connecting to MAVLink router UDP 14550[MAIN] Waiting for telemetry (GPS)...

[TELEM] Waiting for heartbeat...
[TELEM] Heartbeat OK
[MAIN] Telemetry ready: lat=28.4225015, lon=77.5262227, h=11.932
Loading model engine: best.engine
[SCOUT] Connecting to mavlink-router TCP 127.0.0.1:5760
[SCOUT] Connected
[TELEM] Connecting to MAVLink router UDP 14550[MAIN] Waiting for telemetry (GPS)...

[TELEM] Waiting for heartbeat...
[TELEM] Heartbeat OK
[MAIN] Telemetry ready: lat=28.4223381, lon=77.5262189, h=11.948
Loading model engine: best.engine
[SCOUT] Connecting to mavlink-router TCP 127.0.0.1:5760
[SCOUT] Connected
[TELEM] Connecting to MAVLink router UDP 14550[MAIN] Waiting for telemetry (GPS)...

[TELEM] Waiting for heartbeat...
[TELEM] Heartbeat OK
[MAIN] Telemetry ready: lat=28.422309, lon=77.526217, h=13.766
Loading model engine: best.engine
[SCOUT] Connecting to mavlink-router TCP 127.0.0.1:5760
[SCOUT] Connected
[TELEM] Connecting to MAVLink router UDP 14550[MAIN] Waiting for telemetry (GPS)...

[TELEM] Waiting for heartbeat...
[TELEM] Heartbeat OK
[MAIN] Telemetry ready: lat=28.4223099, lon=77.526217, h=8.938
Loading model engine: best.engine
[SCOUT] Connecting to mavlink-router TCP 127.0.0.1:5760
[SCOUT] Connected
[TELEM] Connecting to MAVLink router UDP 14550[MAIN] Waiting for telemetry (GPS)...

[TELEM] Waiting for heartbeat...
[TELEM] Heartbeat OK
[MAIN] Telemetry ready: lat=28.4223094, lon=77.5262178, h=4.078
Loading model engine: best.engine
[SCOUT] Connecting to mavlink-router TCP 127.0.0.1:5760
[SCOUT] Connected
[TELEM] Connecting to MAVLink router UDP 14550[MAIN] Waiting for telemetry (GPS)...

[TELEM] Waiting for heartbeat...
[TELEM] Heartbeat OK
[MAIN] Telemetry ready: lat=28.4223079, lon=77.526217, h=0.409
Loading model engine: best.engine
[SCOUT] Connecting to mavlink-router TCP 127.0.0.1:5760
[SCOUT] Connected
[TELEM] Connecting to MAVLink router UDP 14550[MAIN] Waiting for telemetry (GPS)...

[TELEM] Waiting for heartbeat...
[TELEM] Heartbeat OK
[MAIN] Telemetry ready: lat=28.4223079, lon=77.5262182, h=-0.007
Loading model engine: best.engine
[SCOUT] Connecting to mavlink-router TCP 127.0.0.1:5760
[SCOUT] Connected
[TELEM] Connecting to MAVLink router UDP 14550[MAIN] Waiting for telemetry (GPS)...

[TELEM] Waiting for heartbeat...
[TELEM] Heartbeat OK
[MAIN] Telemetry ready: lat=28.4223083, lon=77.5262187, h=-0.014
Loading model engine: best.engine
[SCOUT] Connecting to mavlink-router TCP 127.0.0.1:5760
[SCOUT] Connected
[TELEM] Connecting to MAVLink router UDP 14550[MAIN] Waiting for telemetry (GPS)...

[TELEM] Waiting for heartbeat...
[TELEM] Heartbeat OK
[MAIN] Telemetry ready: lat=28.4223079, lon=77.5262194, h=-0.003
Loading model engine: best.engine
[SCOUT] Connecting to mavlink-router TCP 127.0.0.1:5760
[SCOUT] Connected
[TELEM] Connecting to MAVLink router UDP 14550[MAIN] Waiting for telemetry (GPS)...

[TELEM] Waiting for heartbeat...
[TELEM] Heartbeat OK
[MAIN] Telemetry ready: lat=28.4223082, lon=77.5262193, h=0.004
Loading model engine: best.engine
[SCOUT] Connecting to mavlink-router TCP 127.0.0.1:5760
[SCOUT] Connected
[TELEM] Connecting to MAVLink router UDP 14550[MAIN] Waiting for telemetry (GPS)...

[TELEM] Waiting for heartbeat...
[TELEM] Heartbeat OK
[MAIN] Telemetry ready: lat=28.4223088, lon=77.5262195, h=-0.108
Loading model engine: best.engine
[SCOUT] Connecting to mavlink-router TCP 127.0.0.1:5760
[SCOUT] Connected
[TELEM] Connecting to MAVLink router UDP 14550[MAIN] Waiting for telemetry (GPS)...

[TELEM] Waiting for heartbeat...
[TELEM] Heartbeat OK
[MAIN] Telemetry ready: lat=28.4223095, lon=77.5262188, h=-0.023
Loading model engine: best.engine
[SCOUT] Connecting to mavlink-router TCP 127.0.0.1:5760
[SCOUT] Connected
[TELEM] Connecting to MAVLink router UDP 14550[MAIN] Waiting for telemetry (GPS)...

[TELEM] Waiting for heartbeat...
[TELEM] Heartbeat OK
[MAIN] Telemetry ready: lat=28.42231, lon=77.5262175, h=0.01
Loading model engine: best.engine
[SCOUT] Connecting to mavlink-router TCP 127.0.0.1:5760
[SCOUT] Connected
[TELEM] Connecting to MAVLink router UDP 14550[MAIN] Waiting for telemetry (GPS)...

[TELEM] Waiting for heartbeat...
[TELEM] Heartbeat OK
[MAIN] Telemetry ready: lat=28.4223118, lon=77.5262163, h=-0.142
Loading model engine: best.engine
[SCOUT] Connecting to mavlink-router TCP 127.0.0.1:5760
[SCOUT] Connected
[TELEM] Connecting to MAVLink router UDP 14550[MAIN] Waiting for telemetry (GPS)...

[TELEM] Waiting for heartbeat...
[TELEM] Heartbeat OK
[MAIN] Telemetry ready: lat=28.4223124, lon=77.5262162, h=-0.094
Loading model engine: best.engine
[SCOUT] Connecting to mavlink-router TCP 127.0.0.1:5760
[SCOUT] Connected
[TELEM] Connecting to MAVLink router UDP 14550[MAIN] Waiting for telemetry (GPS)...

[TELEM] Waiting for heartbeat...
[TELEM] Heartbeat OK
[MAIN] Telemetry ready: lat=28.4223124, lon=77.5262171, h=-0.112
Loading model engine: best.engine
[SCOUT] Connecting to mavlink-router TCP 127.0.0.1:5760
[SCOUT] Connected
[TELEM] Connecting to MAVLink router UDP 14550[MAIN] Waiting for telemetry (GPS)...

[TELEM] Waiting for heartbeat...
[TELEM] Heartbeat OK
[MAIN] Telemetry ready: lat=28.422313, lon=77.5262181, h=-0.217
Loading model engine: best.engine
[SCOUT] Connecting to mavlink-router TCP 127.0.0.1:5760
[SCOUT] Connected
[TELEM] Connecting to MAVLink router UDP 14550[MAIN] Waiting for telemetry (GPS)...

[TELEM] Waiting for heartbeat...
[TELEM] Heartbeat OK
[MAIN] Telemetry ready: lat=28.4223129, lon=77.5262178, h=-0.093
Loading model engine: best.engine
[SCOUT] Connecting to mavlink-router TCP 127.0.0.1:5760
[SCOUT] Connected
[TELEM] Connecting to MAVLink router UDP 14550[MAIN] Waiting for telemetry (GPS)...

[TELEM] Waiting for heartbeat...
[TELEM] Heartbeat OK
[MAIN] Telemetry ready: lat=28.4223127, lon=77.5262178, h=-0.114
Loading model engine: best.engine
[SCOUT] Connecting to mavlink-router TCP 127.0.0.1:5760
[SCOUT] Connected
[TELEM] Connecting to MAVLink router UDP 14550[MAIN] Waiting for telemetry (GPS)...

[TELEM] Waiting for heartbeat...
[TELEM] Heartbeat OK
[MAIN] Telemetry ready: lat=28.4223121, lon=77.5262182, h=-0.19
Loading model engine: best.engine
[SCOUT] Connecting to mavlink-router TCP 127.0.0.1:5760
[SCOUT] Connected
[TELEM] Connecting to MAVLink router UDP 14550[MAIN] Waiting for telemetry (GPS)...

[TELEM] Waiting for heartbeat...
[TELEM] Heartbeat OK
[MAIN] Telemetry ready: lat=28.4223107, lon=77.5262187, h=-0.188
Loading model engine: best.engine
[SCOUT] Connecting to mavlink-router TCP 127.0.0.1:5760
[SCOUT] Connected
[TELEM] Connecting to MAVLink router UDP 14550[MAIN] Waiting for telemetry (GPS)...

[TELEM] Waiting for heartbeat...
[TELEM] Heartbeat OK
[MAIN] Telemetry ready: lat=28.4223093, lon=77.5262199, h=-0.135
Loading model engine: best.engine
[SCOUT] Connecting to mavlink-router TCP 127.0.0.1:5760
[SCOUT] Connected
[TELEM] Connecting to MAVLink router UDP 14550[MAIN] Waiting for telemetry (GPS)...

[TELEM] Waiting for heartbeat...
[TELEM] Heartbeat OK
[MAIN] Telemetry ready: lat=28.4223098, lon=77.5262207, h=-0.047
Loading model engine: best.engine
[SCOUT] Connecting to mavlink-router TCP 127.0.0.1:5760
[SCOUT] Connected
[TELEM] Connecting to MAVLink router UDP 14550[MAIN] Waiting for telemetry (GPS)...

[TELEM] Waiting for heartbeat...
[TELEM] Heartbeat OK
[MAIN] Telemetry ready: lat=28.4223105, lon=77.5262198, h=-0.114
Loading model engine: best.engine
[SCOUT] Connecting to mavlink-router TCP 127.0.0.1:5760
[SCOUT] Connected
[TELEM] Connecting to MAVLink router UDP 14550[MAIN] Waiting for telemetry (GPS)...

[TELEM] Waiting for heartbeat...
[TELEM] Heartbeat OK
[MAIN] Telemetry ready: lat=28.4223103, lon=77.5262191, h=-0.222
Loading model engine: best.engine
[SCOUT] Connecting to mavlink-router TCP 127.0.0.1:5760
[SCOUT] Connected
[TELEM] Connecting to MAVLink router UDP 14550[MAIN] Waiting for telemetry (GPS)...

[TELEM] Waiting for heartbeat...
[TELEM] Heartbeat OK
[MAIN] Telemetry ready: lat=28.4223095, lon=77.5262215, h=-0.191
Loading model engine: best.engine
[SCOUT] Connecting to mavlink-router TCP 127.0.0.1:5760
[SCOUT] Connected
[TELEM] Connecting to MAVLink router UDP 14550[MAIN] Waiting for telemetry (GPS)...

[TELEM] Waiting for heartbeat...
[TELEM] Heartbeat OK
[MAIN] Telemetry ready: lat=28.4223083, lon=77.5262244, h=-0.185
Loading model engine: best.engine
[SCOUT] Connecting to mavlink-router TCP 127.0.0.1:5760
[SCOUT] Connected
[TELEM] Connecting to MAVLink router UDP 14550[MAIN] Waiting for telemetry (GPS)...

[TELEM] Waiting for heartbeat...
[TELEM] Heartbeat OK
[MAIN] Telemetry ready: lat=28.422308, lon=77.5262256, h=-0.266
Loading model engine: best.engine
[SCOUT] Connecting to mavlink-router TCP 127.0.0.1:5760
[SCOUT] Connected
[TELEM] Connecting to MAVLink router UDP 14550[MAIN] Waiting for telemetry (GPS)...

[TELEM] Waiting for heartbeat...
[TELEM] Heartbeat OK
[MAIN] Telemetry ready: lat=28.4223072, lon=77.5262255, h=-0.178
Loading model engine: best.engine
[SCOUT] Connecting to mavlink-router TCP 127.0.0.1:5760
[SCOUT] Connected
[TELEM] Connecting to MAVLink router UDP 14550[MAIN] Waiting for telemetry (GPS)...

[TELEM] Waiting for heartbeat...
[TELEM] Heartbeat OK
[MAIN] Telemetry ready: lat=28.422306, lon=77.5262242, h=-0.289
Loading model engine: best.engine
[SCOUT] Connecting to mavlink-router TCP 127.0.0.1:5760
[SCOUT] Connected
[TELEM] Connecting to MAVLink router UDP 14550[MAIN] Waiting for telemetry (GPS)...

[TELEM] Waiting for heartbeat...
[TELEM] Heartbeat OK
[MAIN] Telemetry ready: lat=28.4223052, lon=77.5262238, h=-0.305
Loading model engine: best.engine
[SCOUT] Connecting to mavlink-router TCP 127.0.0.1:5760
[SCOUT] Connected
[TELEM] Connecting to MAVLink router UDP 14550[MAIN] Waiting for telemetry (GPS)...

[TELEM] Waiting for heartbeat...
[TELEM] Heartbeat OK
[MAIN] Telemetry ready: lat=28.4223049, lon=77.5262231, h=-0.502
Loading model engine: best.engine
[SCOUT] Connecting to mavlink-router TCP 127.0.0.1:5760
[SCOUT] Connected
[TELEM] Connecting to MAVLink router UDP 14550[MAIN] Waiting for telemetry (GPS)...

[TELEM] Waiting for heartbeat...
[TELEM] Heartbeat OK
[MAIN] Telemetry ready: lat=28.4223063, lon=77.526224, h=-0.154
Loading model engine: best.engine
[SCOUT] Connecting to mavlink-router TCP 127.0.0.1:5760
[SCOUT] Connected
[TELEM] Connecting to MAVLink router UDP 14550[MAIN] Waiting for telemetry (GPS)...

[TELEM] Waiting for heartbeat...
[TELEM] Heartbeat OK
[MAIN] Telemetry ready: lat=28.4223062, lon=77.5262221, h=-0.199
Loading model engine: best.engine
[SCOUT] Connecting to mavlink-router TCP 127.0.0.1:5760
[SCOUT] Connected
[TELEM] Connecting to MAVLink router UDP 14550[MAIN] Waiting for telemetry (GPS)...

[TELEM] Waiting for heartbeat...
[TELEM] Heartbeat OK
[MAIN] Telemetry ready: lat=28.4223061, lon=77.5262206, h=-0.194
Loading model engine: best.engine
[SCOUT] Connecting to mavlink-router TCP 127.0.0.1:5760
[SCOUT] Connected
[TELEM] Connecting to MAVLink router UDP 14550[MAIN] Waiting for telemetry (GPS)...

[TELEM] Waiting for heartbeat...
[TELEM] Heartbeat OK
[MAIN] Telemetry ready: lat=28.4223075, lon=77.5262204, h=-0.209
Loading model engine: best.engine
[SCOUT] Connecting to mavlink-router TCP 127.0.0.1:5760
[SCOUT] Connected
[TELEM] Connecting to MAVLink router UDP 14550[MAIN] Waiting for telemetry (GPS)...

[TELEM] Waiting for heartbeat...
[TELEM] Heartbeat OK
[MAIN] Telemetry ready: lat=28.4223084, lon=77.5262201, h=3.338
Loading model engine: best.engine
[SCOUT] Connecting to mavlink-router TCP 127.0.0.1:5760
[SCOUT] Connected
[TELEM] Connecting to MAVLink router UDP 14550[MAIN] Waiting for telemetry (GPS)...

[TELEM] Waiting for heartbeat...
[TELEM] Heartbeat OK
[MAIN] Telemetry ready: lat=28.4223087, lon=77.5262205, h=12.007
Loading model engine: best.engine
[SCOUT] Connecting to mavlink-router TCP 127.0.0.1:5760
[SCOUT] Connected
[TELEM] Connecting to MAVLink router UDP 14550[MAIN] Waiting for telemetry (GPS)...

[TELEM] Waiting for heartbeat...
[TELEM] Heartbeat OK
[MAIN] Telemetry ready: lat=28.4223895, lon=77.5261071, h=11.877
Loading model engine: best.engine
[SCOUT] Connecting to mavlink-router TCP 127.0.0.1:5760
[SCOUT] Connected
[TELEM] Connecting to MAVLink router UDP 14550[MAIN] Waiting for telemetry (GPS)...

[TELEM] Waiting for heartbeat...
[TELEM] Heartbeat OK
[MAIN] Telemetry ready: lat=28.4225858, lon=77.5261611, h=11.67
Loading model engine: best.engine
[SCOUT] Connecting to mavlink-router TCP 127.0.0.1:5760
[SCOUT] Connected
[TELEM] Connecting to MAVLink router UDP 14550[MAIN] Waiting for telemetry (GPS)...

[TELEM] Waiting for heartbeat...
[TELEM] Heartbeat OK
[MAIN] Telemetry ready: lat=28.4227687, lon=77.5262418, h=12.144
Loading model engine: best.engine
[SCOUT] Connecting to mavlink-router TCP 127.0.0.1:5760
[SCOUT] Connected
[TELEM] Connecting to MAVLink router UDP 14550[MAIN] Waiting for telemetry (GPS)...

[TELEM] Waiting for heartbeat...
[TELEM] Heartbeat OK
[MAIN] Telemetry ready: lat=28.4225993, lon=77.5262484, h=11.955
Loading model engine: best.engine
[SCOUT] Connecting to mavlink-router TCP 127.0.0.1:5760
[SCOUT] Connected
[TELEM] Connecting to MAVLink router UDP 14550[MAIN] Waiting for telemetry (GPS)...

[TELEM] Waiting for heartbeat...
[TELEM] Heartbeat OK
[MAIN] Telemetry ready: lat=28.4223802, lon=77.5261905, h=11.975
Loading model engine: best.engine
[SCOUT] Connecting to mavlink-router TCP 127.0.0.1:5760
[SCOUT] Connected
[TELEM] Connecting to MAVLink router UDP 14550
[MAIN] Waiting for telemetry (GPS)...
[TELEM] Waiting for heartbeat...
[TELEM] Heartbeat OK
[MAIN] Telemetry ready: lat=28.4224209, lon=77.5262849, h=12.205
Loading model engine: best.engine
[SCOUT] Connecting to mavlink-router TCP 127.0.0.1:5760
[SCOUT] Connected
[TELEM] Connecting to MAVLink router UDP 14550[MAIN] Waiting for telemetry (GPS)...

[TELEM] Waiting for heartbeat...
[TELEM] Heartbeat OK
[MAIN] Telemetry ready: lat=28.4226392, lon=77.5263446, h=11.438
Loading model engine: best.engine
[SCOUT] Connecting to mavlink-router TCP 127.0.0.1:5760
[SCOUT] Connected
[TELEM] Connecting to MAVLink router UDP 14550[MAIN] Waiting for telemetry (GPS)...

[TELEM] Waiting for heartbeat...
[TELEM] Heartbeat OK
[MAIN] Telemetry ready: lat=28.4227491, lon=77.5264487, h=12.133
Loading model engine: best.engine
[SCOUT] Connecting to mavlink-router TCP 127.0.0.1:5760
[SCOUT] Connected
[TELEM] Connecting to MAVLink router UDP 14550[MAIN] Waiting for telemetry (GPS)...

[TELEM] Waiting for heartbeat...
[TELEM] Heartbeat OK
[MAIN] Telemetry ready: lat=28.4225486, lon=77.5264028, h=11.893
Loading model engine: best.engine
[SCOUT] Connecting to mavlink-router TCP 127.0.0.1:5760
[SCOUT] Connected
[TELEM] Connecting to MAVLink router UDP 14550
[MAIN] Waiting for telemetry (GPS)...
[TELEM] Waiting for heartbeat...
[TELEM] Heartbeat OK
[MAIN] Telemetry ready: lat=28.4223373, lon=77.5263501, h=11.904
Loading model engine: best.engine
[SCOUT] Connecting to mavlink-router TCP 127.0.0.1:5760
[SCOUT] Connected
[TELEM] Connecting to MAVLink router UDP 14550[MAIN] Waiting for telemetry (GPS)...

[TELEM] Waiting for heartbeat...
[TELEM] Heartbeat OK
[MAIN] Telemetry ready: lat=28.4224416, lon=77.526458, h=11.76
Loading model engine: best.engine
[SCOUT] Connecting to mavlink-router TCP 127.0.0.1:5760
[SCOUT] Connected
[TELEM] Connecting to MAVLink router UDP 14550[MAIN] Waiting for telemetry (GPS)...

[TELEM] Waiting for heartbeat...
[TELEM] Heartbeat OK
[MAIN] Telemetry ready: lat=28.4226607, lon=77.5265164, h=12.194
Loading model engine: best.engine
[SCOUT] Connecting to mavlink-router TCP 127.0.0.1:5760
[SCOUT] Connected
[TELEM] Connecting to MAVLink router UDP 14550[MAIN] Waiting for telemetry (GPS)...

[TELEM] Waiting for heartbeat...
[TELEM] Heartbeat OK
[MAIN] Telemetry ready: lat=28.4227043, lon=77.5266128, h=12.009
Loading model engine: best.engine
[SCOUT] Connecting to mavlink-router TCP 127.0.0.1:5760
[SCOUT] Connected
[TELEM] Connecting to MAVLink router UDP 14550[MAIN] Waiting for telemetry (GPS)...

[TELEM] Waiting for heartbeat...
[TELEM] Heartbeat OK
[MAIN] Telemetry ready: lat=28.4223077, lon=77.5264935, h=14.047
Loading model engine: best.engine
[SCOUT] Connecting to mavlink-router TCP 127.0.0.1:5760
[SCOUT] Connected
[TELEM] Connecting to MAVLink router UDP 14550[MAIN] Waiting for telemetry (GPS)...

[TELEM] Waiting for heartbeat...
[TELEM] Heartbeat OK
[MAIN] Telemetry ready: lat=28.4223074, lon=77.5262485, h=13.98
Loading model engine: best.engine
[SCOUT] Connecting to mavlink-router TCP 127.0.0.1:5760
[SCOUT] Connected
[TELEM] Connecting to MAVLink router UDP 14550[MAIN] Waiting for telemetry (GPS)...

[TELEM] Waiting for heartbeat...
[TELEM] Heartbeat OK
[MAIN] Telemetry ready: lat=28.4223077, lon=77.5262218, h=13.117
Loading model engine: best.engine
[SCOUT] Connecting to mavlink-router TCP 127.0.0.1:5760
[SCOUT] Connected
[TELEM] Connecting to MAVLink router UDP 14550[MAIN] Waiting for telemetry (GPS)...

[TELEM] Waiting for heartbeat...
[TELEM] Heartbeat OK
[MAIN] Telemetry ready: lat=28.4223096, lon=77.5262201, h=7.336
Loading model engine: best.engine
[SCOUT] Connecting to mavlink-router TCP 127.0.0.1:5760
[SCOUT] Connected
[TELEM] Connecting to MAVLink router UDP 14550[MAIN] Waiting for telemetry (GPS)...

[TELEM] Waiting for heartbeat...
[TELEM] Heartbeat OK
[MAIN] Telemetry ready: lat=28.4223079, lon=77.5262198, h=2.277
Loading model engine: best.engine
[SCOUT] Connecting to mavlink-router TCP 127.0.0.1:5760
[SCOUT] Connected
[TELEM] Connecting to MAVLink router UDP 14550[MAIN] Waiting for telemetry (GPS)...

[TELEM] Waiting for heartbeat...
[TELEM] Heartbeat OK
[MAIN] Telemetry ready: lat=28.4223086, lon=77.5262209, h=-0.036
Loading model engine: best.engine
[SCOUT] Connecting to mavlink-router TCP 127.0.0.1:5760
[SCOUT] Connected
[TELEM] Connecting to MAVLink router UDP 14550[MAIN] Waiting for telemetry (GPS)...

[TELEM] Waiting for heartbeat...
[TELEM] Heartbeat OK
[MAIN] Telemetry ready: lat=28.4223082, lon=77.5262212, h=0.047
Loading model engine: best.engine
[SCOUT] Connecting to mavlink-router TCP 127.0.0.1:5760
[SCOUT] Connected
[TELEM] Connecting to MAVLink router UDP 14550[MAIN] Waiting for telemetry (GPS)...

[TELEM] Waiting for heartbeat...
[TELEM] Heartbeat OK
[MAIN] Telemetry ready: lat=28.4223078, lon=77.5262201, h=-0.048
Loading model engine: best.engine
[SCOUT] Connecting to mavlink-router TCP 127.0.0.1:5760
[SCOUT] Connected
[TELEM] Connecting to MAVLink router UDP 14550[MAIN] Waiting for telemetry (GPS)...

[TELEM] Waiting for heartbeat...
[TELEM] Heartbeat OK
[MAIN] Telemetry ready: lat=28.4223091, lon=77.5262199, h=-0.039
Loading model engine: best.engine
[SCOUT] Connecting to mavlink-router TCP 127.0.0.1:5760
[SCOUT] Connected
[TELEM] Connecting to MAVLink router UDP 14550[MAIN] Waiting for telemetry (GPS)...

[TELEM] Waiting for heartbeat...
[TELEM] Heartbeat OK
[MAIN] Telemetry ready: lat=28.4223095, lon=77.5262193, h=0.178
Loading model engine: best.engine
[SCOUT] Connecting to mavlink-router TCP 127.0.0.1:5760
[SCOUT] Connected
[TELEM] Connecting to MAVLink router UDP 14550[MAIN] Waiting for telemetry (GPS)...

[TELEM] Waiting for heartbeat...
[TELEM] Heartbeat OK
[MAIN] Telemetry ready: lat=28.4223093, lon=77.5262207, h=0.242
Loading model engine: best.engine
[SCOUT] Connecting to mavlink-router TCP 127.0.0.1:5760
[SCOUT] Connected
[TELEM] Connecting to MAVLink router UDP 14550
[TELEM] Waiting for heartbeat...
[MAIN] Waiting for telemetry (GPS)...
[TELEM] Heartbeat OK
[MAIN] Telemetry ready: lat=28.4223088, lon=77.5262225, h=0.269
Loading model engine: best.engine
[SCOUT] Connecting to mavlink-router TCP 127.0.0.1:5760
[SCOUT] Connected
[TELEM] Connecting to MAVLink router UDP 14550[MAIN] Waiting for telemetry (GPS)...

[TELEM] Waiting for heartbeat...
[TELEM] Heartbeat OK
[MAIN] Telemetry ready: lat=28.4223086, lon=77.526223, h=0.377
Loading model engine: best.engine
                                                                                                                                                                                                  [SCOUT] Connecting to mavlink-router TCP 127.0.0.1:5760
[SCOUT] Connected
[TELEM] Connecting to MAVLink router UDP 14550[MAIN] Waiting for telemetry (GPS)...

[TELEM] Waiting for heartbeat...
[TELEM] Heartbeat OK
[MAIN] Telemetry ready: lat=0.0, lon=0.0, h=-1.273
Loading model engine: best.engine
[SCOUT] Connecting to mavlink-router TCP 127.0.0.1:5760
[SCOUT] Connected
[TELEM] Connecting to MAVLink router UDP 14550[MAIN] Waiting for telemetry (GPS)...

[TELEM] Waiting for heartbeat...
[TELEM] Heartbeat OK
[MAIN] Telemetry ready: lat=0.0, lon=0.0, h=-0.843
Loading model engine: best.engine
[SCOUT] Connecting to mavlink-router TCP 127.0.0.1:5760
[SCOUT] Connected
[TELEM] Connecting to MAVLink router UDP 14550[MAIN] Waiting for telemetry (GPS)...

[TELEM] Waiting for heartbeat...
[TELEM] Heartbeat OK
[MAIN] Telemetry ready: lat=0.0, lon=0.0, h=-0.835
Loading model engine: best.engine
[SCOUT] Connecting to mavlink-router TCP 127.0.0.1:5760
[SCOUT] Connected
[TELEM] Connecting to MAVLink router UDP 14550[MAIN] Waiting for telemetry (GPS)...

[TELEM] Waiting for heartbeat...
[TELEM] Heartbeat OK
[MAIN] Telemetry ready: lat=0.0, lon=0.0, h=-0.793
Loading model engine: best.engine
[SCOUT] Connecting to mavlink-router TCP 127.0.0.1:5760
[SCOUT] Connected
[TELEM] Connecting to MAVLink router UDP 14550[MAIN] Waiting for telemetry (GPS)...

[TELEM] Waiting for heartbeat...
[TELEM] Heartbeat OK
[MAIN] Telemetry ready: lat=0.0, lon=0.0, h=-0.92
Loading model engine: best.engine
[SCOUT] Connecting to mavlink-router TCP 127.0.0.1:5760
[SCOUT] Connected
[TELEM] Connecting to MAVLink router UDP 14550[MAIN] Waiting for telemetry (GPS)...

[TELEM] Waiting for heartbeat...
[TELEM] Heartbeat OK
[MAIN] Telemetry ready: lat=0.0, lon=0.0, h=-0.835
Loading model engine: best.engine
[SCOUT] Connecting to mavlink-router TCP 127.0.0.1:5760
[SCOUT] Connected
[TELEM] Connecting to MAVLink router UDP 14550[MAIN] Waiting for telemetry (GPS)...

[TELEM] Waiting for heartbeat...
[TELEM] Heartbeat OK
[MAIN] Telemetry ready: lat=0.0, lon=0.0, h=-0.696
Loading model engine: best.engine
[SCOUT] Connecting to mavlink-router TCP 127.0.0.1:5760
[SCOUT] Connected
[TELEM] Connecting to MAVLink router UDP 14550[MAIN] Waiting for telemetry (GPS)...

[TELEM] Waiting for heartbeat...
[TELEM] Heartbeat OK
[MAIN] Telemetry ready: lat=0.0, lon=0.0, h=-0.682
Loading model engine: best.engine
[SCOUT] Connecting to mavlink-router TCP 127.0.0.1:5760
[SCOUT] Connected
[TELEM] Connecting to MAVLink router UDP 14550[MAIN] Waiting for telemetry (GPS)...

[TELEM] Waiting for heartbeat...
[TELEM] Heartbeat OK
[MAIN] Telemetry ready: lat=0.0, lon=0.0, h=-1.026
Loading model engine: best.engine
[SCOUT] Connecting to mavlink-router TCP 127.0.0.1:5760
[SCOUT] Connected
[TELEM] Connecting to MAVLink router UDP 14550[MAIN] Waiting for telemetry (GPS)...

[TELEM] Waiting for heartbeat...
[TELEM] Heartbeat OK
[MAIN] Telemetry ready: lat=0.0, lon=0.0, h=-1.061
Loading model engine: best.engine
[SCOUT] Connecting to mavlink-router TCP 127.0.0.1:5760
[SCOUT] Connected
[TELEM] Connecting to MAVLink router UDP 14550[MAIN] Waiting for telemetry (GPS)...

[TELEM] Waiting for heartbeat...
[TELEM] Heartbeat OK
[MAIN] Telemetry ready: lat=0.0, lon=0.0, h=-1.282
Loading model engine: best.engine
[SCOUT] Connecting to mavlink-router TCP 127.0.0.1:5760
[SCOUT] Connected
[TELEM] Connecting to MAVLink router UDP 14550[MAIN] Waiting for telemetry (GPS)...

[TELEM] Waiting for heartbeat...
[TELEM] Heartbeat OK
[MAIN] Telemetry ready: lat=0.0, lon=0.0, h=-1.129
Loading model engine: best.engine
[SCOUT] Connecting to mavlink-router TCP 127.0.0.1:5760
[SCOUT] Connected
[TELEM] Connecting to MAVLink router UDP 14550[MAIN] Waiting for telemetry (GPS)...

[TELEM] Waiting for heartbeat...
[TELEM] Heartbeat OK
[MAIN] Telemetry ready: lat=0.0, lon=0.0, h=-1.349
Loading model engine: best.engine
[SCOUT] Connecting to mavlink-router TCP 127.0.0.1:5760
[SCOUT] Connected
[TELEM] Connecting to MAVLink router UDP 14550[MAIN] Waiting for telemetry (GPS)...

[TELEM] Waiting for heartbeat...
[TELEM] Heartbeat OK
[MAIN] Telemetry ready: lat=0.0, lon=0.0, h=-1.423
Loading model engine: best.engine
[SCOUT] Connecting to mavlink-router TCP 127.0.0.1:5760
[SCOUT] Connected
[TELEM] Connecting to MAVLink router UDP 14550[MAIN] Waiting for telemetry (GPS)...

[TELEM] Waiting for heartbeat...
[TELEM] Heartbeat OK
[MAIN] Telemetry ready: lat=0.0, lon=0.0, h=-1.37
Loading model engine: best.engine
[SCOUT] Connecting to mavlink-router TCP 127.0.0.1:5760
[SCOUT] Connected
[TELEM] Connecting to MAVLink router UDP 14550[MAIN] Waiting for telemetry (GPS)...

[TELEM] Waiting for heartbeat...
[TELEM] Heartbeat OK
[MAIN] Telemetry ready: lat=0.0, lon=0.0, h=-1.443
Loading model engine: best.engine
[SCOUT] Connecting to mavlink-router TCP 127.0.0.1:5760
[SCOUT] Connected
[TELEM] Connecting to MAVLink router UDP 14550[MAIN] Waiting for telemetry (GPS)...

[TELEM] Waiting for heartbeat...
[TELEM] Heartbeat OK
[MAIN] Telemetry ready: lat=0.0, lon=0.0, h=-1.39
Loading model engine: best.engine
[SCOUT] Connecting to mavlink-router TCP 127.0.0.1:5760
[SCOUT] Connected
[TELEM] Connecting to MAVLink router UDP 14550[MAIN] Waiting for telemetry (GPS)...

[TELEM] Waiting for heartbeat...
[TELEM] Heartbeat OK
[MAIN] Telemetry ready: lat=0.0, lon=0.0, h=-1.608
Loading model engine: best.engine
[SCOUT] Connecting to mavlink-router TCP 127.0.0.1:5760
[SCOUT] Connected
[TELEM] Connecting to MAVLink router UDP 14550[MAIN] Waiting for telemetry (GPS)...

[TELEM] Waiting for heartbeat...
[TELEM] Heartbeat OK
[MAIN] Telemetry ready: lat=0.0, lon=0.0, h=-1.699
Loading model engine: best.engine
[SCOUT] Connecting to mavlink-router TCP 127.0.0.1:5760
[SCOUT] Connected
[TELEM] Connecting to MAVLink router UDP 14550[MAIN] Waiting for telemetry (GPS)...

[TELEM] Waiting for heartbeat...
[TELEM] Heartbeat OK
[MAIN] Telemetry ready: lat=0.0, lon=0.0, h=-1.717
Loading model engine: best.engine
[SCOUT] Connecting to mavlink-router TCP 127.0.0.1:5760
[SCOUT] Connected
[TELEM] Connecting to MAVLink router UDP 14550[MAIN] Waiting for telemetry (GPS)...

[TELEM] Waiting for heartbeat...
[TELEM] Heartbeat OK
[MAIN] Telemetry ready: lat=0.0, lon=0.0, h=-1.746
Loading model engine: best.engine
[SCOUT] Connecting to mavlink-router TCP 127.0.0.1:5760
[SCOUT] Connected
[TELEM] Connecting to MAVLink router UDP 14550[MAIN] Waiting for telemetry (GPS)...

[TELEM] Waiting for heartbeat...
[TELEM] Heartbeat OK
[MAIN] Telemetry ready: lat=0.0, lon=0.0, h=-1.781
Loading model engine: best.engine
[SCOUT] Connecting to mavlink-router TCP 127.0.0.1:5760
[SCOUT] Connected
[TELEM] Connecting to MAVLink router UDP 14550[MAIN] Waiting for telemetry (GPS)...

[TELEM] Waiting for heartbeat...
[TELEM] Heartbeat OK
[MAIN] Telemetry ready: lat=0.0, lon=0.0, h=-2.011
Loading model engine: best.engine
[SCOUT] Connecting to mavlink-router TCP 127.0.0.1:5760
[SCOUT] Connected
[TELEM] Connecting to MAVLink router UDP 14550[MAIN] Waiting for telemetry (GPS)...

[TELEM] Waiting for heartbeat...
[TELEM] Heartbeat OK
[MAIN] WARNING: telemetry not ready after 30s, continuing anyway
Loading model engine: best.engine
[SCOUT] Connecting to mavlink-router TCP 127.0.0.1:5760
[SCOUT] Connected
[TELEM] Connecting to MAVLink router UDP 14550[MAIN] Waiting for telemetry (GPS)...

[TELEM] Waiting for heartbeat...
[TELEM] Heartbeat OK
[MAIN] WARNING: telemetry not ready after 30s, continuing anyway
Loading model engine: best.engine
[SCOUT] Connecting to mavlink-router TCP 127.0.0.1:5760
[SCOUT] Connected
[TELEM] Connecting to MAVLink router UDP 14550[MAIN] Waiting for telemetry (GPS)...

[TELEM] Waiting for heartbeat...
[TELEM] Heartbeat OK
[SCOUT] Connecting to mavlink-router TCP 127.0.0.1:5760
[SCOUT] Connected
[TELEM] Connecting to MAVLink router UDP 14550[MAIN] Waiting for telemetry (GPS)...

[TELEM] Waiting for heartbeat...
[TELEM] Heartbeat OK
[MAIN] WARNING: telemetry not ready after 30s, continuing anyway
Loading model engine: best.engine
[SCOUT] Connecting to mavlink-router TCP 127.0.0.1:5760
[SCOUT] Connected
[TELEM] Connecting to MAVLink router UDP 14550[MAIN] Waiting for telemetry (GPS)...

[TELEM] Waiting for heartbeat...
[TELEM] Heartbeat OK
[MAIN] WARNING: telemetry not ready after 30s, continuing anyway
Loading model engine: best.engine
[SCOUT] Connecting to mavlink-router TCP 127.0.0.1:5760
[SCOUT] Connected
[TELEM] Connecting to MAVLink router UDP 14550[MAIN] Waiting for telemetry (GPS)...

[TELEM] Waiting for heartbeat...
[TELEM] Heartbeat OK
[MAIN] WARNING: telemetry not ready after 30s, continuing anyway
Loading model engine: best.engine
[SCOUT] Connecting to mavlink-router TCP 127.0.0.1:5760
[SCOUT] Connected
[TELEM] Connecting to MAVLink router UDP 14550[MAIN] Waiting for telemetry (GPS)...

[TELEM] Waiting for heartbeat...
[TELEM] Heartbeat OK
[MAIN] Telemetry ready: lat=28.4122056, lon=77.5313955, h=-0.787
Loading model engine: best.engine
[SCOUT] Connecting to mavlink-router TCP 127.0.0.1:5760
[SCOUT] Connected
[TELEM] Connecting to MAVLink router UDP 14550[MAIN] Waiting for telemetry (GPS)...

[TELEM] Waiting for heartbeat...
[TELEM] Heartbeat OK
[MAIN] Telemetry ready: lat=28.4122051, lon=77.5313956, h=-0.673
Loading model engine: best.engine
[SCOUT] Connecting to mavlink-router TCP 127.0.0.1:5760
[SCOUT] Connected
[TELEM] Connecting to MAVLink router UDP 14550[MAIN] Waiting for telemetry (GPS)...

[TELEM] Waiting for heartbeat...
[TELEM] Heartbeat OK
[MAIN] Telemetry ready: lat=28.4122049, lon=77.5313955, h=-0.181
Loading model engine: best.engine
[SCOUT] Connecting to mavlink-router TCP 127.0.0.1:5760
[SCOUT] Connected
[TELEM] Connecting to MAVLink router UDP 14550[MAIN] Waiting for telemetry (GPS)...

[TELEM] Waiting for heartbeat...
[TELEM] Heartbeat OK
[MAIN] Telemetry ready: lat=28.4122055, lon=77.5313966, h=-0.113
Loading model engine: best.engine
[SCOUT] Connecting to mavlink-router TCP 127.0.0.1:5760
[SCOUT] Connected
[TELEM] Connecting to MAVLink router UDP 14550[MAIN] Waiting for telemetry (GPS)...

[TELEM] Waiting for heartbeat...
[TELEM] Heartbeat OK
[MAIN] Telemetry ready: lat=28.4122059, lon=77.5313972, h=0.068
Loading model engine: best.engine
[SCOUT] Connecting to mavlink-router TCP 127.0.0.1:5760
[SCOUT] Connected
[TELEM] Connecting to MAVLink router UDP 14550[MAIN] Waiting for telemetry (GPS)...

[TELEM] Waiting for heartbeat...
[TELEM] Heartbeat OK
[MAIN] Telemetry ready: lat=28.4122063, lon=77.5313971, h=0.249
Loading model engine: best.engine
[SCOUT] Connecting to mavlink-router TCP 127.0.0.1:5760
[SCOUT] Connected
[TELEM] Connecting to MAVLink router UDP 14550[MAIN] Waiting for telemetry (GPS)...

[TELEM] Waiting for heartbeat...
[TELEM] Heartbeat OK
[MAIN] Telemetry ready: lat=28.4122075, lon=77.5313973, h=0.377
Loading model engine: best.engine
[SCOUT] Connecting to mavlink-router TCP 127.0.0.1:5760
[SCOUT] Connected
[TELEM] Connecting to MAVLink router UDP 14550[MAIN] Waiting for telemetry (GPS)...

[TELEM] Waiting for heartbeat...
[TELEM] Heartbeat OK
[MAIN] Telemetry ready: lat=28.4122078, lon=77.5313965, h=0.343
Loading model engine: best.engine
[SCOUT] Connecting to mavlink-router TCP 127.0.0.1:5760
[SCOUT] Connected
[TELEM] Connecting to MAVLink router UDP 14550[MAIN] Waiting for telemetry (GPS)...

[TELEM] Waiting for heartbeat...
[TELEM] Heartbeat OK
[MAIN] Telemetry ready: lat=28.4122085, lon=77.531397, h=0.395
Loading model engine: best.engine
[SCOUT] Connecting to mavlink-router TCP 127.0.0.1:5760
[SCOUT] Connected
[TELEM] Connecting to MAVLink router UDP 14550[MAIN] Waiting for telemetry (GPS)...

[TELEM] Waiting for heartbeat...
[TELEM] Heartbeat OK
[MAIN] Telemetry ready: lat=28.4122075, lon=77.5313966, h=0.482
Loading model engine: best.engine
[SCOUT] Connecting to mavlink-router TCP 127.0.0.1:5760
[SCOUT] Connected
[TELEM] Connecting to MAVLink router UDP 14550[MAIN] Waiting for telemetry (GPS)...

[TELEM] Waiting for heartbeat...
[TELEM] Heartbeat OK
[MAIN] Telemetry ready: lat=28.4122079, lon=77.5313945, h=0.526
Loading model engine: best.engine
[SCOUT] Connecting to mavlink-router TCP 127.0.0.1:5760
[SCOUT] Connected
[TELEM] Connecting to MAVLink router UDP 14550[MAIN] Waiting for telemetry (GPS)...

[TELEM] Waiting for heartbeat...
[TELEM] Heartbeat OK
[MAIN] Telemetry ready: lat=28.4122081, lon=77.5313936, h=0.573
Loading model engine: best.engine
[SCOUT] Connecting to mavlink-router TCP 127.0.0.1:5760
[SCOUT] Connected
[TELEM] Connecting to MAVLink router UDP 14550[MAIN] Waiting for telemetry (GPS)...

[TELEM] Waiting for heartbeat...
[TELEM] Heartbeat OK
[MAIN] Telemetry ready: lat=28.4122084, lon=77.5313933, h=0.488
Loading model engine: best.engine
[SCOUT] Connecting to mavlink-router TCP 127.0.0.1:5760
[SCOUT] Connected
[TELEM] Connecting to MAVLink router UDP 14550[MAIN] Waiting for telemetry (GPS)...

[TELEM] Waiting for heartbeat...
[TELEM] Heartbeat OK
[MAIN] Telemetry ready: lat=28.4122079, lon=77.5313935, h=0.527
Loading model engine: best.engine
[SCOUT] Connecting to mavlink-router TCP 127.0.0.1:5760
[SCOUT] Connected
[TELEM] Connecting to MAVLink router UDP 14550[MAIN] Waiting for telemetry (GPS)...

[TELEM] Waiting for heartbeat...
[TELEM] Heartbeat OK
[MAIN] Telemetry ready: lat=28.4122071, lon=77.5313937, h=0.619
Loading model engine: best.engine
[SCOUT] Connecting to mavlink-router TCP 127.0.0.1:5760
[SCOUT] Connected
[TELEM] Connecting to MAVLink router UDP 14550[MAIN] Waiting for telemetry (GPS)...

[TELEM] Waiting for heartbeat...
[TELEM] Heartbeat OK
[MAIN] Telemetry ready: lat=28.4122067, lon=77.5313935, h=0.54
Loading model engine: best.engine
[SCOUT] Connecting to mavlink-router TCP 127.0.0.1:5760
[SCOUT] Connected
[TELEM] Connecting to MAVLink router UDP 14550[MAIN] Waiting for telemetry (GPS)...

[TELEM] Waiting for heartbeat...
[TELEM] Heartbeat OK
[MAIN] Telemetry ready: lat=28.412207, lon=77.5313932, h=0.494
Loading model engine: best.engine
[SCOUT] Connecting to mavlink-router TCP 127.0.0.1:5760
[SCOUT] Connected
[TELEM] Connecting to MAVLink router UDP 14550[MAIN] Waiting for telemetry (GPS)...

[TELEM] Waiting for heartbeat...
[TELEM] Heartbeat OK
[MAIN] Telemetry ready: lat=28.4122069, lon=77.5313923, h=0.546
Loading model engine: best.engine
[SCOUT] Connecting to mavlink-router TCP 127.0.0.1:5760
[SCOUT] Connected
[TELEM] Connecting to MAVLink router UDP 14550[MAIN] Waiting for telemetry (GPS)...

[TELEM] Waiting for heartbeat...
[TELEM] Heartbeat OK
[MAIN] Telemetry ready: lat=28.4122075, lon=77.5313916, h=0.578
Loading model engine: best.engine
[SCOUT] Connecting to mavlink-router TCP 127.0.0.1:5760
[SCOUT] Connected
[TELEM] Connecting to MAVLink router UDP 14550[MAIN] Waiting for telemetry (GPS)...

[TELEM] Waiting for heartbeat...
[TELEM] Heartbeat OK
[MAIN] Telemetry ready: lat=28.4122077, lon=77.531392, h=0.512
Loading model engine: best.engine
[SCOUT] Connecting to mavlink-router TCP 127.0.0.1:5760
[SCOUT] Connected
[TELEM] Connecting to MAVLink router UDP 14550[MAIN] Waiting for telemetry (GPS)...

[TELEM] Waiting for heartbeat...
[TELEM] Heartbeat OK
[MAIN] Telemetry ready: lat=28.4122083, lon=77.5313922, h=0.524
Loading model engine: best.engine
[SCOUT] Connecting to mavlink-router TCP 127.0.0.1:5760
[SCOUT] Connected
[TELEM] Connecting to MAVLink router UDP 14550[MAIN] Waiting for telemetry (GPS)...

[TELEM] Waiting for heartbeat...
[TELEM] Heartbeat OK
[MAIN] Telemetry ready: lat=28.412207, lon=77.5313876, h=0.543
Loading model engine: best.engine
[SCOUT] Connecting to mavlink-router TCP 127.0.0.1:5760
[SCOUT] Connected
[TELEM] Connecting to MAVLink router UDP 14550[MAIN] Waiting for telemetry (GPS)...

[TELEM] Waiting for heartbeat...
[TELEM] Heartbeat OK
[MAIN] Telemetry ready: lat=28.4122064, lon=77.5313771, h=0.432
Loading model engine: best.engine
[SCOUT] Connecting to mavlink-router TCP 127.0.0.1:5760
[SCOUT] Connected
[TELEM] Connecting to MAVLink router UDP 14550[MAIN] Waiting for telemetry (GPS)...

[TELEM] Waiting for heartbeat...
[TELEM] Heartbeat OK
[MAIN] Telemetry ready: lat=28.4122071, lon=77.5313746, h=0.573
Loading model engine: best.engine
[SCOUT] Connecting to mavlink-router TCP 127.0.0.1:5760
[SCOUT] Connected
[TELEM] Connecting to MAVLink router UDP 14550[MAIN] Waiting for telemetry (GPS)...

[TELEM] Waiting for heartbeat...
[TELEM] Heartbeat OK
[MAIN] Telemetry ready: lat=28.412206, lon=77.5313714, h=0.31
Loading model engine: best.engine
[SCOUT] Connecting to mavlink-router TCP 127.0.0.1:5760
[SCOUT] Connected
[TELEM] Connecting to MAVLink router UDP 14550[MAIN] Waiting for telemetry (GPS)...

[TELEM] Waiting for heartbeat...
[TELEM] Heartbeat OK
[MAIN] Telemetry ready: lat=28.4122064, lon=77.5313699, h=0.379
Loading model engine: best.engine
[SCOUT] Connecting to mavlink-router TCP 127.0.0.1:5760
[SCOUT] Connected
[TELEM] Connecting to MAVLink router UDP 14550[MAIN] Waiting for telemetry (GPS)...

[TELEM] Waiting for heartbeat...
[TELEM] Heartbeat OK
[MAIN] Telemetry ready: lat=28.4122068, lon=77.5313681, h=0.365
Loading model engine: best.engine
[SCOUT] Connecting to mavlink-router TCP 127.0.0.1:5760
[SCOUT] Connected
[TELEM] Connecting to MAVLink router UDP 14550
[MAIN] Waiting for telemetry (GPS)...[TELEM] Waiting for heartbeat...

[TELEM] Heartbeat OK
[MAIN] Telemetry ready: lat=28.412207, lon=77.5313671, h=0.329
Loading model engine: best.engine
[SCOUT] Connecting to mavlink-router TCP 127.0.0.1:5760
[SCOUT] Connected
[TELEM] Connecting to MAVLink router UDP 14550[MAIN] Waiting for telemetry (GPS)...

[TELEM] Waiting for heartbeat...
[TELEM] Heartbeat OK
[MAIN] Telemetry ready: lat=28.4122068, lon=77.5313666, h=0.334
Loading model engine: best.engine
[SCOUT] Connecting to mavlink-router TCP 127.0.0.1:5760
[SCOUT] Connected
[TELEM] Connecting to MAVLink router UDP 14550[MAIN] Waiting for telemetry (GPS)...

[TELEM] Waiting for heartbeat...
[TELEM] Heartbeat OK
[MAIN] Telemetry ready: lat=28.412206, lon=77.5313669, h=0.209
Loading model engine: best.engine
[SCOUT] Connecting to mavlink-router TCP 127.0.0.1:5760
[SCOUT] Connected
[TELEM] Connecting to MAVLink router UDP 14550[MAIN] Waiting for telemetry (GPS)...

[TELEM] Waiting for heartbeat...
[TELEM] Heartbeat OK
[MAIN] Telemetry ready: lat=28.4122067, lon=77.5313665, h=0.249
Loading model engine: best.engine
[SCOUT] Connecting to mavlink-router TCP 127.0.0.1:5760
[SCOUT] Connected
[TELEM] Connecting to MAVLink router UDP 14550[MAIN] Waiting for telemetry (GPS)...

[TELEM] Waiting for heartbeat...
[TELEM] Heartbeat OK
[MAIN] Telemetry ready: lat=28.4122054, lon=77.5313675, h=0.257
Loading model engine: best.engine
[SCOUT] Connecting to mavlink-router TCP 127.0.0.1:5760
[SCOUT] Connected
[TELEM] Connecting to MAVLink router UDP 14550[MAIN] Waiting for telemetry (GPS)...

[TELEM] Waiting for heartbeat...
[TELEM] Heartbeat OK
[MAIN] Telemetry ready: lat=28.4122055, lon=77.5313674, h=0.198
Loading model engine: best.engine
[SCOUT] Connecting to mavlink-router TCP 127.0.0.1:5760
[SCOUT] Connected
[TELEM] Connecting to MAVLink router UDP 14550[MAIN] Waiting for telemetry (GPS)...

[TELEM] Waiting for heartbeat...
[TELEM] Heartbeat OK
[MAIN] Telemetry ready: lat=28.4122062, lon=77.5313652, h=0.091
Loading model engine: best.engine
[SCOUT] Connecting to mavlink-router TCP 127.0.0.1:5760
[SCOUT] Connected
[TELEM] Connecting to MAVLink router UDP 14550[MAIN] Waiting for telemetry (GPS)...

[TELEM] Waiting for heartbeat...
[TELEM] Heartbeat OK
[MAIN] Telemetry ready: lat=28.4122039, lon=77.5313627, h=0.106
Loading model engine: best.engine
[SCOUT] Connecting to mavlink-router TCP 127.0.0.1:5760
[SCOUT] Connected
[TELEM] Connecting to MAVLink router UDP 14550[MAIN] Waiting for telemetry (GPS)...

[TELEM] Waiting for heartbeat...
[TELEM] Heartbeat OK
[MAIN] Telemetry ready: lat=28.4122031, lon=77.5313637, h=-0.017
Loading model engine: best.engine
[SCOUT] Connecting to mavlink-router TCP 127.0.0.1:5760
[SCOUT] Connected
[TELEM] Connecting to MAVLink router UDP 14550[MAIN] Waiting for telemetry (GPS)...

[TELEM] Waiting for heartbeat...
[TELEM] Heartbeat OK
[MAIN] Telemetry ready: lat=28.4122032, lon=77.5313637, h=0.072
Loading model engine: best.engine
[SCOUT] Connecting to mavlink-router TCP 127.0.0.1:5760
[SCOUT] Connected
[TELEM] Connecting to MAVLink router UDP 14550[MAIN] Waiting for telemetry (GPS)...

[TELEM] Waiting for heartbeat...
[TELEM] Heartbeat OK
[MAIN] Telemetry ready: lat=28.4122039, lon=77.5313643, h=0.189
Loading model engine: best.engine
[SCOUT] Connecting to mavlink-router TCP 127.0.0.1:5760
[SCOUT] Connected
[TELEM] Connecting to MAVLink router UDP 14550[MAIN] Waiting for telemetry (GPS)...

[TELEM] Waiting for heartbeat...
[TELEM] Heartbeat OK
[MAIN] Telemetry ready: lat=28.4122038, lon=77.5313637, h=0.241
Loading model engine: best.engine
[SCOUT] Connecting to mavlink-router TCP 127.0.0.1:5760
[SCOUT] Connected
[TELEM] Connecting to MAVLink router UDP 14550[MAIN] Waiting for telemetry (GPS)...

[TELEM] Waiting for heartbeat...
[TELEM] Heartbeat OK
[MAIN] Telemetry ready: lat=28.4122026, lon=77.5313642, h=0.162
Loading model engine: best.engine
[SCOUT] Connecting to mavlink-router TCP 127.0.0.1:5760
[SCOUT] Connected
[TELEM] Connecting to MAVLink router UDP 14550[MAIN] Waiting for telemetry (GPS)...

[TELEM] Waiting for heartbeat...
[TELEM] Heartbeat OK
[MAIN] Telemetry ready: lat=28.4122017, lon=77.5313643, h=0.035
Loading model engine: best.engine
[SCOUT] Connecting to mavlink-router TCP 127.0.0.1:5760
[SCOUT] Connected
[TELEM] Connecting to MAVLink router UDP 14550[MAIN] Waiting for telemetry (GPS)...

[TELEM] Waiting for heartbeat...
[TELEM] Heartbeat OK
[MAIN] Telemetry ready: lat=28.4122011, lon=77.531364, h=0.09
Loading model engine: best.engine
[SCOUT] Connecting to mavlink-router TCP 127.0.0.1:5760
[SCOUT] Connected
[TELEM] Connecting to MAVLink router UDP 14550[MAIN] Waiting for telemetry (GPS)...

[TELEM] Waiting for heartbeat...
[TELEM] Heartbeat OK
[MAIN] Telemetry ready: lat=28.4122004, lon=77.5313657, h=0.047
Loading model engine: best.engine
[SCOUT] Connecting to mavlink-router TCP 127.0.0.1:5760
[SCOUT] Connected
[TELEM] Connecting to MAVLink router UDP 14550[MAIN] Waiting for telemetry (GPS)...

[TELEM] Waiting for heartbeat...
[TELEM] Heartbeat OK
[MAIN] Telemetry ready: lat=28.4121997, lon=77.5313655, h=0.01
Loading model engine: best.engine
[SCOUT] Connecting to mavlink-router TCP 127.0.0.1:5760
[SCOUT] Connected
[TELEM] Connecting to MAVLink router UDP 14550[MAIN] Waiting for telemetry (GPS)...

[TELEM] Waiting for heartbeat...
[TELEM] Heartbeat OK
[MAIN] Telemetry ready: lat=28.4122011, lon=77.5313664, h=0.166
Loading model engine: best.engine
[SCOUT] Connecting to mavlink-router TCP 127.0.0.1:5760
[SCOUT] Connected
[TELEM] Connecting to MAVLink router UDP 14550[MAIN] Waiting for telemetry (GPS)...

[TELEM] Waiting for heartbeat...
[TELEM] Heartbeat OK
[MAIN] Telemetry ready: lat=28.4122011, lon=77.5313669, h=0.02
Loading model engine: best.engine
[SCOUT] Connecting to mavlink-router TCP 127.0.0.1:5760
[SCOUT] Connected
[TELEM] Connecting to MAVLink router UDP 14550[MAIN] Waiting for telemetry (GPS)...

[TELEM] Waiting for heartbeat...
[TELEM] Heartbeat OK
[MAIN] Telemetry ready: lat=28.4121958, lon=77.5313674, h=0.079
Loading model engine: best.engine
[SCOUT] Connecting to mavlink-router TCP 127.0.0.1:5760
[SCOUT] Connected
[TELEM] Connecting to MAVLink router UDP 14550[MAIN] Waiting for telemetry (GPS)...

[TELEM] Waiting for heartbeat...
[TELEM] Heartbeat OK
[MAIN] Telemetry ready: lat=28.4121944, lon=77.5313695, h=-0.164
Loading model engine: best.engine
[SCOUT] Connecting to mavlink-router TCP 127.0.0.1:5760
[SCOUT] Connected
[TELEM] Connecting to MAVLink router UDP 14550[MAIN] Waiting for telemetry (GPS)...

[TELEM] Waiting for heartbeat...
[TELEM] Heartbeat OK
[MAIN] Telemetry ready: lat=28.4121962, lon=77.5313704, h=0.094
Loading model engine: best.engine
[SCOUT] Connecting to mavlink-router TCP 127.0.0.1:5760
[SCOUT] Connected
[TELEM] Connecting to MAVLink router UDP 14550[MAIN] Waiting for telemetry (GPS)...

[TELEM] Waiting for heartbeat...
[TELEM] Heartbeat OK
[MAIN] Telemetry ready: lat=28.4121985, lon=77.5313702, h=-0.04
Loading model engine: best.engine
[SCOUT] Connecting to mavlink-router TCP 127.0.0.1:5760
[SCOUT] Connected
[TELEM] Connecting to MAVLink router UDP 14550[MAIN] Waiting for telemetry (GPS)...

[TELEM] Waiting for heartbeat...
[TELEM] Heartbeat OK
[MAIN] Telemetry ready: lat=28.4122002, lon=77.531367, h=-0.106
Loading model engine: best.engine
[SCOUT] Connecting to mavlink-router TCP 127.0.0.1:5760
[SCOUT] Connected
[TELEM] Connecting to MAVLink router UDP 14550[MAIN] Waiting for telemetry (GPS)...

[TELEM] Waiting for heartbeat...
[TELEM] Heartbeat OK
[MAIN] Telemetry ready: lat=28.4121986, lon=77.5313686, h=0.052
Loading model engine: best.engine
[SCOUT] Connecting to mavlink-router TCP 127.0.0.1:5760
[SCOUT] Connected
[TELEM] Connecting to MAVLink router UDP 14550[MAIN] Waiting for telemetry (GPS)...

[TELEM] Waiting for heartbeat...
[TELEM] Heartbeat OK
[MAIN] Telemetry ready: lat=28.4121932, lon=77.5313707, h=0.0
Loading model engine: best.engine
[SCOUT] Connecting to mavlink-router TCP 127.0.0.1:5760
[SCOUT] Connected
[TELEM] Connecting to MAVLink router UDP 14550[MAIN] Waiting for telemetry (GPS)...

[TELEM] Waiting for heartbeat...
[TELEM] Heartbeat OK
[MAIN] Telemetry ready: lat=28.4121886, lon=77.5313719, h=-0.213
Loading model engine: best.engine
[SCOUT] Connecting to mavlink-router TCP 127.0.0.1:5760
[SCOUT] Connected
[TELEM] Connecting to MAVLink router UDP 14550[MAIN] Waiting for telemetry (GPS)...

[TELEM] Waiting for heartbeat...
[TELEM] Heartbeat OK
[MAIN] Telemetry ready: lat=28.4121896, lon=77.5313722, h=-0.034
Loading model engine: best.engine
[SCOUT] Connecting to mavlink-router TCP 127.0.0.1:5760
[SCOUT] Connected
[TELEM] Connecting to MAVLink router UDP 14550[MAIN] Waiting for telemetry (GPS)...

[TELEM] Waiting for heartbeat...
[TELEM] Heartbeat OK
[MAIN] Telemetry ready: lat=28.4121908, lon=77.5313716, h=-0.087
Loading model engine: best.engine
[SCOUT] Connecting to mavlink-router TCP 127.0.0.1:5760
[SCOUT] Connected
[TELEM] Connecting to MAVLink router UDP 14550[MAIN] Waiting for telemetry (GPS)...

[TELEM] Waiting for heartbeat...
[TELEM] Heartbeat OK
[MAIN] Telemetry ready: lat=28.412191, lon=77.5313716, h=0.194
Loading model engine: best.engine
[SCOUT] Connecting to mavlink-router TCP 127.0.0.1:5760
[SCOUT] Connected
[TELEM] Connecting to MAVLink router UDP 14550[MAIN] Waiting for telemetry (GPS)...

[TELEM] Waiting for heartbeat...
[TELEM] Heartbeat OK
[MAIN] Telemetry ready: lat=28.4121892, lon=77.5313736, h=0.027
Loading model engine: best.engine
[SCOUT] Connecting to mavlink-router TCP 127.0.0.1:5760
[SCOUT] Connected
[TELEM] Connecting to MAVLink router UDP 14550[MAIN] Waiting for telemetry (GPS)...

[TELEM] Waiting for heartbeat...
[TELEM] Heartbeat OK
[MAIN] Telemetry ready: lat=28.4121876, lon=77.531374, h=0.252
Loading model engine: best.engine
[SCOUT] Connecting to mavlink-router TCP 127.0.0.1:5760
[SCOUT] Connected
[TELEM] Connecting to MAVLink router UDP 14550[MAIN] Waiting for telemetry (GPS)...

[TELEM] Waiting for heartbeat...
[TELEM] Heartbeat OK
[MAIN] Telemetry ready: lat=28.4121869, lon=77.5313783, h=-0.095
Loading model engine: best.engine
[SCOUT] Connecting to mavlink-router TCP 127.0.0.1:5760
[SCOUT] Connected
[TELEM] Connecting to MAVLink router UDP 14550[MAIN] Waiting for telemetry (GPS)...

[TELEM] Waiting for heartbeat...
[TELEM] Heartbeat OK
[MAIN] Telemetry ready: lat=28.4121873, lon=77.5313802, h=3.619
Loading model engine: best.engine
[SCOUT] Connecting to mavlink-router TCP 127.0.0.1:5760
[SCOUT] Connected
[TELEM] Connecting to MAVLink router UDP 14550[MAIN] Waiting for telemetry (GPS)...

[TELEM] Waiting for heartbeat...
[TELEM] Heartbeat OK
[MAIN] Telemetry ready: lat=28.4121872, lon=77.5313789, h=13.573
Loading model engine: best.engine
[SCOUT] Connecting to mavlink-router TCP 127.0.0.1:5760
[SCOUT] Connected
[TELEM] Connecting to MAVLink router UDP 14550[MAIN] Waiting for telemetry (GPS)...

[TELEM] Waiting for heartbeat...
[TELEM] Heartbeat OK
[MAIN] Telemetry ready: lat=28.412301, lon=77.5313961, h=14.92
Loading model engine: best.engine
[SCOUT] Connecting to mavlink-router TCP 127.0.0.1:5760
[SCOUT] Connected
[TELEM] Connecting to MAVLink router UDP 14550[MAIN] Waiting for telemetry (GPS)...

[TELEM] Waiting for heartbeat...
[TELEM] Heartbeat OK
[MAIN] Telemetry ready: lat=28.4125137, lon=77.5313799, h=14.899
Loading model engine: best.engine
[SCOUT] Connecting to mavlink-router TCP 127.0.0.1:5760
[SCOUT] Connected
[TELEM] Connecting to MAVLink router UDP 14550[MAIN] Waiting for telemetry (GPS)...

[TELEM] Waiting for heartbeat...
[TELEM] Heartbeat OK
[MAIN] Telemetry ready: lat=28.4126969, lon=77.5312321, h=14.918
Loading model engine: best.engine
[SCOUT] Connecting to mavlink-router TCP 127.0.0.1:5760
[SCOUT] Connected
[TELEM] Connecting to MAVLink router UDP 14550[MAIN] Waiting for telemetry (GPS)...

[TELEM] Waiting for heartbeat...
[TELEM] Heartbeat OK
[MAIN] Telemetry ready: lat=28.4128712, lon=77.5310929, h=14.988
Loading model engine: best.engine
[SCOUT] Connecting to mavlink-router TCP 127.0.0.1:5760
[SCOUT] Connected
[TELEM] Connecting to MAVLink router UDP 14550[MAIN] Waiting for telemetry (GPS)...

[TELEM] Waiting for heartbeat...
[TELEM] Heartbeat OK
[MAIN] Telemetry ready: lat=28.413055, lon=77.5309456, h=14.921
Loading model engine: best.engine
[SCOUT] Connecting to mavlink-router TCP 127.0.0.1:5760
[SCOUT] Connected
[TELEM] Connecting to MAVLink router UDP 14550[MAIN] Waiting for telemetry (GPS)...

[TELEM] Waiting for heartbeat...
[TELEM] Heartbeat OK
[MAIN] Telemetry ready: lat=28.4132291, lon=77.530806, h=14.899
Loading model engine: best.engine
[SCOUT] Connecting to mavlink-router TCP 127.0.0.1:5760
[SCOUT] Connected
[TELEM] Connecting to MAVLink router UDP 14550[MAIN] Waiting for telemetry (GPS)...

[TELEM] Waiting for heartbeat...
[TELEM] Heartbeat OK
[MAIN] Telemetry ready: lat=28.413404, lon=77.5306665, h=14.93
Loading model engine: best.engine
[SCOUT] Connecting to mavlink-router TCP 127.0.0.1:5760
[SCOUT] Connected
[TELEM] Connecting to MAVLink router UDP 14550[MAIN] Waiting for telemetry (GPS)...

[TELEM] Waiting for heartbeat...
[TELEM] Heartbeat OK
[MAIN] Telemetry ready: lat=28.4135782, lon=77.5305269, h=15.093
Loading model engine: best.engine
[SCOUT] Connecting to mavlink-router TCP 127.0.0.1:5760
[SCOUT] Connected
[TELEM] Connecting to MAVLink router UDP 14550[MAIN] Waiting for telemetry (GPS)...

[TELEM] Waiting for heartbeat...
[TELEM] Heartbeat OK
[MAIN] Telemetry ready: lat=28.4136836, lon=77.530567, h=14.727
Loading model engine: best.engine
[SCOUT] Connecting to mavlink-router TCP 127.0.0.1:5760
[SCOUT] Connected
[TELEM] Connecting to MAVLink router UDP 14550[MAIN] Waiting for telemetry (GPS)...

[TELEM] Waiting for heartbeat...
[TELEM] Heartbeat OK
[MAIN] Telemetry ready: lat=28.4134995, lon=77.530714, h=15.039
Loading model engine: best.engine
[SCOUT] Connecting to mavlink-router TCP 127.0.0.1:5760
[SCOUT] Connected
[TELEM] Connecting to MAVLink router UDP 14550[MAIN] Waiting for telemetry (GPS)...

[TELEM] Waiting for heartbeat...
[TELEM] Heartbeat OK
[MAIN] Telemetry ready: lat=28.4133157, lon=77.530862, h=15.099
Loading model engine: best.engine
[SCOUT] Connecting to mavlink-router TCP 127.0.0.1:5760
[SCOUT] Connected
[TELEM] Connecting to MAVLink router UDP 14550[MAIN] Waiting for telemetry (GPS)...

[TELEM] Waiting for heartbeat...
[TELEM] Heartbeat OK
[MAIN] Telemetry ready: lat=28.4131416, lon=77.5310016, h=14.997
Loading model engine: best.engine
[SCOUT] Connecting to mavlink-router TCP 127.0.0.1:5760
[SCOUT] Connected
[TELEM] Connecting to MAVLink router UDP 14550[MAIN] Waiting for telemetry (GPS)...

[TELEM] Waiting for heartbeat...
[TELEM] Heartbeat OK
[MAIN] Telemetry ready: lat=28.4129681, lon=77.5311408, h=14.982
Loading model engine: best.engine
[SCOUT] Connecting to mavlink-router TCP 127.0.0.1:5760
[SCOUT] Connected
[TELEM] Connecting to MAVLink router UDP 14550[MAIN] Waiting for telemetry (GPS)...

[TELEM] Waiting for heartbeat...
[TELEM] Heartbeat OK
[MAIN] Telemetry ready: lat=28.4127933, lon=77.5312803, h=14.99
Loading model engine: best.engine
[SCOUT] Connecting to mavlink-router TCP 127.0.0.1:5760
[SCOUT] Connected
[TELEM] Connecting to MAVLink router UDP 14550[MAIN] Waiting for telemetry (GPS)...

[TELEM] Waiting for heartbeat...
[TELEM] Heartbeat OK
[MAIN] Telemetry ready: lat=28.4126188, lon=77.5314199, h=15.011
Loading model engine: best.engine
[SCOUT] Connecting to mavlink-router TCP 127.0.0.1:5760
[SCOUT] Connected
[TELEM] Connecting to MAVLink router UDP 14550[MAIN] Waiting for telemetry (GPS)...

[TELEM] Waiting for heartbeat...
[TELEM] Heartbeat OK
[MAIN] Telemetry ready: lat=28.4125756, lon=77.5315647, h=15.082
Loading model engine: best.engine
[SCOUT] Connecting to mavlink-router TCP 127.0.0.1:5760
[SCOUT] Connected
[TELEM] Connecting to MAVLink router UDP 14550[MAIN] Waiting for telemetry (GPS)...

[TELEM] Waiting for heartbeat...
[TELEM] Heartbeat OK
[MAIN] Telemetry ready: lat=28.4127501, lon=77.53144, h=14.978
Loading model engine: best.engine
[SCOUT] Connecting to mavlink-router TCP 127.0.0.1:5760
[SCOUT] Connected
[TELEM] Connecting to MAVLink router UDP 14550[MAIN] Waiting for telemetry (GPS)...

[TELEM] Waiting for heartbeat...
[TELEM] Heartbeat OK
[MAIN] Telemetry ready: lat=28.4129246, lon=77.5313004, h=14.948
Loading model engine: best.engine
[SCOUT] Connecting to mavlink-router TCP 127.0.0.1:5760
[SCOUT] Connected
[TELEM] Connecting to MAVLink router UDP 14550[MAIN] Waiting for telemetry (GPS)...

[TELEM] Waiting for heartbeat...
[TELEM] Heartbeat OK
[MAIN] Telemetry ready: lat=28.4130987, lon=77.5311606, h=14.918
Loading model engine: best.engine
[SCOUT] Connecting to mavlink-router TCP 127.0.0.1:5760
[SCOUT] Connected
[TELEM] Connecting to MAVLink router UDP 14550[MAIN] Waiting for telemetry (GPS)...

[TELEM] Waiting for heartbeat...
[TELEM] Heartbeat OK
[MAIN] Telemetry ready: lat=28.4132734, lon=77.5310209, h=14.948
Loading model engine: best.engine
[SCOUT] Connecting to mavlink-router TCP 127.0.0.1:5760
[SCOUT] Connected
[TELEM] Connecting to MAVLink router UDP 14550[MAIN] Waiting for telemetry (GPS)...

[TELEM] Waiting for heartbeat...
[TELEM] Heartbeat OK
[MAIN] Telemetry ready: lat=28.4134476, lon=77.5308819, h=14.945
Loading model engine: best.engine
[SCOUT] Connecting to mavlink-router TCP 127.0.0.1:5760
[SCOUT] Connected
[TELEM] Connecting to MAVLink router UDP 14550[MAIN] Waiting for telemetry (GPS)...

[TELEM] Waiting for heartbeat...
[TELEM] Heartbeat OK
[MAIN] Telemetry ready: lat=28.4136309, lon=77.5307346, h=15.025
Loading model engine: best.engine
[SCOUT] Connecting to mavlink-router TCP 127.0.0.1:5760
[SCOUT] Connected
[TELEM] Connecting to MAVLink router UDP 14550[MAIN] Waiting for telemetry (GPS)...

[TELEM] Waiting for heartbeat...
[TELEM] Heartbeat OK
[MAIN] Telemetry ready: lat=28.4137963, lon=77.5306931, h=14.773
Loading model engine: best.engine
[SCOUT] Connecting to mavlink-router TCP 127.0.0.1:5760
[SCOUT] Connected
[TELEM] Connecting to MAVLink router UDP 14550[MAIN] Waiting for telemetry (GPS)...

[TELEM] Waiting for heartbeat...
[TELEM] Heartbeat OK
[MAIN] Telemetry ready: lat=28.4136441, lon=77.5308491, h=15.113
Loading model engine: best.engine
[SCOUT] Connecting to mavlink-router TCP 127.0.0.1:5760
[SCOUT] Connected
[TELEM] Connecting to MAVLink router UDP 14550[MAIN] Waiting for telemetry (GPS)...

[TELEM] Waiting for heartbeat...
[TELEM] Heartbeat OK
[MAIN] Telemetry ready: lat=28.4134602, lon=77.5309959, h=15.014
Loading model engine: best.engine
[SCOUT] Connecting to mavlink-router TCP 127.0.0.1:5760
[SCOUT] Connected
[TELEM] Connecting to MAVLink router UDP 14550[MAIN] Waiting for telemetry (GPS)...

[TELEM] Waiting for heartbeat...
[TELEM] Heartbeat OK
[MAIN] Telemetry ready: lat=28.4132773, lon=77.5311428, h=15.04
Loading model engine: best.engine
[SCOUT] Connecting to mavlink-router TCP 127.0.0.1:5760
[SCOUT] Connected
[TELEM] Connecting to MAVLink router UDP 14550[MAIN] Waiting for telemetry (GPS)...

[TELEM] Waiting for heartbeat...
[TELEM] Heartbeat OK
[MAIN] Telemetry ready: lat=28.4130938, lon=77.5312903, h=15.07
Loading model engine: best.engine
[SCOUT] Connecting to mavlink-router TCP 127.0.0.1:5760
[SCOUT] Connected
[TELEM] Connecting to MAVLink router UDP 14550[MAIN] Waiting for telemetry (GPS)...

[TELEM] Waiting for heartbeat...
[TELEM] Heartbeat OK
[MAIN] Telemetry ready: lat=28.4129097, lon=77.5314371, h=15.061
Loading model engine: best.engine
[SCOUT] Connecting to mavlink-router TCP 127.0.0.1:5760
[SCOUT] Connected
[TELEM] Connecting to MAVLink router UDP 14550[MAIN] Waiting for telemetry (GPS)...

[TELEM] Waiting for heartbeat...
[TELEM] Heartbeat OK
[MAIN] Telemetry ready: lat=28.4127262, lon=77.5315833, h=14.947
Loading model engine: best.engine
[SCOUT] Connecting to mavlink-router TCP 127.0.0.1:5760
[SCOUT] Connected
[TELEM] Connecting to MAVLink router UDP 14550[MAIN] Waiting for telemetry (GPS)...

[TELEM] Waiting for heartbeat...
[TELEM] Heartbeat OK
[MAIN] Telemetry ready: lat=28.4127094, lon=77.5317201, h=15.117
Loading model engine: best.engine
[SCOUT] Connecting to mavlink-router TCP 127.0.0.1:5760
[SCOUT] Connected
[TELEM] Connecting to MAVLink router UDP 14550[MAIN] Waiting for telemetry (GPS)...

[TELEM] Waiting for heartbeat...
[TELEM] Heartbeat OK
[MAIN] Telemetry ready: lat=28.4128931, lon=77.5315744, h=14.954
Loading model engine: best.engine
[SCOUT] Connecting to mavlink-router TCP 127.0.0.1:5760
[SCOUT] Connected
[TELEM] Connecting to MAVLink router UDP 14550[MAIN] Waiting for telemetry (GPS)...

[TELEM] Waiting for heartbeat...
[TELEM] Heartbeat OK
[MAIN] Telemetry ready: lat=28.4130676, lon=77.5314357, h=14.951
Loading model engine: best.engine
[SCOUT] Connecting to mavlink-router TCP 127.0.0.1:5760
[SCOUT] Connected
[TELEM] Connecting to MAVLink router UDP 14550[MAIN] Waiting for telemetry (GPS)...

[TELEM] Waiting for heartbeat...
[TELEM] Heartbeat OK
[MAIN] Telemetry ready: lat=28.4132424, lon=77.5312961, h=15.002
Loading model engine: best.engine
[SCOUT] Connecting to mavlink-router TCP 127.0.0.1:5760
[SCOUT] Connected
[TELEM] Connecting to MAVLink router UDP 14550[MAIN] Waiting for telemetry (GPS)...

[TELEM] Waiting for heartbeat...
[TELEM] Heartbeat OK
[MAIN] Telemetry ready: lat=28.4134257, lon=77.5311484, h=14.959
Loading model engine: best.engine
[SCOUT] Connecting to mavlink-router TCP 127.0.0.1:5760
[SCOUT] Connected
[TELEM] Connecting to MAVLink router UDP 14550[MAIN] Waiting for telemetry (GPS)...

[TELEM] Waiting for heartbeat...
[TELEM] Heartbeat OK
[MAIN] Telemetry ready: lat=28.4136091, lon=77.5310015, h=14.996
Loading model engine: best.engine
[SCOUT] Connecting to mavlink-router TCP 127.0.0.1:5760
[SCOUT] Connected
[TELEM] Connecting to MAVLink router UDP 14550[MAIN] Waiting for telemetry (GPS)...

[TELEM] Waiting for heartbeat...
[TELEM] Heartbeat OK
[MAIN] Telemetry ready: lat=28.4137837, lon=77.5308623, h=15.02
Loading model engine: best.engine
[SCOUT] Connecting to mavlink-router TCP 127.0.0.1:5760
[SCOUT] Connected
[TELEM] Connecting to MAVLink router UDP 14550[MAIN] Waiting for telemetry (GPS)...

[TELEM] Waiting for heartbeat...
[TELEM] Heartbeat OK
[MAIN] Telemetry ready: lat=28.4138917, lon=77.5308998, h=14.836
Loading model engine: best.engine
[SCOUT] Connecting to mavlink-router TCP 127.0.0.1:5760
[SCOUT] Connected
[TELEM] Connecting to MAVLink router UDP 14550[MAIN] Waiting for telemetry (GPS)...

[TELEM] Waiting for heartbeat...
[TELEM] Heartbeat OK
[MAIN] Telemetry ready: lat=28.4137175, lon=77.531041, h=15.135
Loading model engine: best.engine
[SCOUT] Connecting to mavlink-router TCP 127.0.0.1:5760
[SCOUT] Connected
[TELEM] Connecting to MAVLink router UDP 14550[MAIN] Waiting for telemetry (GPS)...

[TELEM] Waiting for heartbeat...
[TELEM] Heartbeat OK
[MAIN] Telemetry ready: lat=28.4135425, lon=77.5311797, h=15.035
Loading model engine: best.engine
[SCOUT] Connecting to mavlink-router TCP 127.0.0.1:5760
[SCOUT] Connected
[TELEM] Connecting to MAVLink router UDP 14550
[MAIN] Waiting for telemetry (GPS)...[TELEM] Waiting for heartbeat...

[TELEM] Heartbeat OK
[MAIN] Telemetry ready: lat=28.4133588, lon=77.5313277, h=15.069
Loading model engine: best.engine
[SCOUT] Connecting to mavlink-router TCP 127.0.0.1:5760
[SCOUT] Connected
[TELEM] Connecting to MAVLink router UDP 14550[MAIN] Waiting for telemetry (GPS)...

[TELEM] Waiting for heartbeat...
[TELEM] Heartbeat OK
[MAIN] Telemetry ready: lat=28.4132243, lon=77.5313951, h=17.067
Loading model engine: best.engine
[SCOUT] Connecting to mavlink-router TCP 127.0.0.1:5760
[SCOUT] Connected
[TELEM] Connecting to MAVLink router UDP 14550[MAIN] Waiting for telemetry (GPS)...

[TELEM] Waiting for heartbeat...
[TELEM] Heartbeat OK
[MAIN] Telemetry ready: lat=28.4130111, lon=77.5313908, h=16.98
Loading model engine: best.engine
[SCOUT] Connecting to mavlink-router TCP 127.0.0.1:5760
[SCOUT] Connected
[TELEM] Connecting to MAVLink router UDP 14550[MAIN] Waiting for telemetry (GPS)...

[TELEM] Waiting for heartbeat...
[TELEM] Heartbeat OK
[MAIN] Telemetry ready: lat=28.4127867, lon=77.5313877, h=16.988
Loading model engine: best.engine
[SCOUT] Connecting to mavlink-router TCP 127.0.0.1:5760
[SCOUT] Connected
[TELEM] Connecting to MAVLink router UDP 14550[MAIN] Waiting for telemetry (GPS)...

[TELEM] Waiting for heartbeat...
[TELEM] Heartbeat OK
[MAIN] Telemetry ready: lat=28.4125618, lon=77.5313839, h=16.93
Loading model engine: best.engine
[SCOUT] Connecting to mavlink-router TCP 127.0.0.1:5760
[SCOUT] Connected
[TELEM] Connecting to MAVLink router UDP 14550[MAIN] Waiting for telemetry (GPS)...

[TELEM] Waiting for heartbeat...
[TELEM] Heartbeat OK
[MAIN] Telemetry ready: lat=28.4123486, lon=77.5313795, h=16.989
Loading model engine: best.engine
[SCOUT] Connecting to mavlink-router TCP 127.0.0.1:5760
[SCOUT] Connected
[TELEM] Connecting to MAVLink router UDP 14550[MAIN] Waiting for telemetry (GPS)...

[TELEM] Waiting for heartbeat...
[TELEM] Heartbeat OK
[MAIN] Telemetry ready: lat=28.4121854, lon=77.5313772, h=16.933
Loading model engine: best.engine
[SCOUT] Connecting to mavlink-router TCP 127.0.0.1:5760
[SCOUT] Connected
[TELEM] Connecting to MAVLink router UDP 14550[MAIN] Waiting for telemetry (GPS)...

[TELEM] Waiting for heartbeat...
[TELEM] Heartbeat OK
[MAIN] Telemetry ready: lat=28.4121872, lon=77.5313763, h=13.584
Loading model engine: best.engine
[SCOUT] Connecting to mavlink-router TCP 127.0.0.1:5760
[SCOUT] Connected
[TELEM] Connecting to MAVLink router UDP 14550[MAIN] Waiting for telemetry (GPS)...

[TELEM] Waiting for heartbeat...
[TELEM] Heartbeat OK
[MAIN] Telemetry ready: lat=28.4121867, lon=77.5313781, h=7.685
Loading model engine: best.engine
                                                                                                                                                                                                                                                                                                                                                                                                                                                                                                                                                                                                                                                                                                                                                                                                                                               [SCOUT] Connecting to mavlink-router TCP 127.0.0.1:5760
[SCOUT] Connected
[TELEM] Connecting to MAVLink router UDP 14550[MAIN] Waiting for telemetry (GPS)...

[TELEM] Waiting for heartbeat...
[TELEM] Heartbeat OK
[MAIN] WARNING: telemetry not ready after 30s, continuing anyway
Loading model engine: best.engine
[SCOUT] Connecting to mavlink-router TCP 127.0.0.1:5760
[SCOUT] Connected
[TELEM] Connecting to MAVLink router UDP 14550[MAIN] Waiting for telemetry (GPS)...

[TELEM] Waiting for heartbeat...
[TELEM] Heartbeat OK
[MAIN] WARNING: telemetry not ready after 30s, continuing anyway
Loading model engine: yolo11n.engine
[SCOUT] Connecting to mavlink-router TCP 127.0.0.1:5760
[SCOUT] Connected
[TELEM] Connecting to MAVLink router UDP 14550[MAIN] Waiting for telemetry (GPS)...

[TELEM] Waiting for heartbeat...
[TELEM] Heartbeat OK
[MAIN] WARNING: telemetry not ready after 30s, continuing anyway
Loading model engine: yolo11n.engine
[SCOUT] Connecting to mavlink-router TCP 127.0.0.1:5760
[SCOUT] Connected
[TELEM] Connecting to MAVLink router UDP 14550[MAIN] Waiting for telemetry (GPS)...

[TELEM] Waiting for heartbeat...
[TELEM] Heartbeat OK
[MAIN] WARNING: telemetry not ready after 30s, continuing anyway
Loading model engine: yolo11n.engine
[SCOUT] Connecting to mavlink-router TCP 127.0.0.1:5760
[SCOUT] Connected
[TELEM] Connecting to MAVLink router UDP 14550[MAIN] Waiting for telemetry (GPS)...

[TELEM] Waiting for heartbeat...
[TELEM] Heartbeat OK
[MAIN] WARNING: telemetry not ready after 30s, continuing anyway
Loading model engine: yolo11n.engine
[SCOUT] Connecting to mavlink-router TCP 127.0.0.1:5760
[SCOUT] Connected
[TELEM] Connecting to MAVLink router UDP 14550[MAIN] Waiting for telemetry (GPS)...

[TELEM] Waiting for heartbeat...
[TELEM] Heartbeat OK
[MAIN] WARNING: telemetry not ready after 30s, continuing anyway
Loading model engine: yolo11n.engine
[SCOUT] Connecting to mavlink-router TCP 127.0.0.1:5760
[SCOUT] Connected
[TELEM] Connecting to MAVLink router UDP 14550[MAIN] Waiting for telemetry (GPS)...

[TELEM] Waiting for heartbeat...
[TELEM] Heartbeat OK
[MAIN] WARNING: telemetry not ready after 30s, continuing anyway
Loading model engine: yolo11n.engine
[SCOUT] Connecting to mavlink-router TCP 127.0.0.1:5760
[SCOUT] Connected
[TELEM] Connecting to MAVLink router UDP 14550[MAIN] Waiting for telemetry (GPS)...

[TELEM] Waiting for heartbeat...
[TELEM] Heartbeat OK
[MAIN] WARNING: telemetry not ready after 30s, continuing anyway
Loading model engine: yolo11n.engine
[SCOUT] Connecting to mavlink-router TCP 127.0.0.1:5760
[SCOUT] Connected
[TELEM] Connecting to MAVLink router UDP 14550[MAIN] Waiting for telemetry (GPS)...

[TELEM] Waiting for heartbeat...
[TELEM] Heartbeat OK
[MAIN] WARNING: telemetry not ready after 30s, continuing anyway
Loading model engine: yolo11n.engine
[SCOUT] Connecting to mavlink-router TCP 127.0.0.1:5760
[SCOUT] Connected
[TELEM] Connecting to MAVLink router UDP 14550[MAIN] Waiting for telemetry (GPS)...

[TELEM] Waiting for heartbeat...
[TELEM] Heartbeat OK
[MAIN] WARNING: telemetry not ready after 30s, continuing anyway
Loading model engine: yolo11n.engine
[SCOUT] Connecting to mavlink-router TCP 127.0.0.1:5760
[SCOUT] Connected
[TELEM] Connecting to MAVLink router UDP 14550[MAIN] Waiting for telemetry (GPS)...

[TELEM] Waiting for heartbeat...
[TELEM] Heartbeat OK
[MAIN] Telemetry ready: lat=28.4122091, lon=77.5313781, h=0.246
Loading model engine: yolo11n.engine
[SCOUT] Connecting to mavlink-router TCP 127.0.0.1:5760
[SCOUT] Connected
[TELEM] Connecting to MAVLink router UDP 14550[MAIN] Waiting for telemetry (GPS)...

[TELEM] Waiting for heartbeat...
[TELEM] Heartbeat OK
[MAIN] Telemetry ready: lat=28.4122081, lon=77.5313771, h=0.533
Loading model engine: yolo11n.engine
[SCOUT] Connecting to mavlink-router TCP 127.0.0.1:5760
[SCOUT] Connected
[TELEM] Connecting to MAVLink router UDP 14550
[TELEM] Waiting for heartbeat...
[MAIN] Waiting for telemetry (GPS)...
[TELEM] Heartbeat OK
[MAIN] Telemetry ready: lat=28.4122079, lon=77.5313771, h=0.511
Loading model engine: yolo11n.engine
[SCOUT] Connecting to mavlink-router TCP 127.0.0.1:5760
[SCOUT] Connected
[TELEM] Connecting to MAVLink router UDP 14550[MAIN] Waiting for telemetry (GPS)...

[TELEM] Waiting for heartbeat...
[TELEM] Heartbeat OK
[MAIN] Telemetry ready: lat=28.4122054, lon=77.5313774, h=0.662
Loading model engine: yolo11n.engine
[SCOUT] Connecting to mavlink-router TCP 127.0.0.1:5760
[SCOUT] Connected
[TELEM] Connecting to MAVLink router UDP 14550[MAIN] Waiting for telemetry (GPS)...

[TELEM] Waiting for heartbeat...
[TELEM] Heartbeat OK
[MAIN] Telemetry ready: lat=28.4122042, lon=77.5313773, h=0.557
Loading model engine: yolo11n.engine
[SCOUT] Connecting to mavlink-router TCP 127.0.0.1:5760
[SCOUT] Connected
[TELEM] Connecting to MAVLink router UDP 14550[MAIN] Waiting for telemetry (GPS)...

[TELEM] Waiting for heartbeat...
[TELEM] Heartbeat OK
[MAIN] Telemetry ready: lat=28.4122029, lon=77.531377, h=0.64
Loading model engine: yolo11n.engine
[SCOUT] Connecting to mavlink-router TCP 127.0.0.1:5760
[SCOUT] Connected
[TELEM] Connecting to MAVLink router UDP 14550[MAIN] Waiting for telemetry (GPS)...

[TELEM] Waiting for heartbeat...
[TELEM] Heartbeat OK
[MAIN] Telemetry ready: lat=28.4122021, lon=77.531377, h=0.649
Loading model engine: yolo11n.engine
[SCOUT] Connecting to mavlink-router TCP 127.0.0.1:5760
[SCOUT] Connected
[TELEM] Connecting to MAVLink router UDP 14550[MAIN] Waiting for telemetry (GPS)...

[TELEM] Waiting for heartbeat...
[TELEM] Heartbeat OK
[MAIN] Telemetry ready: lat=28.4122014, lon=77.5313785, h=0.67
Loading model engine: yolo11n.engine
[SCOUT] Connecting to mavlink-router TCP 127.0.0.1:5760
[SCOUT] Connected
[TELEM] Connecting to MAVLink router UDP 14550[MAIN] Waiting for telemetry (GPS)...

[TELEM] Waiting for heartbeat...
[TELEM] Heartbeat OK
[MAIN] Telemetry ready: lat=28.4122014, lon=77.5313782, h=0.583
Loading model engine: yolo11n.engine
[SCOUT] Connecting to mavlink-router TCP 127.0.0.1:5760
[SCOUT] Connected
[TELEM] Connecting to MAVLink router UDP 14550[MAIN] Waiting for telemetry (GPS)...

[TELEM] Waiting for heartbeat...
[TELEM] Heartbeat OK
[MAIN] Telemetry ready: lat=28.4122022, lon=77.5313785, h=0.672
Loading model engine: yolo11n.engine
[SCOUT] Connecting to mavlink-router TCP 127.0.0.1:5760
[SCOUT] Connected
[TELEM] Connecting to MAVLink router UDP 14550[MAIN] Waiting for telemetry (GPS)...

[TELEM] Waiting for heartbeat...
[TELEM] Heartbeat OK
[MAIN] Telemetry ready: lat=28.4122015, lon=77.5313785, h=0.687
Loading model engine: yolo11n.engine
[SCOUT] Connecting to mavlink-router TCP 127.0.0.1:5760
[SCOUT] Connected
[TELEM] Connecting to MAVLink router UDP 14550[MAIN] Waiting for telemetry (GPS)...

[TELEM] Waiting for heartbeat...
[TELEM] Heartbeat OK
[MAIN] Telemetry ready: lat=28.4122008, lon=77.531379, h=0.645
Loading model engine: yolo11n.engine
[SCOUT] Connecting to mavlink-router TCP 127.0.0.1:5760
[SCOUT] Connected
[TELEM] Connecting to MAVLink router UDP 14550[MAIN] Waiting for telemetry (GPS)...

[TELEM] Waiting for heartbeat...
[TELEM] Heartbeat OK
[MAIN] Telemetry ready: lat=28.4122002, lon=77.5313796, h=0.777
Loading model engine: yolo11n.engine
[SCOUT] Connecting to mavlink-router TCP 127.0.0.1:5760
[SCOUT] Connected
[TELEM] Connecting to MAVLink router UDP 14550[MAIN] Waiting for telemetry (GPS)...

[TELEM] Waiting for heartbeat...
[TELEM] Heartbeat OK
[MAIN] Telemetry ready: lat=28.4121998, lon=77.5313792, h=0.793
Loading model engine: yolo11n.engine
[SCOUT] Connecting to mavlink-router TCP 127.0.0.1:5760
[SCOUT] Connected
[TELEM] Connecting to MAVLink router UDP 14550[MAIN] Waiting for telemetry (GPS)...

[TELEM] Waiting for heartbeat...
[TELEM] Heartbeat OK
[MAIN] Telemetry ready: lat=28.4121998, lon=77.5313786, h=0.797
Loading model engine: yolo11n.engine
[SCOUT] Connecting to mavlink-router TCP 127.0.0.1:5760
[SCOUT] Connected
[TELEM] Connecting to MAVLink router UDP 14550[MAIN] Waiting for telemetry (GPS)...

[TELEM] Waiting for heartbeat...
[TELEM] Heartbeat OK
[MAIN] Telemetry ready: lat=28.4122015, lon=77.5313786, h=0.714
Loading model engine: yolo11n.engine
[SCOUT] Connecting to mavlink-router TCP 127.0.0.1:5760
[SCOUT] Connected
[TELEM] Connecting to MAVLink router UDP 14550[MAIN] Waiting for telemetry (GPS)...

[TELEM] Waiting for heartbeat...
[TELEM] Heartbeat OK
[MAIN] Telemetry ready: lat=28.4122031, lon=77.5313785, h=0.724
Loading model engine: yolo11n.engine
[SCOUT] Connecting to mavlink-router TCP 127.0.0.1:5760
[SCOUT] Connected
[TELEM] Connecting to MAVLink router UDP 14550[MAIN] Waiting for telemetry (GPS)...

[TELEM] Waiting for heartbeat...
[TELEM] Heartbeat OK
[MAIN] Telemetry ready: lat=28.4122057, lon=77.5313774, h=0.757
Loading model engine: yolo11n.engine
[SCOUT] Connecting to mavlink-router TCP 127.0.0.1:5760
[SCOUT] Connected
[TELEM] Connecting to MAVLink router UDP 14550[MAIN] Waiting for telemetry (GPS)...

[TELEM] Waiting for heartbeat...
[TELEM] Heartbeat OK
[MAIN] Telemetry ready: lat=28.4122062, lon=77.5313784, h=0.984
Loading model engine: yolo11n.engine
[SCOUT] Connecting to mavlink-router TCP 127.0.0.1:5760
[SCOUT] Connected
[TELEM] Connecting to MAVLink router UDP 14550[MAIN] Waiting for telemetry (GPS)...

[TELEM] Waiting for heartbeat...
[TELEM] Heartbeat OK
[MAIN] Telemetry ready: lat=28.4122068, lon=77.5313783, h=0.876
Loading model engine: yolo11n.engine
[SCOUT] Connecting to mavlink-router TCP 127.0.0.1:5760
[SCOUT] Connected
[TELEM] Connecting to MAVLink router UDP 14550[MAIN] Waiting for telemetry (GPS)...

[TELEM] Waiting for heartbeat...
[TELEM] Heartbeat OK
[MAIN] Telemetry ready: lat=28.4122071, lon=77.5313773, h=0.941
Loading model engine: yolo11n.engine
[SCOUT] Connecting to mavlink-router TCP 127.0.0.1:5760
[SCOUT] Connected
[TELEM] Connecting to MAVLink router UDP 14550[MAIN] Waiting for telemetry (GPS)...

[TELEM] Waiting for heartbeat...
[TELEM] Heartbeat OK
[MAIN] Telemetry ready: lat=28.4122082, lon=77.5313756, h=0.925
Loading model engine: yolo11n.engine
[SCOUT] Connecting to mavlink-router TCP 127.0.0.1:5760
[SCOUT] Connected
[TELEM] Connecting to MAVLink router UDP 14550[MAIN] Waiting for telemetry (GPS)...

[TELEM] Waiting for heartbeat...
[TELEM] Heartbeat OK
[MAIN] Telemetry ready: lat=28.41221, lon=77.5313767, h=0.931
Loading model engine: yolo11n.engine
[SCOUT] Connecting to mavlink-router TCP 127.0.0.1:5760
[SCOUT] Connected
[TELEM] Connecting to MAVLink router UDP 14550[MAIN] Waiting for telemetry (GPS)...

[TELEM] Waiting for heartbeat...
[TELEM] Heartbeat OK
[MAIN] Telemetry ready: lat=28.4122112, lon=77.531377, h=0.949
Loading model engine: yolo11n.engine
[SCOUT] Connecting to mavlink-router TCP 127.0.0.1:5760
[SCOUT] Connected
[TELEM] Connecting to MAVLink router UDP 14550
[MAIN] Waiting for telemetry (GPS)...
[TELEM] Waiting for heartbeat...
[TELEM] Heartbeat OK
[MAIN] Telemetry ready: lat=28.4122126, lon=77.5313767, h=0.922
Loading model engine: yolo11n.engine
[SCOUT] Connecting to mavlink-router TCP 127.0.0.1:5760
[SCOUT] Connected
[TELEM] Connecting to MAVLink router UDP 14550[MAIN] Waiting for telemetry (GPS)...

[TELEM] Waiting for heartbeat...
[TELEM] Heartbeat OK
[MAIN] Telemetry ready: lat=28.4122128, lon=77.5313762, h=0.926
Loading model engine: yolo11n.engine
[SCOUT] Connecting to mavlink-router TCP 127.0.0.1:5760
[SCOUT] Connected
[TELEM] Connecting to MAVLink router UDP 14550[MAIN] Waiting for telemetry (GPS)...

[TELEM] Waiting for heartbeat...
[TELEM] Heartbeat OK
[MAIN] Telemetry ready: lat=28.4122132, lon=77.5313754, h=0.905
Loading model engine: yolo11n.engine
[SCOUT] Connecting to mavlink-router TCP 127.0.0.1:5760
[SCOUT] Connected
[TELEM] Connecting to MAVLink router UDP 14550[MAIN] Waiting for telemetry (GPS)...

[TELEM] Waiting for heartbeat...
[TELEM] Heartbeat OK
[MAIN] Telemetry ready: lat=28.4122141, lon=77.5313756, h=1.032
Loading model engine: yolo11n.engine
[SCOUT] Connecting to mavlink-router TCP 127.0.0.1:5760
[SCOUT] Connected
[TELEM] Connecting to MAVLink router UDP 14550[MAIN] Waiting for telemetry (GPS)...

[TELEM] Waiting for heartbeat...
[TELEM] Heartbeat OK
[MAIN] Telemetry ready: lat=28.4122147, lon=77.5313756, h=1.041
Loading model engine: yolo11n.engine
[SCOUT] Connecting to mavlink-router TCP 127.0.0.1:5760
[SCOUT] Connected
[TELEM] Connecting to MAVLink router UDP 14550[MAIN] Waiting for telemetry (GPS)...

[TELEM] Waiting for heartbeat...
[TELEM] Heartbeat OK
[MAIN] Telemetry ready: lat=28.4122141, lon=77.5313769, h=0.963
Loading model engine: yolo11n.engine
[SCOUT] Connecting to mavlink-router TCP 127.0.0.1:5760
[SCOUT] Connected
[TELEM] Connecting to MAVLink router UDP 14550[MAIN] Waiting for telemetry (GPS)...

[TELEM] Waiting for heartbeat...
[TELEM] Heartbeat OK
[MAIN] Telemetry ready: lat=28.412214, lon=77.5313775, h=1.068
Loading model engine: yolo11n.engine
[SCOUT] Connecting to mavlink-router TCP 127.0.0.1:5760
[SCOUT] Connected
[TELEM] Connecting to MAVLink router UDP 14550[MAIN] Waiting for telemetry (GPS)...

[TELEM] Waiting for heartbeat...
[TELEM] Heartbeat OK
[MAIN] Telemetry ready: lat=28.4122132, lon=77.5313767, h=1.139
Loading model engine: yolo11n.engine
[SCOUT] Connecting to mavlink-router TCP 127.0.0.1:5760
[SCOUT] Connected
[TELEM] Connecting to MAVLink router UDP 14550[MAIN] Waiting for telemetry (GPS)...

[TELEM] Waiting for heartbeat...
[TELEM] Heartbeat OK
[MAIN] Telemetry ready: lat=28.412213, lon=77.5313763, h=1.162
Loading model engine: yolo11n.engine
[SCOUT] Connecting to mavlink-router TCP 127.0.0.1:5760
[SCOUT] Connected
[TELEM] Connecting to MAVLink router UDP 14550[MAIN] Waiting for telemetry (GPS)...

[TELEM] Waiting for heartbeat...
[TELEM] Heartbeat OK
[MAIN] Telemetry ready: lat=28.4122109, lon=77.5313737, h=1.197
Loading model engine: yolo11n.engine
[SCOUT] Connecting to mavlink-router TCP 127.0.0.1:5760
[SCOUT] Connected
[TELEM] Connecting to MAVLink router UDP 14550[MAIN] Waiting for telemetry (GPS)...

[TELEM] Waiting for heartbeat...
[TELEM] Heartbeat OK
[MAIN] Telemetry ready: lat=28.4122086, lon=77.5313709, h=1.188
Loading model engine: yolo11n.engine
[SCOUT] Connecting to mavlink-router TCP 127.0.0.1:5760
[SCOUT] Connected
[TELEM] Connecting to MAVLink router UDP 14550[MAIN] Waiting for telemetry (GPS)...

[TELEM] Waiting for heartbeat...
[TELEM] Heartbeat OK
[MAIN] Telemetry ready: lat=28.4122075, lon=77.5313704, h=1.124
Loading model engine: yolo11n.engine
[SCOUT] Connecting to mavlink-router TCP 127.0.0.1:5760
[SCOUT] Connected
[TELEM] Connecting to MAVLink router UDP 14550[MAIN] Waiting for telemetry (GPS)...

[TELEM] Waiting for heartbeat...
[TELEM] Heartbeat OK
[MAIN] Telemetry ready: lat=28.4122071, lon=77.5313705, h=1.271
Loading model engine: yolo11n.engine
[SCOUT] Connecting to mavlink-router TCP 127.0.0.1:5760
[SCOUT] Connected
[TELEM] Connecting to MAVLink router UDP 14550[MAIN] Waiting for telemetry (GPS)...

[TELEM] Waiting for heartbeat...
[TELEM] Heartbeat OK
[MAIN] Telemetry ready: lat=28.4122058, lon=77.5313718, h=1.276
Loading model engine: yolo11n.engine
[SCOUT] Connecting to mavlink-router TCP 127.0.0.1:5760
[SCOUT] Connected
[TELEM] Connecting to MAVLink router UDP 14550[MAIN] Waiting for telemetry (GPS)...

[TELEM] Waiting for heartbeat...
[TELEM] Heartbeat OK
[MAIN] Telemetry ready: lat=28.412205, lon=77.5313715, h=1.15
Loading model engine: yolo11n.engine
[SCOUT] Connecting to mavlink-router TCP 127.0.0.1:5760
[SCOUT] Connected
[TELEM] Connecting to MAVLink router UDP 14550[MAIN] Waiting for telemetry (GPS)...

[TELEM] Waiting for heartbeat...
[TELEM] Heartbeat OK
[MAIN] Telemetry ready: lat=28.4122057, lon=77.5313722, h=1.276
Loading model engine: yolo11n.engine
[SCOUT] Connecting to mavlink-router TCP 127.0.0.1:5760
[SCOUT] Connected
[TELEM] Connecting to MAVLink router UDP 14550[MAIN] Waiting for telemetry (GPS)...

[TELEM] Waiting for heartbeat...
[TELEM] Heartbeat OK
[MAIN] Telemetry ready: lat=28.412207, lon=77.5313735, h=3.295
Loading model engine: yolo11n.engine
[SCOUT] Connecting to mavlink-router TCP 127.0.0.1:5760
[SCOUT] Connected
[TELEM] Connecting to MAVLink router UDP 14550[MAIN] Waiting for telemetry (GPS)...

[TELEM] Waiting for heartbeat...
[TELEM] Heartbeat OK
[MAIN] Telemetry ready: lat=28.4122064, lon=77.5313722, h=13.283
Loading model engine: yolo11n.engine
[SCOUT] Connecting to mavlink-router TCP 127.0.0.1:5760
[SCOUT] Connected
[TELEM] Connecting to MAVLink router UDP 14550[MAIN] Waiting for telemetry (GPS)...

[TELEM] Waiting for heartbeat...
[TELEM] Heartbeat OK
[MAIN] Telemetry ready: lat=28.412321, lon=77.5313936, h=14.967
Loading model engine: yolo11n.engine
[SCOUT] Connecting to mavlink-router TCP 127.0.0.1:5760
[SCOUT] Connected
[TELEM] Connecting to MAVLink router UDP 14550[MAIN] Waiting for telemetry (GPS)...

[TELEM] Waiting for heartbeat...
[TELEM] Heartbeat OK
[MAIN] Telemetry ready: lat=28.4125288, lon=77.5313688, h=14.835
Loading model engine: yolo11n.engine
[SCOUT] Connecting to mavlink-router TCP 127.0.0.1:5760
[SCOUT] Connected
[TELEM] Connecting to MAVLink router UDP 14550[MAIN] Waiting for telemetry (GPS)...

[TELEM] Waiting for heartbeat...
[TELEM] Heartbeat OK
[MAIN] Telemetry ready: lat=28.4127021, lon=77.5312271, h=15.194
Loading model engine: yolo11n.engine
[SCOUT] Connecting to mavlink-router TCP 127.0.0.1:5760
[SCOUT] Connected
[TELEM] Connecting to MAVLink router UDP 14550[MAIN] Waiting for telemetry (GPS)...

[TELEM] Waiting for heartbeat...
[TELEM] Heartbeat OK
[MAIN] Telemetry ready: lat=28.4128768, lon=77.5310882, h=14.99
Loading model engine: yolo11n.engine
[SCOUT] Connecting to mavlink-router TCP 127.0.0.1:5760
[SCOUT] Connected
[TELEM] Connecting to MAVLink router UDP 14550[MAIN] Waiting for telemetry (GPS)...

[TELEM] Waiting for heartbeat...
[TELEM] Heartbeat OK
[MAIN] Telemetry ready: lat=28.4130609, lon=77.5309412, h=14.956
Loading model engine: yolo11n.engine
[SCOUT] Connecting to mavlink-router TCP 127.0.0.1:5760
[SCOUT] Connected
[TELEM] Connecting to MAVLink router UDP 14550
[MAIN] Waiting for telemetry (GPS)...
[TELEM] Waiting for heartbeat...
[TELEM] Heartbeat OK
[MAIN] Telemetry ready: lat=28.4132445, lon=77.5307944, h=15.01
Loading model engine: yolo11n.engine
[SCOUT] Connecting to mavlink-router TCP 127.0.0.1:5760
[SCOUT] Connected
[TELEM] Connecting to MAVLink router UDP 14550[MAIN] Waiting for telemetry (GPS)...

[TELEM] Waiting for heartbeat...
[TELEM] Heartbeat OK
[MAIN] Telemetry ready: lat=28.4134285, lon=77.5306474, h=14.996
Loading model engine: yolo11n.engine
[SCOUT] Connecting to mavlink-router TCP 127.0.0.1:5760
[SCOUT] Connected
[TELEM] Connecting to MAVLink router UDP 14550[MAIN] Waiting for telemetry (GPS)...

[TELEM] Waiting for heartbeat...
[TELEM] Heartbeat OK
[MAIN] Telemetry ready: lat=28.4136119, lon=77.5305003, h=14.921
Loading model engine: yolo11n.engine
[SCOUT] Connecting to mavlink-router TCP 127.0.0.1:5760
[SCOUT] Connected
[TELEM] Connecting to MAVLink router UDP 14550[MAIN] Waiting for telemetry (GPS)...

[TELEM] Waiting for heartbeat...
[TELEM] Heartbeat OK
[MAIN] Telemetry ready: lat=28.4136514, lon=77.5305953, h=14.991
Loading model engine: yolo11n.engine
[SCOUT] Connecting to mavlink-router TCP 127.0.0.1:5760
[SCOUT] Connected
[TELEM] Connecting to MAVLink router UDP 14550[MAIN] Waiting for telemetry (GPS)...

[TELEM] Waiting for heartbeat...
[TELEM] Heartbeat OK
[MAIN] Telemetry ready: lat=28.4134747, lon=77.5307346, h=14.965
Loading model engine: yolo11n.engine
[SCOUT] Connecting to mavlink-router TCP 127.0.0.1:5760
[SCOUT] Connected
[TELEM] Connecting to MAVLink router UDP 14550[MAIN] Waiting for telemetry (GPS)...

[TELEM] Waiting for heartbeat...
[TELEM] Heartbeat OK
[MAIN] Telemetry ready: lat=28.4133008, lon=77.5308739, h=14.969
Loading model engine: yolo11n.engine
[SCOUT] Connecting to mavlink-router TCP 127.0.0.1:5760
[SCOUT] Connected
[TELEM] Connecting to MAVLink router UDP 14550[MAIN] Waiting for telemetry (GPS)...

[TELEM] Waiting for heartbeat...
[TELEM] Heartbeat OK
[MAIN] Telemetry ready: lat=28.4131269, lon=77.531013, h=14.993
Loading model engine: yolo11n.engine
[SCOUT] Connecting to mavlink-router TCP 127.0.0.1:5760
[SCOUT] Connected
[TELEM] Connecting to MAVLink router UDP 14550[MAIN] Waiting for telemetry (GPS)...

[TELEM] Waiting for heartbeat...
[TELEM] Heartbeat OK
[MAIN] Telemetry ready: lat=28.4129434, lon=77.5311602, h=15.045
Loading model engine: yolo11n.engine
[SCOUT] Connecting to mavlink-router TCP 127.0.0.1:5760
[SCOUT] Connected
[TELEM] Connecting to MAVLink router UDP 14550[MAIN] Waiting for telemetry (GPS)...

[TELEM] Waiting for heartbeat...
[TELEM] Heartbeat OK
[MAIN] Telemetry ready: lat=28.4127596, lon=77.5313073, h=15.007
Loading model engine: yolo11n.engine
[SCOUT] Connecting to mavlink-router TCP 127.0.0.1:5760
[SCOUT] Connected
[TELEM] Connecting to MAVLink router UDP 14550[MAIN] Waiting for telemetry (GPS)...

[TELEM] Waiting for heartbeat...
[TELEM] Heartbeat OK
[MAIN] Telemetry ready: lat=28.4125755, lon=77.5314545, h=15.038
Loading model engine: yolo11n.engine
[SCOUT] Connecting to mavlink-router TCP 127.0.0.1:5760
[SCOUT] Connected
[TELEM] Connecting to MAVLink router UDP 14550[MAIN] Waiting for telemetry (GPS)...

[TELEM] Waiting for heartbeat...
[TELEM] Heartbeat OK
[MAIN] Telemetry ready: lat=28.412619, lon=77.5315458, h=14.978
Loading model engine: yolo11n.engine
[SCOUT] Connecting to mavlink-router TCP 127.0.0.1:5760
[SCOUT] Connected
[TELEM] Connecting to MAVLink router UDP 14550[MAIN] Waiting for telemetry (GPS)...

[TELEM] Waiting for heartbeat...
[TELEM] Heartbeat OK
[MAIN] Telemetry ready: lat=28.4127938, lon=77.5314045, h=14.989
Loading model engine: yolo11n.engine
[SCOUT] Connecting to mavlink-router TCP 127.0.0.1:5760
[SCOUT] Connected
[TELEM] Connecting to MAVLink router UDP 14550[MAIN] Waiting for telemetry (GPS)...

[TELEM] Waiting for heartbeat...
[TELEM] Heartbeat OK
[MAIN] Telemetry ready: lat=28.4129772, lon=77.5312584, h=14.985
Loading model engine: yolo11n.engine
[SCOUT] Connecting to mavlink-router TCP 127.0.0.1:5760
[SCOUT] Connected
[TELEM] Connecting to MAVLink router UDP 14550[MAIN] Waiting for telemetry (GPS)...

[TELEM] Waiting for heartbeat...
[TELEM] Heartbeat OK
[MAIN] Telemetry ready: lat=28.4131521, lon=77.5311183, h=15.02
Loading model engine: yolo11n.engine
[SCOUT] Connecting to mavlink-router TCP 127.0.0.1:5760
[SCOUT] Connected
[TELEM] Connecting to MAVLink router UDP 14550[MAIN] Waiting for telemetry (GPS)...

[TELEM] Waiting for heartbeat...
[TELEM] Heartbeat OK
[MAIN] Telemetry ready: lat=28.4133259, lon=77.530979, h=14.988
Loading model engine: yolo11n.engine
[SCOUT] Connecting to mavlink-router TCP 127.0.0.1:5760
[SCOUT] Connected
[TELEM] Connecting to MAVLink router UDP 14550[MAIN] Waiting for telemetry (GPS)...

[TELEM] Waiting for heartbeat...
[TELEM] Heartbeat OK
[MAIN] Telemetry ready: lat=28.4135102, lon=77.5308317, h=14.961
Loading model engine: yolo11n.engine
[SCOUT] Connecting to mavlink-router TCP 127.0.0.1:5760
[SCOUT] Connected
[TELEM] Connecting to MAVLink router UDP 14550[MAIN] Waiting for telemetry (GPS)...

[TELEM] Waiting for heartbeat...
[TELEM] Heartbeat OK
[MAIN] Telemetry ready: lat=28.4136841, lon=77.5306929, h=14.999
Loading model engine: yolo11n.engine
[SCOUT] Connecting to mavlink-router TCP 127.0.0.1:5760
[SCOUT] Connected
[TELEM] Connecting to MAVLink router UDP 14550[MAIN] Waiting for telemetry (GPS)...

[TELEM] Waiting for heartbeat...
[TELEM] Heartbeat OK
[MAIN] Telemetry ready: lat=28.4137774, lon=77.5307436, h=14.645
Loading model engine: yolo11n.engine
[SCOUT] Connecting to mavlink-router TCP 127.0.0.1:5760
[SCOUT] Connected
[TELEM] Connecting to MAVLink router UDP 14550[MAIN] Waiting for telemetry (GPS)...

[TELEM] Waiting for heartbeat...
[TELEM] Heartbeat OK
[MAIN] Telemetry ready: lat=28.4136011, lon=77.5308832, h=15.101
Loading model engine: yolo11n.engine
[SCOUT] Connecting to mavlink-router TCP 127.0.0.1:5760
[SCOUT] Connected
[TELEM] Connecting to MAVLink router UDP 14550[MAIN] Waiting for telemetry (GPS)...

[TELEM] Waiting for heartbeat...
[TELEM] Heartbeat OK
[MAIN] Telemetry ready: lat=28.4134176, lon=77.5310311, h=14.96
Loading model engine: yolo11n.engine
[SCOUT] Connecting to mavlink-router TCP 127.0.0.1:5760
[SCOUT] Connected
[TELEM] Connecting to MAVLink router UDP 14550[MAIN] Waiting for telemetry (GPS)...

[TELEM] Waiting for heartbeat...
[TELEM] Heartbeat OK
[MAIN] Telemetry ready: lat=28.4132437, lon=77.5311691, h=14.948
Loading model engine: yolo11n.engine
[SCOUT] Connecting to mavlink-router TCP 127.0.0.1:5760
[SCOUT] Connected
[TELEM] Connecting to MAVLink router UDP 14550
[MAIN] Waiting for telemetry (GPS)...[TELEM] Waiting for heartbeat...

[TELEM] Heartbeat OK
[MAIN] Telemetry ready: lat=28.4130697, lon=77.5313091, h=14.96
Loading model engine: yolo11n.engine
[SCOUT] Connecting to mavlink-router TCP 127.0.0.1:5760
[SCOUT] Connected
[TELEM] Connecting to MAVLink router UDP 14550[MAIN] Waiting for telemetry (GPS)...

[TELEM] Waiting for heartbeat...
[TELEM] Heartbeat OK
[MAIN] Telemetry ready: lat=28.4128862, lon=77.5314558, h=14.994
Loading model engine: yolo11n.engine
[SCOUT] Connecting to mavlink-router TCP 127.0.0.1:5760
[SCOUT] Connected
[TELEM] Connecting to MAVLink router UDP 14550[MAIN] Waiting for telemetry (GPS)...

[TELEM] Waiting for heartbeat...
[TELEM] Heartbeat OK
[MAIN] Telemetry ready: lat=28.4127023, lon=77.5316029, h=14.934
Loading model engine: yolo11n.engine
[SCOUT] Connecting to mavlink-router TCP 127.0.0.1:5760
[SCOUT] Connected
[TELEM] Connecting to MAVLink router UDP 14550[MAIN] Waiting for telemetry (GPS)...

[TELEM] Waiting for heartbeat...
[TELEM] Heartbeat OK
[MAIN] Telemetry ready: lat=28.4127341, lon=77.5317031, h=15.076
Loading model engine: yolo11n.engine
[SCOUT] Connecting to mavlink-router TCP 127.0.0.1:5760
[SCOUT] Connected
[TELEM] Connecting to MAVLink router UDP 14550[MAIN] Waiting for telemetry (GPS)...

[TELEM] Waiting for heartbeat...
[TELEM] Heartbeat OK
[MAIN] Telemetry ready: lat=28.4129175, lon=77.5315555, h=15.024
Loading model engine: yolo11n.engine
[SCOUT] Connecting to mavlink-router TCP 127.0.0.1:5760
[SCOUT] Connected
[TELEM] Connecting to MAVLink router UDP 14550[MAIN] Waiting for telemetry (GPS)...

[TELEM] Waiting for heartbeat...
[TELEM] Heartbeat OK
[MAIN] Telemetry ready: lat=28.4131014, lon=77.5314084, h=14.998
Loading model engine: yolo11n.engine
[SCOUT] Connecting to mavlink-router TCP 127.0.0.1:5760
[SCOUT] Connected
[TELEM] Connecting to MAVLink router UDP 14550[MAIN] Waiting for telemetry (GPS)...

[TELEM] Waiting for heartbeat...
[TELEM] Heartbeat OK
[MAIN] Telemetry ready: lat=28.4131707, lon=77.5313267, h=17.029
Loading model engine: yolo11n.engine
[SCOUT] Connecting to mavlink-router TCP 127.0.0.1:5760
[SCOUT] Connected
[TELEM] Connecting to MAVLink router UDP 14550[MAIN] Waiting for telemetry (GPS)...

[TELEM] Waiting for heartbeat...
[TELEM] Heartbeat OK
[MAIN] Telemetry ready: lat=28.4129454, lon=77.5313375, h=17.031
Loading model engine: yolo11n.engine
[SCOUT] Connecting to mavlink-router TCP 127.0.0.1:5760
[SCOUT] Connected
[TELEM] Connecting to MAVLink router UDP 14550[MAIN] Waiting for telemetry (GPS)...

[TELEM] Waiting for heartbeat...
[TELEM] Heartbeat OK
[MAIN] Telemetry ready: lat=28.4127213, lon=77.5313474, h=17.214
Loading model engine: yolo11n.engine
[SCOUT] Connecting to mavlink-router TCP 127.0.0.1:5760
[SCOUT] Connected
[TELEM] Connecting to MAVLink router UDP 14550[MAIN] Waiting for telemetry (GPS)...

[TELEM] Waiting for heartbeat...
[TELEM] Heartbeat OK
[MAIN] Telemetry ready: lat=28.4124973, lon=77.531358, h=17.024
Loading model engine: yolo11n.engine
[SCOUT] Connecting to mavlink-router TCP 127.0.0.1:5760
[SCOUT] Connected
[TELEM] Connecting to MAVLink router UDP 14550[MAIN] Waiting for telemetry (GPS)...

[TELEM] Waiting for heartbeat...
[TELEM] Heartbeat OK
[MAIN] Telemetry ready: lat=28.4122729, lon=77.5313685, h=17.054
Loading model engine: yolo11n.engine
[SCOUT] Connecting to mavlink-router TCP 127.0.0.1:5760
[SCOUT] Connected
[TELEM] Connecting to MAVLink router UDP 14550[MAIN] Waiting for telemetry (GPS)...

[TELEM] Waiting for heartbeat...
[TELEM] Heartbeat OK
[MAIN] Telemetry ready: lat=28.4122061, lon=77.5313728, h=17.201
Loading model engine: yolo11n.engine
[SCOUT] Connecting to mavlink-router TCP 127.0.0.1:5760
[SCOUT] Connected
[TELEM] Connecting to MAVLink router UDP 14550[MAIN] Waiting for telemetry (GPS)...

[TELEM] Waiting for heartbeat...
[TELEM] Heartbeat OK
[MAIN] Telemetry ready: lat=28.4122061, lon=77.5313718, h=10.312
Loading model engine: yolo11n.engine
                                                                                                                                                                                                                                                                                                                                                                                                                                                                                                                                                                                                                                                    [SCOUT] Connecting to mavlink-router TCP 127.0.0.1:5760
[Errno 111] Connection refused sleeping
[Errno 111] Connection refused sleeping
[SCOUT] Connecting to mavlink-router TCP 127.0.0.1:5760
[Errno 111] Connection refused sleeping
[Errno 111] Connection refused sleeping
[SCOUT] Connecting to mavlink-router TCP 127.0.0.1:5760
[Errno 111] Connection refused sleeping
[Errno 111] Connection refused sleeping
[SCOUT] Connecting to mavlink-router TCP 127.0.0.1:5760
[Errno 111] Connection refused sleeping
[Errno 111] Connection refused sleeping
[SCOUT] Connecting to mavlink-router TCP 127.0.0.1:5760
[Errno 111] Connection refused sleeping
[Errno 111] Connection refused sleeping
[SCOUT] Connecting to mavlink-router TCP 127.0.0.1:5760
[Errno 111] Connection refused sleeping
[Errno 111] Connection refused sleeping
[SCOUT] Connecting to mavlink-router TCP 127.0.0.1:5760
[Errno 111] Connection refused sleeping
[Errno 111] Connection refused sleeping
[SCOUT] Connecting to mavlink-router TCP 127.0.0.1:5760
[Errno 111] Connection refused sleeping
[Errno 111] Connection refused sleeping
[SCOUT] Connecting to mavlink-router TCP 127.0.0.1:5760
[Errno 111] Connection refused sleeping
[Errno 111] Connection refused sleeping
[SCOUT] Connecting to mavlink-router TCP 127.0.0.1:5760
[Errno 111] Connection refused sleeping
[Errno 111] Connection refused sleeping
[SCOUT] Connecting to mavlink-router TCP 127.0.0.1:5760
[Errno 111] Connection refused sleeping
[Errno 111] Connection refused sleeping
[SCOUT] Connecting to mavlink-router TCP 127.0.0.1:5760
[Errno 111] Connection refused sleeping
[Errno 111] Connection refused sleeping
[SCOUT] Connecting to mavlink-router TCP 127.0.0.1:5760
[Errno 111] Connection refused sleeping
[Errno 111] Connection refused sleeping
[SCOUT] Connecting to mavlink-router TCP 127.0.0.1:5760
[Errno 111] Connection refused sleeping
[Errno 111] Connection refused sleeping
[SCOUT] Connecting to mavlink-router TCP 127.0.0.1:5760
[Errno 111] Connection refused sleeping
[Errno 111] Connection refused sleeping
[SCOUT] Connecting to mavlink-router TCP 127.0.0.1:5760
[Errno 111] Connection refused sleeping
[Errno 111] Connection refused sleeping
[SCOUT] Connecting to mavlink-router TCP 127.0.0.1:5760
[Errno 111] Connection refused sleeping
[Errno 111] Connection refused sleeping
[SCOUT] Connecting to mavlink-router TCP 127.0.0.1:5760
[Errno 111] Connection refused sleeping
[Errno 111] Connection refused sleeping
[SCOUT] Connecting to mavlink-router TCP 127.0.0.1:5760
[Errno 111] Connection refused sleeping
[Errno 111] Connection refused sleeping
[SCOUT] Connecting to mavlink-router TCP 127.0.0.1:5760
[Errno 111] Connection refused sleeping
[Errno 111] Connection refused sleeping
[SCOUT] Connecting to mavlink-router TCP 127.0.0.1:5760
[Errno 111] Connection refused sleeping
[Errno 111] Connection refused sleeping
[SCOUT] Connecting to mavlink-router TCP 127.0.0.1:5760
[Errno 111] Connection refused sleeping
[Errno 111] Connection refused sleeping
[SCOUT] Connecting to mavlink-router TCP 127.0.0.1:5760
[Errno 111] Connection refused sleeping
[Errno 111] Connection refused sleeping
[SCOUT] Connecting to mavlink-router TCP 127.0.0.1:5760
[Errno 111] Connection refused sleeping
[Errno 111] Connection refused sleeping
[SCOUT] Connecting to mavlink-router TCP 127.0.0.1:5760
[Errno 111] Connection refused sleeping
[Errno 111] Connection refused sleeping
[SCOUT] Connecting to mavlink-router TCP 127.0.0.1:5760
[Errno 111] Connection refused sleeping
[Errno 111] Connection refused sleeping
[SCOUT] Connecting to mavlink-router TCP 127.0.0.1:5760
[Errno 111] Connection refused sleeping
[Errno 111] Connection refused sleeping
[SCOUT] Connecting to mavlink-router TCP 127.0.0.1:5760
[Errno 111] Connection refused sleeping
[Errno 111] Connection refused sleeping
[SCOUT] Connecting to mavlink-router TCP 127.0.0.1:5760
[Errno 111] Connection refused sleeping
[Errno 111] Connection refused sleeping
[SCOUT] Connecting to mavlink-router TCP 127.0.0.1:5760
[Errno 111] Connection refused sleeping
[Errno 111] Connection refused sleeping
[SCOUT] Connecting to mavlink-router TCP 127.0.0.1:5760
[Errno 111] Connection refused sleeping
[Errno 111] Connection refused sleeping
[SCOUT] Connecting to mavlink-router TCP 127.0.0.1:5760
[Errno 111] Connection refused sleeping
[Errno 111] Connection refused sleeping
[SCOUT] Connecting to mavlink-router TCP 127.0.0.1:5760
[Errno 111] Connection refused sleeping
[Errno 111] Connection refused sleeping
[SCOUT] Connecting to mavlink-router TCP 127.0.0.1:5760
[Errno 111] Connection refused sleeping
[Errno 111] Connection refused sleeping
[SCOUT] Connecting to mavlink-router TCP 127.0.0.1:5760
[Errno 111] Connection refused sleeping
[Errno 111] Connection refused sleeping
[SCOUT] Connecting to mavlink-router TCP 127.0.0.1:5760
[Errno 111] Connection refused sleeping
[Errno 111] Connection refused sleeping
[SCOUT] Connecting to mavlink-router TCP 127.0.0.1:5760
[Errno 111] Connection refused sleeping
[Errno 111] Connection refused sleeping
[SCOUT] Connecting to mavlink-router TCP 127.0.0.1:5760
[Errno 111] Connection refused sleeping
[Errno 111] Connection refused sleeping
[SCOUT] Connecting to mavlink-router TCP 127.0.0.1:5760
[Errno 111] Connection refused sleeping
[Errno 111] Connection refused sleeping
[SCOUT] Connecting to mavlink-router TCP 127.0.0.1:5760
[Errno 111] Connection refused sleeping
[Errno 111] Connection refused sleeping
[SCOUT] Connecting to mavlink-router TCP 127.0.0.1:5760
[Errno 111] Connection refused sleeping
[Errno 111] Connection refused sleeping
[SCOUT] Connecting to mavlink-router TCP 127.0.0.1:5760
[Errno 111] Connection refused sleeping
[Errno 111] Connection refused sleeping
[SCOUT] Connecting to mavlink-router TCP 127.0.0.1:5760
[Errno 111] Connection refused sleeping
[Errno 111] Connection refused sleeping
[SCOUT] Connecting to mavlink-router TCP 127.0.0.1:5760
[Errno 111] Connection refused sleeping
[Errno 111] Connection refused sleeping
[SCOUT] Connecting to mavlink-router TCP 127.0.0.1:5760
[Errno 111] Connection refused sleeping
[Errno 111] Connection refused sleeping
[SCOUT] Connecting to mavlink-router TCP 127.0.0.1:5760
[Errno 111] Connection refused sleeping
[Errno 111] Connection refused sleeping
[SCOUT] Connecting to mavlink-router TCP 127.0.0.1:5760
[Errno 111] Connection refused sleeping
[Errno 111] Connection refused sleeping
[SCOUT] Connecting to mavlink-router TCP 127.0.0.1:5760
[Errno 111] Connection refused sleeping
[Errno 111] Connection refused sleeping
[SCOUT] Connecting to mavlink-router TCP 127.0.0.1:5760
[Errno 111] Connection refused sleeping
[Errno 111] Connection refused sleeping
[SCOUT] Connecting to mavlink-router TCP 127.0.0.1:5760
[Errno 111] Connection refused sleeping
[Errno 111] Connection refused sleeping
[SCOUT] Connecting to mavlink-router TCP 127.0.0.1:5760
[Errno 111] Connection refused sleeping
[Errno 111] Connection refused sleeping
[SCOUT] Connecting to mavlink-router TCP 127.0.0.1:5760
[Errno 111] Connection refused sleeping
[Errno 111] Connection refused sleeping
[SCOUT] Connecting to mavlink-router TCP 127.0.0.1:5760
[Errno 111] Connection refused sleeping
[Errno 111] Connection refused sleeping
[SCOUT] Connecting to mavlink-router TCP 127.0.0.1:5760
[Errno 111] Connection refused sleeping
[Errno 111] Connection refused sleeping
[SCOUT] Connecting to mavlink-router TCP 127.0.0.1:5760
[Errno 111] Connection refused sleeping
[Errno 111] Connection refused sleeping
[SCOUT] Connecting to mavlink-router TCP 127.0.0.1:5760
[Errno 111] Connection refused sleeping
[Errno 111] Connection refused sleeping
[SCOUT] Connecting to mavlink-router TCP 127.0.0.1:5760
[Errno 111] Connection refused sleeping
[Errno 111] Connection refused sleeping
[SCOUT] Connecting to mavlink-router TCP 127.0.0.1:5760
[Errno 111] Connection refused sleeping
[Errno 111] Connection refused sleeping
[SCOUT] Connecting to mavlink-router TCP 127.0.0.1:5760
[Errno 111] Connection refused sleeping
[Errno 111] Connection refused sleeping
[SCOUT] Connecting to mavlink-router TCP 127.0.0.1:5760
[Errno 111] Connection refused sleeping
[Errno 111] Connection refused sleeping
[SCOUT] Connecting to mavlink-router TCP 127.0.0.1:5760
[Errno 111] Connection refused sleeping
[Errno 111] Connection refused sleeping
[SCOUT] Connecting to mavlink-router TCP 127.0.0.1:5760
[Errno 111] Connection refused sleeping
[Errno 111] Connection refused sleeping
[SCOUT] Connecting to mavlink-router TCP 127.0.0.1:5760
[Errno 111] Connection refused sleeping
[Errno 111] Connection refused sleeping
[SCOUT] Connecting to mavlink-router TCP 127.0.0.1:5760
[Errno 111] Connection refused sleeping
[Errno 111] Connection refused sleeping
[SCOUT] Connecting to mavlink-router TCP 127.0.0.1:5760
[Errno 111] Connection refused sleeping
[Errno 111] Connection refused sleeping
[SCOUT] Connecting to mavlink-router TCP 127.0.0.1:5760
[Errno 111] Connection refused sleeping
[Errno 111] Connection refused sleeping
[SCOUT] Connecting to mavlink-router TCP 127.0.0.1:5760
[Errno 111] Connection refused sleeping
[Errno 111] Connection refused sleeping
[SCOUT] Connecting to mavlink-router TCP 127.0.0.1:5760
[Errno 111] Connection refused sleeping
[Errno 111] Connection refused sleeping
[SCOUT] Connecting to mavlink-router TCP 127.0.0.1:5760
[Errno 111] Connection refused sleeping
[Errno 111] Connection refused sleeping
[SCOUT] Connecting to mavlink-router TCP 127.0.0.1:5760
[Errno 111] Connection refused sleeping
[Errno 111] Connection refused sleeping
[SCOUT] Connecting to mavlink-router TCP 127.0.0.1:5760
[Errno 111] Connection refused sleeping
[Errno 111] Connection refused sleeping
[SCOUT] Connecting to mavlink-router TCP 127.0.0.1:5760
[Errno 111] Connection refused sleeping
[Errno 111] Connection refused sleeping
[SCOUT] Connecting to mavlink-router TCP 127.0.0.1:5760
[Errno 111] Connection refused sleeping
[Errno 111] Connection refused sleeping
[SCOUT] Connecting to mavlink-router TCP 127.0.0.1:5760
[Errno 111] Connection refused sleeping
[Errno 111] Connection refused sleeping
[SCOUT] Connecting to mavlink-router TCP 127.0.0.1:5760
[Errno 111] Connection refused sleeping
[Errno 111] Connection refused sleeping
[SCOUT] Connecting to mavlink-router TCP 127.0.0.1:5760
[Errno 111] Connection refused sleeping
[Errno 111] Connection refused sleeping
[SCOUT] Connecting to mavlink-router TCP 127.0.0.1:5760
[Errno 111] Connection refused sleeping
[Errno 111] Connection refused sleeping
[SCOUT] Connecting to mavlink-router TCP 127.0.0.1:5760
[Errno 111] Connection refused sleeping
[Errno 111] Connection refused sleeping
[SCOUT] Connecting to mavlink-router TCP 127.0.0.1:5760
[Errno 111] Connection refused sleeping
[Errno 111] Connection refused sleeping
[SCOUT] Connecting to mavlink-router TCP 127.0.0.1:5760
[Errno 111] Connection refused sleeping
[Errno 111] Connection refused sleeping
[SCOUT] Connecting to mavlink-router TCP 127.0.0.1:5760
[Errno 111] Connection refused sleeping
[Errno 111] Connection refused sleeping
[SCOUT] Connecting to mavlink-router TCP 127.0.0.1:5760
[Errno 111] Connection refused sleeping
[Errno 111] Connection refused sleeping
[SCOUT] Connecting to mavlink-router TCP 127.0.0.1:5760
[Errno 111] Connection refused sleeping
[Errno 111] Connection refused sleeping
[SCOUT] Connecting to mavlink-router TCP 127.0.0.1:5760
[Errno 111] Connection refused sleeping
[Errno 111] Connection refused sleeping
[SCOUT] Connecting to mavlink-router TCP 127.0.0.1:5760
[Errno 111] Connection refused sleeping
[Errno 111] Connection refused sleeping
[SCOUT] Connecting to mavlink-router TCP 127.0.0.1:5760
[Errno 111] Connection refused sleeping
[Errno 111] Connection refused sleeping
[SCOUT] Connecting to mavlink-router TCP 127.0.0.1:5760
[Errno 111] Connection refused sleeping
[Errno 111] Connection refused sleeping
[SCOUT] Connecting to mavlink-router TCP 127.0.0.1:5760
[Errno 111] Connection refused sleeping
[Errno 111] Connection refused sleeping
