timestamp_utc,lat_drone,lon_drone,h_agl,det_conf,det_class,target_lat,target_lon,image
2026-01-08T18:34:28Z,19.1335286,72.9117494,4.595,0.5791015625,0,19.13354529228563,72.91175669739941,
2026-01-08T18:34:31Z,19.1335258,72.9117519,4.453,0.5791015625,0,19.13354866488449,72.91177020204175,
2026-01-08T18:34:31Z,19.1335258,72.9117519,4.453,0.67822265625,0,19.133548266021982,72.91177038630076,human_crops/human_1767897271.jpg
2026-01-08T18:34:31Z,19.1335258,72.9117519,4.453,0.5576171875,0,19.13354781761952,72.91177074367641,
2026-01-08T18:34:31Z,19.1335258,72.9117519,4.453,0.515625,0,19.13354985950343,72.9117710868324,
2026-01-08T18:34:31Z,19.1335251,72.9117524,4.439,0.5224609375,0,19.13354822938856,72.91177182350941,
2026-01-08T18:34:31Z,19.1335251,72.9117524,4.439,0.55078125,0,19.133548335988344,72.91177185530829,
2026-01-08T18:34:31Z,19.1335251,72.9117524,4.439,0.505859375,0,19.13355059723298,72.91177204646351,
2026-01-08T18:34:31Z,19.1335251,72.9117524,4.439,0.5234375,0,19.133549263035103,72.91177138801822,
2026-01-08T18:34:32Z,19.1335251,72.9117524,4.439,0.5302734375,0,19.133549397896584,72.91177117483288,
2026-01-08T18:34:32Z,19.1335251,72.9117526,4.431,0.6943359375,0,19.1335495084848,72.91177119745483,
2026-01-08T18:34:32Z,19.1335251,72.9117526,4.431,0.60791015625,0,19.13354741982392,72.91177054877399,
2026-01-08T18:34:32Z,19.1335251,72.9117526,4.431,0.7041015625,0,19.133547453407107,72.91177070510999,
2026-01-08T18:34:32Z,19.1335251,72.9117526,4.431,0.79248046875,0,19.13354750508726,72.91177092864991,
2026-01-08T18:34:32Z,19.1335251,72.9117526,4.431,0.7041015625,0,19.133547512524682,72.91177108264468,
2026-01-08T18:34:32Z,19.1335251,72.9117526,4.431,0.63427734375,0,19.133550089739,72.91177287838075,
2026-01-08T18:34:32Z,19.1335251,72.9117526,4.431,0.78564453125,0,19.133550072948047,72.91177326546237,
2026-01-08T18:34:32Z,19.1335251,72.9117526,4.431,0.7705078125,0,19.13354990062196,72.91177352206655,
2026-01-08T18:34:32Z,19.1335251,72.9117526,4.431,0.63623046875,0,19.133549241899384,72.91177379725318,
2026-01-08T18:34:32Z,19.1335251,72.9117526,4.431,0.6103515625,0,19.133549109167927,72.91177444674594,
2026-01-08T18:34:35Z,19.1335265,72.9117572,4.315,0.64892578125,0,19.13355219390933,72.91177747431105,
2026-01-08T18:34:35Z,19.1335265,72.9117572,4.315,0.5126953125,0,19.13355216584215,72.91177712867794,
2026-01-08T18:34:35Z,19.1335265,72.9117572,4.315,0.76416015625,0,19.133552206803476,72.91177699506896,
2026-01-08T18:34:35Z,19.1335265,72.9117572,4.315,0.61669921875,0,19.133552067808157,72.91177691399483,
2026-01-08T18:34:35Z,19.1335265,72.9117572,4.315,0.71728515625,0,19.133551449933698,72.91177683610833,
2026-01-08T18:34:36Z,19.1335273,72.9117576,4.315,0.5283203125,0,19.133550940801822,72.91177680859359,
2026-01-08T18:34:36Z,19.1335273,72.9117576,4.315,0.58056640625,0,19.133548266714275,72.91177674463528,
2026-01-08T18:34:36Z,19.1335273,72.9117576,4.315,0.56494140625,0,19.133553319553833,72.91177693913241,
2026-01-08T18:34:37Z,19.1335283,72.9117594,4.318,0.54736328125,0,19.133551856490918,72.91177837640117,
2026-01-08T18:34:37Z,19.133529,72.9117595,4.324,0.55908203125,0,19.133552706156376,72.91177805241624,
2026-01-08T18:34:37Z,19.133529,72.9117595,4.324,0.68701171875,0,19.133550664892724,72.91177703011068,human_crops/human_1767897277.jpg
2026-01-08T18:34:38Z,19.1335298,72.9117596,4.336,0.62353515625,0,19.13355189942617,72.91177762030249,
2026-01-08T18:34:38Z,19.1335298,72.9117596,4.336,0.5244140625,0,19.133551727024233,72.91177842440332,
2026-01-08T18:34:38Z,19.1335298,72.9117596,4.336,0.55419921875,0,19.133552370946113,72.91177967160021,
2026-01-08T18:34:38Z,19.1335298,72.9117596,4.336,0.640625,0,19.13355523904401,72.91178039732449,
2026-01-08T18:34:38Z,19.1335301,72.9117601,4.341,0.5498046875,0,19.133560665986344,72.91176850902619,
2026-01-08T18:34:39Z,19.13353,72.9117604,4.394,0.71875,0,19.133551404746502,72.91176539657515,
2026-01-08T18:34:43Z,19.1335346,72.9117594,4.362,0.6845703125,0,19.1335677691863,72.91177855587691,human_crops/human_1767897283.jpg
2026-01-08T18:34:46Z,19.1335393,72.9117574,4.416,0.5947265625,0,19.133569734447992,72.91178070312189,
2026-01-08T18:34:48Z,19.13354,72.9117577,4.47,0.5048828125,0,19.13356759919712,72.91177923549337,
2026-01-08T18:34:50Z,19.13354,72.911759,4.424,0.5078125,0,19.133567309071555,72.91178012998188,
2026-01-08T18:34:52Z,19.1335395,72.9117617,4.43,0.55419921875,0,19.133567233582323,72.91178287146397,
2026-01-08T18:34:53Z,19.1335394,72.911763,4.402,0.5517578125,0,19.133566138498143,72.91178354486915,
2026-01-08T18:34:54Z,19.1335401,72.9117635,4.385,0.5458984375,0,19.133572575813147,72.91178452072374,
2026-01-08T18:34:55Z,19.1335401,72.9117639,4.402,0.5341796875,0,19.133573811240474,72.9117844389463,
2026-01-08T18:34:55Z,19.1335401,72.9117639,4.402,0.5029296875,0,19.13357420915808,72.91178455151531,
2026-01-08T18:34:55Z,19.1335401,72.9117639,4.402,0.533203125,0,19.133574360804065,72.91178461927336,
2026-01-08T18:34:55Z,19.1335401,72.9117639,4.402,0.52734375,0,19.133574548905404,72.91178464308373,
2026-01-08T18:34:56Z,19.1335403,72.9117633,4.409,0.7509765625,0,19.13357583904657,72.91178401358172,human_crops/human_1767897296.jpg
2026-01-08T18:34:56Z,19.1335403,72.9117633,4.409,0.7578125,0,19.1335760568293,72.91178406522481,
2026-01-08T18:34:56Z,19.1335403,72.9117633,4.409,0.50390625,0,19.133576195319534,72.91178396077676,
2026-01-08T18:34:56Z,19.1335403,72.9117633,4.409,0.59375,0,19.133578151704135,72.91178384799265,
2026-01-08T18:34:57Z,19.1335407,72.9117621,4.417,0.77978515625,0,19.133581800086425,72.91178279167474,
2026-01-08T18:34:57Z,19.1335407,72.9117621,4.417,0.837890625,0,19.13358186854885,72.91178275091849,
2026-01-08T18:34:57Z,19.1335407,72.9117621,4.417,0.85498046875,0,19.133581875896827,72.91178267833935,
2026-01-08T18:34:57Z,19.1335407,72.9117621,4.417,0.85400390625,0,19.13358193947461,72.91178268596393,
2026-01-08T18:34:57Z,19.1335407,72.9117621,4.417,0.8427734375,0,19.13358216449965,72.91178268845891,
2026-01-08T18:34:57Z,19.1335407,72.9117621,4.417,0.7509765625,0,19.133582172977356,72.91178255666205,
2026-01-08T18:34:57Z,19.1335407,72.9117621,4.417,0.65380859375,0,19.13358223637703,72.91178256412893,
2026-01-08T18:34:57Z,19.1335407,72.9117621,4.417,0.8359375,0,19.133582368015368,72.9117825307285,
2026-01-08T18:34:57Z,19.1335407,72.9117621,4.417,0.7724609375,0,19.1335827120496,72.91178262014417,
2026-01-08T18:34:57Z,19.1335407,72.9117621,4.417,0.68994140625,0,19.13358284138027,72.91178261091406,
2026-01-08T18:34:57Z,19.1335412,72.9117615,4.406,0.857421875,0,19.13358368213722,72.91178198790112,
2026-01-08T18:34:57Z,19.1335412,72.9117615,4.406,0.5537109375,0,19.133584545166247,72.9117819617078,
2026-01-08T18:34:57Z,19.1335412,72.9117615,4.406,0.625,0,19.13358473320081,72.91178200809917,
2026-01-08T18:34:57Z,19.1335412,72.9117615,4.406,0.67724609375,0,19.133584982407697,72.91178208608054,
2026-01-08T18:34:57Z,19.1335412,72.9117615,4.406,0.767578125,0,19.133585307254894,72.91178205069589,
2026-01-08T18:34:57Z,19.1335412,72.9117615,4.406,0.59375,0,19.13358611952957,72.91178229231743,
2026-01-08T18:34:58Z,19.1335416,72.9117606,4.421,0.7509765625,0,19.13359118718234,72.9117813658779,
2026-01-08T18:34:58Z,19.1335416,72.9117606,4.421,0.60888671875,0,19.133591257511892,72.91178130007907,
2026-01-08T18:34:58Z,19.1335416,72.9117606,4.421,0.818359375,0,19.133591327849686,72.91178123427326,
2026-01-08T18:34:58Z,19.1335416,72.9117606,4.421,0.75537109375,0,19.133591334644834,72.91178116161748,
2026-01-08T18:34:58Z,19.1335416,72.9117606,4.421,0.837890625,0,19.133588354034405,72.9117788116372,
2026-01-08T18:34:58Z,19.1335416,72.9117606,4.421,0.541015625,0,19.13358834575756,72.91177820462616,
2026-01-08T18:34:58Z,19.1335416,72.9117606,4.421,0.5439453125,0,19.133588477443286,72.91177732837933,
2026-01-08T18:34:58Z,19.1335416,72.9117606,4.421,0.59912109375,0,19.13358860145502,72.91177654454683,
2026-01-08T18:34:58Z,19.1335416,72.9117606,4.421,0.54296875,0,19.133590553205753,72.91177359128218,
2026-01-08T18:34:58Z,19.1335424,72.9117603,4.45,0.5791015625,0,19.13358374997143,72.91176506340096,
2026-01-08T18:34:58Z,19.1335424,72.9117603,4.45,0.6962890625,0,19.133584234657157,72.91176498141824,
2026-01-08T18:34:58Z,19.1335424,72.9117603,4.45,0.66357421875,0,19.133585978685613,72.91176571046009,
2026-01-08T18:34:58Z,19.1335424,72.9117603,4.45,0.7744140625,0,19.13358550286121,72.91176627484361,
2026-01-08T18:34:58Z,19.1335424,72.9117603,4.45,0.74658203125,0,19.13358537933031,72.91176645688276,
2026-01-08T18:34:58Z,19.1335424,72.9117603,4.45,0.68603515625,0,19.13358530218156,72.91176664003228,
2026-01-08T18:34:59Z,19.1335424,72.9117603,4.45,0.744140625,0,19.13358520981784,72.91176661705097,
2026-01-08T18:34:59Z,19.1335424,72.9117603,4.45,0.759765625,0,19.133585239112467,72.91176643256726,
2026-01-08T18:34:59Z,19.1335426,72.9117601,4.452,0.771484375,0,19.13358585406276,72.91176781472502,
2026-01-08T18:34:59Z,19.1335426,72.9117601,4.452,0.7900390625,0,19.133585927084162,72.91176767277845,
2026-01-08T18:34:59Z,19.1335426,72.9117601,4.452,0.70654296875,0,19.133586250393357,72.91176721049999,
2026-01-08T18:34:59Z,19.1335426,72.9117601,4.452,0.67431640625,0,19.13358638617824,72.91176698816327,
2026-01-08T18:34:59Z,19.1335426,72.9117601,4.452,0.5224609375,0,19.133586559913606,72.91176683057498,
2026-01-08T18:34:59Z,19.1335426,72.9117601,4.452,0.5859375,0,19.13358623712137,72.91176807901492,
2026-01-08T18:34:59Z,19.1335426,72.9117601,4.452,0.55908203125,0,19.133586462078874,72.91176795569059,
2026-01-08T18:34:59Z,19.1335426,72.9117601,4.452,0.72900390625,0,19.133586524163015,72.91176789930496,
2026-01-08T18:34:59Z,19.1335426,72.9117601,4.452,0.68896484375,0,19.1335865581745,72.91176796557899,
2026-01-08T18:34:59Z,19.1335426,72.9117601,4.452,0.7373046875,0,19.13358658748742,72.91176805224175,
2026-01-08T18:34:59Z,19.1335426,72.9117601,4.452,0.65869140625,0,19.133586616784562,72.91176813884725,
2026-01-08T18:34:59Z,19.1335426,72.9117601,4.452,0.64892578125,0,19.133586822756957,72.91176809729878,
2026-01-08T18:34:59Z,19.133543,72.911759,4.45,0.5126953125,0,19.13358922315753,72.91176997734955,
2026-01-08T18:34:59Z,19.133543,72.911759,4.45,0.6513671875,0,19.133587757138297,72.91177107241043,
2026-01-08T18:35:00Z,19.133543,72.911759,4.45,0.5888671875,0,19.133586924739717,72.9117708249988,
2026-01-08T18:35:00Z,19.133543,72.911759,4.45,0.73876953125,0,19.133586176994356,72.91177085292716,
2026-01-08T18:35:00Z,19.1335433,72.9117594,4.476,0.59765625,0,19.13358396803667,72.91176714629675,
2026-01-08T18:35:00Z,19.1335433,72.9117594,4.476,0.75341796875,0,19.133582909078886,72.9117672727308,
2026-01-08T18:35:00Z,19.1335433,72.9117594,4.476,0.83251953125,0,19.133582372121715,72.91176740986427,
2026-01-08T18:35:00Z,19.1335433,72.9117594,4.476,0.853515625,0,19.13358163685136,72.91176760705329,
2026-01-08T18:35:00Z,19.1335433,72.9117594,4.476,0.861328125,0,19.133581486532556,72.91176768874372,
2026-01-08T18:35:00Z,19.1335433,72.9117594,4.476,0.64599609375,0,19.13358033384183,72.91176248267571,
2026-01-08T18:35:00Z,19.1335433,72.9117594,4.476,0.87744140625,0,19.13358038455177,72.9117626010179,
2026-01-08T18:35:00Z,19.1335433,72.9117594,4.476,0.8662109375,0,19.133580529253315,72.91176277026213,
2026-01-08T18:35:00Z,19.1335433,72.9117594,4.476,0.88818359375,0,19.13358048588364,72.9117628374935,
2026-01-08T18:35:00Z,19.1335433,72.9117594,4.476,0.857421875,0,19.133580305018988,72.91176292108784,
2026-01-08T18:35:00Z,19.1335436,72.9117596,4.49,0.74755859375,0,19.133580001606894,72.91176091970128,
2026-01-08T18:35:00Z,19.1335436,72.9117596,4.49,0.861328125,0,19.133579726777143,72.91176090559146,
2026-01-08T18:35:00Z,19.1335436,72.9117596,4.49,0.8759765625,0,19.13357962988395,72.91176083951912,
2026-01-08T18:35:00Z,19.1335436,72.9117596,4.49,0.8408203125,0,19.133579531185987,72.91176075292172,
2026-01-08T18:35:00Z,19.1335436,72.9117596,4.49,0.85595703125,0,19.133579623019887,72.91176075769023,
2026-01-08T18:35:00Z,19.1335436,72.9117596,4.49,0.837890625,0,19.133579286522497,72.91176055121072,
2026-01-08T18:35:00Z,19.1335436,72.9117596,4.49,0.85205078125,0,19.133579418268113,72.91176050701286,
2026-01-08T18:35:00Z,19.1335436,72.9117596,4.49,0.9052734375,0,19.133579695273756,72.91176058122325,
2026-01-08T18:35:00Z,19.1335436,72.9117596,4.49,0.88330078125,0,19.133579780505652,72.91176052472919,
2026-01-08T18:35:01Z,19.1335436,72.9117596,4.49,0.89501953125,0,19.133579883033693,72.91176067116712,
2026-01-08T18:35:01Z,19.1335433,72.9117592,4.48,0.88330078125,0,19.13357951087588,72.91176036996761,
2026-01-08T18:35:01Z,19.1335433,72.9117592,4.48,0.86767578125,0,19.13358019633448,72.9117608214249,
2026-01-08T18:35:01Z,19.1335433,72.9117592,4.48,0.83984375,0,19.13358020226448,72.91176090312803,human_crops/human_1767897301.jpg
2026-01-08T18:35:01Z,19.1335433,72.9117592,4.48,0.86474609375,0,19.133580254723284,72.91176099777825,
2026-01-08T18:35:01Z,19.1335433,72.9117592,4.48,0.83447265625,0,19.133580263610696,72.9117611202527,
2026-01-08T18:35:01Z,19.1335433,72.9117592,4.48,0.70166015625,0,19.133580316024897,72.91176121479685,
2026-01-08T18:35:01Z,19.1335433,72.9117592,4.48,0.56591796875,0,19.133582058778515,72.9117620160581,
2026-01-08T18:35:01Z,19.1335427,72.9117593,4.472,0.5439453125,0,19.133581495811104,72.91176232377404,
2026-01-08T18:35:01Z,19.1335427,72.9117593,4.472,0.50390625,0,19.13358296001205,72.9117629982336,
2026-01-08T18:35:01Z,19.1335427,72.9117593,4.472,0.744140625,0,19.133584765639412,72.91176467370677,
2026-01-08T18:35:01Z,19.1335427,72.9117593,4.472,0.6123046875,0,19.133584915977778,72.91176469963293,
2026-01-08T18:35:02Z,19.1335427,72.9117593,4.472,0.76123046875,0,19.13358526525415,72.91176472452268,
2026-01-08T18:35:02Z,19.1335426,72.9117593,4.452,0.5205078125,0,19.133585077409432,72.91176481645572,
2026-01-08T18:35:02Z,19.1335426,72.9117593,4.452,0.6611328125,0,19.133586659571204,72.91176678288912,
2026-01-08T18:35:02Z,19.1335426,72.9117593,4.452,0.59765625,0,19.133586607161046,72.91176687323195,
2026-01-08T18:35:02Z,19.1335426,72.9117593,4.452,0.79638671875,0,19.13358634739746,72.91176695586117,
2026-01-08T18:35:03Z,19.1335429,72.9117585,4.443,0.5087890625,0,19.133590779298345,72.91176963276351,
2026-01-08T18:35:03Z,19.1335432,72.9117581,4.434,0.68017578125,0,19.13359046499053,72.91177204790175,
2026-01-08T18:35:03Z,19.1335429,72.9117577,4.42,0.57568359375,0,19.133593808155254,72.91177650261463,
2026-01-08T18:35:03Z,19.1335429,72.9117577,4.42,0.53125,0,19.133593659483555,72.91177622106602,
2026-01-08T18:35:04Z,19.1335429,72.9117577,4.42,0.57763671875,0,19.133593646375434,72.9117763894937,
2026-01-08T18:35:04Z,19.1335431,72.9117574,4.429,0.60400390625,0,19.133593171899232,72.91177549684002,
2026-01-08T18:35:04Z,19.1335431,72.9117574,4.429,0.79296875,0,19.133593171899232,72.91177549684002,
2026-01-08T18:35:04Z,19.1335431,72.9117574,4.429,0.67626953125,0,19.133593718324157,72.91177590973228,
2026-01-08T18:35:04Z,19.1335434,72.9117572,4.439,0.6875,0,19.13359423693054,72.91177570008527,
2026-01-08T18:35:04Z,19.1335434,72.9117572,4.439,0.55224609375,0,19.133594238765365,72.9117756759746,
2026-01-08T18:35:04Z,19.1335434,72.9117572,4.439,0.56591796875,0,19.133594355938822,72.91177569931448,
2026-01-08T18:35:04Z,19.1335434,72.9117572,4.439,0.55078125,0,19.133594298198254,72.91177564644444,
2026-01-08T18:35:04Z,19.1335434,72.9117572,4.439,0.51171875,0,19.133594359744315,72.91177567532179,
2026-01-08T18:35:05Z,19.1335434,72.9117572,4.425,0.60400390625,0,19.133593889832177,72.91177545193098,
2026-01-08T18:35:05Z,19.1335434,72.9117572,4.425,0.82568359375,0,19.133593889832177,72.91177545193098,
2026-01-08T18:35:05Z,19.1335434,72.9117572,4.425,0.83984375,0,19.133593914040727,72.91177537536309,
2026-01-08T18:35:05Z,19.1335434,72.9117572,4.425,0.814453125,0,19.133593915833078,72.9117753513895,
2026-01-08T18:35:05Z,19.1335434,72.9117572,4.425,0.845703125,0,19.13359391225339,72.91177539933761,
2026-01-08T18:35:05Z,19.1335434,72.9117572,4.425,0.55078125,0,19.133593849552877,72.91177539479986,
2026-01-08T18:35:05Z,19.1335434,72.9117572,4.425,0.63427734375,0,19.133593847760356,72.91177541877148,
2026-01-08T18:35:05Z,19.1335437,72.9117569,4.421,0.69970703125,0,19.13359418815618,72.91177506936715,
2026-01-08T18:35:05Z,19.1335437,72.9117569,4.421,0.77685546875,0,19.13359419172182,72.91177502144572,
2026-01-08T18:35:05Z,19.1335437,72.9117569,4.421,0.802734375,0,19.133594189940528,72.91177504540678,
2026-01-08T18:35:05Z,19.1335437,72.9117569,4.421,0.7080078125,0,19.13359418815618,72.91177506936715,
2026-01-08T18:35:05Z,19.1335437,72.9117569,4.421,0.71728515625,0,19.13359418815618,72.91177506936715,
2026-01-08T18:35:05Z,19.1335437,72.9117569,4.421,0.79443359375,0,19.133594271856015,72.91177510554296,
2026-01-08T18:35:05Z,19.1335437,72.9117569,4.421,0.8427734375,0,19.133594271856015,72.91177510554296,
2026-01-08T18:35:05Z,19.1335437,72.9117569,4.421,0.67333984375,0,19.13359421083368,72.91177507700945,
2026-01-08T18:35:05Z,19.1335437,72.9117569,4.421,0.888671875,0,19.133594270074532,72.91177512952778,
2026-01-08T18:35:05Z,19.1335437,72.9117569,4.421,0.81005859375,0,19.133594270074532,72.91177512952778,
2026-01-08T18:35:06Z,19.1335437,72.9117569,4.421,0.6884765625,0,19.133594271856015,72.91177510554296,
2026-01-08T18:35:06Z,19.133544,72.9117563,4.431,0.61328125,0,19.13359464078566,72.91177451162505,
2026-01-08T18:35:06Z,19.133544,72.9117563,4.431,0.84716796875,0,19.13359464254804,72.91177448760078,
2026-01-08T18:35:06Z,19.133544,72.9117563,4.431,0.71044921875,0,19.13359464254804,72.91177448760078,human_crops/human_1767897306.jpg
2026-01-08T18:35:06Z,19.133544,72.9117563,4.431,0.72802734375,0,19.13359464606369,72.91177443954916,
2026-01-08T18:35:06Z,19.133544,72.9117563,4.431,0.681640625,0,19.1335947302317,72.9117744587969,
2026-01-08T18:35:06Z,19.133544,72.9117563,4.431,0.87060546875,0,19.1335947302317,72.9117744587969,
2026-01-08T18:35:06Z,19.133544,72.9117563,4.431,0.65380859375,0,19.133594665508852,72.91177447836402,
2026-01-08T18:35:06Z,19.1335446,72.9117553,4.437,0.8115234375,0,19.1335936227698,72.91177323844448,
2026-01-08T18:35:06Z,19.1335446,72.9117553,4.437,0.7080078125,0,19.133593184957597,72.91177318357443,
2026-01-08T18:35:06Z,19.1335446,72.9117553,4.437,0.5048828125,0,19.133591037995373,72.91177325010443,
2026-01-08T18:35:06Z,19.1335446,72.9117553,4.437,0.537109375,0,19.133590588587747,72.91177344992576,
2026-01-08T18:35:06Z,19.1335446,72.9117553,4.437,0.75537109375,0,19.133589884824502,72.91177359300235,
2026-01-08T18:35:06Z,19.1335446,72.9117553,4.437,0.77587890625,0,19.133589183407473,72.9117737119354,
2026-01-08T18:35:06Z,19.1335446,72.9117553,4.437,0.76416015625,0,19.13358842505226,72.9117737542924,
2026-01-08T18:35:07Z,19.1335446,72.9117553,4.437,0.60498046875,0,19.13358771164646,72.91177406490951,
2026-01-08T18:35:07Z,19.1335449,72.9117549,4.439,0.61767578125,0,19.13358193880741,72.91177396598606,
2026-01-08T18:35:08Z,19.1335455,72.911754,4.42,0.59033203125,0,19.133567497680783,72.91177245283791,
2026-01-08T18:35:08Z,19.1335455,72.911754,4.42,0.609375,0,19.133565699609203,72.91177249322052,
2026-01-08T18:35:08Z,19.1335455,72.911754,4.42,0.61669921875,0,19.1335644508407,72.91177254795257,
2026-01-08T18:35:08Z,19.1335455,72.911754,4.42,0.5869140625,0,19.13356229250976,72.9117726459364,
2026-01-08T18:35:08Z,19.1335455,72.911754,4.42,0.66015625,0,19.133561290728125,72.91177269370368,
2026-01-08T18:35:08Z,19.1335461,72.9117529,4.459,0.74951171875,0,19.133559065098495,72.91177193076658,
2026-01-08T18:35:08Z,19.1335461,72.9117529,4.459,0.7158203125,0,19.133558776866366,72.91177185281572,
2026-01-08T18:35:08Z,19.1335461,72.9117529,4.459,0.63525390625,0,19.13355856152576,72.91177190930172,
2026-01-08T18:35:08Z,19.1335461,72.9117529,4.459,0.55078125,0,19.133556518647552,72.91177217300756,
2026-01-08T18:35:20Z,19.1335567,72.9117406,4.414,0.5869140625,0,19.133557767035825,72.91175667391975,
2026-01-08T18:35:20Z,19.1335567,72.9117406,4.414,0.55908203125,0,19.13355775429365,72.91175664912865,
2026-01-08T18:35:23Z,19.1335575,72.9117445,4.4,0.537109375,0,19.133554939373358,72.91175404153417,
2026-01-08T18:35:23Z,19.1335575,72.9117445,4.4,0.5849609375,0,19.13355499851531,72.91175404510312,
2026-01-08T18:35:23Z,19.1335575,72.9117445,4.4,0.529296875,0,19.133554993421097,72.91175411508026,
2026-01-08T18:35:29Z,19.1335587,72.9117451,4.598,0.5234375,0,19.13356366434611,72.91176447943224,
2026-01-08T18:35:29Z,19.1335587,72.9117451,4.598,0.5107421875,0,19.133563076794903,72.91176435730499,
2026-01-08T18:35:31Z,19.1335611,72.9117452,4.677,0.5244140625,0,19.133562197013415,72.91175536395889,
2026-01-08T20:11:31Z,0.0,0.0,3.631,0.64599609375,0,3.1366090039431915e-05,-9.366861979118335e-06,human_crops/human_1767903091.jpg
2026-01-08T20:11:33Z,0.0,0.0,3.631,0.5224609375,0,3.2538435677084625e-05,-2.2076921791748722e-05,
2026-01-08T20:11:33Z,0.0,0.0,3.675,0.57373046875,0,3.234998889645663e-05,-2.2071804959167013e-05,
2026-01-08T20:11:34Z,0.0,0.0,3.74,0.71728515625,0,3.2879373229255195e-05,-2.245700128121841e-05,
2026-01-08T20:11:34Z,0.0,0.0,3.769,0.60888671875,0,2.9498139190693007e-05,-1.355036690281368e-05,
2026-01-08T20:11:35Z,0.0,0.0,3.737,0.5234375,0,2.9710723482294407e-05,-1.2981522721010987e-05,
2026-01-08T20:11:35Z,0.0,0.0,3.543,0.50390625,0,2.8162278065489118e-05,-1.2301571835787353e-05,
2026-01-08T20:11:36Z,0.0,0.0,3.698,0.517578125,0,2.939201100878284e-05,-1.284498468578027e-05,
2026-01-08T20:11:36Z,0.0,0.0,3.684,0.5166015625,0,3.4262283690340904e-05,-1.9100247176710828e-05,
2026-01-08T20:11:37Z,0.0,0.0,3.722,0.544921875,0,2.9588274007091477e-05,-1.2898865543386535e-05,
2026-01-08T20:11:37Z,0.0,0.0,3.546,0.6845703125,0,2.821136782284965e-05,-1.2214088063441449e-05,human_crops/human_1767903097.jpg
2026-01-08T20:11:38Z,0.0,0.0,3.675,0.5029296875,0,3.414985198791519e-05,-1.90887111347438e-05,
2026-01-08T20:11:38Z,0.0,0.0,3.898,0.53125,0,3.096356727231088e-05,-1.3556485232026243e-05,
2026-01-08T20:11:39Z,0.0,0.0,3.898,0.5263671875,0,3.62135050926195e-05,-2.0261796118184798e-05,
2026-01-08T20:11:39Z,0.0,0.0,3.837,0.509765625,0,3.5637189647328153e-05,-1.9971773799113746e-05,
2026-01-08T20:11:40Z,0.0,0.0,3.701,0.5068359375,0,2.9383344718512148e-05,-1.2920408511093493e-05,
2026-01-08T20:11:40Z,0.0,0.0,3.878,0.521484375,0,3.079223628130365e-05,-1.3532063836961889e-05,
2026-01-08T20:11:41Z,0.0,0.0,3.66,0.5283203125,0,3.3982419846588276e-05,-1.90693978363547e-05,
2026-01-08T20:11:41Z,0.0,0.0,3.69,0.5244140625,0,3.425141633825474e-05,-1.924404851697901e-05,
2026-01-08T20:11:42Z,0.0,0.0,3.737,0.5048828125,0,3.4683947870922e-05,-1.9492331395606072e-05,
2026-01-08T20:11:42Z,0.0,0.0,3.59,0.509765625,0,3.3294424831382695e-05,-1.8776905438091766e-05,
2026-01-08T20:11:43Z,0.0,0.0,3.707,0.5107421875,0,3.439453960109953e-05,-1.9360389100095024e-05,
2026-01-08T20:11:44Z,0.0,0.0,3.369,0.5078125,0,3.125895966544732e-05,-1.7606306910746628e-05,
2026-01-08T20:11:44Z,0.0,0.0,3.593,0.5166015625,0,3.333601824682546e-05,-1.877833178624597e-05,
2026-01-08T20:11:45Z,0.0,0.0,3.845,0.5068359375,0,3.0499019112489813e-05,-1.3506709642710276e-05,
2026-01-08T20:11:45Z,0.0,0.0,3.698,0.5263671875,0,3.428548811335206e-05,-1.9387674560887596e-05,
2026-01-08T20:11:46Z,0.0,0.0,3.522,0.5126953125,0,2.7930776966146127e-05,-1.239091681831905e-05,
2026-01-08T20:11:46Z,0.0,0.0,3.672,0.5107421875,0,2.9116310254245493e-05,-1.2925690501858353e-05,
2026-01-08T20:11:47Z,0.0,0.0,3.493,0.5166015625,0,3.237948257029701e-05,-1.8314777444796618e-05,
2026-01-08T20:11:47Z,0.0,0.0,3.607,0.5263671875,0,3.343141762411783e-05,-1.8923560657491673e-05,
2026-01-08T20:11:48Z,0.0,0.0,3.757,0.5283203125,0,3.486030123640128e-05,-1.9748573708253513e-05,
2026-01-08T20:11:48Z,0.0,0.0,3.757,0.501953125,0,2.9766887837335886e-05,-1.3294067855380213e-05,
2026-01-08T20:11:49Z,0.0,0.0,3.604,0.548828125,0,2.8559970757738123e-05,-1.2741996806549568e-05,
2026-01-08T20:11:49Z,0.0,0.0,3.604,0.51171875,0,3.339037129651538e-05,-1.894438972969004e-05,
2026-01-08T20:11:50Z,0.0,0.0,3.46,0.5146484375,0,3.203908387339846e-05,-1.8229602621157037e-05,
2026-01-08T20:11:50Z,0.0,0.0,3.69,0.509765625,0,2.9229383157867597e-05,-1.3070698376573755e-05,
2026-01-08T20:11:51Z,0.0,0.0,3.69,0.5078125,0,3.4162329878390584e-05,-1.9442493848841295e-05,
2026-01-08T20:11:51Z,0.0,0.0,3.598,0.505859375,0,3.3280716732856625e-05,-1.9019438222049115e-05,
2026-01-08T20:11:52Z,0.0,0.0,3.437,0.5126953125,0,3.18527655985226e-05,-1.8120046771728142e-05,
2026-01-08T20:11:52Z,0.0,0.0,3.528,0.73779296875,0,2.8097458505110986e-05,-1.259540349643353e-05,human_crops/human_1767903112.jpg
2026-01-08T20:14:41Z,0.0,0.0,4.101,0.5107421875,0,4.2651557033554023e-05,-2.5099985250959893e-05,
2026-01-08T20:14:45Z,0.0,0.0,4.187,0.5205078125,0,4.199880311586252e-05,-2.6399773332346723e-05,
2026-01-08T20:14:48Z,0.0,0.0,4.057,0.7216796875,0,9.278151034674018e-06,8.939701811922447e-06,human_crops/human_1767903288.jpg
2026-01-08T20:14:50Z,0.0,0.0,4.034,0.5224609375,0,1.1519734585269667e-05,7.757933165657667e-06,
2026-01-08T20:14:54Z,0.0,0.0,4.248,0.515625,0,4.317328477789647e-05,-1.0198335225640958e-06,
2026-01-08T20:14:54Z,0.0,0.0,3.998,0.61328125,0,2.344372037480771e-05,-6.593544687135554e-06,human_crops/human_1767903294.jpg
2026-01-08T20:14:55Z,0.0,0.0,3.948,0.6513671875,0,2.225696434191259e-05,-1.536383677872396e-05,
2026-01-08T20:14:55Z,0.0,0.0,3.948,0.609375,0,7.548496503060974e-06,1.4420874071760706e-05,
2026-01-08T20:14:56Z,0.0,0.0,4.245,0.63818359375,0,3.7937909705503736e-05,2.5667520720372397e-06,
2026-01-08T20:14:56Z,0.0,0.0,4.245,0.61962890625,0,3.2025350449699844e-05,5.011217793030957e-06,
2026-01-08T20:14:57Z,0.0,0.0,4.245,0.57470703125,0,2.409398737317365e-05,-2.040048754134327e-05,
2026-01-08T20:14:57Z,0.0,0.0,3.998,0.71875,0,3.580129092535028e-05,2.1154572247381957e-06,
2026-01-08T20:14:58Z,0.0,0.0,3.998,0.6875,0,3.031202109046011e-05,4.338983997449103e-06,
2026-01-08T20:14:58Z,0.0,0.0,3.998,0.64501953125,0,4.1670071919468196e-05,-3.6337787657149285e-07,
2026-01-08T20:14:58Z,0.0,0.0,3.998,0.5263671875,0,4.6436930198735943e-05,-2.4128095336761828e-06,
2026-01-08T20:14:59Z,0.0,0.0,4.204,0.7216796875,0,3.7628311139017036e-05,2.2052406993478083e-06,
2026-01-08T20:14:59Z,0.0,0.0,4.204,0.68017578125,0,3.186273205026866e-05,4.564719522718172e-06,human_crops/human_1767903299.jpg
2026-01-08T20:15:00Z,0.0,0.0,4.204,0.638671875,0,4.383293506649311e-05,-3.964603009549166e-07,
2026-01-08T20:15:00Z,0.0,0.0,4.204,0.53515625,0,9.518343667694225e-07,1.8538548060588277e-05,
2026-01-08T20:15:01Z,0.0,0.0,4.231,0.7216796875,0,3.7855209812413594e-05,2.2484209844231144e-06,
2026-01-08T20:15:01Z,0.0,0.0,4.231,0.70166015625,0,3.2069984284407696e-05,4.593871248049951e-06,
2026-01-08T20:15:02Z,0.0,0.0,4.231,0.64697265625,0,4.411660645939107e-05,-4.008740890783603e-07,
2026-01-08T20:15:02Z,0.0,0.0,4.231,0.533203125,0,9.137329445995482e-07,1.8728992763973043e-05,
2026-01-08T20:15:03Z,0.0,0.0,4.075,0.72314453125,0,3.643620694572093e-05,2.1552357695875535e-06,
2026-01-08T20:15:03Z,0.0,0.0,4.075,0.6513671875,0,3.089530261215857e-05,4.423200842416507e-06,
2026-01-08T20:15:04Z,0.0,0.0,4.075,0.64990234375,0,4.254579601139065e-05,-4.118708447724942e-07,
2026-01-08T20:15:04Z,0.0,0.0,4.163,0.72021484375,0,3.720895115398185e-05,2.2259598652742527e-06,
2026-01-08T20:15:05Z,0.0,0.0,4.163,0.71044921875,0,3.15903743774773e-05,4.503932197602734e-06,human_crops/human_1767903305.jpg
2026-01-08T20:15:05Z,0.0,0.0,4.163,0.65625,0,4.341819964796896e-05,-4.0608565738073874e-07,
2026-01-08T20:15:05Z,0.0,0.0,4.163,0.5224609375,0,9.510349329890482e-07,1.842290578799731e-05,
2026-01-08T20:15:06Z,0.0,0.0,4.066,0.71728515625,0,3.643645402868091e-05,2.1207962563501165e-06,
2026-01-08T20:15:06Z,0.0,0.0,4.066,0.70703125,0,3.085420347519318e-05,4.389965335063512e-06,
2026-01-08T20:15:07Z,0.0,0.0,4.066,0.6513671875,0,4.2404724452536415e-05,-4.087077945920682e-07,
2026-01-08T20:15:07Z,0.0,0.0,4.04,0.7216796875,0,3.617537253945172e-05,2.1104434101800765e-06,
2026-01-08T20:15:08Z,0.0,0.0,4.04,0.67333984375,0,3.062933271661831e-05,4.365548377521002e-06,
2026-01-08T20:15:08Z,0.0,0.0,4.04,0.64404296875,0,4.212843277561195e-05,-4.139153833088617e-07,
2026-01-08T20:15:09Z,0.0,0.0,4.225,0.73388671875,0,3.780620111357083e-05,2.2397119260867885e-06,
2026-01-08T20:15:09Z,0.0,0.0,4.225,0.70703125,0,3.207084063397964e-05,4.546758332935522e-06,
2026-01-08T20:15:10Z,0.0,0.0,4.225,0.63623046875,0,4.4076668555530804e-05,-4.4265166849858913e-07,human_crops/human_1767903310.jpg
2026-01-08T20:15:10Z,0.0,0.0,4.225,0.57470703125,0,9.554831726485949e-07,1.8718938287101e-05,
2026-01-08T20:15:11Z,0.0,0.0,4.048,0.72607421875,0,3.6236862514405916e-05,2.141350520695147e-06,
2026-01-08T20:15:11Z,0.0,0.0,4.048,0.6953125,0,3.074020072124815e-05,4.352941777387864e-06,
2026-01-08T20:15:12Z,0.0,0.0,4.048,0.63671875,0,4.229388277136091e-05,-4.513247219934234e-07,
2026-01-08T20:15:12Z,0.0,0.0,4.048,0.515625,0,9.851507537825592e-07,1.788718699532513e-05,
2026-01-08T20:15:13Z,0.0,0.0,4.192,0.7138671875,0,3.748061690547838e-05,2.225643659654872e-06,
2026-01-08T20:15:13Z,0.0,0.0,4.192,0.68359375,0,3.183788259623727e-05,4.495776157056116e-06,
2026-01-08T20:15:13Z,0.0,0.0,4.192,0.63671875,0,4.3753194821091604e-05,-4.6163622479129697e-07,
2026-01-08T20:15:14Z,0.0,0.0,4.192,0.57470703125,0,9.770130140629184e-07,1.854439807978445e-05,
2026-01-08T20:15:14Z,0.0,0.0,4.131,0.72802734375,0,3.702541077595471e-05,2.1401475808932253e-06,
2026-01-08T20:15:15Z,0.0,0.0,4.131,0.6806640625,0,3.136903629067426e-05,4.421559094893276e-06,human_crops/human_1767903315.jpg
2026-01-08T20:15:15Z,0.0,0.0,4.131,0.6416015625,0,4.31083516055031e-05,-4.651738916333666e-07,
2026-01-08T20:15:16Z,0.0,0.0,4.131,0.57861328125,0,1.0101980827193568e-06,1.8293104067595364e-05,
2026-01-08T20:15:16Z,0.0,0.0,4.257,0.72607421875,0,3.810271509399951e-05,2.22309807505111e-06,
2026-01-08T20:15:17Z,0.0,0.0,4.257,0.69970703125,0,3.229915732666636e-05,4.5634741553824845e-06,
2026-01-08T20:15:17Z,0.0,0.0,4.257,0.625,0,4.4420503578402385e-05,-4.847194308425466e-07,
2026-01-08T20:15:18Z,0.0,0.0,4.257,0.57080078125,0,9.664900084460475e-07,1.883808191420771e-05,
2026-01-08T20:15:18Z,0.0,0.0,4.104,0.7041015625,0,3.375118142704476e-07,1.5069247691189009e-05,
2026-01-08T20:15:19Z,0.0,0.0,4.104,0.57080078125,0,3.693109823127837e-05,1.9855570859541163e-06,
2026-01-08T20:15:19Z,0.0,0.0,4.231,0.63134765625,0,4.409000177488134e-05,-3.737076645433661e-07,
2026-01-08T20:15:24Z,0.0,0.0,4.007,0.56396484375,0,4.168763750333302e-05,-2.4982627520489864e-07,
2026-01-08T20:24:22Z,0.0,0.0,5.136,0.5244140625,0,3.8180281867938594e-05,-8.618692071413916e-06,
2026-01-08T20:24:32Z,0.0,0.0,4.795,0.60009765625,0,3.564943810752654e-05,-7.73579263216621e-06,human_crops/human_1767903872.jpg
2026-01-08T20:24:42Z,0.0,0.0,5.019,0.5029296875,0,3.2653634293982254e-05,7.371933024569757e-08,
2026-01-08T20:24:55Z,0.0,0.0,4.995,0.5234375,0,3.261877495902522e-05,3.822481049694807e-07,
2026-01-08T20:25:36Z,0.0,0.0,5.169,0.5087890625,0,3.376735739832066e-05,3.163933739621638e-07,
2026-01-08T20:25:46Z,0.0,0.0,5.142,0.5615234375,0,3.350189520039285e-05,-8.335444888409583e-08,
2026-01-08T20:26:11Z,0.0,0.0,5.06,0.57568359375,0,3.96282508451199e-05,5.452641014370289e-06,
2026-01-08T20:26:53Z,0.0,0.0,5.113,0.55517578125,0,2.425589859272852e-05,6.489973288618731e-06,
2026-01-08T20:27:17Z,0.0,0.0,5.495,0.548828125,0,4.074800282061485e-05,-9.024055351190466e-06,
2026-01-08T20:27:46Z,0.0,0.0,5.219,0.53515625,0,3.877321829934529e-05,-8.55269254393583e-06,
2026-01-08T20:28:48Z,0.0,0.0,5.486,0.533203125,0,4.941620952578063e-05,2.9782540018606653e-06,
2026-01-08T20:29:17Z,0.0,0.0,5.436,0.5234375,0,4.0490483614311765e-05,-8.995936432398983e-06,
2026-01-08T20:29:36Z,0.0,0.0,5.621,0.59521484375,0,4.192137736481901e-05,-8.855688691187375e-06,
2026-01-08T20:29:47Z,0.0,0.0,5.477,0.60009765625,0,2.63111989507404e-05,7.446991100135711e-06,human_crops/human_1767904187.jpg
2026-01-08T20:30:03Z,0.0,0.0,5.339,0.544921875,0,3.97798096061305e-05,-8.73040971373956e-06,
2026-01-08T20:30:20Z,0.0,0.0,5.489,0.505859375,0,2.6242178780019387e-05,7.281815150699262e-06,
2026-01-08T20:30:39Z,0.0,0.0,5.477,0.5234375,0,3.566102788941106e-05,2.722282115003257e-07,
2026-01-08T20:31:09Z,0.0,0.0,5.319,0.51171875,0,5.4170443793343516e-05,-4.126065750877328e-06,
2026-01-08T20:31:11Z,0.0,0.0,5.669,0.5224609375,0,7.116536930432127e-06,-1.9394793094372423e-05,
2026-01-08T20:31:11Z,0.0,0.0,5.516,0.71728515625,0,3.3950516682524204e-06,2.332455198327615e-05,human_crops/human_1767904271.jpg
2026-01-08T20:31:12Z,0.0,0.0,5.516,0.5849609375,0,6.683995472062202e-05,-5.677752038237881e-06,
2026-01-08T20:31:12Z,0.0,0.0,5.545,0.66357421875,0,3.454430875713421e-06,2.343808385138237e-05,
2026-01-08T20:31:13Z,0.0,0.0,5.545,0.59521484375,0,6.721906806300445e-05,-6.100691430977895e-06,
2026-01-08T20:31:13Z,0.0,0.0,5.545,0.58984375,0,6.714727871736168e-05,-5.459890110080071e-06,
2026-01-08T20:31:13Z,0.0,0.0,5.545,0.529296875,0,-6.310789950553172e-07,2.4541247910902796e-05,
2026-01-08T20:31:14Z,0.0,0.0,5.589,0.513671875,0,-2.0589984084453532e-05,1.3963488940942448e-05,
2026-01-08T20:31:15Z,0.0,0.0,5.627,0.537109375,0,-2.058476107437284e-05,1.4185202933568994e-05,
2026-01-08T20:31:15Z,0.0,0.0,5.627,0.5068359375,0,1.9260454034816893e-05,1.6706204274055098e-05,
2026-01-08T20:34:01Z,0.0,0.0,5.657,0.65234375,0,2.8520672453232374e-05,1.2779701917154446e-05,human_crops/human_1767904441.jpg
2026-01-08T20:34:01Z,0.0,0.0,5.657,0.62255859375,0,6.089955665461062e-05,-2.2369787082727223e-05,
2026-01-08T20:34:02Z,0.0,0.0,5.657,0.60205078125,0,2.7472893426282907e-05,1.3248808532658373e-05,
2026-01-08T20:34:02Z,0.0,0.0,5.657,0.59375,0,5.2767933909144705e-05,-2.2562645057739168e-07,
2026-01-08T20:34:03Z,0.0,0.0,5.657,0.5087890625,0,4.438163081136848e-05,-1.753960183876681e-05,
2026-01-08T20:34:03Z,0.0,0.0,5.657,0.5029296875,0,5.1877838559118714e-05,2.917548716548703e-07,
2026-01-08T20:34:04Z,0.0,0.0,5.654,0.5859375,0,-1.544443523623213e-06,1.3262054265656152e-05,
2026-01-08T20:34:04Z,0.0,0.0,5.654,0.556640625,0,5.639074031835003e-06,2.3159423648677296e-05,
2026-01-08T20:34:04Z,0.0,0.0,5.654,0.541015625,0,-1.9776310218359137e-05,6.6975076149599786e-06,
2026-01-08T20:34:05Z,0.0,0.0,5.654,0.5283203125,0,2.8945590170872504e-05,1.2625471850968407e-05,
2026-01-08T20:34:05Z,0.0,0.0,6.051,0.60791015625,0,3.129100751511777e-05,1.3412039341494346e-05,
2026-01-08T20:34:06Z,0.0,0.0,6.051,0.5859375,0,2.9773566620579105e-05,1.4090925140835353e-05,
2026-01-08T20:34:06Z,0.0,0.0,6.051,0.5791015625,0,3.0034367868527528e-05,-2.0940854827769283e-06,
2026-01-08T20:34:07Z,0.0,0.0,6.051,0.57763671875,0,3.2252331320728525e-05,1.3046266005614925e-05,
2026-01-08T20:34:07Z,0.0,0.0,5.683,0.56884765625,0,3.070265702275608e-05,1.2099991793926141e-05,
2026-01-08T20:34:08Z,0.0,0.0,5.683,0.56494140625,0,2.8568160261892517e-05,1.2963729832485553e-05,
2026-01-08T20:34:08Z,0.0,0.0,5.683,0.53125,0,6.131066054836127e-05,-2.252406377087765e-05,
2026-01-08T20:34:09Z,0.0,0.0,5.683,0.5234375,0,2.7889238900902286e-05,1.326726648472606e-05,
2026-01-08T20:34:09Z,0.0,0.0,5.883,0.59814453125,0,2.9951478817413865e-05,1.326120534684506e-05,
2026-01-08T20:34:10Z,0.0,0.0,5.883,0.587890625,0,2.8862149022569013e-05,1.3747778912546252e-05,
2026-01-08T20:34:10Z,0.0,0.0,5.883,0.56591796875,0,6.328826215330196e-05,-2.333447212127207e-05,
2026-01-08T20:34:10Z,0.0,0.0,5.883,0.501953125,0,5.8201372884118945e-06,2.441842193467642e-05,
2026-01-08T20:34:11Z,0.0,0.0,5.868,0.51171875,0,3.06880311235063e-05,-2.9773473609166687e-05,
2026-01-08T20:34:12Z,0.0,0.0,5.818,0.681640625,0,3.889797729203085e-05,5.133327981932411e-06,human_crops/human_1767904452.jpg
2026-01-08T20:34:12Z,0.0,0.0,5.669,0.58056640625,0,3.723800458426715e-05,9.000403030032586e-06,
2026-01-08T20:34:13Z,0.0,0.0,5.607,0.62255859375,0,1.9682835208043675e-05,-2.067902615174944e-05,
2026-01-08T20:34:13Z,0.0,0.0,5.607,0.53759765625,0,4.714045829933623e-05,-3.676517736141118e-05,
2026-01-08T20:34:14Z,0.0,0.0,5.995,0.60107421875,0,5.013927846588041e-05,-3.911937260072802e-05,
2026-01-08T20:34:14Z,0.0,0.0,5.995,0.55419921875,0,3.8210954581263436e-05,-3.402135762645767e-05,
2026-01-08T20:34:15Z,0.0,0.0,6.06,0.61962890625,0,5.055774625094458e-05,-3.941398899073497e-05,
2026-01-08T20:34:15Z,0.0,0.0,5.71,0.59619140625,0,4.774292595881231e-05,-3.7274363835988826e-05,
2026-01-08T20:34:16Z,0.0,0.0,5.936,0.60888671875,0,4.9891451782893337e-05,-3.874470919131932e-05,
2026-01-08T20:34:16Z,0.0,0.0,5.995,0.60107421875,0,5.0426190535255584e-05,-3.926915512344017e-05,
2026-01-08T20:34:17Z,0.0,0.0,5.742,0.5224609375,0,3.667451132354549e-05,-3.263018171159401e-05,
2026-01-08T20:34:17Z,0.0,0.0,5.766,0.56396484375,0,1.8448358080560405e-05,-2.0391292097676215e-05,
2026-01-08T20:34:18Z,0.0,0.0,5.766,0.55078125,0,4.8644330366702064e-05,-3.782444447659216e-05,
2026-01-08T20:34:18Z,0.0,0.0,5.601,0.52734375,0,3.563115917660153e-05,-3.178227137479752e-05,
2026-01-08T20:34:19Z,0.0,0.0,5.739,0.57763671875,0,4.8303395886779706e-05,-3.7556994702554995e-05,
2026-01-08T20:34:19Z,0.0,0.0,6.015,0.51953125,0,5.052537320368971e-05,-3.941163100606359e-05,
2026-01-13T08:45:01Z,28.4589028,77.5052419,0.843,0.5126953125,0,28.458907419093467,77.50524776830028,
2026-01-13T08:45:01Z,28.4588967,77.5052767,0.976,0.52734375,0,28.458901878439626,77.5052833839597,
2026-01-13T08:45:02Z,28.4588187,77.505361,0.932,0.5126953125,0,28.45882366277158,77.50536738298872,
2026-01-13T08:45:02Z,28.4587729,77.505413,0.987,0.546875,0,28.45877609105725,77.5054187560552,
2026-01-13T08:45:04Z,28.4587729,77.505413,0.817,0.501953125,0,28.458777254123095,77.50541859300314,
2026-01-13T08:45:08Z,28.4586089,77.5055159,0.99,0.51171875,0,28.4586141649146,77.50552267600628,
2026-01-13T08:45:08Z,28.4585791,77.5055377,1.111,0.57177734375,0,28.458585005026112,77.50554532053278,
2026-01-13T08:45:09Z,28.4585583,77.5055453,1.22,0.62158203125,0,28.458564781561765,77.5055536686806,human_crops/human_1768293909.jpg
2026-01-13T08:45:09Z,28.4585651,77.5055341,1.079,0.6259765625,0,28.458570832619948,77.50554150217457,
2026-01-13T08:45:10Z,28.4585955,77.5055043,0.855,0.5947265625,0,28.45860004517822,77.50551016273289,
2026-01-13T08:45:10Z,28.4586071,77.5054997,0.914,0.55810546875,0,28.458611958538857,77.50550596902706,
2026-01-13T08:45:11Z,28.4586157,77.5054917,1.164,0.609375,0,28.458621887586485,77.50549968361062,
2026-01-13T08:45:11Z,28.4586194,77.5054837,0.932,0.615234375,0,28.458624356020618,77.50549009118917,
2026-01-13T08:45:12Z,28.4585914,77.5055142,0.893,0.6064453125,0,28.458596149054635,77.50552032261959,
2026-01-13T08:45:12Z,28.4585797,77.5055356,0.961,0.6103515625,0,28.458584809763252,77.50554218796275,
2026-01-13T08:45:13Z,28.4585548,77.5055809,0.926,0.611328125,0,28.458559723316405,77.50558724880422,
2026-01-13T08:45:13Z,28.4585287,77.5056128,1.037,0.611328125,0,28.45853421248407,77.50561991121755,
2026-01-13T08:45:14Z,28.4585014,77.5056471,1.002,0.60302734375,0,28.458506728532235,77.50565396962219,human_crops/human_1768293914.jpg
2026-01-13T08:45:14Z,28.4584908,77.5056563,1.217,0.59375,0,28.458497272009303,77.50566464369797,
2026-01-13T08:45:15Z,28.4584908,77.5056563,0.949,0.6064453125,0,28.4584958453952,77.50566280848476,
2026-01-13T08:45:15Z,28.4584908,77.5056563,0.893,0.58984375,0,28.45849554952662,77.50566242418141,
2026-01-13T08:45:16Z,28.4584908,77.5056563,1.176,0.6064453125,0,28.458497055100615,77.50566436485836,
2026-01-13T08:45:16Z,28.4584908,77.5056563,0.796,0.60400390625,0,28.458495033922112,77.50566175888454,
2026-01-13T08:45:17Z,28.4584908,77.5056563,1.108,0.609375,0,28.458496692078846,77.5056639018203,
2026-01-13T08:45:17Z,28.4584908,77.5056563,1.043,0.60498046875,0,28.458496345572676,77.50566345509927,
2026-01-13T08:45:18Z,28.4584908,77.5056563,1.123,0.60498046875,0,28.45849677310439,77.50566400266135,
2026-01-13T08:45:18Z,28.4584908,77.5056563,0.888,0.62255859375,0,28.458495523872784,77.50566239036837,
2026-01-13T08:45:19Z,28.4584908,77.5056563,1.135,0.640625,0,28.458496837987354,77.5056640854029,human_crops/human_1768293919.jpg
2026-01-13T08:45:19Z,28.4584908,77.5056563,1.199,0.62451171875,0,28.458497175876527,77.50566452825804,
2026-01-13T08:45:20Z,28.4584908,77.5056563,1.067,0.62353515625,0,28.458496475411458,77.50566362076204,
2026-01-13T08:45:20Z,28.4584908,77.5056563,1.299,0.62451171875,0,28.45849770956297,77.50566521321393,
2026-01-13T08:45:21Z,28.4584908,77.5056563,0.97,0.625,0,28.45849596053398,77.50566295409674,
2026-01-13T08:45:21Z,28.4584908,77.5056563,1.293,0.62353515625,0,28.458497677737157,77.50566517141775,
2026-01-13T08:45:22Z,28.4584908,77.5056563,1.008,0.61767578125,0,28.458496161128593,77.50566321523034,
2026-01-13T08:45:22Z,28.4584908,77.5056563,1.202,0.62841796875,0,28.458497194653045,77.50566454436593,
2026-01-13T08:45:23Z,28.4584908,77.5056563,1.04,0.61669921875,0,28.458496332647588,77.50566343300605,
2026-01-13T08:45:23Z,28.4584908,77.5056563,1.249,0.62451171875,0,28.45849744097531,77.50566487012226,
2026-01-13T08:45:24Z,28.4584908,77.5056563,1.143,0.61865234375,0,28.45849688022341,77.50566413974931,human_crops/human_1768293924.jpg
2026-01-13T08:45:24Z,28.4584908,77.5056563,1.246,0.63037109375,0,28.458497428602232,77.50566484430374,
2026-01-13T08:45:25Z,28.4584908,77.5056563,1.017,0.61767578125,0,28.458496210571212,77.50566327346223,
2026-01-13T08:45:25Z,28.4584908,77.5056563,1.14,0.62060546875,0,28.458496864420272,77.50566411579976,
2026-01-13T08:45:26Z,28.4584908,77.5056563,1.249,0.62451171875,0,28.45849744402249,77.5056648635126,
2026-01-13T08:45:26Z,28.4584908,77.5056563,1.07,0.6259765625,0,28.458496493663908,77.5056636343433,
2026-01-13T08:45:27Z,28.4584908,77.5056563,1.111,0.62158203125,0,28.458496710070253,77.50566391525909,
2026-01-13T08:45:27Z,28.4584908,77.5056563,1.243,0.62158203125,0,28.458497414827445,77.5056648173605,
2026-01-13T08:45:28Z,28.4584908,77.5056563,1.082,0.62060546875,0,28.458496556179472,77.50566371521252,
2026-01-13T08:45:28Z,28.4584908,77.5056563,1.199,0.62353515625,0,28.458497181425635,77.5056645153692,
2026-01-13T08:45:29Z,28.4584908,77.5056563,1.305,0.62255859375,0,28.45849774339002,77.50566524385795,human_crops/human_1768293929.jpg
2026-01-13T08:45:29Z,28.4584908,77.5056563,1.02,0.6337890625,0,28.458496228041515,77.5056632897727,
2026-01-13T08:45:30Z,28.4584908,77.5056563,1.193,0.64306640625,0,28.45849714644891,77.50566447580258,
2026-01-13T08:45:30Z,28.4584908,77.5056563,1.199,0.6337890625,0,28.45849718103751,77.50566451431962,
2026-01-13T08:45:31Z,28.4584908,77.5056563,1.211,0.5634765625,0,28.458497245922437,77.50566459470649,
2026-01-13T08:45:31Z,28.4584908,77.5056563,1.323,0.5810546875,0,28.45849784331631,77.50566536707225,
2026-01-13T08:45:32Z,28.4584908,77.5056563,1.223,0.59033203125,0,28.458497306108743,77.50566467728083,
2026-01-13T08:48:28Z,28.4584908,77.5056563,1.364,0.705078125,0,28.458486764186077,77.50564647168042,human_crops/human_1768294108.jpg
2026-01-13T08:48:32Z,28.4584908,77.5056563,1.564,0.5029296875,0,28.458483381465914,77.50564953697615,
2026-01-13T08:48:33Z,28.4584908,77.5056563,1.729,0.52734375,0,28.45848342465729,77.5056496784148,
2026-01-13T08:48:33Z,28.4584908,77.5056563,1.602,0.67578125,0,28.458484150050122,77.5056499551361,human_crops/human_1768294113.jpg
2026-01-13T08:48:34Z,28.4584908,77.5056563,1.64,0.509765625,0,28.458483844059643,77.50564979738802,
2026-01-13T08:48:49Z,28.4584908,77.5056563,1.564,0.50390625,0,28.458497919062836,77.5056613120276,
2026-01-13T08:48:53Z,28.4584908,77.5056563,1.684,0.50390625,0,28.458492885215456,77.5056671605669,
2026-01-13T08:48:54Z,28.4584908,77.5056563,1.337,0.5009765625,0,28.458492460415307,77.50566492006432,
2026-01-13T08:48:55Z,28.4584908,77.5056563,1.52,0.5107421875,0,28.45849268093188,77.50566610280018,
2026-01-13T08:49:17Z,28.4584908,77.5056563,1.579,0.5166015625,0,28.458495472710634,77.50566567574819,
2026-01-13T08:49:17Z,28.4584908,77.5056563,1.579,0.65478515625,0,28.458495220112027,77.50566573014332,human_crops/human_1768294157.jpg
2026-01-13T08:49:18Z,28.4584908,77.5056563,1.752,0.609375,0,28.458496082731582,77.50566663845328,
2026-01-13T08:49:19Z,28.4584908,77.5056563,1.564,0.63427734375,0,28.45849550202753,77.5056655419919,
2026-01-13T08:49:21Z,28.4584908,77.5056563,1.758,0.55810546875,0,28.45849521253857,77.50566688753365,
2026-01-13T08:49:22Z,28.4584908,77.5056563,1.531,0.5087890625,0,28.4584946425718,77.50566549898235,
2026-01-13T08:49:22Z,28.4584908,77.5056563,1.564,0.638671875,0,28.45849470499779,77.50566569249017,
2026-01-13T08:49:23Z,28.4584908,77.5056563,1.476,0.59521484375,0,28.458494515368272,77.50566513646449,
2026-01-13T08:49:23Z,28.4584908,77.5056563,1.961,0.59765625,0,28.458495722403338,77.50566804991522,
2026-01-13T08:49:24Z,28.4584908,77.5056563,1.861,0.611328125,0,28.458495447556096,77.50566744530549,human_crops/human_1768294164.jpg
2026-01-13T08:49:24Z,28.4584908,77.5056563,1.626,0.6123046875,0,28.458494881499263,77.50566604142097,
2026-01-13T08:49:25Z,28.4584908,77.5056563,1.758,0.533203125,0,28.4584952127154,77.5056668332022,
2026-01-13T08:49:25Z,28.4584908,77.5056563,1.643,0.62255859375,0,28.45849493635204,77.50566613558837,
2026-01-13T08:49:26Z,28.4584908,77.5056563,1.608,0.57373046875,0,28.458494838296915,77.50566591247961,
2026-01-13T08:49:37Z,28.4584908,77.5056563,1.505,0.5009765625,0,28.458495277751883,77.5056663564092,
2026-01-13T08:49:38Z,28.4584908,77.5056563,1.584,0.5244140625,0,28.45849552252277,77.50566689852053,
2026-01-13T08:49:46Z,28.4584908,77.5056563,1.711,0.5087890625,0,28.458495885615896,77.50566773616325,
2026-01-13T09:05:05Z,28.4584908,77.5056563,3.296,0.70068359375,0,28.458476661863457,77.5056364346714,human_crops/human_1768295105.jpg
2026-01-13T09:05:05Z,28.4584908,77.5056563,3.21,0.73583984375,0,28.458477030798896,77.50563698753604,
2026-01-13T09:05:06Z,28.4584908,77.5056563,3.346,0.73876953125,0,28.458476448580196,77.505636175375,
2026-01-13T09:05:06Z,28.4584908,77.5056563,3.399,0.72802734375,0,28.45847622068148,77.5056358569712,
2026-01-13T09:05:07Z,28.4584908,77.5056563,3.111,0.74169921875,0,28.458477480951004,77.50563758748451,
2026-01-13T09:05:07Z,28.4584908,77.5056563,3.393,0.72314453125,0,28.458476276011027,77.50563589104105,
2026-01-13T09:05:08Z,28.4584908,77.5056563,3.246,0.73095703125,0,28.458476885867388,77.5056367754779,
2026-01-13T09:05:08Z,28.4584908,77.5056563,3.443,0.724609375,0,28.458476054250628,77.50563556399737,
2026-01-13T09:05:09Z,28.4584908,77.5056563,3.337,0.72021484375,0,28.458476497869697,77.50563622253193,
2026-01-13T09:05:09Z,28.4584908,77.5056563,3.437,0.71875,0,28.458476084450087,77.50563560543964,
2026-01-13T09:05:10Z,28.4584908,77.5056563,3.205,0.71875,0,28.45847705887196,77.50563700711292,human_crops/human_1768295110.jpg
2026-01-13T09:05:10Z,28.4584908,77.5056563,3.046,0.72607421875,0,28.458477736660857,77.50563795916237,
2026-01-13T09:05:11Z,28.4584908,77.5056563,3.255,0.7216796875,0,28.458476856699892,77.50563668789066,
2026-01-13T09:05:11Z,28.4584908,77.5056563,3.113,0.7138671875,0,28.458477471222285,77.5056375582772,
2026-01-13T09:05:12Z,28.4584908,77.5056563,3.225,0.7216796875,0,28.458476973820417,77.50563688530764,
2026-01-13T09:05:12Z,28.4584908,77.5056563,3.228,0.73388671875,0,28.458476980221835,77.50563685817774,
2026-01-13T09:05:13Z,28.4584908,77.5056563,3.216,0.72802734375,0,28.458477014329667,77.50563693347408,
2026-01-13T09:05:13Z,28.4584908,77.5056563,3.349,0.73095703125,0,28.458476470441337,77.50563613251123,
2026-01-13T09:05:14Z,28.4584908,77.5056563,3.302,0.72314453125,0,28.458476668936655,77.50563640704713,
2026-01-13T09:05:14Z,28.4584908,77.5056563,3.205,0.73095703125,0,28.458477089291385,77.5056369997956,
2026-01-13T09:05:15Z,28.4584908,77.5056563,3.299,0.73095703125,0,28.458476683347662,77.50563642416014,
2026-01-13T09:05:15Z,28.4584908,77.5056563,3.119,0.72802734375,0,28.458477464071496,77.50563752132348,human_crops/human_1768295115.jpg
2026-01-13T09:05:16Z,28.4584908,77.5056563,3.175,0.72802734375,0,28.458477221434922,77.505637182513,
2026-01-13T09:05:16Z,28.4584908,77.5056563,3.302,0.73583984375,0,28.458476663422523,77.50563643527924,
2026-01-13T09:05:17Z,28.4584908,77.5056563,3.431,0.7294921875,0,28.458476125590337,77.50563563780516,
2026-01-13T09:05:17Z,28.4584908,77.5056563,3.522,0.724609375,0,28.458475739454343,77.50563509503476,
2026-01-13T09:05:18Z,28.4584908,77.5056563,2.984,0.7138671875,0,28.458478027783674,77.50563834973939,
2026-01-13T09:05:18Z,28.4584908,77.5056563,3.172,0.73388671875,0,28.458477227974303,77.50563719200844,
2026-01-13T09:05:19Z,28.4584908,77.5056563,3.228,0.73095703125,0,28.45847699224244,77.50563686269236,
2026-01-13T09:05:19Z,28.4584908,77.5056563,3.199,0.708984375,0,28.458477100489002,77.50563704687775,
2026-01-13T09:05:20Z,28.4584908,77.5056563,3.219,0.72314453125,0,28.45847703437691,77.50563692070183,
2026-01-13T09:05:20Z,28.4584908,77.5056563,3.175,0.7119140625,0,28.458477226667455,77.50563719121682,
2026-01-13T09:05:21Z,28.4584908,77.5056563,3.031,0.72802734375,0,28.458477838109655,77.5056380489912,human_crops/human_1768295121.jpg
2026-01-13T09:05:21Z,28.4584908,77.5056563,3.108,0.73095703125,0,28.45847751009205,77.50563758887381,
2026-01-13T09:05:22Z,28.4584908,77.5056563,3.125,0.7373046875,0,28.45847744354037,77.5056374982429,
2026-01-13T09:05:22Z,28.4584908,77.5056563,3.111,0.7294921875,0,28.458477484618438,77.50563758449778,
2026-01-13T09:05:23Z,28.4584908,77.5056563,3.255,0.72021484375,0,28.45847686567806,77.5056367105947,
2026-01-13T09:05:24Z,28.4584908,77.5056563,3.281,0.72314453125,0,28.458476737345798,77.50563656232623,
2026-01-13T09:05:24Z,28.4584908,77.5056563,3.213,0.73583984375,0,28.458477045467724,77.50563696146455,
2026-01-13T09:05:25Z,28.4584908,77.5056563,3.081,0.72021484375,0,28.458477609965694,77.5056377522456,
2026-01-13T09:05:25Z,28.4584908,77.5056563,3.437,0.73388671875,0,28.45847608825392,77.50563560922721,
2026-01-13T09:05:26Z,28.4584908,77.5056563,3.158,0.71875,0,28.458477293022593,77.50563726828655,
2026-01-13T09:05:26Z,28.4584908,77.5056563,3.352,0.732421875,0,28.458476451808085,77.50563611846698,human_crops/human_1768295126.jpg
2026-01-13T09:05:27Z,28.4584908,77.5056563,3.055,0.72021484375,0,28.458477720037898,77.5056378986719,
2026-01-13T09:05:27Z,28.4584908,77.5056563,3.063,0.72607421875,0,28.458477697051396,77.50563783310338,
2026-01-13T09:05:28Z,28.4584908,77.5056563,3.21,0.72607421875,0,28.458477048053123,77.50563695923331,
2026-01-13T09:05:28Z,28.4584908,77.5056563,3.163,0.72802734375,0,28.45847724813678,77.50563723740005,
2026-01-13T09:05:29Z,28.4584908,77.5056563,3.019,0.72607421875,0,28.458477884445372,77.50563809947016,
2026-01-13T09:05:29Z,28.4584908,77.5056563,3.058,0.71875,0,28.45847771981167,77.5056378745029,
2026-01-13T09:05:30Z,28.4584908,77.5056563,3.131,0.732421875,0,28.458477409635798,77.50563743654331,
2026-01-13T09:05:30Z,28.4584908,77.5056563,3.146,0.73388671875,0,28.45847734326432,77.50563734214374,
2026-01-13T09:05:31Z,28.4584908,77.5056563,3.055,0.72607421875,0,28.458477733283903,77.50563788775106,
2026-01-13T09:05:31Z,28.4584908,77.5056563,3.049,0.72607421875,0,28.458477756967724,77.50563792307636,human_crops/human_1768295131.jpg
2026-01-13T09:05:32Z,28.4584908,77.5056563,3.028,0.71875,0,28.45847782840731,77.50563805145835,
2026-01-13T09:05:32Z,28.4584908,77.5056563,3.305,0.7294921875,0,28.4584766647983,77.50563638230486,
2026-01-13T09:05:33Z,28.4584908,77.5056563,3.26,0.724609375,0,28.458476857465083,77.50563665424028,
2026-01-13T09:05:33Z,28.4584908,77.5056563,3.163,0.724609375,0,28.45847727315538,77.5056372397072,
2026-01-13T09:05:34Z,28.4584908,77.5056563,3.125,0.73095703125,0,28.458477420074125,77.50563747629518,
2026-01-13T09:05:34Z,28.4584908,77.5056563,3.225,0.72314453125,0,28.458476990093025,77.50563687052596,
2026-01-13T09:05:35Z,28.4584908,77.5056563,2.975,0.72802734375,0,28.458478049480643,77.50563839496682,
2026-01-13T09:05:35Z,28.4584908,77.5056563,3.222,0.724609375,0,28.458477025384898,77.50563688923287,
2026-01-13T09:05:36Z,28.4584908,77.5056563,3.369,0.72607421875,0,28.458476381859082,77.50563601809966,
2026-01-13T09:05:36Z,28.4584908,77.5056563,3.384,0.72607421875,0,28.45847632960852,77.50563590909115,human_crops/human_1768295136.jpg
2026-01-13T09:05:37Z,28.4584908,77.5056563,3.172,0.73095703125,0,28.458477220978764,77.5056372010785,
2026-01-13T09:05:37Z,28.4584908,77.5056563,3.39,0.7294921875,0,28.458476287652665,77.50563588120158,
2026-01-13T09:05:38Z,28.4584908,77.5056563,3.39,0.7294921875,0,28.458476290081055,77.5056358868664,
2026-01-13T09:15:23Z,28.3233587,77.8893788,3.643,0.515625,0,28.323375689773727,77.88939110144233,
2026-01-13T09:15:23Z,28.3233587,77.8893788,3.572,0.5390625,0,28.32337535772306,77.88939086271367,
2026-01-13T09:15:59Z,28.3233587,77.8893788,3.722,0.5185546875,0,28.323376047366118,77.88939147108351,
2026-01-13T09:16:03Z,28.3233587,77.8893788,3.96,0.505859375,0,28.323377173340504,77.88939232009426,
2026-01-13T09:16:27Z,28.3233587,77.8893788,4.113,0.5029296875,0,28.32337785457951,77.88939285256036,
2026-01-13T09:26:39Z,28.3233587,77.8893788,5.139,0.55908203125,0,28.323382703566228,77.8893961703767,
2026-01-13T09:27:08Z,28.3233587,77.8893788,4.966,0.50390625,0,28.32338192206752,77.8893956651117,
2026-01-13T09:27:10Z,28.3233587,77.8893788,5.245,0.5361328125,0,28.32338317001485,77.88939668323889,
2026-01-13T09:27:10Z,28.3233587,77.8893788,4.928,0.5048828125,0,28.323381666018317,77.88939560316358,
2026-01-13T09:27:11Z,28.3233587,77.8893788,4.878,0.52734375,0,28.323381422381125,77.88939541423004,
2026-01-13T09:27:12Z,28.3233587,77.8893788,4.922,0.5234375,0,28.323381633924605,77.88939555514943,
2026-01-13T09:27:12Z,28.3233587,77.8893788,5.131,0.50390625,0,28.323382597589596,77.88939626979892,
2026-01-13T09:27:13Z,28.3233587,77.8893788,5.172,0.5234375,0,28.323382790357314,77.88939640794334,
2026-01-13T09:27:13Z,28.3233587,77.8893788,4.934,0.5009765625,0,28.323381683111784,77.88939559188834,
2026-01-13T09:27:14Z,28.3233587,77.8893788,5.075,0.5205078125,0,28.323382342840798,77.8893960716686,
2026-01-13T09:27:14Z,28.3233587,77.8893788,5.013,0.505859375,0,28.323382052994926,77.8893958549578,
2026-01-13T09:27:15Z,28.3233587,77.8893788,4.895,0.51171875,0,28.323381501615387,77.88939545110777,
2026-01-13T09:27:15Z,28.3233587,77.8893788,4.919,0.5205078125,0,28.323381611323093,77.88939553021551,
2026-01-13T09:27:16Z,28.3233587,77.8893788,5.116,0.5126953125,0,28.323382527031775,77.8893961920791,
2026-01-13T09:27:16Z,28.3233587,77.8893788,4.834,0.5205078125,0,28.32338121202234,77.8893952340499,
2026-01-13T09:27:17Z,28.3233587,77.8893788,5.057,0.5107421875,0,28.323382255440777,77.8893959918379,
2026-01-13T09:27:17Z,28.3233587,77.8893788,5.125,0.5126953125,0,28.323382571538207,77.88939622227696,
2026-01-13T09:27:18Z,28.3233587,77.8893788,4.91,0.5068359375,0,28.32338156444074,77.88939549996665,
2026-01-13T09:27:18Z,28.3233587,77.8893788,4.937,0.5166015625,0,28.32338169810906,77.88939558080321,
2026-01-13T09:27:19Z,28.3233587,77.8893788,4.954,0.517578125,0,28.32338177784889,77.88939563696916,
2026-01-13T09:27:19Z,28.3233587,77.8893788,4.892,0.501953125,0,28.323381488965474,77.88939542915699,
2026-01-13T09:27:20Z,28.3233587,77.8893788,5.001,0.515625,0,28.32338200263516,77.88939579095612,
2026-01-13T09:27:20Z,28.3233587,77.8893788,4.989,0.537109375,0,28.323381938016112,77.88939575435981,
2026-01-13T09:27:21Z,28.3233587,77.8893788,5.26,0.529296875,0,28.323383202663873,77.88939667601083,
2026-01-13T09:27:21Z,28.3233587,77.8893788,4.845,0.51171875,0,28.323381268256085,77.88939526920254,
2026-01-13T09:27:22Z,28.3233587,77.8893788,4.798,0.5185546875,0,28.32338104950906,77.88939510895133,
2026-01-13T09:27:22Z,28.3233587,77.8893788,4.945,0.513671875,0,28.32338173389583,77.88939561079414,
2026-01-13T09:27:23Z,28.3233587,77.8893788,4.825,0.5146484375,0,28.323381181857407,77.88939519598264,
2026-01-13T09:27:23Z,28.3233587,77.8893788,5.06,0.5078125,0,28.323382265259273,77.88939600679758,
2026-01-13T09:27:24Z,28.3233587,77.8893788,4.787,0.505859375,0,28.323380993803724,77.88939507571939,
2026-01-13T09:27:24Z,28.3233587,77.8893788,4.948,0.51953125,0,28.32338174391105,77.88939562488869,
2026-01-13T09:27:25Z,28.3233587,77.8893788,5.069,0.5283203125,0,28.323382323775487,77.88939605858035,
2026-01-13T09:27:25Z,28.3233587,77.8893788,5.107,0.5166015625,0,28.323382488397137,77.88939616762794,
2026-01-13T09:27:26Z,28.3233587,77.8893788,5.066,0.52734375,0,28.32338229998572,77.88939602485101,
2026-01-13T09:27:26Z,28.3233587,77.8893788,5.019,0.5078125,0,28.32338208606993,77.88939586550909,
2026-01-13T09:27:27Z,28.3233587,77.8893788,5.063,0.5234375,0,28.323382290487572,77.88939601248457,
2026-01-13T09:27:27Z,28.3233587,77.8893788,4.925,0.525390625,0,28.32338164906257,77.88939554099562,
2026-01-13T09:27:28Z,28.3233587,77.8893788,5.231,0.509765625,0,28.323383073619585,77.88939657618653,
2026-01-13T09:27:28Z,28.3233587,77.8893788,5.186,0.52734375,0,28.323382863689595,77.88939642329818,
2026-01-13T09:27:29Z,28.3233587,77.8893788,5.007,0.5146484375,0,28.32338203056267,77.8893958144312,
2026-01-13T09:27:29Z,28.3233587,77.8893788,4.913,0.5458984375,0,28.323381592364587,77.8893954926606,
2026-01-13T09:27:30Z,28.3233587,77.8893788,4.851,0.51953125,0,28.323381301251803,77.88939528061937,
2026-01-13T09:27:30Z,28.3233587,77.8893788,4.969,0.513671875,0,28.323381845700943,77.88939568321776,
2026-01-13T09:27:31Z,28.3233587,77.8893788,4.925,0.5244140625,0,28.323381639578507,77.88939553574549,
2026-01-13T09:27:31Z,28.3233587,77.8893788,4.74,0.51171875,0,28.32338077821981,77.88939490865558,
2026-01-13T09:27:32Z,28.3233587,77.8893788,4.857,0.5068359375,0,28.32338131904655,77.88939530781487,
2026-01-13T09:27:32Z,28.3233587,77.8893788,4.816,0.513671875,0,28.323381126360292,77.88939516820699,
2026-01-13T09:27:33Z,28.3233587,77.8893788,4.907,0.509765625,0,28.32338154762989,77.88939548201171,
2026-01-13T09:27:34Z,28.3233587,77.8893788,5.01,0.5126953125,0,28.323382026502323,77.88939582993675,
2026-01-13T09:27:34Z,28.3233587,77.8893788,4.831,0.5078125,0,28.323381199562224,77.88939521420393,
2026-01-13T09:27:35Z,28.3233587,77.8893788,4.978,0.5068359375,0,28.32338187047436,77.88939572037143,
2026-01-13T09:27:35Z,28.3233587,77.8893788,4.86,0.5166015625,0,28.32338132281509,77.88939531758147,
2026-01-13T09:27:36Z,28.3233587,77.8893788,5.089,0.5283203125,0,28.323382388967417,77.88939609758738,
2026-01-13T09:27:36Z,28.3233587,77.8893788,4.975,0.521484375,0,28.323381859798822,77.88939570989986,
2026-01-13T09:27:37Z,28.3233587,77.8893788,4.981,0.5322265625,0,28.323381889728996,77.88939572867965,
2026-01-13T09:27:37Z,28.3233587,77.8893788,5.078,0.5263671875,0,28.323382343433547,77.88939605961512,
2026-01-13T09:27:38Z,28.3233587,77.8893788,5.11,0.52734375,0,28.323382491884324,77.88939616667464,
2026-01-13T09:27:38Z,28.3233587,77.8893788,5.054,0.5078125,0,28.323382235573657,77.88939597866249,
2026-01-13T09:27:39Z,28.3233587,77.8893788,4.822,0.5078125,0,28.32338115529662,77.88939518953967,
2026-01-13T09:27:39Z,28.3233587,77.8893788,4.889,0.5146484375,0,28.323381474711717,77.88939541191799,
2026-01-13T09:27:40Z,28.3233587,77.8893788,5.145,0.5009765625,0,28.323382668337306,77.88939629319324,
2026-01-13T09:27:40Z,28.3233587,77.8893788,4.784,0.5126953125,0,28.323380981773163,77.88939506319414,
2026-01-13T09:27:41Z,28.3233587,77.8893788,5.139,0.513671875,0,28.323382637131843,77.88939627022461,
2026-01-13T09:27:41Z,28.3233587,77.8893788,5.004,0.501953125,0,28.323382018796206,77.88939579989156,
2026-01-13T09:27:42Z,28.3233587,77.8893788,4.919,0.5146484375,0,28.323381634402317,77.88939553064216,
2026-01-13T09:27:42Z,28.3233587,77.8893788,4.928,0.513671875,0,28.323381652767853,77.88939554304055,
2026-01-13T09:27:43Z,28.3233587,77.8893788,4.937,0.537109375,0,28.323381697198045,77.8893955755333,
2026-01-13T09:27:43Z,28.3233587,77.8893788,5.119,0.5263671875,0,28.32338255132106,77.88939618392354,
2026-01-13T09:27:44Z,28.3233587,77.8893788,4.96,0.50390625,0,28.323381805490275,77.8893956480195,
2026-01-13T09:27:44Z,28.3233587,77.8893788,5.131,0.505859375,0,28.323382598183898,77.88939622792587,
2026-01-13T09:27:45Z,28.3233587,77.8893788,5.098,0.5283203125,0,28.323382444141167,77.88939611706574,
2026-01-13T09:27:45Z,28.3233587,77.8893788,4.992,0.515625,0,28.323381949497332,77.88939576150463,
2026-01-13T09:27:46Z,28.3233587,77.8893788,5.151,0.5205078125,0,28.323382699080717,77.88939629925213,
2026-01-13T09:27:46Z,28.3233587,77.8893788,4.86,0.52734375,0,28.32338133592663,77.88939531512905,
2026-01-13T09:27:47Z,28.3233587,77.8893788,5.219,0.51171875,0,28.323383008122594,77.889396535879,
2026-01-13T09:27:47Z,28.3233587,77.8893788,5.122,0.5302734375,0,28.32338255476718,77.88939620632216,
2026-01-13T09:27:48Z,28.3233587,77.8893788,4.998,0.5126953125,0,28.32338197481858,77.88939578416048,
2026-01-13T09:27:48Z,28.3233587,77.8893788,5.254,0.51953125,0,28.32338318002911,77.88939664503654,
2026-01-13T09:27:49Z,28.3233587,77.8893788,5.148,0.515625,0,28.323382677750708,77.8893962924536,
2026-01-13T09:27:49Z,28.3233587,77.8893788,5.001,0.5048828125,0,28.323381994247356,77.88939579253939,
2026-01-13T09:27:50Z,28.3233587,77.8893788,4.931,0.513671875,0,28.323381671293046,77.88939555329075,
2026-01-13T09:27:50Z,28.3233587,77.8893788,5.06,0.5087890625,0,28.323382280633133,77.88939598059781,
2026-01-13T09:27:51Z,28.3233587,77.8893788,4.987,0.52734375,0,28.323381934375654,77.88939574193465,
2026-01-13T09:27:51Z,28.3233587,77.8893788,4.84,0.5078125,0,28.323381255905918,77.88939524333817,
2026-01-13T09:27:52Z,28.3233587,77.8893788,4.828,0.5009765625,0,28.32338120259441,77.88939520125629,
2026-01-13T09:27:52Z,28.3233587,77.8893788,4.984,0.521484375,0,28.323381928404697,77.88939572947885,
2026-01-13T09:27:53Z,28.3233587,77.8893788,4.748,0.5224609375,0,28.32338082982953,77.88939492865944,
2026-01-13T09:27:53Z,28.3233587,77.8893788,4.807,0.5361328125,0,28.323381114826855,77.88939512189,
2026-01-13T12:32:19Z,28.4225631,77.5262709,14.872,0.5029296875,0,28.422621543549983,77.52619091378455,
2026-01-13T12:32:20Z,28.4225782,77.5262756,14.852,0.6123046875,0,28.422618331428,77.52623731704104,human_crops/human_1768307540.jpg
2026-01-13T18:38:14Z,28.4586362,77.5054388,2.077,0.57470703125,0,28.45864378702264,77.50541513824058,
2026-01-13T18:38:21Z,28.4586362,77.5054388,2.063,0.61328125,0,28.45863911056869,77.50544158444907,human_crops/human_1768329501.jpg
2026-01-13T18:39:45Z,28.4586362,77.5054388,2.084,0.5107421875,0,28.458639793290704,77.50543300423925,
2026-01-13T18:39:45Z,28.4586362,77.5054388,2.068,0.77001953125,0,28.45864250993828,77.50542520228737,human_crops/human_1768329585.jpg
2026-01-13T18:39:45Z,28.4586362,77.5054388,2.068,0.70654296875,0,28.458637926263325,77.50541512176318,
2026-01-13T18:39:46Z,28.4586362,77.5054388,2.068,0.6689453125,0,28.458639900416113,77.50543285424138,
2026-01-13T18:39:46Z,28.4586362,77.5054388,2.068,0.66015625,0,28.458636818657002,77.50543368286517,
2026-01-13T18:39:47Z,28.4586362,77.5054388,2.068,0.638671875,0,28.458636215287886,77.50541854473173,
2026-01-13T18:39:47Z,28.4586362,77.5054388,2.068,0.62158203125,0,28.458634405945467,77.50542600429323,
2026-01-13T18:39:48Z,28.4586362,77.5054388,2.068,0.61962890625,0,28.45863566152457,77.50541325778022,
2026-01-13T18:39:48Z,28.4586362,77.5054388,2.068,0.56201171875,0,28.458640310063014,77.50542698588804,
2026-01-13T18:39:49Z,28.4586362,77.5054388,2.12,0.681640625,0,28.458642870028783,77.50542485911699,
2026-01-13T18:39:49Z,28.4586362,77.5054388,2.12,0.62451171875,0,28.458642853005404,77.50542043704566,
2026-01-13T18:39:50Z,28.4586362,77.5054388,2.12,0.62060546875,0,28.458635783496252,77.50541258768206,
2026-01-13T18:39:50Z,28.4586362,77.5054388,2.12,0.61767578125,0,28.45864014777057,77.5054326871247,human_crops/human_1768329590.jpg
2026-01-13T18:39:51Z,28.4586362,77.5054388,2.12,0.56005859375,0,28.45863815960794,77.50541447464067,
2026-01-13T18:39:51Z,28.4586362,77.5054388,2.067,0.703125,0,28.458642702005555,77.50542521510884,
2026-01-13T18:39:52Z,28.4586362,77.5054388,2.067,0.65625,0,28.45864267621496,77.50542090276419,
2026-01-13T18:39:52Z,28.4586362,77.5054388,2.067,0.611328125,0,28.458640044343714,77.50543286024967,
2026-01-13T18:39:52Z,28.4586362,77.5054388,2.067,0.609375,0,28.458635796709277,77.50541325059136,
2026-01-13T18:39:53Z,28.4586362,77.5054388,2.067,0.5498046875,0,28.458638112533777,77.50541509103716,
2026-01-13T18:39:53Z,28.4586362,77.5054388,2.075,0.70654296875,0,28.458642715256588,77.50542515750203,
2026-01-13T18:39:54Z,28.4586362,77.5054388,2.075,0.64794921875,0,28.4586427098807,77.50542083199667,
2026-01-13T18:39:54Z,28.4586362,77.5054388,2.075,0.62060546875,0,28.45864005467132,77.50543285012621,
2026-01-13T18:39:55Z,28.4586362,77.5054388,2.075,0.61865234375,0,28.45863579340149,77.505413144981,
2026-01-13T18:39:55Z,28.4586362,77.5054388,2.075,0.57177734375,0,28.45863811844857,77.50541499357173,
2026-01-13T18:39:56Z,28.4586362,77.5054388,2.135,0.70654296875,0,28.458642914158432,77.50542477900017,human_crops/human_1768329596.jpg
2026-01-13T18:39:56Z,28.4586362,77.5054388,2.135,0.64990234375,0,28.458642898732446,77.50542032886055,
2026-01-13T18:39:57Z,28.4586362,77.5054388,2.135,0.62353515625,0,28.458640168105106,77.5054326722046,
2026-01-13T18:39:57Z,28.4586362,77.5054388,2.135,0.61376953125,0,28.458635786558713,77.50541242298178,
2026-01-13T18:39:58Z,28.4586362,77.5054388,2.135,0.56494140625,0,28.45863817736877,77.50541432431594,
2026-01-13T18:39:58Z,28.4586362,77.5054388,2.135,0.513671875,0,28.458640630402627,77.50542664510418,
2026-01-13T18:39:59Z,28.4586362,77.5054388,2.137,0.84130859375,0,28.458640657325034,77.50542665131313,
2026-01-13T18:39:59Z,28.4586362,77.5054388,2.137,0.798828125,0,28.458642932535625,77.5054247833028,
2026-01-13T18:39:59Z,28.4586362,77.5054388,2.137,0.74951171875,0,28.458645039027328,77.50543957601774,
2026-01-13T18:40:00Z,28.4586362,77.5054388,2.137,0.7451171875,0,28.458635804339067,77.50541242135814,
2026-01-13T18:40:00Z,28.4586362,77.5054388,2.137,0.73193359375,0,28.458638144496785,77.50541437706532,
2026-01-13T18:40:01Z,28.4586362,77.5054388,2.137,0.69189453125,0,28.458640155265076,77.50543278898616,human_crops/human_1768329601.jpg
2026-01-13T18:40:01Z,28.4586362,77.5054388,2.137,0.64501953125,0,28.458634480092176,77.50542567959025,
2026-01-13T18:40:02Z,28.4586362,77.5054388,2.137,0.638671875,0,28.458636431797327,77.50543649740133,
2026-01-13T18:40:02Z,28.4586362,77.5054388,2.137,0.63134765625,0,28.458635077510316,77.5054219695578,
2026-01-13T18:40:03Z,28.4586362,77.5054388,2.137,0.5947265625,0,28.45863627045724,77.50541782961788,
2026-01-13T18:40:03Z,28.4586362,77.5054388,2.137,0.5458984375,0,28.45863704348085,77.50543367233303,
2026-01-13T18:40:04Z,28.4586362,77.5054388,2.137,0.537109375,0,28.45864262183251,77.50542913586821,
2026-01-13T18:40:04Z,28.4586362,77.5054388,2.137,0.5009765625,0,28.45864005456666,77.50541899979113,
2026-01-13T18:40:04Z,28.4586362,77.5054388,2.076,0.57470703125,0,28.458645522993994,77.50541859933455,
2026-01-13T18:40:05Z,28.4586362,77.5054388,2.077,0.57177734375,0,28.45864552375835,77.50541862032425,
2026-01-13T18:40:05Z,28.4586362,77.5054388,2.078,0.57373046875,0,28.45864552560556,77.50541864052293,
2026-01-13T18:40:06Z,28.4586362,77.5054388,2.092,0.57080078125,0,28.458645595151385,77.50541847363002,
2026-01-13T18:40:06Z,28.4586362,77.5054388,2.116,0.56591796875,0,28.45864570466149,77.50541824001378,
2026-01-13T18:40:07Z,28.4586362,77.5054388,2.122,0.57080078125,0,28.458645730734084,77.5054181810169,
2026-01-13T18:40:07Z,28.4586362,77.5054388,2.137,0.59521484375,0,28.458645798992826,77.50541803340266,
2026-01-13T18:40:08Z,28.4586362,77.5054388,2.149,0.57861328125,0,28.458645853143885,77.50541791627532,
2026-01-13T18:40:08Z,28.4586362,77.5054388,2.16,0.60498046875,0,28.458645903222777,77.50541780866425,human_crops/human_1768329608.jpg
2026-01-13T18:40:09Z,28.4586362,77.5054388,2.164,0.5849609375,0,28.45864591752806,77.50541780108799,
2026-01-13T18:40:09Z,28.4586362,77.5054388,2.181,0.61669921875,0,28.458646004505475,77.50541757520621,
2026-01-13T18:40:10Z,28.4586362,77.5054388,2.178,0.56982421875,0,28.45864598111885,77.50541766917716,
2026-01-13T18:40:10Z,28.4586362,77.5054388,2.164,0.56494140625,0,28.458645918977425,77.50541780410184,
2026-01-13T18:40:11Z,28.4586362,77.5054388,2.143,0.591796875,0,28.458645827087963,77.50541800931781,
2026-01-13T18:40:11Z,28.4586362,77.5054388,2.146,0.59814453125,0,28.458645834782434,77.50541794725268,
2026-01-13T18:40:12Z,28.4586362,77.5054388,2.144,0.55419921875,0,28.45864583803658,77.50541796995248,
2026-01-13T18:40:12Z,28.4586362,77.5054388,2.144,0.5869140625,0,28.458645839305756,77.50541797106399,
2026-01-13T18:40:13Z,28.4586362,77.5054388,2.165,0.57373046875,0,28.458645933969173,77.50541776806821,
2026-01-13T18:40:13Z,28.4586362,77.5054388,2.18,0.57763671875,0,28.458646001284265,77.50541762550034,
2026-01-13T18:40:14Z,28.4586362,77.5054388,2.171,0.5791015625,0,28.458645963299542,77.50541771124938,
2026-01-13T18:40:14Z,28.4586362,77.5054388,2.156,0.55224609375,0,28.458645897922274,77.50541785637475,
2026-01-13T18:40:15Z,28.4586362,77.5054388,2.152,0.556640625,0,28.458645879537933,77.50541789650936,
2026-01-13T18:40:15Z,28.4586362,77.5054388,2.159,0.5927734375,0,28.458645916486937,77.50541779917832,
2026-01-13T18:40:16Z,28.4586362,77.5054388,2.169,0.59619140625,0,28.45864595665173,77.50541773183731,
2026-01-13T18:40:16Z,28.4586362,77.5054388,2.185,0.55810546875,0,28.458646028237457,77.50541757651179,
2026-01-13T18:40:17Z,28.4586362,77.5054388,2.183,0.57666015625,0,28.458646022098915,77.50541759567369,
2026-01-13T18:40:17Z,28.4586362,77.5054388,2.179,0.5830078125,0,28.458646004661375,77.50541763513965,
2026-01-13T18:40:18Z,28.4586362,77.5054388,2.181,0.54296875,0,28.45864601577908,77.50541761889482,
2026-01-13T18:40:18Z,28.4586362,77.5054388,2.179,0.60205078125,0,28.458646008936356,77.50541763976123,human_crops/human_1768329618.jpg
2026-01-13T18:40:19Z,28.4586362,77.5054388,2.174,0.5869140625,0,28.458645987077077,77.50541768617136,
2026-01-13T18:40:19Z,28.4586362,77.5054388,2.158,0.5810546875,0,28.45864591641345,77.50541784100177,
2026-01-13T18:40:20Z,28.4586362,77.5054388,2.142,0.5517578125,0,28.45864584159331,77.50541802605879,
2026-01-13T18:40:20Z,28.4586362,77.5054388,2.136,0.60009765625,0,28.45864581911704,77.5054180548291,
2026-01-13T18:40:21Z,28.4586362,77.5054388,2.134,0.56494140625,0,28.458645815644413,77.5054180448869,
2026-01-13T18:40:21Z,28.4586362,77.5054388,2.131,0.5830078125,0,28.45864579874192,77.50541810923158,
2026-01-13T18:40:22Z,28.4586362,77.5054388,2.154,0.60791015625,0,28.45864590254474,77.50541788884146,
2026-01-13T18:40:22Z,28.4586362,77.5054388,2.174,0.58984375,0,28.45864599378454,77.50541769626848,
2026-01-13T18:40:23Z,28.4586362,77.5054388,2.195,0.60009765625,0,28.45864608854253,77.50541749371061,
2026-01-13T18:40:23Z,28.4586362,77.5054388,2.188,0.591796875,0,28.458646057261145,77.50541756133435,
2026-01-13T18:40:24Z,28.4586362,77.5054388,2.187,0.57763671875,0,28.458646052574057,77.50541757020015,
2026-01-13T18:40:24Z,28.4586362,77.5054388,2.182,0.55908203125,0,28.458646034443287,77.50541759034269,
2026-01-13T18:40:25Z,28.4586362,77.5054388,2.188,0.5927734375,0,28.4586460584205,77.50541756426408,
2026-01-13T18:40:25Z,28.4586362,77.5054388,2.211,0.5830078125,0,28.458646163701673,77.50541733970708,
2026-01-13T18:40:26Z,28.4586362,77.5054388,2.213,0.58251953125,0,28.458646174515113,77.50541732259259,
2026-01-13T18:40:26Z,28.4586362,77.5054388,2.22,0.60205078125,0,28.45864620775177,77.50541725311199,human_crops/human_1768329626.jpg
2026-01-13T18:40:27Z,28.4586362,77.5054388,2.215,0.5849609375,0,28.45864618547888,77.50541730325128,
2026-01-13T18:40:27Z,28.4586362,77.5054388,2.212,0.60302734375,0,28.458646172351852,77.50541733506849,
2026-01-13T18:40:28Z,28.4586362,77.5054388,2.205,0.57373046875,0,28.45864614149603,77.5054174024781,
2026-01-13T18:40:28Z,28.4586362,77.5054388,2.193,0.5947265625,0,28.458646088177794,77.5054175187604,
2026-01-13T18:40:29Z,28.4586362,77.5054388,2.175,0.5888671875,0,28.458646008599203,77.50541769551788,
2026-01-13T18:40:29Z,28.4586362,77.5054388,2.177,0.56591796875,0,28.45864601769367,77.50541767417045,
2026-01-13T18:40:30Z,28.4586362,77.5054388,2.178,0.56396484375,0,28.458646018557932,77.50541769613905,
2026-01-13T18:40:30Z,28.4586362,77.5054388,2.162,0.57568359375,0,28.45864594626232,77.50541785044288,
2026-01-13T18:40:31Z,28.4586362,77.5054388,2.136,0.59375,0,28.458645835450934,77.50541806751222,
2026-01-13T18:40:31Z,28.4586362,77.5054388,2.135,0.56005859375,0,28.458645826660387,77.50541810797588,
2026-01-13T18:40:32Z,28.4586362,77.5054388,2.148,0.58251953125,0,28.458645889442433,77.50541794701007,
2026-01-13T18:40:32Z,28.4586362,77.5054388,2.159,0.61767578125,0,28.458645939659412,77.50541783652972,human_crops/human_1768329632.jpg
2026-01-13T18:40:33Z,28.4586362,77.5054388,2.146,0.54736328125,0,28.45864587720427,77.50541799161726,
2026-01-13T18:40:33Z,28.4586362,77.5054388,2.147,0.59375,0,28.45864588707955,77.50541794960759,
2026-01-13T18:40:34Z,28.4586362,77.5054388,2.143,0.5859375,0,28.45864586962586,77.50541798682713,
2026-01-13T18:40:34Z,28.4586362,77.5054388,2.143,0.57568359375,0,28.458645870424185,77.5054179873051,
2026-01-13T18:40:35Z,28.4586362,77.5054388,2.132,0.5927734375,0,28.458645819086584,77.50541809593105,
2026-01-13T18:40:35Z,28.4586362,77.5054388,2.131,0.583984375,0,28.45864581326853,77.50541810190444,
2026-01-13T18:40:36Z,28.4586362,77.5054388,2.135,0.57861328125,0,28.458645831290365,77.50541806155555,
2026-01-13T18:40:36Z,28.4586362,77.5054388,2.151,0.58251953125,0,28.458645905272817,77.50541790211828,
2026-01-13T18:40:37Z,28.4586362,77.5054388,2.164,0.60888671875,0,28.458645966887406,77.50541777374822,
2026-01-13T18:40:37Z,28.4586362,77.5054388,2.153,0.556640625,0,28.458645912415758,77.50541791207776,
2026-01-13T18:40:38Z,28.4586362,77.5054388,2.15,0.61865234375,0,28.458645900636817,77.50541793957217,human_crops/human_1768329638.jpg
2026-01-13T18:40:38Z,28.4586362,77.5054388,2.178,0.58984375,0,28.458646032200146,77.50541763448787,
2026-01-13T18:40:39Z,28.4586362,77.5054388,2.195,0.55810546875,0,28.458646107914678,77.5054174694322,
2026-01-13T18:40:39Z,28.4586362,77.5054388,2.203,0.587890625,0,28.4586461425402,77.50541739298973,
2026-01-13T18:40:40Z,28.4586362,77.5054388,2.213,0.56884765625,0,28.458646185998813,77.50541729242882,
2026-01-13T18:40:40Z,28.4586362,77.5054388,2.207,0.58056640625,0,28.458646165733164,77.50541731944604,
2026-01-13T18:40:41Z,28.4586362,77.5054388,2.21,0.5888671875,0,28.458646169578806,77.50541735393818,
2026-01-13T18:40:41Z,28.4586362,77.5054388,2.203,0.60107421875,0,28.45864614284801,77.50541738950224,
2026-01-13T18:40:42Z,28.4586362,77.5054388,2.199,0.59765625,0,28.458646119187115,77.50541746018789,
2026-01-13T18:40:42Z,28.4586362,77.5054388,2.196,0.59912109375,0,28.458646105519,77.5054174904261,
2026-01-13T18:40:43Z,28.4586362,77.5054388,2.198,0.5869140625,0,28.4586461202569,77.50541743707025,
2026-01-13T18:40:43Z,28.4586362,77.5054388,2.188,0.55224609375,0,28.458646075283617,77.50541753660116,
2026-01-13T18:40:44Z,28.4586362,77.5054388,2.169,0.57275390625,0,28.458645988362097,77.5054177232978,
2026-01-13T18:40:44Z,28.4586362,77.5054388,2.179,0.5634765625,0,28.45864603403362,77.50541762457655,
2026-01-13T18:40:45Z,28.4586362,77.5054388,2.169,0.5810546875,0,28.458645987724843,77.50541772162207,
2026-01-13T18:40:45Z,28.4586362,77.5054388,2.163,0.5859375,0,28.458645960917778,77.50541777994496,
2026-01-13T18:40:46Z,28.4586362,77.5054388,2.142,0.58984375,0,28.458645867059815,77.50541798126874,
2026-01-13T18:40:46Z,28.4586362,77.5054388,2.138,0.57861328125,0,28.4586458534619,77.50541798838964,
2026-01-13T18:40:47Z,28.4586362,77.5054388,2.159,0.59521484375,0,28.45864594373034,77.5054178154426,
2026-01-13T18:40:47Z,28.4586362,77.5054388,2.165,0.60595703125,0,28.458645972110897,77.50541775795618,human_crops/human_1768329647.jpg
2026-01-13T18:40:48Z,28.4586362,77.5054388,2.153,0.56982421875,0,28.458645917199462,77.5054178763356,
2026-01-13T18:40:48Z,28.4586362,77.5054388,2.163,0.59375,0,28.45864596113548,77.50541777999423,
2026-01-13T18:40:49Z,28.4586362,77.5054388,2.177,0.61962890625,0,28.458646024427157,77.50541764511043,
2026-01-13T18:40:49Z,28.4586362,77.5054388,2.177,0.5791015625,0,28.45864602513978,77.5054176447565,
2026-01-13T18:40:50Z,28.4586362,77.5054388,2.186,0.60400390625,0,28.45864606687968,77.50541755912043,
2026-01-13T18:40:50Z,28.4586362,77.5054388,2.197,0.587890625,0,28.458646114441347,77.50541745458008,
2026-01-13T18:40:51Z,28.4586362,77.5054388,2.199,0.591796875,0,28.45864612371003,77.50541743536355,
2026-01-13T18:40:51Z,28.4586362,77.5054388,2.191,0.57080078125,0,28.458646093788044,77.50541748484719,
2026-01-13T18:40:52Z,28.4586362,77.5054388,2.19,0.591796875,0,28.458646083826583,77.50541752595485,
2026-01-13T18:40:52Z,28.4586362,77.5054388,2.196,0.5947265625,0,28.458646110705384,77.50541747013915,
2026-01-13T18:40:53Z,28.4586362,77.5054388,2.197,0.5810546875,0,28.458646114772023,77.5054174634133,
2026-01-13T18:40:53Z,28.4586362,77.5054388,2.203,0.56494140625,0,28.458646144327304,77.50541737615326,
2026-01-13T18:40:54Z,28.4586362,77.5054388,2.199,0.5810546875,0,28.458646121836505,77.50541744689468,
2026-01-13T18:40:54Z,28.4586362,77.5054388,2.2,0.57861328125,0,28.45864612410101,77.50541743745802,
2026-01-13T18:40:55Z,28.4586362,77.5054388,2.198,0.56884765625,0,28.458646117135842,77.50541742641407,
2026-01-13T18:40:55Z,28.4586362,77.5054388,2.196,0.58251953125,0,28.458646102579,77.50541748065429,
2026-01-13T18:40:56Z,28.4586362,77.5054388,2.188,0.57275390625,0,28.458646078091085,77.50541756102632,
2026-01-13T18:40:56Z,28.4586362,77.5054388,2.21,0.57470703125,0,28.458646166751734,77.50541734793764,
2026-01-13T18:40:57Z,28.4586362,77.5054388,2.194,0.57568359375,0,28.458646093922617,77.50541750596336,
2026-01-13T18:40:57Z,28.4586362,77.5054388,2.18,0.60107421875,0,28.458646031243454,77.50541764308662,human_crops/human_1768329657.jpg
2026-01-13T18:40:58Z,28.4586362,77.5054388,2.168,0.5888671875,0,28.458645975666595,77.50541776121739,
2026-01-13T18:40:58Z,28.4586362,77.5054388,2.151,0.5849609375,0,28.45864589838073,77.50541792617955,
2026-01-13T18:40:59Z,28.4586362,77.5054388,2.148,0.57666015625,0,28.45864588545073,77.5054179534066,
2026-01-13T18:41:00Z,28.4586362,77.5054388,2.161,0.56982421875,0,28.45864593897645,77.50541785879932,
2026-01-13T18:41:00Z,28.4586362,77.5054388,2.167,0.60595703125,0,28.458645970791046,77.50541777049582,
2026-01-13T18:41:01Z,28.4586362,77.5054388,2.198,0.57666015625,0,28.458646107735003,77.50541747226357,
2026-01-13T18:41:01Z,28.4586362,77.5054388,2.211,0.60498046875,0,28.45864615962743,77.50541738107756,
2026-01-13T18:41:02Z,28.4586362,77.5054388,2.214,0.57666015625,0,28.458646177771513,77.5054173222944,
2026-01-13T18:41:02Z,28.4586362,77.5054388,2.228,0.60107421875,0,28.458646240195648,77.50541718875407,
2026-01-13T18:41:03Z,28.4586362,77.5054388,2.226,0.59375,0,28.458646231086497,77.50541720517661,
2026-01-13T18:41:03Z,28.4586362,77.5054388,2.221,0.5810546875,0,28.45864620236602,77.50541728818497,
2026-01-13T18:41:04Z,28.4586362,77.5054388,2.225,0.58984375,0,28.4586462253445,77.50541721971425,
2026-01-13T18:41:04Z,28.4586362,77.5054388,2.232,0.5947265625,0,28.458646256370425,77.50541715139346,
2026-01-13T18:41:05Z,28.4586362,77.5054388,2.224,0.60205078125,0,28.45864622048104,77.50541722928504,human_crops/human_1768329665.jpg
2026-01-13T18:41:05Z,28.4586362,77.5054388,2.218,0.5869140625,0,28.458646194938964,77.50541728768509,
2026-01-13T18:41:06Z,28.4586362,77.5054388,2.233,0.59765625,0,28.45864626775862,77.50541710897568,
2026-01-13T18:41:06Z,28.4586362,77.5054388,2.246,0.583984375,0,28.458646322949406,77.50541701226277,
2026-01-13T18:41:07Z,28.4586362,77.5054388,2.231,0.58984375,0,28.45864625194775,77.50541719036676,
2026-01-13T18:41:07Z,28.4586362,77.5054388,2.225,0.5830078125,0,28.458646230506737,77.50541721556364,
2026-01-13T18:41:08Z,28.4586362,77.5054388,2.213,0.58984375,0,28.45864617922288,77.50541733019749,
2026-01-13T18:41:08Z,28.4586362,77.5054388,2.222,0.57666015625,0,28.45864622177506,77.50541724108112,
2026-01-13T18:41:09Z,28.4586362,77.5054388,2.237,0.5849609375,0,28.458646295139896,77.50541706401528,
2026-01-13T18:41:09Z,28.4586362,77.5054388,2.243,0.58056640625,0,28.45864631241227,77.50541706926184,
2026-01-13T18:41:10Z,28.4586362,77.5054388,2.24,0.5498046875,0,28.458646309004042,77.50541703280574,
2026-01-13T18:41:10Z,28.4586362,77.5054388,2.23,0.6064453125,0,28.458646260257638,77.5054171612998,human_crops/human_1768329670.jpg
2026-01-13T18:41:11Z,28.4586362,77.5054388,2.235,0.5869140625,0,28.458646283125443,77.5054171112632,
2026-01-13T18:41:11Z,28.4586362,77.5054388,2.228,0.57275390625,0,28.45864625332423,77.505417178785,
2026-01-13T18:41:12Z,28.4586362,77.5054388,2.227,0.5888671875,0,28.458646254249413,77.50541715499573,
2026-01-13T18:41:12Z,28.4586362,77.5054388,2.217,0.56396484375,0,28.45864620411099,77.50541728375748,
2026-01-13T18:41:13Z,28.4586362,77.5054388,2.21,0.55419921875,0,28.45864617436949,77.50541735129254,
2026-01-13T18:41:13Z,28.4586362,77.5054388,2.21,0.57861328125,0,28.458646171805555,77.50541735395007,
2026-01-13T18:41:14Z,28.4586362,77.5054388,2.206,0.58056640625,0,28.45864615268123,77.50541739280217,
2026-01-13T18:41:14Z,28.4586362,77.5054388,2.19,0.5419921875,0,28.458646080217555,77.5054175477404,
2026-01-13T18:41:15Z,28.4586362,77.5054388,2.182,0.60498046875,0,28.458646044440105,77.50541762449438,
2026-01-13T18:41:15Z,28.4586362,77.5054388,2.181,0.615234375,0,28.458646033525532,77.50541766745083,
2026-01-13T18:41:16Z,28.4586362,77.5054388,2.177,0.5947265625,0,28.458646023638387,77.50541764358817,
2026-01-13T18:41:16Z,28.4586362,77.5054388,2.186,0.60400390625,0,28.458646057561065,77.50541758723922,human_crops/human_1768329676.jpg
2026-01-13T18:41:17Z,28.4586362,77.5054388,2.213,0.59375,0,28.458646181366024,77.50541732177724,
2026-01-13T18:41:17Z,28.4586362,77.5054388,2.208,0.5947265625,0,28.458646159608655,77.50541737268468,
2026-01-13T18:41:18Z,28.4586362,77.5054388,2.206,0.611328125,0,28.458646151467562,77.50541739237954,
2026-01-13T18:41:18Z,28.4586362,77.5054388,2.221,0.56982421875,0,28.458646220782416,77.5054172459061,
2026-01-13T18:41:19Z,28.4586362,77.5054388,2.216,0.59912109375,0,28.45864619806788,77.5054172946689,
2026-01-13T18:41:19Z,28.4586362,77.5054388,2.223,0.5810546875,0,28.45864622720156,77.5054172257303,
2026-01-13T18:41:20Z,28.4586362,77.5054388,2.247,0.56689453125,0,28.45864633627079,77.50541699507046,
2026-01-13T18:41:20Z,28.4586362,77.5054388,2.249,0.5888671875,0,28.458646350294575,77.50541697194052,
2026-01-13T18:41:21Z,28.4586362,77.5054388,2.238,0.59375,0,28.458646302691392,77.5054170763271,
2026-01-13T18:41:21Z,28.4586362,77.5054388,2.231,0.59033203125,0,28.458646271457628,77.50541714575611,
2026-01-13T18:41:22Z,28.4586362,77.5054388,2.213,0.5927734375,0,28.4586461904367,77.5054173218179,
2026-01-13T18:41:22Z,28.4586362,77.5054388,2.215,0.6064453125,0,28.458646204136436,77.50541727258154,human_crops/human_1768329682.jpg
2026-01-13T18:41:23Z,28.4586362,77.5054388,2.193,0.5869140625,0,28.458646100095546,77.50541751917788,
2026-01-13T18:41:23Z,28.4586362,77.5054388,2.191,0.57177734375,0,28.45864609126246,77.5054175378566,
2026-01-13T18:41:24Z,28.4586362,77.5054388,2.204,0.60107421875,0,28.458646148630688,77.50541741336535,
2026-01-13T18:41:24Z,28.4586362,77.5054388,2.208,0.60205078125,0,28.45864616832471,77.50541737646039,
2026-01-13T18:41:25Z,28.4586362,77.5054388,2.194,0.59375,0,28.458646105364252,77.50541751210461,
2026-01-13T18:41:25Z,28.4586362,77.5054388,2.194,0.6064453125,0,28.45864610396356,77.50541751322753,
2026-01-13T18:41:26Z,28.4586362,77.5054388,2.189,0.59033203125,0,28.458646081948025,77.50541756008542,
2026-01-13T18:41:26Z,28.4586362,77.5054388,2.187,0.57568359375,0,28.45864607844867,77.50541754992311,
2026-01-13T18:41:27Z,28.4586362,77.5054388,2.189,0.57861328125,0,28.458646084564545,77.50541756087115,
2026-01-13T18:41:27Z,28.4586362,77.5054388,2.176,0.5810546875,0,28.458646024179927,77.50541768881178,
2026-01-13T18:41:28Z,28.4586362,77.5054388,2.201,0.6123046875,0,28.458646136473245,77.50541744701927,human_crops/human_1768329688.jpg
2026-01-13T18:41:28Z,28.4586362,77.5054388,2.218,0.59619140625,0,28.458646212257406,77.50541728311394,
2026-01-13T18:41:29Z,28.4586362,77.5054388,2.225,0.59521484375,0,28.45864624881966,77.50541717881345,
2026-01-13T18:41:29Z,28.4586362,77.5054388,2.22,0.57568359375,0,28.458646221288472,77.50541725516781,
2026-01-13T18:41:30Z,28.4586362,77.5054388,2.194,0.5888671875,0,28.458646103977085,77.50541750697441,
2026-01-13T18:41:30Z,28.4586362,77.5054388,2.186,0.57568359375,0,28.458646062597087,77.50541761766617,
2026-01-13T18:41:31Z,28.4586362,77.5054388,2.189,0.57470703125,0,28.458646080556356,77.5054175574776,
2026-01-13T18:41:31Z,28.4586362,77.5054388,2.178,0.57470703125,0,28.458646026559364,77.50541769753384,
2026-01-13T18:41:32Z,28.4586362,77.5054388,2.162,0.5322265625,0,28.45864595877899,77.50541781973016,
2026-01-13T18:41:32Z,28.4586362,77.5054388,2.172,0.587890625,0,28.45864599827409,77.50541775312426,
2026-01-13T18:41:33Z,28.4586362,77.5054388,2.187,0.5361328125,0,28.458646080313994,77.50541757684358,
2026-01-13T18:41:33Z,28.4586362,77.5054388,2.195,0.587890625,0,28.458646107922117,77.50541749646452,
2026-01-13T18:41:34Z,28.4586362,77.5054388,2.211,0.57080078125,0,28.458646181299724,77.50541734152935,
2026-01-13T18:41:34Z,28.4586362,77.5054388,2.231,0.60009765625,0,28.45864627105776,77.50541714809188,human_crops/human_1768329694.jpg
2026-01-13T18:41:35Z,28.4586362,77.5054388,2.232,0.58056640625,0,28.458646274517744,77.50541713882431,
2026-01-13T18:41:35Z,28.4586362,77.5054388,2.223,0.5810546875,0,28.45864623348151,77.50541722516533,
2026-01-13T18:41:36Z,28.4586362,77.5054388,2.215,0.5810546875,0,28.458646200158576,77.50541727155962,
2026-01-13T18:41:36Z,28.4586362,77.5054388,2.207,0.5859375,0,28.458646159582454,77.5054173809401,
2026-01-13T18:41:37Z,28.4586362,77.5054388,2.217,0.58056640625,0,28.458646203495345,77.50541728231379,
2026-01-13T18:41:37Z,28.4586362,77.5054388,2.225,0.56982421875,0,28.458646239223487,77.50541720446154,
2026-01-13T18:41:38Z,28.4586362,77.5054388,2.239,0.60302734375,0,28.45864630955904,77.50541703736816,
2026-01-13T18:41:38Z,28.4586362,77.5054388,2.263,0.57373046875,0,28.458646407959954,77.50541687172024,
2026-01-13T18:41:39Z,28.4586362,77.5054388,2.278,0.56884765625,0,28.45864647819764,77.50541669781684,
2026-01-13T18:41:39Z,28.4586362,77.5054388,2.292,0.56884765625,0,28.45864654096323,77.50541655888091,
2026-01-13T18:41:40Z,28.4586362,77.5054388,2.294,0.734375,0,28.458646573007023,77.50541654261816,human_crops/human_1768329700.jpg
2026-01-13T18:41:40Z,28.4586362,77.5054388,2.281,0.62451171875,0,28.458646509405522,77.50541669884281,
2026-01-13T18:41:41Z,28.4586362,77.5054388,2.268,0.56494140625,0,28.45864643595361,77.50541678749569,
2026-01-13T18:41:41Z,28.4586362,77.5054388,2.258,0.541015625,0,28.458646393648014,77.50541688669392,
2026-01-13T18:41:42Z,28.4586362,77.5054388,2.271,0.55908203125,0,28.458646475384292,77.50541676689579,
2026-01-13T18:41:42Z,28.4586362,77.5054388,2.267,0.56787109375,0,28.458646435718652,77.50541680034526,
2026-01-13T18:41:43Z,28.4586362,77.5054388,2.273,0.5244140625,0,28.458646461532883,77.50541674197522,
2026-01-13T18:41:43Z,28.4586362,77.5054388,2.283,0.60400390625,0,28.458646505760342,77.50541664494037,
2026-01-13T18:41:44Z,28.4586362,77.5054388,2.302,0.60009765625,0,28.45864659003151,77.5054164604251,
2026-01-13T18:41:44Z,28.4586362,77.5054388,2.293,0.5791015625,0,28.458646565049257,77.5054165148101,
2026-01-13T18:41:45Z,28.4586362,77.5054388,2.291,0.57177734375,0,28.45864654445789,77.50541653468939,
2026-01-13T18:41:45Z,28.4586362,77.5054388,2.286,0.56005859375,0,28.458646515467603,77.50541661681645,
2026-01-13T18:41:46Z,28.4586362,77.5054388,2.254,0.5634765625,0,28.458646376646243,77.50541689471275,
2026-01-13T18:41:46Z,28.4586362,77.5054388,2.251,0.56591796875,0,28.458646358065096,77.50541695640138,
2026-01-13T18:41:47Z,28.4586362,77.5054388,2.252,0.58251953125,0,28.45864636664413,77.50541691395516,
2026-01-13T18:41:47Z,28.4586362,77.5054388,2.255,0.56689453125,0,28.458646375591744,77.50541691679317,
2026-01-13T18:41:48Z,28.4586362,77.5054388,2.257,0.5517578125,0,28.458646385412898,77.50541689592342,
2026-01-13T18:41:48Z,28.4586362,77.5054388,2.254,0.57568359375,0,28.45864637713904,77.5054168881053,
2026-01-13T18:41:49Z,28.4586362,77.5054388,2.224,0.5634765625,0,28.458646235002444,77.5054172154864,
2026-01-13T18:41:49Z,28.4586362,77.5054388,2.207,0.5517578125,0,28.45864616445024,77.50541734863452,
2026-01-13T18:41:50Z,28.4586362,77.5054388,2.22,0.56982421875,0,28.45864622054103,77.50541725432534,
2026-01-13T18:41:50Z,28.4586362,77.5054388,2.211,0.583984375,0,28.45864618179228,77.50541733843602,
2026-01-13T18:41:51Z,28.4586362,77.5054388,2.215,0.58984375,0,28.458646199392856,77.50541730102812,
2026-01-13T18:41:51Z,28.4586362,77.5054388,2.213,0.5634765625,0,28.45864619428814,77.50541728939135,
2026-01-13T18:41:52Z,28.4586362,77.5054388,2.199,0.60009765625,0,28.45864613204709,77.50541742608017,human_crops/human_1768329712.jpg
2026-01-13T18:41:52Z,28.4586362,77.5054388,2.198,0.5810546875,0,28.45864612257735,77.50541746855411,
2026-01-13T18:41:53Z,28.4586362,77.5054388,2.193,0.56884765625,0,28.458646099064225,77.5054175175357,
2026-01-13T18:41:53Z,28.4586362,77.5054388,2.189,0.58984375,0,28.45864608116264,77.5054175548109,
2026-01-13T18:41:54Z,28.4586362,77.5054388,2.196,0.57666015625,0,28.458646116999947,77.5054174581486,
2026-01-13T18:41:54Z,28.4586362,77.5054388,2.21,0.57666015625,0,28.458646172076577,77.50541738817803,
2026-01-13T18:41:55Z,28.4586362,77.5054388,2.214,0.60302734375,0,28.458646194781803,77.50541731594794,
2026-01-13T18:41:55Z,28.4586362,77.5054388,2.24,0.56689453125,0,28.45864631232987,77.50541706306727,
2026-01-13T18:41:56Z,28.4586362,77.5054388,2.263,0.58056640625,0,28.458646421447224,77.5054168044908,
2026-01-13T18:41:56Z,28.4586362,77.5054388,2.282,0.57568359375,0,28.45864650179937,77.50541665237628,
2026-01-13T18:41:57Z,28.4586362,77.5054388,2.282,0.5849609375,0,28.45864650221964,77.5054166500028,
2026-01-13T18:41:57Z,28.4586362,77.5054388,2.288,0.5458984375,0,28.458646527149394,77.50541659500264,
2026-01-13T18:41:58Z,28.4586362,77.5054388,2.286,0.59814453125,0,28.458646523725626,77.50541657831862,
2026-01-13T18:41:58Z,28.4586362,77.5054388,2.276,0.583984375,0,28.458646472605082,77.5054167064132,
2026-01-13T18:41:59Z,28.4586362,77.5054388,2.264,0.57373046875,0,28.458646416506525,77.50541682486954,
2026-01-13T18:41:59Z,28.4586362,77.5054388,2.265,0.5927734375,0,28.458646420789087,77.50541681558545,
2026-01-13T18:42:00Z,28.4586362,77.5054388,2.282,0.57275390625,0,28.458646497946784,77.50541665156439,
2026-01-13T18:42:00Z,28.4586362,77.5054388,2.269,0.60888671875,0,28.45864644097484,77.50541677556511,human_crops/human_1768329720.jpg
2026-01-13T18:42:01Z,28.4586362,77.5054388,2.263,0.5830078125,0,28.4586464144503,77.50541683264176,
2026-01-13T18:42:01Z,28.4586362,77.5054388,2.263,0.56982421875,0,28.458646419326783,77.50541679604747,
2026-01-13T18:42:02Z,28.4586362,77.5054388,2.293,0.55224609375,0,28.4586465502706,77.50541653831603,
2026-01-13T18:42:02Z,28.4586362,77.5054388,2.293,0.56884765625,0,28.45864655795493,77.5054165754904,
2026-01-13T18:42:03Z,28.4586362,77.5054388,2.295,0.57080078125,0,28.458646568565985,77.50541648492018,
2026-01-13T18:42:03Z,28.4586362,77.5054388,2.304,0.56494140625,0,28.458646604367352,77.5054164288488,
2026-01-13T18:42:04Z,28.4586362,77.5054388,2.302,0.56005859375,0,28.45864659901429,77.50541641426959,
2026-01-13T18:42:04Z,28.4586362,77.5054388,2.292,0.548828125,0,28.458646548890368,77.50541654436354,
2026-01-13T18:42:05Z,28.4586362,77.5054388,2.292,0.58984375,0,28.45864655059191,77.50541654266007,
2026-01-13T18:42:05Z,28.4586362,77.5054388,2.289,0.57373046875,0,28.458646534808455,77.5054165734588,
2026-01-13T18:42:06Z,28.4586362,77.5054388,2.301,0.57275390625,0,28.458646591187847,77.50541645862738,
2026-01-13T18:42:06Z,28.4586362,77.5054388,2.312,0.5830078125,0,28.458646642146363,77.50541635227789,
2026-01-13T18:42:07Z,28.4586362,77.5054388,2.32,0.57373046875,0,28.45864667194439,77.50541630796423,
2026-01-13T18:42:07Z,28.4586362,77.5054388,2.328,0.56982421875,0,28.458646708194664,77.50541619893939,
2026-01-13T18:42:18Z,28.4586362,77.5054388,2.243,0.5087890625,0,28.458646141132743,77.50541480374935,
2026-01-13T18:42:22Z,28.4586362,77.5054388,2.309,0.53759765625,0,28.45864644896944,77.5054141929295,
2026-01-13T18:42:36Z,28.4586362,77.5054388,2.315,0.521484375,0,28.45864646057323,77.50541415511161,
2026-01-13T18:42:44Z,28.4586362,77.5054388,2.391,0.67578125,0,28.458646649496767,77.50541306604075,human_crops/human_1768329764.jpg
2026-01-13T18:42:45Z,28.4586362,77.5054388,2.361,0.521484375,0,28.458646518893794,77.50541368170319,
2026-01-13T18:42:46Z,28.4586362,77.5054388,2.385,0.5224609375,0,28.458646639964986,77.50541342791809,
2026-01-13T18:42:46Z,28.4586362,77.5054388,2.386,0.56494140625,0,28.4586466430493,77.5054134431393,
2026-01-13T18:42:47Z,28.4586362,77.5054388,2.383,0.63232421875,0,28.45864652840815,77.50541329795155,
2026-01-13T18:43:00Z,28.4586362,77.5054388,2.446,0.53125,0,28.458646823561324,77.50541275729806,
2026-01-13T18:43:01Z,28.4586362,77.5054388,2.418,0.5107421875,0,28.458646307461276,77.50541373307586,
2026-01-13T18:43:01Z,28.4586362,77.5054388,2.407,0.556640625,0,28.458645875440908,77.50541442077733,
2026-01-13T18:43:02Z,28.4586362,77.5054388,2.4,0.5029296875,0,28.45864643575935,77.5054136823323,
2026-01-13T18:43:07Z,28.4586362,77.5054388,2.473,0.5537109375,0,28.458646450867832,77.50541352728443,
2026-01-13T18:43:08Z,28.4586362,77.5054388,2.479,0.55419921875,0,28.458646320744258,77.50541369383392,
2026-01-13T18:43:08Z,28.4586362,77.5054388,2.493,0.55224609375,0,28.4586464075386,77.50541356489052,
2026-01-13T18:43:09Z,28.4586362,77.5054388,2.501,0.650390625,0,28.458646424532976,77.50541350422748,human_crops/human_1768329789.jpg
2026-01-13T18:43:09Z,28.4586362,77.5054388,2.506,0.64892578125,0,28.458646427770542,77.50541348659661,
2026-01-13T18:43:10Z,28.4586362,77.5054388,2.496,0.65283203125,0,28.458646376381946,77.50541372343854,
2026-01-13T18:43:10Z,28.4586362,77.5054388,2.503,0.6591796875,0,28.458646414164697,77.50541359774734,
2026-01-13T18:43:11Z,28.4586362,77.5054388,2.51,0.68994140625,0,28.458646596635937,77.50541327023325,
2026-01-13T18:43:11Z,28.4586362,77.5054388,2.511,0.6259765625,0,28.458646570937272,77.50541332213098,
2026-01-13T18:43:12Z,28.4586362,77.5054388,2.514,0.5634765625,0,28.45864699915245,77.50541272750458,
2026-01-13T18:43:13Z,28.4586362,77.5054388,2.507,0.52734375,0,28.458646944490756,77.50541300733123,
2026-01-13T18:43:13Z,28.4586362,77.5054388,2.506,0.5126953125,0,28.458646831013088,77.50541319040522,
2026-01-13T18:43:19Z,28.4586362,77.5054388,2.423,0.56689453125,0,28.458646614428808,77.5054138762701,
2026-01-13T18:43:31Z,28.4586362,77.5054388,2.503,0.5869140625,0,28.45864663877593,77.50541547053193,
2026-01-13T18:45:42Z,28.4586362,77.5054388,2.621,0.50390625,0,28.458648190089853,77.50541254390683,
                                                                                                      2026-01-13T19:54:16Z,28.4585679,77.5057708,-0.244,0.51171875,0,28.4585671233908,77.50576994072493,
2026-01-13T19:54:16Z,28.458568,77.5057715,-0.593,0.86181640625,0,28.458567991966646,77.50577355961731,human_crops/human_1768334056.jpg
2026-01-13T19:54:17Z,28.4585679,77.5057728,0.07,0.8125,0,28.458567906169993,77.50577264373909,
2026-01-13T19:54:17Z,28.4585679,77.5057728,0.07,0.79150390625,0,28.45856813184242,77.50577235230982,
2026-01-13T19:54:18Z,28.4585679,77.5057728,0.07,0.775390625,0,28.458567913224787,77.50577232173096,
2026-01-13T19:54:18Z,28.4585679,77.5057728,0.07,0.75146484375,0,28.45856812568005,77.50577267718641,
2026-01-13T19:54:19Z,28.4585679,77.5057728,0.07,0.63525390625,0,28.458567753940294,77.5057729187986,
2026-01-13T19:54:19Z,28.4585679,77.5057728,0.07,0.5869140625,0,28.458568078248124,77.5057731571434,
2026-01-13T19:54:20Z,28.4585679,77.5057728,0.07,0.5224609375,0,28.45856790081066,77.50577294712271,
2026-01-13T19:54:20Z,28.4585679,77.5057728,0.07,0.501953125,0,28.458568098854194,77.50577295918256,
2026-01-13T19:54:21Z,28.4585695,77.505775,-0.258,0.7998046875,0,28.45856911835669,77.50577666838312,
2026-01-13T19:54:21Z,28.4585695,77.505775,-0.258,0.7255859375,0,28.458569850818368,77.50577570141617,
2026-01-13T19:54:21Z,28.4585695,77.505775,-0.258,0.72314453125,0,28.458569132836743,77.50577563066032,human_crops/human_1768334061.jpg
2026-01-13T19:54:22Z,28.4585695,77.505775,-0.258,0.5341796875,0,28.458569222496628,77.50577385656824,
2026-01-13T19:54:22Z,28.4585695,77.505775,-0.258,0.52734375,0,28.45856983473613,77.5057738945981,
2026-01-13T19:54:23Z,28.4585697,77.505775,-0.02,0.734375,0,28.45856964821613,77.50577512089657,
2026-01-13T19:54:23Z,28.4585697,77.505775,-0.02,0.68505859375,0,28.458569651709514,77.50577506684118,
2026-01-13T19:54:24Z,28.4585697,77.505775,-0.02,0.537109375,0,28.458569617237714,77.50577511884481,
2026-01-13T19:54:24Z,28.4585697,77.505775,-0.02,0.5244140625,0,28.458569656049967,77.50577502318002,
2026-01-13T19:54:25Z,28.4585726,77.5057736,-0.091,0.79638671875,0,28.458572723599474,77.50577434494836,
2026-01-13T19:54:25Z,28.4585726,77.5057736,-0.091,0.71142578125,0,28.45857256187843,77.50577456876454,
2026-01-13T19:54:26Z,28.4585726,77.5057736,-0.091,0.6884765625,0,28.458572733045454,77.50577408408581,
2026-01-13T19:54:26Z,28.4585726,77.5057736,-0.091,0.65576171875,0,28.458572571968617,77.5057743353843,
2026-01-13T19:54:27Z,28.4585726,77.5057736,-0.091,0.640625,0,28.458572426311797,77.5057743263813,human_crops/human_1768334067.jpg
2026-01-13T19:54:27Z,28.4585726,77.5057736,-0.091,0.62060546875,0,28.458572421256285,77.505774565001,
2026-01-13T19:54:28Z,28.4585726,77.5057736,-0.091,0.60791015625,0,28.458572264866174,77.50577454222362,
2026-01-13T19:54:28Z,28.4585726,77.5057736,-0.091,0.591796875,0,28.45857243891135,77.50577407381404,
2026-01-13T19:54:28Z,28.4585726,77.5057736,-0.091,0.53515625,0,28.458572586943706,77.50577408379331,
2026-01-13T19:54:29Z,28.4585706,77.5057733,-0.12,0.77392578125,0,28.4585708257252,77.50577438018264,
2026-01-13T19:54:29Z,28.4585706,77.5057733,-0.12,0.74951171875,0,28.458570846473823,77.50577373099796,
2026-01-13T19:54:30Z,28.4585706,77.5057733,-0.12,0.69970703125,0,28.45857042175154,77.50577433989953,
2026-01-13T19:54:30Z,28.4585706,77.5057733,-0.12,0.693359375,0,28.45857064231008,77.50577405441244,
2026-01-13T19:54:31Z,28.4585706,77.5057733,-0.12,0.65478515625,0,28.45857084359576,77.50577406633565,
2026-01-13T19:54:31Z,28.4585706,77.5057733,-0.12,0.64892578125,0,28.458570420763017,77.50577402464108,
2026-01-13T19:54:32Z,28.4585706,77.5057733,-0.12,0.611328125,0,28.458570633911275,77.50577436776369,human_crops/human_1768334072.jpg
2026-01-13T19:54:32Z,28.4585706,77.5057733,-0.12,0.56201171875,0,28.458570659196198,77.50577372056827,
2026-01-13T19:54:33Z,28.4585706,77.5057733,-0.12,0.5361328125,0,28.458570452556064,77.50577341062683,
2026-01-13T19:54:33Z,28.4585706,77.5057733,-0.12,0.517578125,0,28.458570658618196,77.50577342321978,
2026-01-13T19:54:34Z,28.4585596,77.5057745,-0.126,0.56591796875,0,28.4585595140434,77.50577522117094,
2026-01-13T19:54:34Z,28.4585591,77.5057748,-0.085,0.60205078125,0,28.458559228643757,77.50577550086247,
2026-01-13T19:54:35Z,28.4585591,77.5057748,-0.085,0.56591796875,0,28.45855910358312,77.50577549546938,
2026-01-13T19:54:35Z,28.4585591,77.5057748,-0.085,0.54736328125,0,28.45855896138826,77.50577547855916,
2026-01-13T19:54:36Z,28.4585544,77.5057765,-0.291,0.69970703125,0,28.45855445686472,77.50577817740891,
2026-01-13T19:54:36Z,28.4585544,77.5057765,-0.291,0.69677734375,0,28.458554863979067,77.50577891790755,
2026-01-13T19:54:36Z,28.4585544,77.5057765,-0.291,0.5361328125,0,28.458553957641396,77.50577883239947,
2026-01-13T19:54:37Z,28.4585544,77.5057765,-0.291,0.5185546875,0,28.45855444343832,77.50577888493643,
2026-01-13T19:54:37Z,28.458553,77.5057755,-0.132,0.81201171875,0,28.458552967648263,77.50577683512293,human_crops/human_1768334077.jpg
2026-01-13T19:54:38Z,28.458553,77.5057755,-0.132,0.75732421875,0,28.458552968753462,77.50577629572324,
2026-01-13T19:54:38Z,28.458553,77.5057755,-0.132,0.57470703125,0,28.45855300674025,77.50577531039336,
2026-01-13T19:54:39Z,28.458553,77.5057755,-0.132,0.517578125,0,28.458553240765696,77.50577683809956,
2026-01-13T19:54:39Z,28.458548,77.5057729,-0.202,0.68994140625,0,28.45854794093039,77.50577510037047,
2026-01-13T19:54:40Z,28.458548,77.5057729,-0.202,0.662109375,0,28.45854796146905,77.50577433231378,
2026-01-13T19:54:40Z,28.458548,77.5057729,-0.202,0.6611328125,0,28.45854802389017,77.50577276748314,
2026-01-13T19:54:41Z,28.458548,77.5057729,-0.202,0.5009765625,0,28.458548387653163,77.50577438377907,
2026-01-13T19:54:41Z,28.4585426,77.505777,-0.338,0.67578125,0,28.458542533062744,77.50577939779792,
2026-01-13T19:54:42Z,28.4585426,77.505777,-0.338,0.66796875,0,28.45854264128727,77.50577677662966,
2026-01-13T19:54:42Z,28.4585426,77.505777,-0.338,0.6591796875,0,28.458542499407063,77.50578068358993,
2026-01-13T19:54:43Z,28.4585426,77.505777,-0.338,0.509765625,0,28.45854324645408,77.50577947939698,
2026-01-13T19:54:43Z,28.4585393,77.5057795,-0.102,0.68896484375,0,28.458539312481708,77.50577943245545,human_crops/human_1768334083.jpg
2026-01-13T19:54:43Z,28.4585393,77.5057795,-0.102,0.67626953125,0,28.458539279382276,77.50578022336592,
2026-01-13T19:54:44Z,28.4585393,77.5057795,-0.102,0.64697265625,0,28.458539269011695,77.50578061128365,
2026-01-13T19:54:44Z,28.4585393,77.5057795,-0.102,0.5166015625,0,28.458539494374687,77.50578024812164,
2026-01-13T19:54:45Z,28.4585378,77.5057799,-0.117,0.79931640625,0,28.45853774087399,77.50578119066412,
2026-01-13T19:54:45Z,28.4585378,77.5057799,-0.117,0.751953125,0,28.458537746085714,77.50578074842811,
2026-01-13T19:54:46Z,28.4585378,77.5057799,-0.117,0.64892578125,0,28.458537797180593,77.50577983308686,
2026-01-13T19:54:46Z,28.4585365,77.5057809,-0.105,0.693359375,0,28.45853646581852,77.50578204243041,
2026-01-13T19:54:47Z,28.4585365,77.5057809,-0.105,0.6845703125,0,28.458536476810487,77.50578164434471,
2026-01-13T19:54:47Z,28.4585365,77.5057809,-0.105,0.666015625,0,28.45853651112945,77.5057808297129,
2026-01-13T19:54:48Z,28.4585365,77.5057809,-0.105,0.5087890625,0,28.458536697240923,77.50578166919102,
2026-01-13T19:54:48Z,28.4585363,77.5057813,-0.423,0.70654296875,0,28.458536160060635,77.50578591074863,human_crops/human_1768334088.jpg
2026-01-13T19:54:49Z,28.4585363,77.5057813,-0.423,0.67822265625,0,28.4585362052795,77.50578430008046,
2026-01-13T19:54:49Z,28.4585363,77.5057813,-0.423,0.67626953125,0,28.458536342525516,77.50578102097923,
2026-01-13T19:54:50Z,28.4585363,77.5057813,-0.423,0.5205078125,0,28.458537093401585,77.50578440062404,
2026-01-13T19:54:50Z,28.4585358,77.5057819,-0.126,0.7080078125,0,28.45853575778085,77.50578327292907,
2026-01-13T19:54:51Z,28.4585358,77.5057819,-0.126,0.68017578125,0,28.458535813423566,77.50578181623555,
2026-01-13T19:54:51Z,28.4585358,77.5057819,-0.126,0.67919921875,0,28.45853577141155,77.50578279425449,
2026-01-13T19:54:51Z,28.4585375,77.5057831,-0.385,0.7099609375,0,28.458537368076524,77.50578729352738,
2026-01-13T19:54:52Z,28.4585375,77.5057831,-0.385,0.68017578125,0,28.458537412284755,77.50578582858137,
2026-01-13T19:54:52Z,28.4585375,77.5057831,-0.385,0.65869140625,0,28.45853754163451,77.5057828419765,
2026-01-13T19:54:53Z,28.4585398,77.5057826,-0.332,0.7080078125,0,28.458539687011353,77.50578621596397,
2026-01-13T19:54:53Z,28.4585398,77.5057826,-0.332,0.6748046875,0,28.458539723792153,77.50578495519355,human_crops/human_1768334093.jpg
2026-01-13T19:54:54Z,28.4585398,77.5057826,-0.332,0.66015625,0,28.45853983633832,77.5057823773608,
2026-01-13T19:54:54Z,28.4585414,77.5057815,-0.135,0.708984375,0,28.458541354624376,77.50578296982117,
2026-01-13T19:54:55Z,28.4585414,77.5057815,-0.135,0.6748046875,0,28.458541368971535,77.50578245728751,
2026-01-13T19:54:55Z,28.4585414,77.5057815,-0.135,0.66796875,0,28.458541414868762,77.50578140920726,
2026-01-13T19:54:56Z,28.4585415,77.5057809,-0.561,0.7041015625,0,28.458541311506313,77.50578700729085,
2026-01-13T19:54:56Z,28.4585415,77.5057809,-0.561,0.67724609375,0,28.458541371247527,77.5057848776273,
2026-01-13T19:54:57Z,28.4585415,77.5057809,-0.561,0.66796875,0,28.458541562230433,77.50578052242831,
2026-01-13T19:54:57Z,28.4585399,77.5057858,-0.396,0.7158203125,0,28.458539761385474,77.5057901125256,
2026-01-13T19:54:58Z,28.4585399,77.5057858,-0.396,0.6845703125,0,28.45853980783271,77.50578860896292,
2026-01-13T19:54:58Z,28.4585399,77.5057858,-0.396,0.67236328125,0,28.45853994332297,77.50578553433094,
2026-01-13T19:54:59Z,28.458539,77.5057897,-0.479,0.75390625,0,28.458538845347526,77.50579491154329,human_crops/human_1768334099.jpg
2026-01-13T19:54:59Z,28.458539,77.5057897,-0.479,0.73095703125,0,28.45853888744723,77.5057930985839,
2026-01-13T19:55:00Z,28.458539,77.5057897,-0.479,0.681640625,0,28.458539052355977,77.5057893811235,
2026-01-13T19:55:00Z,28.458539,77.5057897,-0.479,0.6298828125,0,28.458539894161113,77.50579321147578,
2026-01-13T19:55:00Z,28.458539,77.5057897,-0.479,0.5087890625,0,28.45853901995747,77.50579120301983,
2026-01-13T19:55:01Z,28.458539,77.5057897,-0.479,0.505859375,0,28.458539796468877,77.50579492931026,
2026-01-13T19:55:01Z,28.4585379,77.5057919,-0.411,0.69775390625,0,28.458537806768213,77.50579483660545,
2026-01-13T19:55:02Z,28.4585379,77.5057919,-0.411,0.693359375,0,28.45853866868058,77.50579491215201,
2026-01-13T19:55:02Z,28.4585379,77.5057919,-0.411,0.68017578125,0,28.458537782252805,77.50579636897675,
2026-01-13T19:55:03Z,28.4585379,77.5057919,-0.411,0.65478515625,0,28.458537942672688,77.50579162734329,
2026-01-13T19:55:03Z,28.4585379,77.5057919,-0.411,0.62255859375,0,28.458538582604728,77.50579639587922,
2026-01-13T19:55:04Z,28.4585379,77.5057919,-0.411,0.57470703125,0,28.458536100000224,77.50579746469454,
2026-01-13T19:55:04Z,28.4585379,77.5057919,-0.411,0.55078125,0,28.45853792102582,77.50579317546728,
2026-01-13T19:55:05Z,28.4585398,77.5057999,-0.282,0.7158203125,0,28.458539717759646,77.50580297064474,human_crops/human_1768334105.jpg
2026-01-13T19:55:05Z,28.4585398,77.5057999,-0.282,0.69873046875,0,28.45853973183744,77.50580190623108,
2026-01-13T19:55:06Z,28.4585398,77.5057999,-0.282,0.68359375,0,28.45854032713032,77.50580196480617,
2026-01-13T19:55:06Z,28.4585398,77.5057999,-0.282,0.66552734375,0,28.458539827698004,77.50579971400364,
2026-01-13T19:55:06Z,28.4585398,77.5057999,-0.282,0.60888671875,0,28.45854026783032,77.50580298500223,
2026-01-13T19:55:07Z,28.4585398,77.5057999,-0.282,0.56689453125,0,28.458538564249174,77.50580371823997,
2026-01-13T19:55:07Z,28.4585398,77.5057999,-0.282,0.5068359375,0,28.45853981471931,77.50580076452162,
2026-01-13T19:55:08Z,28.4585412,77.5058086,-0.329,0.68701171875,0,28.4585411027693,77.50581218230916,
2026-01-13T19:55:08Z,28.4585412,77.5058086,-0.329,0.68701171875,0,28.458541814252058,77.50581101197554,
2026-01-13T19:55:09Z,28.4585412,77.5058086,-0.329,0.6826171875,0,28.458541120010185,77.50581093804458,
2026-01-13T19:55:09Z,28.4585412,77.5058086,-0.329,0.6513671875,0,28.45854123480145,77.50580838312949,
2026-01-13T19:55:10Z,28.4585412,77.5058086,-0.329,0.6064453125,0,28.458541744531153,77.50581219970928,human_crops/human_1768334110.jpg
2026-01-13T19:55:10Z,28.4585412,77.5058086,-0.329,0.57275390625,0,28.458539756693302,77.50581305303682,
2026-01-13T19:55:11Z,28.4585413,77.5058113,0.189,0.54736328125,0,28.458542131601835,77.50580874329839,
2026-01-13T19:55:11Z,28.4585415,77.5058113,0.195,0.55908203125,0,28.458542358143912,77.50580866221267,
2026-01-13T19:55:12Z,28.4585415,77.5058113,0.16,0.5537109375,0,28.458542203576954,77.50580913496164,
2026-01-13T19:55:12Z,28.4585417,77.5058111,0.122,0.5498046875,0,28.45854223688861,77.50580945009696,
2026-01-13T19:55:13Z,28.4585419,77.5058106,0.065,0.5498046875,0,28.45854218544046,77.50580972196154,
2026-01-13T19:55:13Z,28.4585424,77.5058102,0.024,0.55517578125,0,28.45854250537563,77.50580987605518,
2026-01-13T19:55:14Z,28.4585426,77.5058103,-0.002,0.53759765625,0,28.458542591223082,77.50581032701552,
2026-01-13T19:55:14Z,28.4585428,77.5058103,-0.024,0.56005859375,0,28.458542694552964,77.50581062400173,
2026-01-13T19:55:15Z,28.4585428,77.5058103,-0.024,0.544921875,0,28.458542694548807,77.50581062409023,
2026-01-13T19:55:15Z,28.4585428,77.5058103,-0.024,0.556640625,0,28.458542694552964,77.50581062400173,
2026-01-13T19:55:16Z,28.4585428,77.5058103,-0.024,0.56201171875,0,28.45854269467095,77.50581062401083,
2026-01-13T19:55:16Z,28.4585439,77.5058112,-0.056,0.55224609375,0,28.458543653288633,77.50581195761511,
2026-01-13T19:55:17Z,28.458544,77.5058114,-0.053,0.54736328125,0,28.458543766281778,77.50581211698224,
2026-01-13T19:55:17Z,28.458544,77.5058112,-0.054,0.5517578125,0,28.458543761746178,77.50581193015915,
2026-01-13T19:55:18Z,28.4585441,77.5058107,-0.038,0.556640625,0,28.458543932599277,77.50581121333796,
2026-01-13T19:55:18Z,28.4585449,77.5058098,-0.034,0.55517578125,0,28.458544750512246,77.50581025863652,
2026-01-13T19:55:19Z,28.4585457,77.5058083,-0.042,0.556640625,0,28.45854551540768,77.50580886561502,
2026-01-13T19:55:19Z,28.4585465,77.5058072,-0.05,0.55810546875,0,28.458546280387345,77.50580787285682,
2026-01-13T19:55:20Z,28.4585471,77.5058066,-0.06,0.5634765625,0,28.45854683627909,77.50580740796052,
2026-01-13T19:55:20Z,28.4585475,77.5058061,-0.077,0.55419921875,0,28.45854716165221,77.50580713733714,
2026-01-13T19:55:21Z,28.4585478,77.5058059,-0.105,0.55517578125,0,28.45854733815773,77.50580731571662,
2026-01-13T19:55:21Z,28.4585487,77.5058053,-0.109,0.55078125,0,28.45854822040708,77.50580676902435,
2026-01-13T19:55:22Z,28.4585494,77.5058048,-0.118,0.5576171875,0,28.458548880732955,77.50580639009898,
2026-01-13T19:55:22Z,28.4585503,77.5058045,-0.12,0.546875,0,28.45854977185442,77.50580611821897,
2026-01-13T19:55:23Z,28.4585509,77.5058045,-0.099,0.5498046875,0,28.458550464487264,77.5058058354603,
2026-01-13T19:55:23Z,28.4585513,77.5058043,-0.084,0.55224609375,0,28.45855092976502,77.50580543360269,
2026-01-13T19:55:24Z,28.4585516,77.5058043,-0.093,0.5517578125,0,28.458551190184526,77.50580555592381,
2026-01-13T19:55:24Z,28.4585516,77.5058043,-0.093,0.55078125,0,28.458551189710587,77.5058055562315,
2026-01-13T19:55:25Z,28.4585516,77.5058043,-0.093,0.5517578125,0,28.458551190184526,77.50580555592381,
2026-01-13T19:55:25Z,28.4585516,77.5058043,-0.093,0.544921875,0,28.458551189710587,77.5058055562315,
2026-01-13T19:55:26Z,28.4585537,77.5058013,-0.043,0.5576171875,0,28.458553510401813,77.50580188038852,
2026-01-13T19:55:26Z,28.4585541,77.5058004,-0.037,0.5517578125,0,28.458553936849192,77.5058008993687,
2026-01-13T19:55:27Z,28.4585546,77.5058003,-0.045,0.5498046875,0,28.45855440119083,77.50580090786863,
2026-01-13T19:55:27Z,28.458555,77.5058,-0.022,0.54736328125,0,28.458554902856598,77.50580029728235,
2026-01-13T19:55:28Z,28.4585552,77.5058002,0.023,0.5439453125,0,28.458555301833417,77.50579988869873,
2026-01-13T19:55:28Z,28.4585552,77.5058005,0.062,0.5400390625,0,28.45855547460623,77.5057996599579,
2026-01-13T19:55:29Z,28.4585558,77.5058002,0.073,0.55224609375,0,28.458556123562182,77.50579921109099,
2026-01-13T19:55:29Z,28.4585562,77.5057998,0.053,0.5361328125,0,28.45855643505053,77.505799081935,
2026-01-13T19:55:30Z,28.4585568,77.5057991,0.035,0.546875,0,28.458556955046728,77.5057986257612,
2026-01-13T19:55:30Z,28.4585572,77.5057983,0.018,0.55224609375,0,28.458557279682594,77.50579805636433,
2026-01-13T19:55:31Z,28.4585579,77.5057973,-0.01,0.55224609375,0,28.458557855751348,77.50579743530756,
2026-01-13T19:55:31Z,28.4585585,77.505796,-0.044,0.541015625,0,28.45855830512414,77.50579659443004,
2026-01-13T19:58:31Z,28.4585768,77.5057746,-0.513,0.62255859375,0,28.458573901154207,77.5057776026983,human_crops/human_1768334311.jpg
2026-01-13T19:59:49Z,28.4585812,77.505759,-0.084,0.669921875,0,28.4585808864502,77.50575888101604,human_crops/human_1768334389.jpg
2026-01-13T19:59:50Z,28.4585812,77.5057593,-0.055,0.876953125,0,28.45858098300544,77.50575935089233,
2026-01-13T19:59:50Z,28.4585812,77.5057593,-0.055,0.86767578125,0,28.45858123024225,77.50575932652079,
2026-01-13T19:59:51Z,28.4585812,77.5057593,-0.055,0.822265625,0,28.458580932538357,77.50575962651921,
2026-01-13T19:59:51Z,28.4585812,77.5057593,-0.055,0.79833984375,0,28.4585810802103,77.50575947306146,
2026-01-13T19:59:52Z,28.4585812,77.5057593,-0.055,0.771484375,0,28.458580800297977,77.50575974464323,
2026-01-13T19:59:52Z,28.4585812,77.5057593,-0.055,0.69873046875,0,28.458580716729617,77.50575963078012,
2026-01-13T19:59:52Z,28.4585812,77.5057593,-0.055,0.69873046875,0,28.458581129828527,77.5057592022892,
2026-01-13T19:59:53Z,28.4585812,77.5057593,-0.055,0.5439453125,0,28.458580829721903,77.50575950611095,
2026-01-13T19:59:53Z,28.4585805,77.5057569,0.044,0.85546875,0,28.458580682883998,77.50575686283126,
2026-01-13T19:59:54Z,28.4585805,77.5057569,0.044,0.80615234375,0,28.458580727974244,77.50575666058128,
2026-01-13T19:59:54Z,28.4585805,77.5057569,0.044,0.79736328125,0,28.45858079713751,77.50575675414969,human_crops/human_1768334394.jpg
2026-01-13T19:59:55Z,28.4585805,77.5057569,0.044,0.78271484375,0,28.458580901887895,77.50575664322784,
2026-01-13T19:59:55Z,28.4585805,77.5057569,0.044,0.60595703125,0,28.458580957895673,77.50575672674842,
2026-01-13T19:59:56Z,28.4585805,77.5057569,0.044,0.5888671875,0,28.458581027172308,77.50575666809226,
2026-01-13T19:59:56Z,28.4585805,77.5057569,0.044,0.5791015625,0,28.458580617374984,77.50575677370844,
2026-01-13T19:59:57Z,28.4585805,77.5057569,0.044,0.56591796875,0,28.458580839569557,77.50575655730404,
2026-01-13T19:59:57Z,28.4585805,77.5057569,0.044,0.501953125,0,28.458580740458775,77.50575694180134,
2026-01-13T19:59:58Z,28.4585832,77.5057491,-0.065,0.861328125,0,28.458582930745532,77.50574915283059,
2026-01-13T19:59:58Z,28.4585832,77.5057491,-0.065,0.80712890625,0,28.45858286453656,77.50574945083432,
2026-01-13T19:59:58Z,28.4585832,77.5057491,-0.065,0.798828125,0,28.458582762485143,77.505749312938,
2026-01-13T19:59:59Z,28.4585832,77.5057491,-0.065,0.78173828125,0,28.458582608354533,77.50574947574624,
2026-01-13T19:59:59Z,28.4585832,77.5057491,-0.065,0.62451171875,0,28.458582526084673,77.50574935331986,human_crops/human_1768334399.jpg
2026-01-13T20:00:00Z,28.4585832,77.5057491,-0.065,0.6162109375,0,28.458583028769795,77.50574928310088,
2026-01-13T20:00:00Z,28.4585832,77.5057491,-0.065,0.5830078125,0,28.458582424210892,77.50574943921782,
2026-01-13T20:00:01Z,28.4585832,77.5057491,-0.065,0.56884765625,0,28.45858270024924,77.50574960365086,
2026-01-13T20:00:01Z,28.4585835,77.5057431,-0.252,0.81201171875,0,28.458582437357283,77.50574325736778,
2026-01-13T20:00:02Z,28.4585835,77.5057431,-0.252,0.7939453125,0,28.458582184494855,77.50574440763528,
2026-01-13T20:00:02Z,28.4585835,77.5057431,-0.252,0.751953125,0,28.458581208136934,77.50574450357149,
2026-01-14T05:02:03Z,28.4583891,77.5060368,-1.39,0.60107421875,0,28.45838650563458,77.50603141384414,human_crops/human_1768366923.jpg
2026-01-14T05:02:04Z,28.4583891,77.5060368,-1.39,0.5302734375,0,28.458387406549146,77.5060299761996,
2026-01-14T05:02:04Z,28.45833,77.50616,-1.629,0.5126953125,0,28.45831785571736,77.50617619628947,
2026-01-14T05:02:05Z,28.4583164,77.5061936,-1.349,0.5390625,0,28.458306347546515,77.50620699312361,
2026-01-14T05:02:06Z,28.4582754,77.5062299,-1.47,0.517578125,0,28.45826444489828,77.50624452001796,
2026-01-14T05:02:06Z,28.4582503,77.5062581,-0.988,0.513671875,0,28.45824293718522,77.50626791078867,
2026-01-14T05:02:07Z,28.4582503,77.5062581,-1.476,0.5498046875,0,28.458239290969455,77.50627277613451,
2026-01-14T05:02:07Z,28.4582503,77.5062581,-1.367,0.5322265625,0,28.458240104065702,77.5062716907262,
2026-01-14T05:02:08Z,28.4582503,77.5062581,-1.529,0.5234375,0,28.45823889747861,77.5062732977489,
2026-01-14T05:02:08Z,28.4582503,77.5062581,-1.34,0.5400390625,0,28.45824030586051,77.50627141700825,
2026-01-14T05:02:09Z,28.4582503,77.5062581,-1.505,0.5439453125,0,28.458239074523917,77.5062730574011,
2026-01-14T05:02:09Z,28.4582503,77.5062581,-1.49,0.55517578125,0,28.45823920092514,77.5062729152597,
2026-01-14T05:02:10Z,28.4582503,77.5062581,-1.487,0.556640625,0,28.458239210255936,77.50627287746656,
2026-01-14T05:02:10Z,28.4582503,77.5062581,-1.411,0.5419921875,0,28.458239778265455,77.50627212042716,
2026-01-14T05:02:11Z,28.4582503,77.5062581,-1.346,0.55224609375,0,28.45824027047195,77.50627147815709,
2026-01-14T05:02:11Z,28.4582503,77.5062581,-1.323,0.5419921875,0,28.45824043651,77.50627124594214,
2026-01-14T05:02:12Z,28.4582503,77.5062581,-1.467,0.5439453125,0,28.45823936375653,77.50627267672375,
2026-01-14T05:02:12Z,28.4582503,77.5062581,-1.176,0.5517578125,0,28.458241533405282,77.50626978380912,
2026-01-14T05:02:13Z,28.4582503,77.5062581,-1.587,0.5302734375,0,28.458238468184465,77.50627386790896,
2026-01-14T05:02:13Z,28.4582503,77.5062581,-1.587,0.5390625,0,28.458238468184465,77.50627386790896,
2026-01-14T05:02:14Z,28.4582503,77.5062581,-1.587,0.54296875,0,28.458238468184465,77.50627386790896,
2026-01-14T05:02:14Z,28.4582503,77.5062581,-1.646,0.5302734375,0,28.458238026059856,77.50627445335715,
2026-01-14T05:02:15Z,28.4582503,77.5062581,-1.526,0.54736328125,0,28.45823892065327,77.50627326027774,
2026-01-14T05:02:15Z,28.4582503,77.5062581,-1.499,0.5458984375,0,28.45823912267169,77.50627299077038,
2026-01-14T05:02:16Z,28.4582503,77.5062581,-1.549,0.544921875,0,28.458238751415433,77.50627348348922,
2026-01-14T05:02:16Z,28.4582503,77.5062581,-1.223,0.76123046875,0,28.458243013147175,77.5062692627683,human_crops/human_1768366936.jpg
2026-01-14T05:42:42Z,28.4586535,77.5056391,1.372,0.755859375,0,28.458657917059,77.50562432769334,human_crops/human_1768369362.jpg
2026-01-14T05:42:42Z,28.4586535,77.5056391,1.372,0.64404296875,0,28.45865954032404,77.50562199271798,
2026-01-14T05:42:43Z,28.4586535,77.5056391,1.372,0.71630859375,0,28.458664936839973,77.50562783681026,
2026-01-14T05:42:43Z,28.4586535,77.5056391,1.372,0.5498046875,0,28.458661525578094,77.50562409702009,
2026-01-14T05:42:44Z,28.4586535,77.5056391,1.372,0.5146484375,0,28.45866266268651,77.50562593084862,
2026-01-14T05:42:44Z,28.4586535,77.5056391,1.372,0.5048828125,0,28.458650145140847,77.50564452841789,
2026-01-14T05:42:45Z,28.4586508,77.5056392,1.375,0.69970703125,0,28.45866245183567,77.50562767500878,
2026-01-14T05:42:45Z,28.4586508,77.5056392,1.375,0.55517578125,0,28.458659004885746,77.5056238691164,
2026-01-14T05:42:46Z,28.4586508,77.5056392,1.375,0.53515625,0,28.458647538645547,77.50564451577846,
2026-01-14T05:42:46Z,28.4586526,77.5056322,1.435,0.69677734375,0,28.45866480031488,77.50562012160303,
2026-01-14T05:42:47Z,28.4586526,77.5056322,1.435,0.53759765625,0,28.458661187430003,77.5056161382817,
2026-01-14T05:42:47Z,28.4586526,77.5056322,1.435,0.5361328125,0,28.45864921496073,77.50563772998592,
2026-01-14T05:42:48Z,28.4586525,77.5056219,1.429,0.71630859375,0,28.45866471356632,77.5056098267558,human_crops/human_1768369368.jpg
2026-01-14T05:42:48Z,28.4586525,77.5056219,1.429,0.57080078125,0,28.458649156960693,77.50562739830012,
2026-01-14T05:42:49Z,28.4586525,77.5056219,1.429,0.53515625,0,28.458661089068755,77.50560587555015,
2026-01-14T05:42:49Z,28.4586484,77.5056098,1.447,0.693359375,0,28.458660798564683,77.50559754536292,
2026-01-14T05:42:49Z,28.4586484,77.5056098,1.447,0.54296875,0,28.458657136424137,77.50559353127969,
2026-01-14T05:42:50Z,28.4586442,77.5056012,1.402,0.681640625,0,28.458656253361248,77.50558930300258,
2026-01-14T05:42:50Z,28.4586442,77.5056012,1.402,0.5419921875,0,28.458652689707407,77.50558540984494,
2026-01-14T05:42:51Z,28.4586442,77.5056012,1.402,0.5107421875,0,28.45864097091201,77.5056065745739,
2026-01-14T05:42:51Z,28.4586284,77.5055877,1.388,0.62890625,0,28.458640398432657,77.5055758660287,
2026-01-14T05:42:52Z,28.4586284,77.5055877,1.388,0.521484375,0,28.458625231528988,77.50559301390312,
2026-01-14T05:42:52Z,28.4586284,77.5055877,1.388,0.505859375,0,28.45863684977714,77.5055720083242,
2026-01-14T05:42:53Z,28.4586203,77.5055914,1.398,0.72412109375,0,28.458632436078194,77.5055794240112,human_crops/human_1768369373.jpg
2026-01-14T05:42:53Z,28.4586203,77.5055914,1.398,0.67578125,0,28.458617145532955,77.5055967381283,
2026-01-14T05:42:54Z,28.4586203,77.5055914,1.398,0.5498046875,0,28.458628837641005,77.50557556818589,
2026-01-14T05:42:54Z,28.4585868,77.505573,1.459,0.7255859375,0,28.458599553355505,77.50556045055157,
2026-01-14T05:42:55Z,28.4585868,77.505573,1.459,0.67822265625,0,28.458583564099637,77.5055785433974,
2026-01-14T05:42:55Z,28.4585868,77.505573,1.459,0.5439453125,0,28.45859578517239,77.5055564077842,
2026-01-14T05:42:56Z,28.4585775,77.5055643,1.492,0.72900390625,0,28.45859057092364,77.50555143995989,
2026-01-14T05:42:56Z,28.4585775,77.5055643,1.492,0.56005859375,0,28.458574180793846,77.50556998070775,
2026-01-14T05:42:57Z,28.4585775,77.5055643,1.492,0.5419921875,0,28.45858668640423,77.50554733811538,
2026-01-14T05:42:57Z,28.4585591,77.5055658,1.492,0.638671875,0,28.458572191455545,77.50555290103007,
2026-01-14T05:42:58Z,28.4585591,77.5055658,1.492,0.5888671875,0,28.458555801283826,77.5055714334485,
2026-01-14T05:42:58Z,28.4585459,77.5055486,1.486,0.72412109375,0,28.458558967313227,77.50553576216099,human_crops/human_1768369378.jpg
2026-01-14T05:42:59Z,28.4585459,77.5055486,1.486,0.6884765625,0,28.45854264062351,77.50555425028953,
2026-01-14T05:42:59Z,28.4585459,77.5055486,1.486,0.5537109375,0,28.458555092038427,77.50553168231977,
2026-01-14T05:42:59Z,28.4585222,77.5055065,1.47,0.72705078125,0,28.458535130877063,77.50549384138066,
2026-01-14T05:43:00Z,28.4585222,77.5055065,1.47,0.705078125,0,28.458518990924244,77.50551212476859,
2026-01-14T05:43:00Z,28.4585222,77.5055065,1.47,0.537109375,0,28.45853130919868,77.50548978512009,
2026-01-14T05:43:01Z,28.4584972,77.5054558,1.452,0.72412109375,0,28.45850996407445,77.5054433457801,
2026-01-14T05:43:01Z,28.4584972,77.5054558,1.452,0.69873046875,0,28.45849404378394,77.50546139495488,
2026-01-14T05:43:02Z,28.4584972,77.5054558,1.452,0.537109375,0,28.458506184130602,77.50543936176439,
2026-01-14T05:43:02Z,28.4584818,77.505438,1.433,0.71826171875,0,28.45849440092919,77.50542570529208,
2026-01-14T05:43:03Z,28.4584818,77.505438,1.433,0.666015625,0,28.458478687698072,77.5054435299527,
2026-01-14T05:43:03Z,28.4584818,77.505438,1.433,0.5283203125,0,28.45849066786024,77.50542177568501,
2026-01-14T05:43:04Z,28.4584567,77.5054002,1.408,0.71435546875,0,28.458469074322334,77.50538814033287,human_crops/human_1768369384.jpg
2026-01-14T05:43:04Z,28.4584567,77.5054002,1.408,0.6748046875,0,28.458453651869966,77.50540565689622,
2026-01-14T05:43:05Z,28.4584567,77.5054002,1.408,0.537109375,0,28.458465399844417,77.50538431479674,
2026-01-14T05:43:05Z,28.4584314,77.5053573,1.424,0.759765625,0,28.45843816444136,77.50533927335394,
2026-01-14T05:43:06Z,28.4584241,77.5053468,1.411,0.76123046875,0,28.45843079893522,77.50532893590179,
2026-01-14T05:43:06Z,28.4584178,77.5053372,1.418,0.75732421875,0,28.45842452818141,77.50531924782725,
2026-01-14T05:43:07Z,28.4584117,77.5053261,1.435,0.7724609375,0,28.458418501492194,77.50530794055,
2026-01-14T05:43:07Z,28.4584058,77.5053137,1.433,0.76123046875,0,28.458412588763558,77.5052955712599,
2026-01-14T05:43:08Z,28.4583965,77.5053022,1.443,0.76806640625,0,28.458403335431825,77.50528394460696,
2026-01-14T05:43:08Z,28.4583858,77.5052907,1.451,0.76513671875,0,28.458392674059425,77.50527234237585,
2026-01-14T05:43:09Z,28.4583783,77.5052808,1.447,0.76123046875,0,28.45838514596363,77.50526248331443,
2026-01-14T05:43:09Z,28.4583835,77.5052835,1.443,0.75830078125,0,28.45839031383753,77.5052651947665,human_crops/human_1768369389.jpg
2026-01-14T05:43:10Z,28.4583912,77.505295,1.441,0.76318359375,0,28.45839799481605,77.50527666795327,
2026-01-14T05:43:10Z,28.4584033,77.5053132,1.441,0.75732421875,0,28.458410086935785,77.5052948069446,
2026-01-14T05:43:11Z,28.4584111,77.5053379,1.453,0.76416015625,0,28.458417946738322,77.50531927101416,
2026-01-14T05:43:11Z,28.4584255,77.5053691,1.472,0.755859375,0,28.458432430750353,77.50535015024043,
2026-01-14T05:43:12Z,28.4584356,77.5054005,1.477,0.75146484375,0,28.458442563492287,77.50538140044591,
2026-01-14T05:43:12Z,28.4584397,77.5054342,1.465,0.75390625,0,28.458446613917378,77.50541521405552,
2026-01-14T05:43:13Z,28.4584397,77.5054342,1.465,0.7451171875,0,28.458446613917378,77.50541521405552,
2026-01-14T05:43:13Z,28.4584397,77.5054342,1.465,0.76318359375,0,28.458446613917378,77.50541521405552,
2026-01-14T05:43:14Z,28.4584593,77.5055166,1.467,0.7529296875,0,28.458466240944393,77.50549739204854,
2026-01-14T05:43:14Z,28.4584686,77.5055417,1.471,0.7529296875,0,28.458475557782627,77.50552240110797,human_crops/human_1768369394.jpg
2026-01-14T05:43:15Z,28.4584782,77.5055642,1.454,0.75390625,0,28.45848507900271,77.50554508815597,
2026-01-14T05:43:15Z,28.4584844,77.5055894,1.436,0.759765625,0,28.458491205880907,77.50557047782395,
2026-01-14T05:43:16Z,28.458485,77.5056128,1.436,0.76123046875,0,28.458491817353185,77.50559384833544,
2026-01-14T05:43:16Z,28.4584879,77.5056339,1.438,0.77001953125,0,28.45849472939134,77.50561489809375,
2026-01-14T05:43:17Z,28.4584902,77.5056526,1.433,0.759765625,0,28.458497011423447,77.50563364622754,
2026-01-14T05:43:17Z,28.4584947,77.5056692,1.422,0.75830078125,0,28.458501457825903,77.50565038266174,
2026-01-14T05:43:18Z,28.4584997,77.5056863,1.421,0.7529296875,0,28.45850645269536,77.50566749121253,
2026-01-14T05:43:18Z,28.4585068,77.5056961,1.442,0.74853515625,0,28.458513646921535,77.50567704571401,
2026-01-14T05:43:19Z,28.458513,77.5057041,1.451,0.75390625,0,28.458519872641347,77.50568495177559,
2026-01-14T05:43:19Z,28.458521,77.5057118,1.474,0.755859375,0,28.458527979370302,77.50569236480747,human_crops/human_1768369399.jpg
2026-01-14T05:43:20Z,28.4585251,77.5057251,1.478,0.76513671875,0,28.458532103804593,77.50570560022473,
2026-01-14T05:43:20Z,28.4585275,77.5057399,1.474,0.75390625,0,28.458534488251445,77.50572044763125,
2026-01-14T05:43:21Z,28.4585281,77.5057549,1.466,0.75830078125,0,28.458535058754066,77.50573554205435,
2026-01-14T05:43:21Z,28.4585288,77.5057706,1.448,0.7451171875,0,28.458535679708337,77.50575147365927,
2026-01-14T05:43:22Z,28.4585291,77.5057837,1.449,0.7470703125,0,28.4585359825845,77.50576457292193,
2026-01-14T05:43:22Z,28.4585317,77.505792,1.454,0.75830078125,0,28.45853860705628,77.50577282144637,
2026-01-14T05:43:23Z,28.4585317,77.505792,1.454,0.75830078125,0,28.45853860705628,77.50577282144637,
2026-01-14T05:43:23Z,28.4585317,77.505792,1.454,0.744140625,0,28.45853860705628,77.50577282144637,
2026-01-14T05:43:24Z,28.4585418,77.5058333,1.489,0.75390625,0,28.458548879173367,77.50581366558191,
2026-01-14T05:43:24Z,28.4585474,77.5058613,1.494,0.75390625,0,28.458554505173385,77.50584160327863,human_crops/human_1768369404.jpg
2026-01-14T05:43:25Z,28.4585499,77.5058723,1.486,0.74951171875,0,28.458556967742997,77.5058527236357,
2026-01-14T05:43:25Z,28.4585511,77.5058825,1.485,0.74951171875,0,28.45855816644568,77.50586294238019,
2026-01-14T05:43:26Z,28.4585535,77.5058884,1.495,0.74951171875,0,28.458560614006462,77.5058687326129,
2026-01-14T05:43:26Z,28.4585551,77.5058923,1.517,0.7529296875,0,28.458562315483963,77.5058723756512,
2026-01-14T05:43:27Z,28.4585577,77.5059017,1.514,0.74951171875,0,28.458564901258917,77.50588183999349,
2026-01-14T05:43:27Z,28.4585611,77.5059169,1.507,0.74853515625,0,28.458568270015505,77.50589713619961,
2026-01-14T05:43:28Z,28.458564,77.5059361,1.495,0.74951171875,0,28.45857111861839,77.50591648536812,
2026-01-14T05:43:28Z,28.4585671,77.5059593,1.477,0.74853515625,0,28.458574140847496,77.50593990557607,
2026-01-14T05:43:29Z,28.4585701,77.505984,1.47,0.74853515625,0,28.45857711589378,77.50596467119252,
2026-01-14T05:43:29Z,28.4585725,77.5060039,1.47,0.74072265625,0,28.458579520610122,77.5059845536299,human_crops/human_1768369409.jpg
2026-01-14T05:43:30Z,28.4585751,77.5060201,1.481,0.75146484375,0,28.458582176283333,77.5060006183321,
2026-01-14T05:43:30Z,28.4585783,77.5060388,1.501,0.755859375,0,28.458585478980098,77.50601905409218,
2026-01-14T05:43:31Z,28.4585816,77.5060588,1.513,0.74951171875,0,28.458588841980852,77.50603889067308,
2026-01-14T05:43:31Z,28.4585847,77.5060814,1.54,0.75390625,0,28.45859207932631,77.50606112480722,
2026-01-14T05:43:32Z,28.4585879,77.5061055,1.532,0.73681640625,0,28.45859524957425,77.50608531530341,
2026-01-14T05:43:32Z,28.4585879,77.5061055,1.532,0.744140625,0,28.458595256993508,77.50608529938822,
2026-01-14T05:43:33Z,28.4585879,77.5061055,1.532,0.7451171875,0,28.458595256993508,77.50608529938822,
2026-01-14T05:43:33Z,28.4586009,77.5061856,1.52,0.74267578125,0,28.458608210701676,77.50616552359044,
2026-01-14T05:43:34Z,28.4586046,77.5062123,1.515,0.74951171875,0,28.45861189164414,77.50619227322679,
2026-01-14T05:43:34Z,28.4586059,77.5062361,1.518,0.7451171875,0,28.458613222939558,77.5062160333945,human_crops/human_1768369414.jpg
2026-01-14T05:43:35Z,28.4586062,77.5062585,1.52,0.74267578125,0,28.458613545744015,77.50623838614841,
2026-01-14T05:43:35Z,28.4586059,77.5062797,1.527,0.75146484375,0,28.458613283425745,77.50625951784914,
2026-01-14T05:43:36Z,28.4586054,77.5062999,1.513,0.7392578125,0,28.458612721800794,77.5062799105959,
2026-01-14T05:43:36Z,28.4586085,77.5063178,1.501,0.74072265625,0,28.45861576109401,77.5062979918564,
2026-01-14T05:43:37Z,28.4586091,77.5063326,1.506,0.74072265625,0,28.458616376915685,77.50631275275421,
2026-01-14T05:43:37Z,28.4586086,77.5063454,1.501,0.7451171875,0,28.45861585974491,77.5063256575651,
2026-01-14T05:43:38Z,28.4586029,77.5063605,1.491,0.72900390625,0,28.458610126840018,77.5063408900611,
2026-01-14T05:43:38Z,28.458599,77.5063786,1.473,0.73681640625,0,28.45860615116968,77.50635923952436,
2026-01-14T05:43:39Z,28.4585953,77.5063964,1.449,0.7470703125,0,28.458602334436748,77.50637738488886,
2026-01-14T05:43:39Z,28.4585896,77.506414,1.445,0.72900390625,0,28.45859662361717,77.50639504500703,
2026-01-14T05:43:40Z,28.4585885,77.5064292,1.459,0.73046875,0,28.458595604386158,77.50641007470503,human_crops/human_1768369420.jpg
2026-01-14T05:43:40Z,28.4585879,77.5064449,1.46,0.74853515625,0,28.45859499610123,77.50642578247931,
2026-01-14T05:43:41Z,28.4585906,77.5064611,1.46,0.74267578125,0,28.45859769840799,77.50644200579565,
2026-01-14T05:43:41Z,28.4585906,77.5064611,1.46,0.74072265625,0,28.458597696812465,77.50644200483808,
2026-01-14T05:43:42Z,28.4585906,77.5064611,1.46,0.734375,0,28.458597689728204,77.50644201987546,
2026-01-14T05:43:42Z,28.4585906,77.5064611,1.46,0.73779296875,0,28.458597700041363,77.50644200695032,
2026-01-14T05:43:43Z,28.4585918,77.5065158,1.488,0.734375,0,28.458599036016473,77.50649641333368,
2026-01-14T05:43:43Z,28.4585936,77.5065243,1.466,0.71923828125,0,28.458600722617422,77.50650522587293,
2026-01-14T05:43:44Z,28.4585953,77.5065226,1.451,0.72705078125,0,28.458602339503262,77.50650377677982,
2026-01-14T05:43:44Z,28.4585979,77.5064966,1.446,0.7392578125,0,28.45860489349846,77.50647793394879,
2026-01-14T05:43:45Z,28.4585992,77.506465,1.444,0.73681640625,0,28.45860613986504,77.50644652849178,
2026-01-14T05:43:45Z,28.4586049,77.5064451,1.444,0.7333984375,0,28.458611807577444,77.50642674733764,human_crops/human_1768369425.jpg
2026-01-14T05:43:46Z,28.4586093,77.5064272,1.451,0.73193359375,0,28.458616205945816,77.50640885928586,
2026-01-14T05:43:46Z,28.4586079,77.5064194,1.421,0.73681640625,0,28.45861464401899,77.50640151214579,
2026-01-14T05:43:47Z,28.4586094,77.5064096,1.407,0.744140625,0,28.45861605674632,77.50639195008743,
2026-01-14T05:43:47Z,28.4586134,77.5063956,1.402,0.734375,0,28.45862001524618,77.50637809235788,
2026-01-14T05:43:48Z,28.4586138,77.5063895,1.412,0.72412109375,0,28.45862044062916,77.50637194285422,
2026-01-14T05:43:48Z,28.4586141,77.5063863,1.425,0.734375,0,28.45862078596604,77.50636862359623,
2026-01-14T05:43:49Z,28.4586125,77.5063817,1.432,0.73193359375,0,28.458619210537368,77.50636397904645,
2026-01-14T05:43:49Z,28.4586105,77.5063789,1.419,0.7255859375,0,28.458617140774283,77.50636138031211,
2026-01-14T05:43:50Z,28.4586086,77.5063795,1.413,0.7333984375,0,28.458615205975196,77.5063620724563,
2026-01-14T05:43:50Z,28.4586114,77.5063843,1.42,0.73779296875,0,28.4586180233292,77.50636680537798,
2026-01-14T05:43:51Z,28.4586122,77.5063883,1.415,0.73681640625,0,28.45861879327787,77.5063708707943,human_crops/human_1768369431.jpg
2026-01-14T05:43:51Z,28.4586122,77.5063883,1.415,0.73046875,0,28.45861879493956,77.50637085715117,
2026-01-14T05:43:52Z,28.4586122,77.5063883,1.415,0.73046875,0,28.45861879799556,77.50637085902578,
2026-01-14T05:43:52Z,28.4586125,77.5064116,1.376,0.72705078125,0,28.45861891317091,77.50639463790809,
2026-01-14T05:43:53Z,28.4586123,77.5064123,1.356,0.71630859375,0,28.458618614920166,77.50639555714619,
2026-01-14T05:43:53Z,28.4586107,77.5064065,1.351,0.72900390625,0,28.458616981145525,77.50638984115544,
2026-01-14T05:43:54Z,28.4586085,77.5063985,1.363,0.71142578125,0,28.458614826594875,77.50638172637596,
2026-01-14T05:43:54Z,28.4586074,77.5063945,1.369,0.73681640625,0,28.458613747016084,77.50637767570048,
2026-01-14T05:43:55Z,28.458609,77.5063936,1.372,0.73779296875,0,28.458615354296875,77.50637675197501,
2026-01-14T05:43:55Z,28.4586095,77.5063938,1.371,0.712890625,0,28.458615842413415,77.50637696675358,
2026-01-14T05:43:56Z,28.4586075,77.506395,1.377,0.73193359375,0,28.45861386274955,77.50637808913058,human_crops/human_1768369436.jpg
2026-01-14T05:43:56Z,28.4586055,77.5063981,1.388,0.73681640625,0,28.458611915468783,77.50638104830139,
2026-01-14T05:43:57Z,28.4586044,77.5064045,1.406,0.72265625,0,28.458610892615877,77.50638721364608,
2026-01-14T05:43:57Z,28.4586026,77.5064075,1.414,0.73046875,0,28.458609129970554,77.50639011227125,
2026-01-14T05:43:58Z,28.458602,77.5064071,1.418,0.73779296875,0,28.45860853669969,77.50638966311193,
2026-01-14T05:43:58Z,28.458602,77.5064052,1.413,0.71435546875,0,28.458608515477113,77.50638783555,
2026-01-14T05:43:59Z,28.4586021,77.5064027,1.409,0.72119140625,0,28.45860858665103,77.50638538763982,
2026-01-14T05:43:59Z,28.4586021,77.5063998,1.415,0.72900390625,0,28.458608611066474,77.50638241692369,
2026-01-14T05:44:00Z,28.458602,77.5063963,1.4,0.72265625,0,28.45860843476307,77.5063791060502,
2026-01-14T05:44:00Z,28.4586019,77.5063924,1.397,0.72119140625,0,28.458608312588925,77.5063752502883,
2026-01-14T05:44:01Z,28.4586017,77.506388,1.384,0.71923828125,0,28.458608044829145,77.50637101439406,
2026-01-14T05:44:01Z,28.4586017,77.506388,1.384,0.72119140625,0,28.458608040787592,77.50637101800373,human_crops/human_1768369441.jpg
2026-01-14T05:44:02Z,28.4586017,77.506388,1.384,0.72900390625,0,28.45860803779064,77.50637101622507,
2026-01-14T05:44:02Z,28.4586008,77.5063721,1.365,0.705078125,0,28.458607053739208,77.5063553511382,
2026-01-14T05:44:03Z,28.4586004,77.5063659,1.364,0.71923828125,0,28.458606623090724,77.50634918319321,
2026-01-14T05:44:03Z,28.4586004,77.5063659,1.364,0.7255859375,0,28.45860661495309,77.50634918874948,
2026-01-14T05:44:04Z,28.4585994,77.5063526,1.397,0.72705078125,0,28.45860576022679,77.50633549231833,
2026-01-14T05:44:04Z,28.4585988,77.5063447,1.391,0.73193359375,0,28.458605125674705,77.50632767343114,
2026-01-14T05:44:05Z,28.458598,77.506336,1.367,0.73046875,0,28.458604206353453,77.50631927603594,
2026-01-14T05:44:05Z,28.4585973,77.5063277,1.384,0.72705078125,0,28.458603575253825,77.50631077324725,
2026-01-14T05:44:06Z,28.4585965,77.5063186,1.396,0.71630859375,0,28.458602824367336,77.50630153475046,
2026-01-14T05:44:06Z,28.4585957,77.5063088,1.4,0.72119140625,0,28.45860203197201,77.50629168671095,human_crops/human_1768369446.jpg
2026-01-14T05:44:07Z,28.4585947,77.5062983,1.399,0.7333984375,0,28.458601022900105,77.50628120725189,
2026-01-14T05:44:07Z,28.4585937,77.5062874,1.401,0.72119140625,0,28.458600024737436,77.50627028763039,
2026-01-14T05:44:08Z,28.4585926,77.5062758,1.4,0.72265625,0,28.458598905990986,77.50625870873917,
2026-01-14T05:44:08Z,28.4585914,77.5062634,1.39,0.73046875,0,28.45859765550034,77.50624644170378,
2026-01-14T05:44:09Z,28.4585902,77.5062508,1.396,0.72900390625,0,28.458596475218215,77.50623377529247,
2026-01-14T05:44:09Z,28.4585889,77.5062375,1.396,0.71435546875,0,28.458595164361473,77.50622048073444,
2026-01-14T05:44:10Z,28.4585876,77.5062239,1.404,0.712890625,0,28.4585938967051,77.5062067911982,
2026-01-14T05:44:10Z,28.4585861,77.5062092,1.398,0.72412109375,0,28.458592361837326,77.50619217191189,
2026-01-14T05:44:11Z,28.4585845,77.5061933,1.378,0.72119140625,0,28.45859066239026,77.50617651988085,
2026-01-14T05:44:11Z,28.4585845,77.5061933,1.378,0.72119140625,0,28.458590665373773,77.50617652159679,human_crops/human_1768369451.jpg
2026-01-14T05:44:12Z,28.4585845,77.5061933,1.378,0.72900390625,0,28.458590665373773,77.50617652159679,
2026-01-14T05:44:12Z,28.4585809,77.5061587,1.446,0.703125,0,28.458587343457417,77.50614111410306,
2026-01-14T05:44:13Z,28.4585809,77.5061587,1.474,0.7255859375,0,28.458587454065196,77.5061407769578,
2026-01-14T05:44:13Z,28.4585809,77.5061587,1.464,0.71435546875,0,28.45858740507219,77.50614089208828,
2026-01-14T05:44:14Z,28.4585809,77.5061587,1.437,0.7255859375,0,28.45858729060466,77.50614117074602,
2026-01-14T05:44:14Z,28.4585809,77.5061587,1.414,0.71923828125,0,28.45858720404366,77.50614133548545,
2026-01-14T05:44:15Z,28.4585809,77.5061587,1.394,0.71435546875,0,28.45858713610562,77.50614143288698,
2026-01-14T05:44:15Z,28.4585809,77.5061587,1.385,0.71826171875,0,28.458587119488758,77.50614140392518,
2026-01-14T05:44:16Z,28.4585809,77.5061587,1.397,0.72705078125,0,28.458587193258417,77.50614113802935,
2026-01-14T05:44:16Z,28.4585809,77.5061587,1.411,0.73046875,0,28.458587268879846,77.50614086822391,human_crops/human_1768369456.jpg
2026-01-14T05:44:17Z,28.4585809,77.5061587,1.418,0.7099609375,0,28.458587316107973,77.50614071336878,
2026-01-14T05:44:17Z,28.4586173,77.5062769,1.438,0.71826171875,0,28.458623816011166,77.50625860749595,
2026-01-14T05:44:18Z,28.4585739,77.5060529,1.438,0.7080078125,0,28.458580424081863,77.50603456973847,
2026-01-14T05:44:18Z,28.4585736,77.5060374,1.424,0.72412109375,0,28.458580066048615,77.50601922023837,
2026-01-14T05:44:19Z,28.4585705,77.5059739,1.424,0.71826171875,0,28.458576970857678,77.50595570044737,
2026-01-14T05:44:19Z,28.458562,77.5059461,1.419,0.71826171875,0,28.458568452212837,77.50592794981819,
2026-01-14T05:44:20Z,28.4585604,77.5059451,1.421,0.705078125,0,28.458566865038488,77.50592691432838,
2026-01-14T05:44:20Z,28.4585656,77.5059614,1.411,0.71142578125,0,28.458572022078542,77.50594333534718,
2026-01-14T05:44:21Z,28.4585631,77.5059604,1.414,0.71826171875,0,28.458569538054935,77.5059422910039,
2026-01-14T05:44:21Z,28.4585631,77.5059604,1.414,0.7392578125,0,28.458569538054935,77.5059422910039,
2026-01-14T05:44:22Z,28.4585631,77.5059604,1.414,0.73193359375,0,28.45856953492642,77.50594228912495,human_crops/human_1768369462.jpg
2026-01-14T05:44:22Z,28.4585769,77.5059841,1.435,0.71923828125,0,28.458583440941236,77.50596571386326,
2026-01-14T05:44:23Z,28.4585877,77.5059655,1.449,0.71435546875,0,28.45859430758734,77.50594693223432,
2026-01-14T05:44:23Z,28.4585939,77.5059495,1.445,0.72119140625,0,28.458600491627678,77.50593097851572,
2026-01-14T05:44:24Z,28.4586001,77.5059079,1.445,0.72265625,0,28.458606696601173,77.50588937945192,
2026-01-14T05:44:24Z,28.458598,77.5058561,1.453,0.72705078125,0,28.458604632119453,77.50583747742131,
2026-01-14T05:44:25Z,28.4585953,77.5057834,1.446,0.72119140625,0,28.45860190255595,77.50576486889166,
2026-01-14T05:44:25Z,28.4585842,77.5057412,1.431,0.7333984375,0,28.458590730677216,77.5057228588077,
2026-01-14T05:44:26Z,28.4585827,77.5057231,1.424,0.7099609375,0,28.45858920553014,77.5057048526202,
2026-01-14T05:44:26Z,28.4585824,77.5057418,1.428,0.72900390625,0,28.45858892485329,77.50572350468688,
2026-01-14T05:44:27Z,28.4585828,77.5057141,1.446,0.712890625,0,28.458589408272466,77.5056955775961,human_crops/human_1768369467.jpg
2026-01-14T05:44:27Z,28.4585854,77.5057069,1.457,0.72412109375,0,28.458592059960527,77.50568823649836,
2026-01-14T05:44:28Z,28.4585977,77.5057116,1.465,0.71630859375,0,28.458604391546345,77.50569283184127,
2026-01-14T05:44:28Z,28.4585981,77.50573,1.468,0.72119140625,0,28.45860481409535,77.5057111985478,
2026-01-14T05:44:29Z,28.4586027,77.5057522,1.468,0.73046875,0,28.458609414618163,77.50573339907191,
2026-01-14T05:44:29Z,28.458604,77.5057654,1.463,0.72705078125,0,28.458610696911226,77.50574666589534,
2026-01-14T05:44:30Z,28.4586041,77.5058006,1.463,0.72119140625,0,28.458610797149234,77.50578186560207,
2026-01-14T05:44:30Z,28.4586062,77.5057885,1.449,0.53759765625,0,28.45861283552216,77.50576996122956,
2026-01-14T05:44:31Z,28.4586026,77.50576,1.412,0.77099609375,0,28.458609067502646,77.50574193501384,
2026-01-14T05:44:31Z,28.4586026,77.50576,1.412,0.72412109375,0,28.45860906765514,77.50574191704015,
2026-01-14T05:44:32Z,28.4586026,77.50576,1.412,0.72900390625,0,28.458609070776962,77.50574191892585,human_crops/human_1768369472.jpg
2026-01-14T05:44:32Z,28.4585809,77.5061587,1.347,0.734375,0,28.458587076570016,77.50614145570994,
2026-01-14T05:44:33Z,28.4585809,77.5061587,1.346,0.72412109375,0,28.458587073187857,77.50614146785043,
2026-01-14T05:44:33Z,28.4585809,77.5061587,1.351,0.7255859375,0,28.45858709629881,77.50614140486293,
2026-01-14T05:44:34Z,28.4585809,77.5061587,1.363,0.7255859375,0,28.458587152422904,77.50614125320153,
2026-01-14T05:44:34Z,28.4585809,77.5061587,1.381,0.73193359375,0,28.458587233891503,77.50614102625178,
2026-01-14T05:44:35Z,28.4585809,77.5061587,1.407,0.712890625,0,28.458587353991508,77.50614069553001,
2026-01-14T05:44:35Z,28.4586016,77.5058134,1.438,0.73046875,0,28.45860819860482,77.50579499683388,
2026-01-14T05:44:36Z,28.4586068,77.5057713,1.451,0.72705078125,0,28.45861345986085,77.5057527280199,
2026-01-14T05:44:36Z,28.4586082,77.5057533,1.467,0.73681640625,0,28.458614933976243,77.50573452407616,
2026-01-14T05:44:37Z,28.4586109,77.5057594,1.475,0.734375,0,28.458617672006106,77.50574052165908,human_crops/human_1768369477.jpg
2026-01-14T05:44:37Z,28.4586117,77.505768,1.474,0.734375,0,28.458618469342813,77.50574913519937,
2026-01-14T05:44:38Z,28.4586231,77.5057534,1.483,0.72900390625,0,28.458629911813983,77.50573442228865,
2026-01-14T05:44:38Z,28.4586236,77.5057503,1.461,0.72705078125,0,28.458630311715176,77.50573160526527,
2026-01-14T05:44:39Z,28.4585809,77.5061587,1.45,0.744140625,0,28.458587564431603,77.50614014452889,
2026-01-14T05:44:39Z,28.4586229,77.5057434,1.439,0.73779296875,0,28.45862951463269,77.5057249881305,
2026-01-14T05:44:40Z,28.4586355,77.5057414,1.429,0.72900390625,0,28.458642070436635,77.5057231169993,
2026-01-14T05:44:40Z,28.4586403,77.5057508,1.405,0.72412109375,0,28.458646761034938,77.50573282721065,
2026-01-14T05:44:41Z,28.4586411,77.5057581,1.399,0.72412109375,0,28.458647538416443,77.50574020776342,
2026-01-14T05:44:41Z,28.4586411,77.5057581,1.399,0.72705078125,0,28.458647535328623,77.50574020588589,
2026-01-14T05:44:42Z,28.4586411,77.5057581,1.399,0.73681640625,0,28.458647532239716,77.50574020401089,
2026-01-14T05:44:42Z,28.4586478,77.5058021,1.458,0.73779296875,0,28.458654509083644,77.50578345058072,human_crops/human_1768369482.jpg
2026-01-14T05:44:43Z,28.4585809,77.5061587,1.461,0.73046875,0,28.458587629793353,77.50614001468047,
2026-01-14T05:44:43Z,28.4585809,77.5061587,1.438,0.72705078125,0,28.458587526602948,77.50614030887395,
2026-01-14T05:44:44Z,28.4585809,77.5061587,1.421,0.7392578125,0,28.458587448898292,77.50614052604575,
2026-01-14T05:44:44Z,28.4585809,77.5061587,1.42,0.72900390625,0,28.45858744702642,77.50614054110665,
2026-01-14T05:44:45Z,28.4585809,77.5061587,1.412,0.73193359375,0,28.458587412700734,77.50614064497204,
2026-01-14T05:44:45Z,28.4585809,77.5061587,1.433,0.73779296875,0,28.458587510464632,77.50614037795306,
2026-01-14T05:44:46Z,28.4585809,77.5061587,1.457,0.7255859375,0,28.45858762670724,77.50614007536083,
2026-01-14T05:44:46Z,28.4585809,77.5061587,1.461,0.73046875,0,28.45858764407719,77.5061400250396,
2026-01-14T05:44:47Z,28.4585809,77.5061587,1.455,0.72705078125,0,28.458587617077885,77.50614010673262,
2026-01-14T05:44:47Z,28.4585809,77.5061587,1.461,0.72412109375,0,28.458587645069265,77.50614003482372,
2026-01-14T05:44:48Z,28.4585809,77.5061587,1.466,0.734375,0,28.458587669672724,77.50613997046477,human_crops/human_1768369488.jpg
2026-01-14T05:44:48Z,28.4585809,77.5061587,1.46,0.73681640625,0,28.45858764220755,77.50614004873424,
2026-01-14T05:44:49Z,28.4585809,77.5061587,1.447,0.734375,0,28.458587582708386,77.50614021729997,
2026-01-14T05:44:49Z,28.4585809,77.5061587,1.447,0.73046875,0,28.458587583765876,77.506140217513,
2026-01-14T05:44:50Z,28.4585809,77.5061587,1.444,0.7158203125,0,28.45858761286928,77.5061401629427,
2026-01-14T05:45:16Z,28.4586986,77.5053885,1.52,0.5498046875,0,28.458709218382886,77.50537426063512,
2026-01-14T05:48:02Z,28.4585809,77.5061587,1.745,0.5166015625,0,28.458593035909004,77.50614231002817,
2026-01-14T05:49:24Z,28.4585809,77.5061587,1.999,0.67822265625,0,28.458588723760528,77.50615247297976,human_crops/human_1768369764.jpg
2026-01-14T05:49:25Z,28.4585809,77.5061587,1.999,0.5791015625,0,28.458576338731913,77.50616687942733,
2026-01-14T05:49:25Z,28.4585809,77.5061587,1.999,0.57275390625,0,28.458579989223026,77.50616810985929,
2026-01-14T05:49:26Z,28.4585809,77.5061587,1.983,0.63818359375,0,28.458592126672425,77.50614068291321,
2026-01-14T05:49:26Z,28.4585809,77.5061587,1.996,0.705078125,0,28.45859197287255,77.50614031892484,
2026-01-14T05:49:27Z,28.4585809,77.5061587,1.996,0.640625,0,28.45859832709598,77.50613972104011,
2026-01-14T05:49:27Z,28.4585809,77.5061587,1.996,0.54736328125,0,28.45857973364963,77.50616381459666,
2026-01-14T05:49:28Z,28.4585809,77.5061587,2.001,0.71923828125,0,28.458592009589257,77.50614025412918,
2026-01-14T05:49:28Z,28.4585809,77.5061587,2.001,0.69677734375,0,28.458598365590767,77.50613968332424,
2026-01-14T05:49:28Z,28.4585809,77.5061587,2.001,0.583984375,0,28.458579015623467,77.50616582649307,
2026-01-14T05:49:29Z,28.4585809,77.5061587,2.001,0.57080078125,0,28.458579715984573,77.50616383225037,
2026-01-14T05:49:29Z,28.4585809,77.5061587,1.995,0.71435546875,0,28.458591973872803,77.50614031803964,human_crops/human_1768369769.jpg
2026-01-14T05:49:30Z,28.4585809,77.5061587,1.995,0.66552734375,0,28.45859830853129,77.50613975142114,
2026-01-14T05:49:30Z,28.4585809,77.5061587,1.995,0.5888671875,0,28.458579717418655,77.50616381599788,
2026-01-14T05:49:31Z,28.4585809,77.5061587,1.995,0.56201171875,0,28.458579017264857,77.5061658077556,
2026-01-14T05:49:31Z,28.4585809,77.5061587,1.992,0.71142578125,0,28.45859195174528,77.50614033632455,
2026-01-14T05:49:32Z,28.4585809,77.5061587,1.992,0.66796875,0,28.45859829981535,77.50613971760997,
2026-01-14T05:49:32Z,28.4585809,77.5061587,1.992,0.5341796875,0,28.458579759666204,77.50616375501944,
2026-01-14T05:49:33Z,28.4585809,77.5061587,1.992,0.52734375,0,28.458579001729795,77.50616582548795,
2026-01-14T05:49:33Z,28.4585809,77.5061587,2.018,0.71435546875,0,28.458592097635986,77.50614010189017,
2026-01-14T05:49:34Z,28.4585809,77.5061587,2.018,0.66357421875,0,28.45859852921246,77.50613947324322,
2026-01-14T05:49:34Z,28.4585809,77.5061587,2.018,0.59814453125,0,28.45857972770176,77.50616382260208,
2026-01-14T05:49:35Z,28.4585809,77.5061587,2.02,0.7080078125,0,28.458592112812635,77.5061400770029,human_crops/human_1768369775.jpg
2026-01-14T05:49:35Z,28.4585809,77.5061587,2.02,0.6669921875,0,28.45859854098325,77.50613947312615,
2026-01-14T05:49:35Z,28.4585809,77.5061587,2.02,0.611328125,0,28.458579729570427,77.50616382531999,
2026-01-14T05:49:36Z,28.4585809,77.5061587,2.04,0.7099609375,0,28.458592223393197,77.50613989405511,
2026-01-14T05:49:36Z,28.4585809,77.5061587,2.04,0.69189453125,0,28.45859872413527,77.50613928887257,
2026-01-14T05:49:37Z,28.4585809,77.5061587,2.04,0.59375,0,28.458579731405123,77.50616387601173,
2026-01-14T05:49:37Z,28.4585809,77.5061587,2.075,0.71435546875,0,28.458592415984555,77.50613957670582,
2026-01-14T05:49:38Z,28.4585809,77.5061587,2.075,0.6748046875,0,28.458599018281188,77.50613895570658,
2026-01-14T05:49:38Z,28.4585809,77.5061587,2.075,0.59033203125,0,28.45857970212577,77.50616396271965,
2026-01-14T05:49:39Z,28.4585809,77.5061587,2.063,0.705078125,0,28.45859234551264,77.50613968893263,
2026-01-14T05:49:39Z,28.4585809,77.5061587,2.063,0.67578125,0,28.45859890878233,77.50613907065866,
2026-01-14T05:49:40Z,28.4585809,77.5061587,2.063,0.611328125,0,28.45857971546972,77.50616394685264,human_crops/human_1768369780.jpg
2026-01-14T05:49:40Z,28.4585809,77.5061587,2.049,0.68017578125,0,28.45859226830759,77.5061398195522,
2026-01-14T05:49:41Z,28.4585809,77.5061587,2.049,0.638671875,0,28.45859878707656,77.50613920532132,
2026-01-14T05:49:41Z,28.4585809,77.5061587,2.049,0.59521484375,0,28.458579724112173,77.50616391236034,
2026-01-14T05:49:42Z,28.4585809,77.5061587,2.049,0.67138671875,0,28.45859226830759,77.5061398195522,
2026-01-14T05:49:42Z,28.4585809,77.5061587,2.049,0.63134765625,0,28.45859878707656,77.50613920532132,
2026-01-14T05:49:43Z,28.4585809,77.5061587,2.049,0.60400390625,0,28.458579714894082,77.5061639070554,
2026-01-14T05:49:43Z,28.4585809,77.5061587,2.058,0.65576171875,0,28.458592314984923,77.50613973489507,
2026-01-14T05:49:44Z,28.4585809,77.5061587,2.058,0.64306640625,0,28.45859886178351,77.50613911768224,
2026-01-14T05:49:44Z,28.4585809,77.5061587,2.058,0.56005859375,0,28.45857971651788,77.50616393823063,
2026-01-14T05:49:44Z,28.4585809,77.5061587,2.039,0.64697265625,0,28.45859870417714,77.50613929783076,
2026-01-14T05:49:45Z,28.4585809,77.5061587,2.039,0.642578125,0,28.4585922083455,77.50613990533459,human_crops/human_1768369785.jpg
2026-01-14T05:49:45Z,28.4585809,77.5061587,2.039,0.6103515625,0,28.458579722495745,77.50616387635267,
2026-01-14T05:49:46Z,28.4585809,77.5061587,2.049,0.73779296875,0,28.45859227144955,77.5061398473691,
2026-01-14T05:49:46Z,28.4585809,77.5061587,2.049,0.69189453125,0,28.458598752484725,77.50613924113863,
2026-01-14T05:49:47Z,28.4585809,77.5061587,2.049,0.5576171875,0,28.458579723803922,77.50616389024756,
2026-01-14T05:49:47Z,28.4585809,77.5061587,2.049,0.5244140625,0,28.45858786816102,77.50614057595774,
2026-01-14T05:49:48Z,28.4585809,77.5061587,2.049,0.5048828125,0,28.45859031321958,77.5061323840205,
2026-01-14T05:49:48Z,28.4585809,77.5061587,2.048,0.76806640625,0,28.45859028194532,77.50613253786159,
2026-01-14T05:49:49Z,28.4585809,77.5061587,2.054,0.76806640625,0,28.458590308261,77.50613246419019,
2026-01-14T05:49:49Z,28.4585809,77.5061587,2.076,0.76513671875,0,28.458590414230567,77.50613219116832,
2026-01-14T05:49:50Z,28.4585809,77.5061587,2.09,0.76806640625,0,28.458590476684527,77.5061320138372,
2026-01-14T05:49:50Z,28.4585809,77.5061587,2.115,0.759765625,0,28.458590588627416,77.50613169717279,human_crops/human_1768369790.jpg
2026-01-14T05:49:51Z,28.4585809,77.5061587,2.1,0.77099609375,0,28.45859052045104,77.50613188810411,
2026-01-14T05:49:51Z,28.4585809,77.5061587,2.1,0.76708984375,0,28.45859052045104,77.50613188810411,
2026-01-14T05:49:52Z,28.4585809,77.5061587,2.1,0.7724609375,0,28.458590515807234,77.50613188531553,
2026-01-14T05:49:52Z,28.4585809,77.5061587,2.059,0.77392578125,0,28.458590326147018,77.50613241668007,
2026-01-14T05:49:53Z,28.4585809,77.5061587,2.074,0.775390625,0,28.458590398625006,77.50613222694486,
2026-01-14T05:49:53Z,28.4585809,77.5061587,2.077,0.76708984375,0,28.458590413398085,77.50613218650648,
2026-01-14T05:49:54Z,28.4585809,77.5061587,2.042,0.76806640625,0,28.45859025706771,77.50613262592455,
2026-01-14T05:49:54Z,28.4585809,77.5061587,1.947,0.76806640625,0,28.458589819625,77.50613384345199,
2026-01-14T05:49:55Z,28.4585809,77.5061587,1.902,0.77001953125,0,28.458589603897668,77.50613441325181,
2026-01-14T05:49:55Z,28.4585809,77.5061587,1.895,0.77392578125,0,28.458589576915497,77.50613450259725,human_crops/human_1768369795.jpg
2026-01-14T05:49:56Z,28.4585809,77.5061587,1.902,0.76513671875,0,28.4585896049558,77.50613441146129,
2026-01-14T05:49:56Z,28.4585809,77.5061587,1.917,0.76806640625,0,28.458589679077942,77.50613421828606,
2026-01-14T05:49:57Z,28.4585809,77.5061587,1.936,0.7724609375,0,28.45858976405444,77.50613397940421,
2026-01-14T05:49:57Z,28.4585809,77.5061587,1.956,0.76708984375,0,28.458589860122313,77.50613372184269,
2026-01-14T05:50:09Z,28.4585809,77.5061587,2.116,0.775390625,0,28.458590586494584,77.50613168590027,human_crops/human_1768369809.jpg
2026-01-14T05:50:09Z,28.4585809,77.5061587,2.11,0.77001953125,0,28.458590530914677,77.50613179305148,
2026-01-14T05:50:10Z,28.4585809,77.5061587,2.103,0.77685546875,0,28.45859048991417,77.50613187249014,
2026-01-14T05:50:10Z,28.4585809,77.5061587,2.103,0.77001953125,0,28.458590515124214,77.50613186077317,
2026-01-14T05:50:11Z,28.4585809,77.5061587,2.113,0.77099609375,0,28.458590560487966,77.50613173135984,
2026-01-14T05:50:11Z,28.4585809,77.5061587,2.113,0.77392578125,0,28.45859056365414,77.5061317242874,
2026-01-14T05:50:12Z,28.4585809,77.5061587,2.113,0.76708984375,0,28.458590560487966,77.50613173135984,
2026-01-14T05:50:12Z,28.4585809,77.5061587,2.15,0.77392578125,0,28.45859072618932,77.5061312612246,
2026-01-14T05:50:13Z,28.4585809,77.5061587,2.143,0.76416015625,0,28.45859068941115,77.50613135212578,
2026-01-14T05:50:13Z,28.4585809,77.5061587,2.151,0.77099609375,0,28.458590732122993,77.50613125289665,
2026-01-14T05:50:14Z,28.4585809,77.5061587,2.166,0.76806640625,0,28.45859080236011,77.5061310601799,human_crops/human_1768369814.jpg
2026-01-14T05:50:14Z,28.4585809,77.5061587,2.18,0.77001953125,0,28.458590868250923,77.50613088159474,
2026-01-14T05:50:15Z,28.4585809,77.5061587,2.199,0.76708984375,0,28.45859094790798,77.50613063108774,
2026-01-14T05:50:15Z,28.4585809,77.5061587,2.185,0.77099609375,0,28.458590890987857,77.50613080881023,
2026-01-14T05:50:16Z,28.4585809,77.5061587,2.191,0.76806640625,0,28.45859092868552,77.50613072274832,
2026-01-14T05:50:16Z,28.4585809,77.5061587,2.192,0.7724609375,0,28.45859092879145,77.5061307103915,
2026-01-14T05:50:17Z,28.4585809,77.5061587,2.193,0.77001953125,0,28.45859094115526,77.50613069527134,
2026-01-14T05:50:17Z,28.4585809,77.5061587,2.193,0.76513671875,0,28.458590935890943,77.50613068860503,
2026-01-14T05:50:18Z,28.4585809,77.5061587,2.206,0.76318359375,0,28.45859099241783,77.50613051552575,
2026-01-14T05:50:18Z,28.4585809,77.5061587,2.202,0.76708984375,0,28.458590983928442,77.50613057164323,
2026-01-14T05:50:19Z,28.4585809,77.5061587,2.193,0.76806640625,0,28.45859093803446,77.50613068113306,human_crops/human_1768369819.jpg
2026-01-14T05:50:19Z,28.4585809,77.5061587,2.184,0.76513671875,0,28.458590903261275,77.50613079933737,
2026-01-14T05:50:20Z,28.4585809,77.5061587,2.174,0.76513671875,0,28.458590856684285,77.5061309289845,
2026-01-14T05:50:20Z,28.4585809,77.5061587,2.18,0.77001953125,0,28.45859088341542,77.50613085347247,
2026-01-14T05:50:21Z,28.4585809,77.5061587,2.186,0.76708984375,0,28.45859091334126,77.50613077105758,
2026-01-14T05:50:21Z,28.4585809,77.5061587,2.186,0.76708984375,0,28.458590910060302,77.50613077838163,
2026-01-14T05:50:22Z,28.4585809,77.5061587,2.186,0.76416015625,0,28.458590905225705,77.5061307754772,
2026-01-14T05:50:22Z,28.4585809,77.5061587,2.234,0.76416015625,0,28.458591124127416,77.50613016861293,
2026-01-14T05:50:23Z,28.4585809,77.5061587,2.212,0.76708984375,0,28.458591025733586,77.5061304512259,
2026-01-14T05:50:23Z,28.4585809,77.5061587,2.223,0.76708984375,0,28.458591075760133,77.5061303111158,
2026-01-14T05:50:24Z,28.4585809,77.5061587,2.228,0.76513671875,0,28.45859109371858,77.50613025007566,human_crops/human_1768369824.jpg
2026-01-14T05:50:24Z,28.4585809,77.5061587,2.237,0.76708984375,0,28.45859114642739,77.50613013975848,
2026-01-14T05:50:25Z,28.4585809,77.5061587,2.231,0.76416015625,0,28.45859111812706,77.50613021891782,
2026-01-14T05:50:25Z,28.4585809,77.5061587,2.214,0.76708984375,0,28.458591040725725,77.5061304379625,
2026-01-14T05:50:26Z,28.4585809,77.5061587,2.208,0.77099609375,0,28.458591011986915,77.50613051789257,
2026-01-14T05:50:26Z,28.4585702,77.506111,2.234,0.76513671875,0,28.4585804310898,77.50608248581173,
2026-01-14T05:50:27Z,28.4585768,77.5059706,2.253,0.77001953125,0,28.45858711720046,77.50594184113072,
2026-01-14T05:50:27Z,28.4585718,77.5059396,2.25,0.77001953125,0,28.458582097985577,77.50591087444181,
2026-01-14T05:50:28Z,28.4585717,77.5058699,2.25,0.76708984375,0,28.45858199760199,77.50584117300112,
2026-01-14T05:50:28Z,28.4585721,77.5058625,2.253,0.76416015625,0,28.45858241513458,77.50583374217663,
2026-01-14T05:50:29Z,28.458592,77.5056851,2.253,0.77099609375,0,28.458602319037723,77.50565633530844,
2026-01-14T05:50:29Z,28.4586068,77.5055244,2.259,0.76416015625,0,28.458617144436342,77.50549556138219,human_crops/human_1768369829.jpg
2026-01-14T05:50:30Z,28.4586086,77.5054088,2.242,0.77001953125,0,28.458618867254774,77.50538017721732,
2026-01-14T05:50:30Z,28.4586086,77.5054088,2.242,0.77001953125,0,28.45861886229823,77.50538017423801,
2026-01-14T05:50:31Z,28.4586086,77.5054088,2.242,0.76708984375,0,28.458618867254774,77.50538017721732,
2026-01-14T05:50:31Z,28.4585996,77.5053733,2.225,0.76806640625,0,28.458609789453963,77.5053448923451,
2026-01-14T05:50:32Z,28.4585859,77.5054791,2.21,0.76806640625,0,28.45859601560692,77.50545087815748,
2026-01-14T05:50:32Z,28.4585813,77.5055475,2.211,0.77001953125,0,28.458591419414628,77.50551926370794,
2026-01-14T05:50:33Z,28.4585783,77.5056636,2.214,0.75830078125,0,28.4585884321513,77.50563532184111,
2026-01-14T05:50:33Z,28.4585779,77.505685,2.219,0.75732421875,0,28.458588060663367,77.50565666029225,
2026-01-14T05:50:34Z,28.4585857,77.5055642,2.216,0.76806640625,0,28.45859583694162,77.50553589185316,
2026-01-14T05:50:34Z,28.458584,77.5055743,2.213,0.7724609375,0,28.458594123751933,77.50554602870429,
2026-01-14T05:50:35Z,28.4585818,77.505616,2.207,0.76708984375,0,28.458591902488973,77.5055878107917,human_crops/human_1768369835.jpg
2026-01-14T05:50:35Z,28.4585812,77.5056521,2.202,0.77099609375,0,28.45859127999465,77.5056239712817,
2026-01-14T05:50:36Z,28.4585798,77.5057051,2.195,0.76708984375,0,28.458589844394854,77.50567705674429,
2026-01-14T05:50:36Z,28.4585842,77.5056677,2.181,0.77001953125,0,28.45859419265729,77.50563983944072,
2026-01-14T05:50:37Z,28.4585907,77.5057333,2.174,0.76806640625,0,28.458600651349386,77.50570552347402,
2026-01-14T05:50:37Z,28.4585952,77.5057823,2.144,0.76806640625,0,28.458605029030995,77.50575490080283,
2026-01-14T05:50:38Z,28.4585979,77.5058773,2.138,0.76806640625,0,28.458607699242883,77.50584998257649,
2026-01-14T05:53:11Z,28.4586248,77.5060183,2.416,0.75732421875,0,28.458635890531124,77.50598746710587,human_crops/human_1768369991.jpg
2026-01-14T05:53:11Z,28.4586265,77.5060383,2.413,0.75830078125,0,28.45863757790975,77.50600750217407,
2026-01-14T05:53:12Z,28.4586278,77.506034,2.41,0.75732421875,0,28.45863886585743,77.50600323766069,
2026-01-14T05:53:12Z,28.4586287,77.5060114,2.398,0.75390625,0,28.458639708754447,77.50598079250122,
2026-01-14T05:53:13Z,28.4586262,77.5059943,2.396,0.759765625,0,28.458637195694223,77.50596372079195,
2026-01-14T05:53:13Z,28.4586238,77.5059789,2.408,0.755859375,0,28.45863485043823,77.50594816762765,
2026-01-14T05:53:14Z,28.4586211,77.5059803,2.429,0.75146484375,0,28.458632244472767,77.50594929750235,
2026-01-14T05:53:14Z,28.4586154,77.5059486,2.443,0.75830078125,0,28.45862660939552,77.50591741527028,
2026-01-14T05:53:15Z,28.4586231,77.5059312,2.458,0.755859375,0,28.45863437698522,77.50589982134724,
2026-01-14T05:53:15Z,28.4586319,77.5059161,2.471,0.755859375,0,28.45864324006402,77.50588454978575,
2026-01-14T05:53:16Z,28.4586378,77.5058991,2.494,0.759765625,0,28.45864924604534,77.50586725672902,human_crops/human_1768369996.jpg
2026-01-14T05:53:16Z,28.458648,77.5059096,2.482,0.75830078125,0,28.45865938903832,77.50587791063698,
2026-01-14T05:53:17Z,28.4586548,77.5058899,2.471,0.75732421875,0,28.458666132295196,77.50585835960335,
2026-01-14T05:53:17Z,28.4586571,77.5058754,2.471,0.75830078125,0,28.45866843099732,77.50584386122989,
2026-01-14T05:53:18Z,28.4586569,77.5058578,2.456,0.75830078125,0,28.4586681626227,77.50582645625019,
2026-01-14T05:53:18Z,28.458649,77.5058277,2.438,0.75830078125,0,28.458660178788552,77.50579658378498,
2026-01-14T05:53:19Z,28.4586484,77.5058174,2.427,0.75830078125,0,28.458659528054664,77.50578642399066,
2026-01-14T05:53:19Z,28.4586424,77.5057842,2.41,0.759765625,0,28.45865345027303,77.50575343942121,
2026-01-14T05:53:20Z,28.4586414,77.5057677,2.404,0.75390625,0,28.458652423918075,77.50573701877587,
2026-01-14T05:53:20Z,28.4586405,77.505762,2.409,0.75732421875,0,28.458651557024663,77.50573124815901,
2026-01-14T05:53:21Z,28.4586375,77.5057713,2.41,0.75830078125,0,28.45864855598347,77.50574052852265,human_crops/human_1768370001.jpg
2026-01-14T05:53:21Z,28.4586335,77.505752,2.399,0.7529296875,0,28.458644507155885,77.50572138056582,
2026-01-14T05:53:22Z,28.4586356,77.5057526,2.402,0.7529296875,0,28.458646617228986,77.50572193580814,
2026-01-14T05:53:22Z,28.4586325,77.5057528,2.412,0.75732421875,0,28.4586435601664,77.50572200671294,
2026-01-14T05:53:23Z,28.4586347,77.5057478,2.413,0.755859375,0,28.45864577627195,77.50571698951445,
2026-01-14T05:53:23Z,28.4586358,77.5057491,2.409,0.75830078125,0,28.45864686024961,77.50571834023815,
2026-01-14T05:53:24Z,28.4586352,77.505749,2.403,0.7451171875,0,28.458646231854622,77.5057183233805,
2026-01-14T05:53:24Z,28.4586362,77.5057616,2.406,0.759765625,0,28.458647251337467,77.50573087582148,
2026-01-14T05:53:25Z,28.4586336,77.5057693,2.427,0.75390625,0,28.458644746265122,77.50573831404837,
2026-01-14T05:53:25Z,28.4586377,77.5058024,2.437,0.755859375,0,28.45864888819531,77.50577128093154,
2026-01-14T05:53:26Z,28.4586365,77.505808,2.433,0.755859375,0,28.458647672836868,77.50577693401655,human_crops/human_1768370006.jpg
2026-01-14T05:53:26Z,28.4586301,77.5058219,2.431,0.75830078125,0,28.458641260573643,77.50579086194487,
2026-01-14T05:53:27Z,28.4586259,77.505837,2.414,0.76416015625,0,28.458636985990957,77.50580617544577,
2026-01-14T05:53:27Z,28.4586261,77.5058436,2.402,0.75732421875,0,28.458637124899976,77.5058129400511,
2026-01-14T05:53:28Z,28.4586297,77.5058566,2.404,0.76123046875,0,28.45864073572895,77.50582590793383,
2026-01-14T05:53:28Z,28.4586307,77.5058745,2.418,0.7529296875,0,28.45864179647347,77.50584363461573,
2026-01-14T05:53:29Z,28.4586254,77.5058739,2.432,0.75830078125,0,28.458636559567466,77.50584285229212,
2026-01-14T05:53:29Z,28.4586193,77.5058629,2.452,0.7529296875,0,28.458630555458118,77.50583158515313,
2026-01-14T05:53:30Z,28.4586221,77.5058644,2.467,0.755859375,0,28.458633408647675,77.50583289512902,
2026-01-14T05:53:30Z,28.4586283,77.5058805,2.471,0.755859375,0,28.458639637984614,77.50584894954767,
2026-01-14T05:53:31Z,28.4586255,77.5058909,2.464,0.75830078125,0,28.458636803126375,77.50585944036301,human_crops/human_1768370011.jpg
2026-01-14T05:53:31Z,28.458617,77.5058743,2.463,0.75390625,0,28.458628287069534,77.50584284181825,
2026-01-14T05:53:32Z,28.4586142,77.5058667,2.471,0.75830078125,0,28.45862552709136,77.5058351430929,
2026-01-14T05:53:32Z,28.4586118,77.5058769,2.486,0.76123046875,0,28.458623198910406,77.50584515661798,
2026-01-14T05:53:33Z,28.4586122,77.5058892,2.499,0.759765625,0,28.458623655585143,77.50585729026803,
2026-01-14T05:53:33Z,28.458616,77.505914,2.489,0.76513671875,0,28.458627398860415,77.50588220905685,
2026-01-14T05:53:34Z,28.4586173,77.5059314,2.482,0.75830078125,0,28.458628671908805,77.50589969804605,
2026-01-14T05:53:34Z,28.4586148,77.5059379,2.482,0.76123046875,0,28.45862617122953,77.50590619744818,
2026-01-14T05:53:35Z,28.4586174,77.505943,2.471,0.75732421875,0,28.458628722529152,77.50591142897768,
2026-01-14T05:53:35Z,28.4586224,77.5059528,2.456,0.76708984375,0,28.45863365741246,77.50592142378808,
2026-01-14T05:53:36Z,28.4586263,77.5059673,2.44,0.76708984375,0,28.458637483842768,77.50593612677996,human_crops/human_1768370016.jpg
2026-01-14T05:53:36Z,28.4586195,77.5059615,2.419,0.759765625,0,28.458630582702483,77.505930588905,
2026-01-14T05:53:37Z,28.4586148,77.5059502,2.405,0.76513671875,0,28.458625811448133,77.50591947523922,
2026-01-14T05:53:37Z,28.4586109,77.5059641,2.391,0.75146484375,0,28.458621851371056,77.50593355844086,
2026-01-14T05:53:38Z,28.4586089,77.5059688,2.382,0.759765625,0,28.458619808939744,77.50593837397554,
2026-01-14T05:53:39Z,28.458606,77.5059972,2.388,0.75146484375,0,28.45861693819037,77.50596669790009,
2026-01-14T05:53:39Z,28.4586044,77.5060161,2.396,0.759765625,0,28.4586153780855,77.50598549135962,
2026-01-14T05:53:39Z,28.4585948,77.5060019,2.401,0.75732421875,0,28.4586057966407,77.50597123725412,
2026-01-14T05:53:40Z,28.4585879,77.5059969,2.397,0.75390625,0,28.458598876716035,77.50596629242241,
2026-01-14T05:53:41Z,28.4585787,77.5060029,2.404,0.75732421875,0,28.458589701313915,77.50597220568662,
2026-01-14T05:53:41Z,28.4585755,77.5060023,2.415,0.74853515625,0,28.458586550591814,77.50597147074134,human_crops/human_1768370021.jpg
2026-01-14T05:53:41Z,28.4585815,77.5059963,2.421,0.75732421875,0,28.458592581385975,77.50596539028857,
2026-01-14T05:53:42Z,28.4585781,77.505988,2.423,0.7529296875,0,28.45858918607472,77.50595707741913,
2026-01-14T05:53:42Z,28.4585781,77.505988,2.423,0.75732421875,0,28.458589196782675,77.50595708386233,
2026-01-14T05:53:43Z,28.4585781,77.505988,2.423,0.75830078125,0,28.458589196782675,77.50595708386233,
2026-01-14T05:53:43Z,28.4585781,77.505988,2.423,0.76318359375,0,28.458589196782675,77.50595708386233,
2026-01-14T05:53:44Z,28.4585703,77.5059572,2.448,0.75732421875,0,28.458581511261027,77.5059259687442,
2026-01-14T05:53:44Z,28.4585701,77.505968,2.447,0.75732421875,0,28.45858131133052,77.50593677190739,
2026-01-14T05:53:45Z,28.4585691,77.5059675,2.449,0.759765625,0,28.458580314941955,77.5059362468803,
2026-01-14T05:53:45Z,28.4585747,77.5059781,2.444,0.76123046875,0,28.45858588993236,77.50594691753096,
2026-01-14T05:53:46Z,28.4585749,77.5059756,2.446,0.76416015625,0,28.458586108299265,77.50594438825742,
2026-01-14T05:53:46Z,28.4585677,77.5059539,2.439,0.75830078125,0,28.45857886765953,77.5059227797788,human_crops/human_1768370026.jpg
2026-01-14T05:53:47Z,28.4585643,77.5059372,2.456,0.76123046875,0,28.458575546696085,77.50590585990551,
2026-01-14T05:53:47Z,28.4585539,77.5059107,2.456,0.75732421875,0,28.458565153984534,77.50587935915878,
2026-01-14T05:53:48Z,28.4585521,77.5058902,2.467,0.75732421875,0,28.458563394211076,77.5058587098045,
2026-01-14T05:53:48Z,28.4585516,77.5058657,2.47,0.75830078125,0,28.45856291253415,77.50583415855037,
2026-01-14T05:53:49Z,28.4585517,77.5058627,2.469,0.76123046875,0,28.458563014025525,77.5058311891653,
2026-01-14T05:53:49Z,28.4585528,77.5058647,2.466,0.76123046875,0,28.45856410674093,77.50583321632698,
2026-01-14T05:53:50Z,28.4585545,77.5058562,2.462,0.75390625,0,28.458565775465914,77.50582476820638,
2026-01-14T05:53:50Z,28.4585602,77.5058301,2.472,0.76123046875,0,28.458571526343274,77.5057985442505,
2026-01-14T05:53:51Z,28.4585609,77.505825,2.465,0.75830078125,0,28.45857219817683,77.5057935382858,
2026-01-14T05:53:51Z,28.4585606,77.5058199,2.456,0.76318359375,0,28.458571854695283,77.5057885466887,
2026-01-14T05:53:52Z,28.4585636,77.5058163,2.464,0.75830078125,0,28.458574894263187,77.50578485224578,human_crops/human_1768370032.jpg
2026-01-14T05:53:52Z,28.4585636,77.5058163,2.464,0.755859375,0,28.458574894263187,77.50578485224578,
2026-01-14T05:53:53Z,28.4585636,77.5058163,2.464,0.7470703125,0,28.458574894263187,77.50578485224578,
2026-01-14T05:53:53Z,28.4585636,77.5058163,2.464,0.75830078125,0,28.458574888817697,77.50578484896859,
2026-01-14T05:53:54Z,28.4585667,77.5057912,2.476,0.759765625,0,28.458578052917513,77.50575959105498,
2026-01-14T05:53:54Z,28.4585714,77.5058102,2.457,0.75830078125,0,28.458582663699644,77.50577884082936,
2026-01-14T05:53:55Z,28.4585697,77.5058107,2.456,0.75732421875,0,28.45858094849698,77.50577934665927,
2026-01-14T05:53:55Z,28.4585707,77.5058025,2.46,0.76416015625,0,28.458581977155013,77.50577110558733,
2026-01-14T05:53:56Z,28.4585628,77.5058,2.475,0.76416015625,0,28.458574145804526,77.50576841210803,
2026-01-14T05:53:56Z,28.4585583,77.5057732,2.503,0.76416015625,0,28.458569771543868,77.50574125018551,
2026-01-14T05:53:57Z,28.4585626,77.5057698,2.508,0.76416015625,0,28.458574100424876,77.50573777803548,human_crops/human_1768370037.jpg
2026-01-14T05:53:57Z,28.4585694,77.5057739,2.494,0.75830078125,0,28.458580837637438,77.50574205391169,
2026-01-14T05:53:58Z,28.4585736,77.505767,2.471,0.76318359375,0,28.458584928810843,77.50573545361362,
2026-01-14T05:53:58Z,28.4585706,77.5057457,2.475,0.76318359375,0,28.458581952472635,77.50571410504098,
2026-01-14T05:53:59Z,28.458571,77.5057402,2.491,0.759765625,0,28.458582430682203,77.50570839149974,
2026-01-14T05:53:59Z,28.4585772,77.5057469,2.509,0.76416015625,0,28.45858870336754,77.50571486973851,
2026-01-14T05:54:00Z,28.4585804,77.5057329,2.523,0.76318359375,0,28.458591976609085,77.50570068018502,
2026-01-14T05:54:00Z,28.458561,77.5057064,2.533,0.76123046875,0,28.4585726191342,77.50567404565837,
2026-01-14T05:54:01Z,28.4585603,77.5057068,2.544,0.75830078125,0,28.458571971685387,77.505674312121,
2026-01-14T05:54:01Z,28.4585531,77.5056939,2.559,0.75732421875,0,28.45856482904755,77.50566121377848,
2026-01-14T05:54:02Z,28.4585531,77.5056939,2.559,0.75830078125,0,28.458564834036952,77.50566121635295,
2026-01-14T05:54:02Z,28.4585531,77.5056939,2.559,0.759765625,0,28.458564834036952,77.50566121635295,human_crops/human_1768370042.jpg
2026-01-14T05:54:03Z,28.4585461,77.5056525,2.549,0.75830078125,0,28.45855779017552,77.50561993421799,
2026-01-14T05:54:03Z,28.4585451,77.5056714,2.551,0.76513671875,0,28.458556800989115,77.50563880416334,
2026-01-14T05:54:04Z,28.4585435,77.5056551,2.551,0.759765625,0,28.458555201933624,77.50562249466716,
2026-01-14T05:54:04Z,28.4585472,77.5056432,2.553,0.759765625,0,28.45855890846656,77.5056105764717,
2026-01-14T05:54:05Z,28.4585494,77.5056358,2.555,0.75146484375,0,28.45856112462027,77.50560315226265,
2026-01-14T05:54:05Z,28.4585502,77.5056462,2.555,0.76416015625,0,28.458561917804662,77.50561354984713,
2026-01-14T05:54:06Z,28.4585517,77.5056612,2.551,0.76318359375,0,28.458563408083698,77.50562860350641,
2026-01-14T05:54:06Z,28.4585512,77.5056772,2.544,0.75830078125,0,28.458562869607544,77.50564469093452,
2026-01-14T05:54:07Z,28.4585493,77.5056612,2.535,0.75732421875,0,28.458560937077433,77.50562880550184,
2026-01-14T05:54:07Z,28.4585545,77.5056677,2.521,0.76123046875,0,28.458566071607066,77.50563549186651,human_crops/human_1768370047.jpg
2026-01-14T05:54:08Z,28.4585555,77.5056712,2.517,0.76513671875,0,28.4585670505175,77.50563904495236,
2026-01-14T05:54:08Z,28.4585587,77.5056868,2.506,0.76318359375,0,28.458570196643564,77.50565479664458,
2026-01-14T05:54:09Z,28.45856,77.5056758,2.497,0.76123046875,0,28.458571441871253,77.50564390826042,
2026-01-14T05:54:09Z,28.4585587,77.5056666,2.494,0.759765625,0,28.45857013938479,77.50563475761335,
2026-01-14T05:54:10Z,28.4585608,77.5056644,2.482,0.755859375,0,28.45857217844303,77.50563271188513,
2026-01-14T05:54:10Z,28.4585633,77.5056609,2.482,0.76123046875,0,28.458574682834175,77.50562921956218,
2026-01-14T05:54:11Z,28.4585633,77.5056609,2.482,0.76318359375,0,28.45857468428604,77.50562921755095,
2026-01-14T05:54:11Z,28.4585633,77.5056609,2.482,0.75390625,0,28.45857468428604,77.50562921755095,
2026-01-14T05:54:12Z,28.4585743,77.5056521,2.479,0.75732421875,0,28.458585659073954,77.50562044843325,
2026-01-14T05:54:12Z,28.4585744,77.505662,2.48,0.759765625,0,28.45858576837674,77.50563034648928,human_crops/human_1768370052.jpg
2026-01-14T05:54:13Z,28.4585738,77.5056819,2.499,0.76708984375,0,28.45858525597618,77.50565000552332,
2026-01-14T05:54:13Z,28.4585704,77.5056919,2.511,0.76806640625,0,28.458581911394468,77.50565985703214,
2026-01-14T05:54:14Z,28.4585652,77.5056914,2.521,0.76416015625,0,28.45857676547528,77.50565922061718,
2026-01-14T05:54:14Z,28.4585614,77.5057097,2.536,0.759765625,0,28.458573026164395,77.5056773395464,
2026-01-14T05:54:15Z,28.458564,77.5057217,2.529,0.76416015625,0,28.458575583659282,77.50568942332588,
2026-01-14T05:54:15Z,28.4585654,77.5057421,2.533,0.76123046875,0,28.45857700831633,77.5057097743063,
2026-01-14T05:54:16Z,28.4585636,77.5057432,2.522,0.76513671875,0,28.458575158937563,77.50571101185533,
2026-01-14T05:54:16Z,28.4585628,77.5057364,2.528,0.76123046875,0,28.458574392857862,77.50570414193463,
2026-01-14T05:54:17Z,28.4585656,77.5057384,2.515,0.76708984375,0,28.458577134016654,77.50570630793797,
2026-01-14T05:54:17Z,28.458564,77.5057474,2.495,0.76318359375,0,28.458575440578464,77.50571555095078,human_crops/human_1768370057.jpg
2026-01-14T05:54:18Z,28.458563,77.5057381,2.489,0.76318359375,0,28.458574414944206,77.50570633983496,
2026-01-14T05:54:18Z,28.4585593,77.505752,2.491,0.76416015625,0,28.458570712351815,77.50572020743553,
2026-01-14T05:54:19Z,28.4585596,77.5057598,2.506,0.76708984375,0,28.458571087183874,77.50572781445851,
2026-01-14T05:54:19Z,28.4585615,77.5057627,2.51,0.75390625,0,28.458573002252628,77.50573066925607,
2026-01-14T05:54:20Z,28.4585615,77.5057627,2.51,0.76708984375,0,28.4585730038061,77.5057306664346,
2026-01-14T05:54:20Z,28.4585615,77.5057627,2.51,0.76416015625,0,28.4585730038061,77.5057306664346,
2026-01-14T05:54:21Z,28.4585683,77.5057486,2.566,0.759765625,0,28.45858006739535,77.50571584961567,
2026-01-14T05:54:21Z,28.4585734,77.5057579,2.57,0.7724609375,0,28.45858518018907,77.50572509291594,
2026-01-14T05:54:22Z,28.4585755,77.5057484,2.565,0.77001953125,0,28.45858726118477,77.50571564427408,
2026-01-14T05:54:22Z,28.4585744,77.5057153,2.569,0.76513671875,0,28.458586179432764,77.50568249954603,human_crops/human_1768370062.jpg
2026-01-14T05:54:23Z,28.458573,77.5057172,2.574,0.76318359375,0,28.458584806816006,77.50568434179581,
2026-01-14T05:54:23Z,28.4585719,77.5057004,2.579,0.76708984375,0,28.458583713376544,77.50566748443335,
2026-01-14T05:54:24Z,28.4585714,77.5056984,2.573,0.76123046875,0,28.458583194501273,77.50566557239289,
2026-01-14T05:54:24Z,28.4585705,77.5056956,2.595,0.76806640625,0,28.458582395213586,77.5056624907888,
2026-01-14T05:54:25Z,28.4585712,77.5056912,2.6,0.76318359375,0,28.45858311761209,77.50565802771891,
2026-01-14T05:54:25Z,28.4585643,77.5056741,2.587,0.77001953125,0,28.45857614989608,77.50564108880589,
2026-01-14T05:54:26Z,28.4585634,77.5056931,2.565,0.76513671875,0,28.45857514741987,77.50566036941476,
2026-01-14T05:54:26Z,28.4585694,77.5057079,2.553,0.76416015625,0,28.458581096160714,77.50567532627034,
2026-01-14T05:54:27Z,28.4585729,77.5057053,2.536,0.76708984375,0,28.458584523166277,77.50567293409577,
2026-01-14T05:54:27Z,28.4585699,77.5056882,2.542,0.76123046875,0,28.45858154670789,77.50565576421303,human_crops/human_1768370067.jpg
2026-01-14T05:54:28Z,28.4585705,77.5056734,2.543,0.76416015625,0,28.458582151285075,77.50564095454132,
2026-01-14T05:54:28Z,28.4585719,77.505652,2.543,0.76318359375,0,28.458583551944873,77.50561954832736,
2026-01-14T05:54:29Z,28.4585719,77.505652,2.543,0.76416015625,0,28.458583534458683,77.50561953687976,
2026-01-14T05:54:30Z,28.4585719,77.505652,2.543,0.5166015625,0,28.458583521504906,77.50561956638174,
2026-01-14T05:54:30Z,28.4585757,77.5056372,2.521,0.744140625,0,28.458587246384504,77.50560501909295,
2026-01-14T05:54:31Z,28.4585806,77.505649,2.511,0.755859375,0,28.45859209356884,77.50561693989727,
2026-01-14T05:54:31Z,28.4585817,77.5056433,2.511,0.755859375,0,28.458593193160336,77.50561123827893,
2026-01-14T05:54:32Z,28.458583,77.5056432,2.519,0.759765625,0,28.458594533209837,77.50561102925084,
2026-01-14T05:54:32Z,28.458584,77.5056464,2.53,0.76123046875,0,28.45859558425526,77.5056140889556,
2026-01-14T05:54:33Z,28.4585876,77.505628,2.547,0.75732421875,0,28.458599260745757,77.50559547575261,human_crops/human_1768370073.jpg
2026-01-14T05:54:33Z,28.4585879,77.5056136,2.533,0.7529296875,0,28.45859950296016,77.50558125693374,
2026-01-14T05:54:34Z,28.4585879,77.5056011,2.534,0.75732421875,0,28.458599502455442,77.505568739034,
2026-01-14T05:54:34Z,28.4585892,77.5056023,2.543,0.76318359375,0,28.458600844933237,77.50556982744887,
2026-01-14T05:54:35Z,28.4585942,77.5056067,2.535,0.75390625,0,28.458605809725192,77.50557433051827,
2026-01-14T05:54:35Z,28.4585947,77.5056138,2.543,0.76123046875,0,28.45860634800454,77.50558132610628,
2026-01-14T05:54:36Z,28.4585934,77.5056326,2.558,0.75830078125,0,28.458605123590687,77.505599937198,
2026-01-14T05:54:36Z,28.4585942,77.5056414,2.568,0.7529296875,0,28.45860596334145,77.50560860342928,
2026-01-14T05:54:37Z,28.4585925,77.5056231,2.572,0.75732421875,0,28.458604280135674,77.505590251626,
2026-01-14T05:54:37Z,28.458594,77.5056225,2.567,0.755859375,0,28.458605756603795,77.50558972002939,
2026-01-14T05:54:38Z,28.4585948,77.5056152,2.572,0.75732421875,0,28.45860657913685,77.5055823555431,
2026-01-14T05:54:38Z,28.4585948,77.5056152,2.572,0.7529296875,0,28.45860657913685,77.5055823555431,human_crops/human_1768370078.jpg
2026-01-14T05:54:39Z,28.4585948,77.5056152,2.572,0.75390625,0,28.458606575857548,77.50558235354644,
2026-01-14T05:54:39Z,28.4585927,77.5055979,2.595,0.75732421875,0,28.458604585626674,77.50556476315874,
2026-01-14T05:54:40Z,28.4585908,77.5055831,2.605,0.755859375,0,28.458602723457645,77.50554983203266,
2026-01-14T05:54:40Z,28.4585916,77.5055839,2.615,0.759765625,0,28.458603574378824,77.5055505087717,
2026-01-14T05:54:41Z,28.4585926,77.505577,2.602,0.759765625,0,28.458604508585562,77.50554377340447,
2026-01-14T05:54:41Z,28.4585944,77.5055846,2.589,0.75390625,0,28.45860624944894,77.50555153788163,
2026-01-14T05:54:42Z,28.4585935,77.5056138,2.605,0.75390625,0,28.4586054237133,77.50558053331751,
2026-01-14T05:54:42Z,28.4585947,77.5056273,2.615,0.75732421875,0,28.458606667977847,77.50559390346281,
2026-01-14T05:54:43Z,28.4585971,77.5056492,2.632,0.75390625,0,28.458609147860212,77.50561558069326,
2026-01-14T05:54:43Z,28.4585979,77.5056576,2.634,0.75390625,0,28.45860996044707,77.50562396608395,human_crops/human_1768370083.jpg
2026-01-14T05:54:44Z,28.4585963,77.5056823,2.623,0.755859375,0,28.458608304041157,77.50564880239665,
2026-01-14T05:54:44Z,28.458598,77.5056887,2.621,0.75146484375,0,28.458609996656882,77.50565523075886,
2026-01-14T05:54:45Z,28.4586011,77.5056833,2.614,0.7529296875,0,28.45861306314101,77.50564992142426,
2026-01-14T05:54:45Z,28.4586018,77.5056758,2.582,0.755859375,0,28.458613613516086,77.50564283128787,
2026-01-14T05:54:46Z,28.4586029,77.5056657,2.562,0.76123046875,0,28.458614618886717,77.50563299147284,
2026-01-14T05:54:46Z,28.4586008,77.5056617,2.545,0.74951171875,0,28.458612440570132,77.50562920761868,
2026-01-14T05:54:47Z,28.4586009,77.5056517,2.543,0.75146484375,0,28.458612544100575,77.50561920094033,
2026-01-14T05:54:47Z,28.4586009,77.5056517,2.543,0.7529296875,0,28.458612528843375,77.5056192349913,
2026-01-14T05:54:48Z,28.4586009,77.5056517,2.543,0.75390625,0,28.458612528843375,77.5056192349913,
2026-01-14T05:54:48Z,28.4586032,77.5056421,2.538,0.75146484375,0,28.458614802710198,77.50560970857019,
2026-01-14T05:54:49Z,28.4586035,77.5056401,2.527,0.7529296875,0,28.458615052119523,77.50560785001345,human_crops/human_1768370089.jpg
2026-01-14T05:54:49Z,28.4586028,77.5056508,2.522,0.75830078125,0,28.458614338973835,77.50561862345005,
2026-01-14T05:54:50Z,28.4586018,77.5056907,2.526,0.74951171875,0,28.458613344438913,77.50565846867505,
2026-01-14T05:54:50Z,28.4585999,77.5056898,2.531,0.75146484375,0,28.45861146538794,77.50565750605101,
2026-01-14T05:54:51Z,28.4585975,77.5056983,2.527,0.75390625,0,28.45860904460521,77.50566605442116,
2026-01-14T05:54:51Z,28.4585975,77.5057124,2.518,0.74951171875,0,28.4586090060846,77.50568026543313,
2026-01-14T05:54:52Z,28.458598,77.5057119,2.521,0.75390625,0,28.45860951906763,77.50567973323948,
2026-01-14T05:54:52Z,28.4585956,77.5057069,2.514,0.7451171875,0,28.458607110423326,77.505674773547,
2026-01-14T05:54:53Z,28.4585917,77.5057132,2.516,0.74072265625,0,28.4586032085844,77.50568110277375,
2026-01-14T05:54:53Z,28.4585919,77.5057227,2.521,0.5615234375,0,28.458603031650245,77.50569052598014,
2026-01-14T05:54:54Z,28.458592,77.5057238,2.531,0.64013671875,0,28.458603446268118,77.50569156697924,
2026-01-14T05:54:54Z,28.4585939,77.5057285,2.537,0.51953125,0,28.45860538146508,77.50569601611978,
2026-01-14T05:54:55Z,28.4585906,77.5057283,2.536,0.56787109375,0,28.458602080624505,77.50569581053578,
2026-01-14T05:54:56Z,28.4585817,77.5057291,2.529,0.537109375,0,28.458593157767996,77.50569672540252,
2026-01-14T05:54:57Z,28.4585623,77.5057193,2.529,0.74755859375,0,28.458573765936915,77.50568687176167,human_crops/human_1768370097.jpg
2026-01-14T05:54:57Z,28.4585623,77.5057193,2.529,0.529296875,0,28.458573754735443,77.50568696155672,
2026-01-14T05:55:33Z,28.4586044,77.5056159,2.659,0.509765625,0,28.458616376016682,77.50558179533293,
2026-01-14T05:55:33Z,28.4586034,77.5056206,2.666,0.525390625,0,28.458615433264807,77.50558641698582,
2026-01-14T05:55:34Z,28.4586035,77.5056251,2.68,0.5458984375,0,28.45861558916721,77.50559072992229,
2026-01-14T05:55:34Z,28.4586035,77.5056251,2.68,0.53515625,0,28.4586155891144,77.50559072530598,
2026-01-14T05:55:35Z,28.4586001,77.5056113,2.677,0.5458984375,0,28.458612177895297,77.50557695482368,
2026-01-14T05:55:35Z,28.4585981,77.5056092,2.695,0.548828125,0,28.45861024835316,77.50557464648801,
2026-01-14T05:55:36Z,28.458598,77.5056038,2.694,0.51953125,0,28.458610156471945,77.50556923067818,
2026-01-14T05:55:36Z,28.458598,77.5056038,2.694,0.5517578125,0,28.458610150483306,77.50556922716025,
2026-01-14T05:55:37Z,28.458598,77.5056038,2.694,0.5537109375,0,28.458610162458108,77.50556923420194,
2026-01-14T05:55:37Z,28.4586034,77.5056151,2.663,0.5224609375,0,28.4586154155154,77.50558092383795,
2026-01-14T05:55:38Z,28.4586059,77.5056023,2.663,0.5341796875,0,28.458617915148476,77.50556812083742,
2026-01-14T05:55:38Z,28.4586083,77.5055978,2.656,0.556640625,0,28.458620280308722,77.505563709225,
2026-01-14T05:55:39Z,28.4586126,77.5055896,2.622,0.56201171875,0,28.458624428508553,77.50555594655997,
2026-01-14T05:55:39Z,28.4586149,77.5055961,2.604,0.5458984375,0,28.45862665776109,77.50556268249542,
2026-01-14T05:55:40Z,28.4586129,77.5056014,2.589,0.53125,0,28.458624579749785,77.50556816400936,
2026-01-14T05:55:40Z,28.4586111,77.5056076,2.587,0.521484375,0,28.458622776603303,77.5055743951493,
2026-01-14T05:55:41Z,28.4586119,77.5056017,2.589,0.529296875,0,28.4586235899446,77.50556847333105,
2026-01-14T05:55:41Z,28.4586154,77.5056039,2.594,0.5361328125,0,28.458627116175602,77.50557060725843,
2026-01-14T05:55:42Z,28.458616,77.505595,2.617,0.56005859375,0,28.458627816490882,77.50556141038882,
2026-01-14T05:55:42Z,28.4586185,77.5055811,2.63,0.52734375,0,28.458630369838396,77.50554734053974,
2026-01-14T05:55:43Z,28.4586202,77.5055583,2.654,0.546875,0,28.45863217951197,77.50552422954277,
2026-01-14T05:55:43Z,28.4586207,77.5055479,2.664,0.5224609375,0,28.458632733499137,77.50551371124303,
2026-01-14T05:55:44Z,28.4586201,77.5055364,2.656,0.55517578125,0,28.458632084909173,77.50550231339987,
2026-01-14T05:55:44Z,28.4586187,77.5055225,2.656,0.546875,0,28.458630693661622,77.50548842240407,
2026-01-14T05:55:45Z,28.4586169,77.5055147,2.672,0.55078125,0,28.45862897003172,77.50548041634794,
2026-01-14T05:55:45Z,28.4586149,77.5055099,2.692,0.53759765625,0,28.458627047983317,77.50547535553956,
2026-01-14T05:55:46Z,28.4586149,77.5055099,2.692,0.513671875,0,28.458627047983317,77.50547535553956,
2026-01-14T05:55:46Z,28.4586149,77.5055099,2.692,0.5458984375,0,28.458627047983317,77.50547535553956,
2026-01-14T05:55:47Z,28.4586149,77.5055099,2.692,0.556640625,0,28.45862705396758,77.50547535905451,
2026-01-14T05:55:47Z,28.4586114,77.5055032,2.663,0.53125,0,28.458623423291435,77.50546904245269,
2026-01-14T05:55:48Z,28.4586133,77.5055118,2.65,0.56005859375,0,28.4586252678334,77.50547780978717,
2026-01-14T05:55:48Z,28.4586143,77.5055153,2.644,0.529296875,0,28.458626241773036,77.50548138928802,
2026-01-14T05:55:49Z,28.458613,77.5055216,2.662,0.5078125,0,28.45862502177741,77.50548746441332,
2026-01-14T05:55:49Z,28.4586085,77.5055107,2.634,0.5322265625,0,28.458620393681066,77.50547692632682,
2026-01-14T05:55:50Z,28.4586103,77.5055029,2.548,0.546875,0,28.458621798020094,77.50547022935217,
2026-01-14T05:55:50Z,28.4586092,77.5055008,2.532,0.5302734375,0,28.458620637518433,77.5054683440446,
2026-01-14T05:55:51Z,28.4586092,77.5054929,2.542,0.5634765625,0,28.458620672374693,77.50546031013182,
2026-01-14T05:55:51Z,28.458609,77.5054954,2.547,0.55078125,0,28.458620500789237,77.50546275277763,
2026-01-14T05:55:52Z,28.4586071,77.5054863,2.552,0.525390625,0,28.458618629649976,77.505453590361,
2026-01-14T05:55:52Z,28.4586064,77.505474,2.579,0.537109375,0,28.458618043774678,77.50544094127069,
2026-01-14T05:55:53Z,28.4586054,77.5054869,2.615,0.544921875,0,28.458617206328803,77.50545338020481,
2026-01-14T05:55:53Z,28.4586046,77.5054949,2.651,0.5283203125,0,28.45861656952355,77.50546092303536,
2026-01-14T05:55:54Z,28.4586017,77.5054843,2.676,0.53759765625,0,28.45861378905899,77.50545001012891,
2026-01-14T05:55:54Z,28.4586,77.5054871,2.687,0.537109375,0,28.45861213457023,77.50545266707202,
2026-01-14T05:55:55Z,28.4586,77.5054871,2.687,0.517578125,0,28.45861213047181,77.50545266170445,
2026-01-14T05:55:55Z,28.4586,77.5054871,2.687,0.51171875,0,28.45861213047181,77.50545266170445,
2026-01-14T05:55:56Z,28.4585954,77.5054857,2.696,0.5439453125,0,28.45860756682153,77.50545118001273,
2026-01-14T05:55:56Z,28.4585934,77.5054945,2.714,0.5439453125,0,28.458605651922102,77.50545971684448,
2026-01-14T05:55:57Z,28.4585908,77.5054899,2.715,0.5576171875,0,28.458603064120965,77.50545510803337,
2026-01-14T05:55:57Z,28.4585909,77.5055012,2.699,0.515625,0,28.458603092203518,77.50546660969238,
2026-01-14T05:55:58Z,28.458592,77.5055036,2.681,0.5205078125,0,28.458604104121807,77.50546927088774,
2026-01-14T05:55:58Z,28.4585913,77.5054946,2.672,0.54736328125,0,28.45860337629635,77.50546036024537,
2026-01-14T05:55:59Z,28.4585926,77.5054985,2.677,0.517578125,0,28.45860469195427,77.50546418752322,
2026-01-14T05:55:59Z,28.458591,77.5054914,2.691,0.5390625,0,28.45860315958328,77.50545690275116,
2026-01-14T05:56:00Z,28.4585903,77.5054957,2.71,0.5517578125,0,28.4586025541767,77.50546095924372,
2026-01-14T05:56:00Z,28.4585909,77.5055023,2.705,0.53759765625,0,28.458603134442154,77.50546762275371,
2026-01-14T05:56:01Z,28.4585883,77.505515,2.69,0.53759765625,0,28.458600455122326,77.50548050578226,
2026-01-14T05:56:01Z,28.4585831,77.5055129,2.67,0.533203125,0,28.45859517620503,77.50547867165025,
2026-01-14T05:56:02Z,28.4585809,77.5055242,2.67,0.513671875,0,28.45859297679054,77.50548996723377,
2026-01-14T05:56:02Z,28.4585777,77.5055277,2.674,0.5263671875,0,28.458589787045877,77.50549341519277,
2026-01-14T05:56:03Z,28.4585774,77.5055362,2.683,0.55419921875,0,28.458589521713435,77.50550179495595,
2026-01-14T05:56:03Z,28.4585776,77.5055545,2.692,0.57666015625,0,28.45858973972915,77.50551999955685,
2026-01-14T05:56:04Z,28.4585776,77.5055545,2.692,0.56396484375,0,28.458589764405332,77.50551997856354,
2026-01-14T05:56:04Z,28.4585776,77.5055545,2.692,0.59375,0,28.458589764405332,77.50551997856354,
2026-01-14T05:56:05Z,28.4585836,77.5055396,2.687,0.56396484375,0,28.45859572139651,77.50550516390834,
2026-01-14T05:56:05Z,28.4585857,77.5055436,2.685,0.57763671875,0,28.45859781265585,77.50550919155985,
2026-01-14T05:56:06Z,28.4585857,77.5055528,2.682,0.57763671875,0,28.458597817086392,77.50551840719342,
2026-01-14T05:56:06Z,28.4585826,77.5055498,2.685,0.583984375,0,28.458594732130745,77.50551536934677,
2026-01-14T05:56:07Z,28.4585838,77.5055567,2.687,0.57763671875,0,28.458595942457244,77.50552224148132,
2026-01-14T05:56:07Z,28.4585832,77.5055674,2.682,0.5869140625,0,28.45859532001255,77.50553300845051,
2026-01-14T05:56:08Z,28.4585828,77.505567,2.692,0.57177734375,0,28.45859496608658,77.50553247721174,
2026-01-14T05:56:08Z,28.4585811,77.5055535,2.69,0.5615234375,0,28.458593244194738,77.50551903158808,
2026-01-14T05:56:09Z,28.4585811,77.5055448,2.678,0.5849609375,0,28.458593202458847,77.5055104556271,
2026-01-14T05:56:09Z,28.4585836,77.5055432,2.678,0.5830078125,0,28.45859570434622,77.50550885181976,
2026-01-14T05:56:10Z,28.4585856,77.5055445,2.684,0.58984375,0,28.458597726053878,77.50551007237395,
2026-01-14T05:56:10Z,28.4585848,77.5055464,2.688,0.5947265625,0,28.458596948793407,77.50551192539228,
2026-01-14T05:56:11Z,28.458585,77.5055512,2.721,0.57763671875,0,28.45859729818295,77.50551630245799,
2026-01-14T05:56:11Z,28.4585809,77.505547,2.737,0.57568359375,0,28.45859327081056,77.50551189920863,
2026-01-14T05:56:12Z,28.4585797,77.5055344,2.723,0.57861328125,0,28.458592000002454,77.5054995086066,
2026-01-14T05:56:12Z,28.4585835,77.5055218,2.713,0.59912109375,0,28.458595758385677,77.50548700547071,
2026-01-14T05:56:13Z,28.4585835,77.5055218,2.713,0.58251953125,0,28.458595747232998,77.50548703090115,
2026-01-14T05:56:13Z,28.4585835,77.5055218,2.713,0.59521484375,0,28.45859574120634,77.50548702735165,
2026-01-14T05:56:14Z,28.4585894,77.5055279,2.683,0.58056640625,0,28.458601511804694,77.50549351537141,
2026-01-14T05:56:14Z,28.4585881,77.5055305,2.668,0.57861328125,0,28.458600150076858,77.5054962720199,
2026-01-14T05:56:15Z,28.4585873,77.505539,2.656,0.583984375,0,28.45859928495181,77.50550495114415,
2026-01-14T05:56:15Z,28.4585829,77.5055304,2.662,0.591796875,0,28.458594930554302,77.50549625093123,
2026-01-14T05:56:16Z,28.4585796,77.505522,2.664,0.59033203125,0,28.458591653859706,77.50548783252647,
2026-01-14T05:56:16Z,28.4585761,77.5055518,2.673,0.57373046875,0,28.458588181135305,77.50551750969217,
2026-01-14T05:56:17Z,28.4585735,77.5055493,2.686,0.5859375,0,28.458585629914904,77.50551486448386,
2026-01-14T05:56:17Z,28.4585733,77.5055769,2.689,0.57080078125,0,28.45858544474261,77.50554242443201,
2026-01-14T05:56:18Z,28.4585744,77.5055801,2.692,0.5859375,0,28.45858655524518,77.50554557476296,
2026-01-14T05:56:18Z,28.4585713,77.5055787,2.707,0.5888671875,0,28.458583527906715,77.50554398895372,
2026-01-14T05:56:19Z,28.4585664,77.505574,2.716,0.59912109375,0,28.458578680957583,77.50553918143584,
2026-01-14T05:56:19Z,28.4585674,77.5055675,2.699,0.59765625,0,28.458579589696775,77.50553289902584,
2026-01-14T05:56:20Z,28.4585652,77.505569,2.688,0.57080078125,0,28.458577350770675,77.5055345107958,
2026-01-14T05:56:20Z,28.4585603,77.5055654,2.663,0.56494140625,0,28.45857233615411,77.505531233297,
2026-01-14T05:56:21Z,28.4585572,77.5055624,2.65,0.56689453125,0,28.45856916452778,77.50552842984781,
2026-01-14T05:56:21Z,28.4585582,77.5055743,2.644,0.591796875,0,28.45857014744293,77.50554038318099,
2026-01-14T05:56:22Z,28.4585582,77.5055743,2.644,0.59619140625,0,28.458570148754866,77.50554037940427,
2026-01-14T05:56:22Z,28.4585582,77.5055743,2.644,0.5810546875,0,28.458570137040812,77.50554040611543,
2026-01-14T05:56:23Z,28.4585511,77.5057707,2.669,0.5869140625,0,28.45856314886487,77.50573648668112,
2026-01-14T05:56:23Z,28.4585423,77.5058194,2.682,0.61669921875,0,28.458554258485414,77.5057846811063,human_crops/human_1768370183.jpg
2026-01-14T05:56:24Z,28.4585453,77.5058184,2.688,0.64501953125,0,28.45855736665095,77.50578373609662,
2026-01-14T05:56:24Z,28.4585509,77.5058141,2.698,0.521484375,0,28.458563496132253,77.5057907528443,
2026-01-14T05:56:25Z,28.4585561,77.5058244,2.712,0.75732421875,0,28.45856873306318,77.50580082404514,
2026-01-14T05:56:25Z,28.4585561,77.5058244,2.712,0.68359375,0,28.458549893083326,77.50582586464495,
2026-01-14T05:56:26Z,28.4585561,77.5058244,2.712,0.56005859375,0,28.458549107018943,77.50582847600798,
2026-01-14T05:56:26Z,28.4585575,77.5058381,2.763,0.7392578125,0,28.45857228144325,77.50581153254556,
2026-01-14T05:56:27Z,28.4585575,77.5058381,2.763,0.56005859375,0,28.458566438253495,77.50581247759622,
2026-01-14T05:56:27Z,28.4585532,77.5058293,2.723,0.7529296875,0,28.458567692585422,77.50580321345652,
2026-01-14T05:56:28Z,28.4585532,77.5058293,2.723,0.62841796875,0,28.458561966123714,77.50580407120962,
2026-01-14T05:56:28Z,28.4585532,77.5058293,2.723,0.54296875,0,28.4585764388106,77.50580255306595,
2026-01-14T05:56:29Z,28.4585532,77.5058293,2.723,0.5185546875,0,28.45857319642661,77.50581241058597,
2026-01-14T05:56:29Z,28.4585499,77.5057862,2.708,0.7529296875,0,28.45856432444201,77.50576022457084,human_crops/human_1768370189.jpg
2026-01-14T05:56:30Z,28.4585499,77.5057862,2.708,0.60498046875,0,28.45855860834477,77.50576111030139,
2026-01-14T05:56:30Z,28.4585499,77.5057862,2.708,0.56005859375,0,28.45857299309271,77.5057595976911,
2026-01-14T05:56:30Z,28.4585499,77.5057862,2.708,0.55224609375,0,28.458569781921536,77.5057694061937,
2026-01-14T05:56:31Z,28.4585484,77.5057987,2.72,0.75390625,0,28.458562882903582,77.50577261656375,
2026-01-14T05:56:31Z,28.4585484,77.5057987,2.72,0.60107421875,0,28.458557136602455,77.50577350228926,
2026-01-14T05:56:32Z,28.4585484,77.5057987,2.72,0.5009765625,0,28.458571599706524,77.50577199437157,
2026-01-14T05:56:32Z,28.4585339,77.505746,2.712,0.75732421875,0,28.45854833653332,77.50571999645058,
2026-01-14T05:56:33Z,28.4585339,77.505746,2.712,0.6162109375,0,28.45854262194805,77.50572086404098,
2026-01-14T05:56:33Z,28.4585339,77.505746,2.712,0.53125,0,28.458557026061744,77.50571937714214,
2026-01-14T05:56:34Z,28.4585358,77.5057505,2.731,0.755859375,0,28.458550337172824,77.50572431826774,
2026-01-14T05:56:34Z,28.4585358,77.5057505,2.731,0.61328125,0,28.45854458101483,77.50572521269733,human_crops/human_1768370194.jpg
2026-01-14T05:56:35Z,28.4585358,77.5057505,2.731,0.57177734375,0,28.458559074398206,77.50572368946635,
2026-01-14T05:56:35Z,28.4585358,77.5057505,2.731,0.54736328125,0,28.458555862806406,77.50573358927146,
2026-01-14T05:56:36Z,28.4585343,77.5057411,2.755,0.755859375,0,28.458548966050497,77.50571468451172,
2026-01-14T05:56:36Z,28.4585343,77.5057411,2.755,0.62255859375,0,28.458543152740106,77.50571558342314,
2026-01-14T05:56:37Z,28.4585343,77.5057411,2.755,0.5517578125,0,28.45855776473858,77.5057140868811,
2026-01-14T05:56:37Z,28.4585343,77.5057411,2.755,0.51953125,0,28.458554528129564,77.50572403085268,
2026-01-14T05:56:38Z,28.4585337,77.5057081,2.799,0.7529296875,0,28.45854858304549,77.50568130331398,
2026-01-14T05:56:38Z,28.4585337,77.5057081,2.799,0.62353515625,0,28.45854269368947,77.50568217866667,
2026-01-14T05:56:38Z,28.4585337,77.5057081,2.799,0.548828125,0,28.458557566719396,77.50568062839585,
2026-01-14T05:56:39Z,28.4585337,77.5057081,2.799,0.521484375,0,28.458554250346893,77.50569076053607,
2026-01-14T05:56:39Z,28.4585437,77.5057472,2.783,0.755859375,0,28.458558513164434,77.5057205137323,human_crops/human_1768370199.jpg
2026-01-14T05:56:40Z,28.4585437,77.5057472,2.783,0.615234375,0,28.45855264082854,77.50572142161377,
2026-01-14T05:56:40Z,28.4585437,77.5057472,2.783,0.544921875,0,28.458567417067417,77.50571987306061,
2026-01-14T05:56:41Z,28.4585437,77.5057472,2.783,0.5244140625,0,28.458564131388602,77.50572995559448,
2026-01-14T05:56:41Z,28.4585454,77.5057276,2.766,0.7529296875,0,28.458560131987948,77.50570106626542,
2026-01-14T05:56:42Z,28.4585454,77.5057276,2.766,0.60107421875,0,28.458554293577443,77.50570196970861,
2026-01-14T05:56:42Z,28.4585454,77.5057276,2.766,0.57177734375,0,28.458568993530648,77.50570047939513,
2026-01-14T05:56:43Z,28.4585454,77.5057276,2.766,0.53125,0,28.458565716649524,77.50571045338451,
2026-01-14T05:56:43Z,28.4585585,77.5056715,2.765,0.7529296875,0,28.4585732128826,77.50564501693576,
2026-01-14T05:56:44Z,28.4585585,77.5056715,2.765,0.61962890625,0,28.458567392912663,77.50564588230397,
2026-01-14T05:56:44Z,28.4585585,77.5056715,2.765,0.556640625,0,28.45858207937312,77.50564434230549,
2026-01-14T05:56:45Z,28.4585585,77.5056715,2.765,0.5126953125,0,28.45857881138841,77.50565436326747,
2026-01-14T05:56:45Z,28.4585537,77.5056155,2.754,0.74951171875,0,28.458568357106703,77.50558911422624,human_crops/human_1768370205.jpg
2026-01-14T05:56:45Z,28.4585537,77.5056155,2.754,0.6123046875,0,28.45856255910676,77.50558997912457,
2026-01-14T05:56:46Z,28.4585537,77.5056155,2.754,0.56982421875,0,28.458577191453745,77.50558843772882,
2026-01-14T05:56:46Z,28.4585537,77.5056155,2.754,0.5400390625,0,28.458573924797708,77.50559841550826,
2026-01-14T05:56:47Z,28.4585406,77.5056103,2.768,0.7529296875,0,28.458555337816634,77.50558376755768,
2026-01-14T05:56:47Z,28.4585406,77.5056103,2.768,0.62255859375,0,28.458549514766236,77.50558464160919,
2026-01-14T05:56:48Z,28.4585406,77.5056103,2.768,0.56689453125,0,28.45856422037846,77.50558308606577,
2026-01-14T05:56:48Z,28.4585406,77.5056103,2.768,0.54296875,0,28.458560946740167,77.50559312617129,
2026-01-14T05:56:49Z,28.4585483,77.5055777,2.754,0.7529296875,0,28.458562979653188,77.50555125403169,
2026-01-14T05:56:49Z,28.4585483,77.5055777,2.754,0.6162109375,0,28.458557168928362,77.50555216176444,
2026-01-14T05:56:50Z,28.4585483,77.5055777,2.754,0.57373046875,0,28.4585718025376,77.50555061191979,
2026-01-14T05:56:50Z,28.4585483,77.5055777,2.754,0.548828125,0,28.45856854456493,77.50556060427652,
2026-01-14T05:56:51Z,28.458562,77.5055687,2.781,0.7783203125,0,28.458576847316625,77.50554204624119,human_crops/human_1768370211.jpg
2026-01-14T05:56:51Z,28.458562,77.5055687,2.781,0.57763671875,0,28.45857442601798,77.50553275105601,
2026-01-14T05:56:52Z,28.458562,77.5055687,2.781,0.56884765625,0,28.458570939385798,77.50554289355833,
2026-01-14T05:56:52Z,28.4585579,77.5055413,2.802,0.6513671875,0,28.458570451104865,77.50550512523712,
2026-01-14T05:56:53Z,28.4585536,77.50556,2.802,0.6748046875,0,28.45856615164005,77.50552382174405,
2026-01-14T05:56:53Z,28.4585545,77.5055539,2.793,0.6669921875,0,28.458567017388123,77.50551784096886,
2026-01-14T05:56:54Z,28.4585531,77.5055321,2.794,0.67041015625,0,28.45856562419448,77.50549602606651,
2026-01-14T05:56:54Z,28.4585543,77.5055279,2.797,0.64794921875,0,28.45856683981328,77.50549178426287,
2026-01-14T05:56:55Z,28.4585562,77.5055262,2.796,0.67138671875,0,28.458568732275182,77.5054901012346,
2026-01-14T05:56:55Z,28.4585531,77.5055097,2.789,0.65380859375,0,28.45856559345875,77.50547368913006,
2026-01-14T05:56:56Z,28.4585475,77.5054811,2.784,0.67236328125,0,28.458559968767478,77.50544515546261,
2026-01-14T05:56:56Z,28.4585421,77.5054688,2.787,0.66552734375,0,28.45855459550556,77.50543281970685,human_crops/human_1768370216.jpg
2026-01-14T05:56:56Z,28.4585388,77.5054525,2.791,0.65234375,0,28.4585513114132,77.5054164724521,
2026-01-14T05:56:57Z,28.4585413,77.5054488,2.788,0.666015625,0,28.458553787285954,77.50541280879942,
2026-01-14T05:56:57Z,28.4585415,77.5054521,2.779,0.68017578125,0,28.458553953938846,77.505416233294,
2026-01-14T05:56:58Z,28.4585415,77.5054521,2.779,0.67431640625,0,28.458553957986346,77.50541624196099,
2026-01-14T05:56:58Z,28.4585415,77.5054521,2.779,0.68505859375,0,28.458553957986346,77.50541624196099,
2026-01-14T05:56:59Z,28.4585367,77.5054424,2.767,0.6591796875,0,28.45854909182367,77.50540670628389,
2026-01-14T05:56:59Z,28.4585351,77.5054591,2.76,0.67431640625,0,28.458547461213996,77.50542349691456,
2026-01-14T05:57:00Z,28.4585365,77.5054732,2.75,0.669921875,0,28.458548809436127,77.50543772732058,
2026-01-14T05:57:01Z,28.4585361,77.505489,2.737,0.67041015625,0,28.45854836156635,77.5054537078382,
2026-01-14T05:57:01Z,28.4585368,77.5055058,2.748,0.662109375,0,28.45854910908022,77.50547036901872,human_crops/human_1768370221.jpg
2026-01-14T05:57:02Z,28.4585364,77.5055143,2.745,0.67578125,0,28.458548696135736,77.50547891332198,
2026-01-14T05:57:02Z,28.4585387,77.5055227,2.739,0.66015625,0,28.458550969202683,77.5054873941734,
2026-01-14T05:57:03Z,28.4585378,77.5055112,2.734,0.67578125,0,28.45855003483765,77.50547595635392,
2026-01-14T05:57:03Z,28.4585375,77.5055188,2.74,0.681640625,0,28.45854976226623,77.50548348175938,
2026-01-14T05:57:04Z,28.4585396,77.5055127,2.748,0.67578125,0,28.458551907268475,77.50547728827947,
2026-01-14T05:57:04Z,28.4585412,77.5055031,2.752,0.67236328125,0,28.45855352703202,77.50546763412778,
2026-01-14T05:57:05Z,28.4585393,77.5055202,2.734,0.64892578125,0,28.458551542073295,77.50548496465227,
2026-01-14T05:57:05Z,28.45854,77.5055182,2.747,0.67626953125,0,28.45855229831047,77.50548279773984,
2026-01-14T05:57:06Z,28.4585429,77.5055226,2.751,0.67919921875,0,28.45855521180985,77.50548715184553,
2026-01-14T05:57:06Z,28.4585439,77.5055302,2.747,0.681640625,0,28.45855619436228,77.50549480413896,human_crops/human_1768370226.jpg
2026-01-14T05:57:07Z,28.458544,77.5055506,2.734,0.69287109375,0,28.458556237185558,77.50551536999367,
2026-01-14T05:57:07Z,28.458544,77.5055506,2.734,0.66552734375,0,28.458556244357208,77.50551537439003,
2026-01-14T05:57:08Z,28.458544,77.5055506,2.734,0.63818359375,0,28.458556244357208,77.50551537439003,
2026-01-14T05:57:08Z,28.4585415,77.5055714,2.713,0.66357421875,0,28.458553649370486,77.5055364459586,
2026-01-14T05:57:09Z,28.4585417,77.5055536,2.706,0.66552734375,0,28.458553819791668,77.50551873316003,
2026-01-14T05:57:09Z,28.4585407,77.5055514,2.725,0.65625,0,28.458552903406936,77.50551628678153,
2026-01-14T05:57:10Z,28.4585435,77.5055696,2.732,0.666015625,0,28.458555726968754,77.50553439154066,
2026-01-14T05:57:10Z,28.458546,77.5055647,2.742,0.669921875,0,28.458558271285458,77.5055293573548,
2026-01-14T05:57:11Z,28.4585438,77.505558,2.772,0.6669921875,0,28.458556214120655,77.50552226554349,
2026-01-14T05:57:11Z,28.4585474,77.5055533,2.777,0.6611328125,0,28.458559838369627,77.50551749555241,human_crops/human_1768370231.jpg
2026-01-14T05:57:12Z,28.45855,77.505558,2.782,0.65625,0,28.458562456200184,77.50552212472812,
2026-01-14T05:57:12Z,28.4585517,77.5055641,2.787,0.67041015625,0,28.45856417782963,77.50552816248805,
2026-01-14T05:57:13Z,28.4585518,77.505564,2.799,0.6669921875,0,28.458564339102484,77.5055279101796,
2026-01-14T05:57:13Z,28.4585506,77.5055625,2.805,0.66357421875,0,28.458563161254137,77.50552632407607,
2026-01-14T05:57:14Z,28.4585569,77.5055819,2.807,0.64794921875,0,28.4585694795706,77.505545700031,
2026-01-14T05:57:14Z,28.4585657,77.5055825,2.805,0.67626953125,0,28.458578268105924,77.50554631719595,
2026-01-14T05:57:15Z,28.4585716,77.5055826,2.793,0.67138671875,0,28.458584109889454,77.50554656873982,
2026-01-14T05:57:15Z,28.4585737,77.5055913,2.793,0.67626953125,0,28.458586218045976,77.50555526924634,
2026-01-14T05:57:16Z,28.4585794,77.5055995,2.784,0.66552734375,0,28.458591887069346,77.50556358823161,
2026-01-14T05:57:16Z,28.4585787,77.5055957,2.782,0.65576171875,0,28.458591175892483,77.50555981727204,
2026-01-14T05:57:17Z,28.4585787,77.5055957,2.782,0.66259765625,0,28.458591169712715,77.50555981362817,human_crops/human_1768370237.jpg
2026-01-14T05:57:17Z,28.4585787,77.5055957,2.782,0.67333984375,0,28.458591175892483,77.50555981727204,
2026-01-14T05:57:18Z,28.4585787,77.5055957,2.782,0.67626953125,0,28.458591163534173,77.50555980998182,
2026-01-14T05:57:18Z,28.4585743,77.5055943,2.812,0.6689453125,0,28.458586893014022,77.50555803904527,
2026-01-14T05:57:19Z,28.4585763,77.5056064,2.759,0.642578125,0,28.45858866680979,77.50557083457419,
2026-01-14T05:57:19Z,28.4585759,77.5056116,2.734,0.65283203125,0,28.458588147987506,77.50557635914183,
2026-01-14T05:57:20Z,28.4585835,77.5056221,2.735,0.662109375,0,28.45859575025914,77.50558685293808,
2026-01-14T05:57:20Z,28.4585857,77.5056233,2.75,0.65283203125,0,28.45859802472497,77.50558786656921,
2026-01-14T05:57:21Z,28.458585,77.505608,2.768,0.67333984375,0,28.458597392374365,77.50557233452435,
2026-01-14T05:57:21Z,28.4585837,77.505615,2.756,0.638671875,0,28.458596049943164,77.50557950213167,
2026-01-14T05:57:22Z,28.4585776,77.5056293,2.755,0.67431640625,0,28.458589936705046,77.50559381467053,human_crops/human_1768370242.jpg
2026-01-14T05:57:22Z,28.4585744,77.5056306,2.763,0.6591796875,0,28.458586779266547,77.50559501784215,
2026-01-14T05:57:23Z,28.45857,77.5056171,2.771,0.65380859375,0,28.458582410840336,77.50558140578346,
2026-01-14T05:57:23Z,28.4585694,77.5056141,2.769,0.65234375,0,28.45858179324616,77.50557843397564,
2026-01-14T05:57:24Z,28.4585711,77.5056103,2.76,0.63427734375,0,28.45858346681906,77.50557475597267,
2026-01-14T05:57:24Z,28.4585721,77.5056215,2.747,0.64599609375,0,28.458584410358277,77.50558612096721,
2026-01-14T05:57:24Z,28.4585782,77.5056455,2.733,0.66796875,0,28.458590445179166,77.50561030154162,
2026-01-14T05:57:25Z,28.4585737,77.5056515,2.727,0.67333984375,0,28.458585913997563,77.50561637646652,
2026-01-14T05:57:25Z,28.4585728,77.5056471,2.736,0.6611328125,0,28.45858504864684,77.5056118587751,
2026-01-14T05:57:26Z,28.4585728,77.5056471,2.736,0.669921875,0,28.458585059144905,77.50561186880819,
2026-01-14T05:57:26Z,28.4585728,77.5056471,2.736,0.64892578125,0,28.458585059144905,77.50561186880819,
2026-01-14T05:57:27Z,28.4585686,77.5056067,2.737,0.6669921875,0,28.458580864171044,77.50557146041957,human_crops/human_1768370247.jpg
2026-01-14T05:57:27Z,28.458572,77.5056151,2.733,0.65380859375,0,28.458584245114462,77.50557991127391,
2026-01-14T05:57:28Z,28.458572,77.505614,2.726,0.64404296875,0,28.45858420825966,77.50557889955263,
2026-01-14T05:57:28Z,28.4585707,77.5056153,2.727,0.66552734375,0,28.458582919585115,77.50558019039782,
2026-01-14T05:57:29Z,28.4585726,77.5056196,2.739,0.65478515625,0,28.458584868101664,77.50558433002563,
2026-01-14T05:57:29Z,28.4585763,77.5055971,2.749,0.66455078125,0,28.458588613801325,77.5055616998214,
2026-01-14T05:57:30Z,28.4585763,77.5055704,2.758,0.650390625,0,28.458588663854925,77.50553488270076,
2026-01-14T05:57:30Z,28.4585786,77.5055744,2.768,0.66552734375,0,28.458590999947827,77.50553874193405,
2026-01-14T05:57:31Z,28.4585747,77.5055742,2.777,0.62255859375,0,28.45858714648424,77.50553843310823,
2026-01-14T05:57:31Z,28.4585765,77.5055744,2.776,0.666015625,0,28.458588942006426,77.50553864778935,
2026-01-14T05:57:32Z,28.4585812,77.5055747,2.782,0.64013671875,0,28.458593677136165,77.50553887313215,human_crops/human_1768370252.jpg
2026-01-14T05:57:32Z,28.4585803,77.5055784,2.779,0.67236328125,0,28.458592764844795,77.5055426150223,
2026-01-14T05:57:33Z,28.45858,77.5055806,2.779,0.66259765625,0,28.458592457486766,77.50554481454903,
2026-01-14T05:57:33Z,28.4585778,77.505576,2.77,0.64990234375,0,28.458590211996615,77.50554032430567,
2026-01-14T05:57:34Z,28.4585817,77.5055731,2.752,0.66552734375,0,28.45859404638111,77.5055376622123,
2026-01-14T05:57:40Z,28.4585991,77.505609,2.857,0.60888671875,0,28.45861192078163,77.50557224008371,human_crops/human_1768370260.jpg
2026-01-14T05:57:41Z,28.4586016,77.5056201,2.857,0.61376953125,0,28.458614408937493,77.50558336771678,
2026-01-14T05:57:41Z,28.4586022,77.5056124,2.859,0.60009765625,0,28.45861502563577,77.50557564982807,
2026-01-14T05:57:42Z,28.4585946,77.5056082,2.868,0.62841796875,0,28.458607479951873,77.50557130643969,
2026-01-14T05:57:42Z,28.4585927,77.5056146,2.868,0.6064453125,0,28.458605570417284,77.50557773345926,
2026-01-14T05:57:43Z,28.4585934,77.5056293,2.877,0.609375,0,28.458606302585775,77.50559231014911,
2026-01-14T05:57:43Z,28.4585927,77.5056431,2.871,0.609375,0,28.458605600801505,77.5056061617195,
2026-01-14T05:57:44Z,28.4585886,77.5056386,2.858,0.5146484375,0,28.4586014080208,77.50560185386301,
2026-01-14T05:57:45Z,28.4585831,77.5056369,2.845,0.55078125,0,28.45859585676034,77.50560032310756,
2026-01-14T05:57:46Z,28.4585796,77.5056482,2.855,0.5224609375,0,28.458592410140994,77.50561149045097,
2026-01-14T05:57:47Z,28.4585826,77.5056701,2.846,0.5458984375,0,28.458595370565206,77.50563348516418,
2026-01-14T05:57:47Z,28.4585879,77.5056639,2.856,0.64501953125,0,28.458600743380902,77.50562709005939,human_crops/human_1768370267.jpg
2026-01-14T05:57:48Z,28.4585891,77.5056645,2.849,0.64404296875,0,28.458601910682233,77.5056277798419,
2026-01-14T05:57:48Z,28.4585947,77.5056837,2.852,0.64794921875,0,28.458607521892166,77.50564693766697,
2026-01-14T05:57:49Z,28.458595,77.5056874,2.863,0.64697265625,0,28.458607863484247,77.50565049334247,
2026-01-14T05:57:49Z,28.458599,77.5056881,2.872,0.66357421875,0,28.458611911968788,77.5056510740145,
2026-01-14T05:57:50Z,28.458603,77.5056891,2.87,0.63037109375,0,28.458615916498573,77.50565210619402,
2026-01-14T05:57:50Z,28.4586077,77.5056713,2.889,0.66552734375,0,28.45862070685109,77.50563406757162,
2026-01-14T05:57:51Z,28.4586095,77.5056611,2.892,0.76806640625,0,28.458622985206524,77.5056359663263,
2026-01-14T05:57:51Z,28.4586057,77.5056542,2.879,0.76708984375,0,28.458619119414397,77.50562907150011,
2026-01-14T05:57:52Z,28.4586057,77.5056542,2.879,0.5029296875,0,28.458601686348615,77.50564975872098,
2026-01-14T05:57:52Z,28.4586002,77.5056325,2.836,0.759765625,0,28.45861342011857,77.50560773926313,
2026-01-14T05:57:53Z,28.4586002,77.5056325,2.836,0.5859375,0,28.45861301161303,77.50559593877198,
2026-01-14T05:57:53Z,28.4586002,77.5056325,2.836,0.64306640625,0,28.458613001113346,77.50559594459402,human_crops/human_1768370273.jpg
2026-01-14T05:57:54Z,28.4585958,77.5056135,2.83,0.693359375,0,28.4585933176079,77.50561874099161,
2026-01-14T05:57:54Z,28.4585958,77.5056135,2.83,0.666015625,0,28.4586085949691,77.50557704633043,
2026-01-14T05:57:55Z,28.458597,77.5056051,2.833,0.6064453125,0,28.45859448021996,77.50561035886496,
2026-01-14T05:57:55Z,28.458597,77.5056051,2.833,0.515625,0,28.458609757239717,77.50556852938466,
2026-01-14T05:57:56Z,28.4585983,77.5055987,2.849,0.6064453125,0,28.458611463814837,77.50556237278514,
2026-01-14T05:57:56Z,28.4586036,77.5056055,2.848,0.544921875,0,28.458616546719743,77.5055689923672,
2026-01-14T05:57:57Z,28.4586106,77.50559,2.872,0.62841796875,0,28.45862341120777,77.50555285529289,
2026-01-14T05:57:57Z,28.4586188,77.5055841,2.891,0.703125,0,28.458634408893737,77.50555608166721,
2026-01-14T05:57:58Z,28.4586188,77.5055841,2.891,0.5107421875,0,28.458640107707694,77.50556597784711,
2026-01-14T05:57:58Z,28.4586364,77.5056024,2.868,0.71630859375,0,28.45865188373345,77.50557456849229,
2026-01-14T05:57:59Z,28.4586364,77.5056024,2.868,0.63427734375,0,28.458660992841974,77.50557416769306,human_crops/human_1768370279.jpg
2026-01-14T05:57:59Z,28.4586364,77.5056024,2.868,0.56396484375,0,28.458657561166564,77.50558439892453,
2026-01-14T05:58:00Z,28.4586364,77.5056024,2.868,0.5048828125,0,28.458632676401766,77.50561087175076,
2026-01-14T05:58:00Z,28.4586569,77.5056293,2.874,0.71826171875,0,28.4586719923592,77.50560112668738,
2026-01-14T05:58:01Z,28.4586569,77.5056293,2.874,0.669921875,0,28.45868119696564,77.50560062658566,
2026-01-14T05:58:01Z,28.4586569,77.5056293,2.874,0.61962890625,0,28.45867775540863,77.50561084949543,
2026-01-14T05:58:02Z,28.4586435,77.5056288,2.823,0.71435546875,0,28.45865833403784,77.50560113567359,
2026-01-14T05:58:02Z,28.4586435,77.5056288,2.823,0.6748046875,0,28.45866737411172,77.50560064487833,
2026-01-14T05:58:02Z,28.4586435,77.5056288,2.823,0.62158203125,0,28.45866400272821,77.50561066633962,
2026-01-14T05:58:03Z,28.4586414,77.5056223,2.828,0.71142578125,0,28.45865626020265,77.50559459401701,
2026-01-14T05:58:03Z,28.4586414,77.5056223,2.828,0.6884765625,0,28.458665315029293,77.50559410376309,
2026-01-14T05:58:04Z,28.4586414,77.5056223,2.828,0.64599609375,0,28.458661950451923,77.50560414799193,human_crops/human_1768370284.jpg
2026-01-14T05:58:04Z,28.4586335,77.5056054,2.845,0.7099609375,0,28.458648430549943,77.50557752050793,
2026-01-14T05:58:05Z,28.4586335,77.5056054,2.845,0.68994140625,0,28.458657546495196,77.50557708061713,
2026-01-14T05:58:05Z,28.4586335,77.5056054,2.845,0.64013671875,0,28.458654167298985,77.50558713862537,
2026-01-14T05:58:06Z,28.4586368,77.5056142,2.808,0.71142578125,0,28.458651551045328,77.50558668970649,
2026-01-14T05:58:06Z,28.4586368,77.5056142,2.808,0.67333984375,0,28.458660540957037,77.50558620267749,
2026-01-14T05:58:07Z,28.4586368,77.5056142,2.808,0.62451171875,0,28.458657168320794,77.50559617988547,
2026-01-14T05:58:07Z,28.4586385,77.5056047,2.801,0.71630859375,0,28.45865320311028,77.50557725163978,
2026-01-14T05:58:08Z,28.4586385,77.5056047,2.801,0.67578125,0,28.45866218353108,77.50557677239685,
2026-01-14T05:58:08Z,28.4586385,77.5056047,2.801,0.63037109375,0,28.458658844078307,77.5055867393758,
2026-01-14T05:58:09Z,28.4586418,77.5055789,2.843,0.7080078125,0,28.458656734906054,77.5055510545576,
2026-01-14T05:58:09Z,28.4586418,77.5055789,2.843,0.66357421875,0,28.458665836615506,77.50555056020872,human_crops/human_1768370289.jpg
2026-01-14T05:58:10Z,28.4586418,77.5055789,2.843,0.64013671875,0,28.458662456923502,77.50556065570535,
2026-01-14T05:58:10Z,28.4586412,77.5055609,2.875,0.71435546875,0,28.45865631292328,77.50553274764339,
2026-01-14T05:58:10Z,28.4586412,77.5055609,2.875,0.67626953125,0,28.45866550381263,77.50553224008883,
2026-01-14T05:58:11Z,28.4586412,77.5055609,2.875,0.62841796875,0,28.458662074084128,77.5055424417164,
2026-01-14T05:58:11Z,28.4586457,77.5055617,2.892,0.712890625,0,28.458660877551218,77.50553336178685,
2026-01-14T05:58:12Z,28.4586457,77.5055617,2.892,0.70166015625,0,28.458670145004508,77.50553291202601,
2026-01-14T05:58:12Z,28.4586457,77.5055617,2.892,0.65576171875,0,28.458666711355452,77.50554313654725,
2026-01-14T05:58:13Z,28.4586443,77.5055604,2.862,0.712890625,0,28.45865933802308,77.50553235540615,
2026-01-14T05:58:13Z,28.4586443,77.5055604,2.862,0.68505859375,0,28.458668515565442,77.50553186408942,
2026-01-14T05:58:14Z,28.4586443,77.5055604,2.862,0.6259765625,0,28.45866509869518,77.50554202367955,
2026-01-14T05:58:14Z,28.4586434,77.5055434,2.887,0.7080078125,0,28.45865854044589,77.50551513574963,human_crops/human_1768370294.jpg
2026-01-14T05:58:15Z,28.4586434,77.5055434,2.887,0.666015625,0,28.458667816757032,77.50551459964086,
2026-01-14T05:58:15Z,28.4586434,77.5055434,2.887,0.63525390625,0,28.458664382461976,77.50552485757623,
2026-01-14T05:58:16Z,28.4586564,77.5055826,2.871,0.71435546875,0,28.458671468609086,77.50555449752977,
2026-01-14T05:58:16Z,28.4586564,77.5055826,2.871,0.6953125,0,28.45868066867224,77.505553948397,
2026-01-14T05:58:17Z,28.4586564,77.5055826,2.871,0.626953125,0,28.458677253728833,77.50556415034251,
2026-01-14T05:58:17Z,28.4586619,77.5056044,2.879,0.7099609375,0,28.45867699607155,77.50557620624271,
2026-01-14T05:58:18Z,28.4586619,77.5056044,2.879,0.693359375,0,28.45868623056264,77.50557570874422,
2026-01-14T05:58:18Z,28.4586619,77.5056044,2.879,0.63037109375,0,28.45868282287211,77.50558590171426,
2026-01-14T05:58:18Z,28.4586434,77.5055819,2.923,0.7080078125,0,28.458658758743045,77.50555324014499,
2026-01-14T05:58:19Z,28.4586434,77.5055819,2.923,0.70166015625,0,28.458668105372833,77.50555276559413,
2026-01-14T05:58:19Z,28.4586434,77.5055819,2.923,0.63134765625,0,28.458664645288074,77.5055631158004,human_crops/human_1768370299.jpg
2026-01-14T05:58:20Z,28.4586343,77.5055507,2.895,0.71630859375,0,28.45864949243925,77.50552235041702,
2026-01-14T05:58:20Z,28.4586343,77.5055507,2.895,0.68505859375,0,28.4586587966852,77.50552180841598,
2026-01-14T05:58:21Z,28.4586343,77.5055507,2.895,0.611328125,0,28.458655332529293,77.50553211130877,
2026-01-14T05:58:21Z,28.4586304,77.505562,2.863,0.666015625,0,28.45864540537679,77.50553410499761,
2026-01-14T06:00:14Z,28.4584619,77.5057615,3.031,0.5166015625,0,28.45847541238242,77.50572232912147,
2026-01-14T06:00:15Z,28.4584619,77.5057763,2.981,0.55810546875,0,28.45847518837498,77.50573774430408,
2026-01-14T06:00:18Z,28.4584883,77.5057854,2.949,0.68701171875,0,28.458503726304446,77.50575645470686,human_crops/human_1768370418.jpg
2026-01-14T06:00:18Z,28.4584883,77.5057854,2.949,0.58984375,0,28.458513166343717,77.50575591793871,
2026-01-14T06:00:19Z,28.4584883,77.5057854,2.949,0.5185546875,0,28.458509611264688,77.5057664126281,
2026-01-14T06:00:19Z,28.4585025,77.5057925,2.964,0.73046875,0,28.45851798391226,77.50576350132631,
2026-01-14T06:00:20Z,28.4585025,77.5057925,2.964,0.68505859375,0,28.45852747566701,77.50576291501183,
2026-01-14T06:00:20Z,28.4585025,77.5057925,2.964,0.6513671875,0,28.458523980768447,77.50577343198758,
2026-01-14T06:00:20Z,28.4585025,77.5057925,2.964,0.5615234375,0,28.45849852438215,77.50580111939286,
2026-01-14T06:00:21Z,28.4585041,77.5058018,2.931,0.73046875,0,28.45851941125379,77.50577312741554,
2026-01-14T06:00:21Z,28.4585041,77.5058018,2.931,0.68017578125,0,28.45852881007189,77.50577255453152,
2026-01-14T06:00:22Z,28.4585041,77.5058018,2.931,0.65869140625,0,28.458525342020923,77.50578294620526,
2026-01-14T06:00:22Z,28.4585041,77.5058018,2.931,0.56884765625,0,28.458500178781037,77.5058103435171,
2026-01-14T06:00:23Z,28.4585272,77.5058324,2.983,0.71630859375,0,28.458542815345442,77.50580312499949,human_crops/human_1768370423.jpg
2026-01-14T06:00:23Z,28.4585272,77.5058324,2.983,0.67431640625,0,28.458552367399584,77.50580257985705,
2026-01-14T06:00:24Z,28.4585272,77.5058324,2.983,0.65576171875,0,28.458548831360584,77.50581320721102,
2026-01-14T06:00:24Z,28.4585272,77.5058324,2.983,0.56591796875,0,28.458523211663177,77.50584110394745,
2026-01-14T06:00:25Z,28.4585274,77.5058407,3.006,0.7255859375,0,28.458543139408743,77.50581119299225,
2026-01-14T06:00:25Z,28.4585274,77.5058407,3.006,0.68701171875,0,28.45855274973586,77.50581068235446,
2026-01-14T06:00:26Z,28.4585274,77.5058407,3.006,0.65576171875,0,28.458549202925898,77.50582135388427,
2026-01-14T06:00:26Z,28.4585274,77.5058407,3.006,0.56884765625,0,28.458523381836258,77.50584947412621,
2026-01-14T06:00:27Z,28.4585203,77.5058376,2.938,0.72705078125,0,28.458535683597294,77.50580875849744,
2026-01-14T06:00:27Z,28.4585203,77.5058376,2.938,0.68505859375,0,28.458545076406246,77.50580826036719,
2026-01-14T06:00:27Z,28.4585203,77.5058376,2.938,0.65234375,0,28.458541609060408,77.50581869074121,
2026-01-14T06:00:28Z,28.4585203,77.5058376,2.938,0.544921875,0,28.458516373309436,77.50584616841402,
2026-01-14T06:00:28Z,28.4585347,77.5058637,2.942,0.72705078125,0,28.458550090976022,77.50583481608415,human_crops/human_1768370428.jpg
2026-01-14T06:00:29Z,28.4585347,77.5058637,2.942,0.6884765625,0,28.45855950852476,77.50583432632446,
2026-01-14T06:00:29Z,28.4585347,77.5058637,2.942,0.65478515625,0,28.458556036500692,77.50584476929285,
2026-01-14T06:00:30Z,28.4585347,77.5058637,2.942,0.57861328125,0,28.45853074371142,77.50587229389144,
2026-01-14T06:00:30Z,28.4585179,77.5058388,2.977,0.72412109375,0,28.458533457880716,77.50580962153255,
2026-01-14T06:00:31Z,28.4585179,77.5058388,2.977,0.68359375,0,28.45854299016989,77.50580908130911,
2026-01-14T06:00:31Z,28.4585179,77.5058388,2.977,0.65283203125,0,28.45853948924616,77.50581965322021,
2026-01-14T06:00:32Z,28.4585179,77.5058388,2.977,0.57666015625,0,28.458513901741316,77.50584747698598,
2026-01-14T06:00:32Z,28.4585338,77.5058364,2.988,0.71435546875,0,28.458549444597015,77.50580707977663,
2026-01-14T06:00:33Z,28.4585338,77.5058364,2.988,0.68017578125,0,28.458559024167986,77.50580654669147,
2026-01-14T06:00:33Z,28.4585338,77.5058364,2.988,0.6513671875,0,28.458555475054283,77.50581716193393,
2026-01-14T06:00:33Z,28.4585338,77.5058364,2.988,0.57568359375,0,28.4585297911132,77.50584513011131,
2026-01-14T06:00:34Z,28.4585682,77.5058681,3.002,0.73046875,0,28.45858388071806,77.5058387274916,human_crops/human_1768370434.jpg
2026-01-14T06:00:34Z,28.4585682,77.5058681,3.002,0.693359375,0,28.458593508448427,77.50583814494782,
2026-01-14T06:00:35Z,28.4585682,77.5058681,3.002,0.65576171875,0,28.458589964905737,77.5058487959313,
2026-01-14T06:00:35Z,28.4585682,77.5058681,3.002,0.55810546875,0,28.458564162967445,77.5058768488111,
2026-01-14T06:00:36Z,28.4585833,77.5058901,2.967,0.71826171875,0,28.45859884633616,77.50586100885793,
2026-01-14T06:00:36Z,28.4585833,77.5058901,2.967,0.6884765625,0,28.458608311459834,77.50586050888158,
2026-01-14T06:00:37Z,28.4585833,77.5058901,2.967,0.6572265625,0,28.458604808935846,77.50587103192524,
2026-01-14T06:00:37Z,28.4585833,77.5058901,2.967,0.5869140625,0,28.458579316727686,77.50589876182353,
2026-01-14T06:00:38Z,28.4585705,77.5058783,2.968,0.72900390625,0,28.45858600498318,77.50584923478125,
2026-01-14T06:00:38Z,28.4585705,77.5058783,2.968,0.6689453125,0,28.458595518867327,77.50584866443282,
2026-01-14T06:00:39Z,28.4585705,77.5058783,2.968,0.64892578125,0,28.458592012249028,77.50585923474087,
2026-01-14T06:00:39Z,28.4585705,77.5058783,2.968,0.56005859375,0,28.458566514842534,77.5058869641669,
2026-01-14T06:00:40Z,28.4585546,77.5058244,2.993,0.73046875,0,28.458570233991626,77.50579514343055,human_crops/human_1768370440.jpg
2026-01-14T06:00:40Z,28.4585546,77.5058244,2.993,0.67626953125,0,28.45857984560825,77.50579452804375,
2026-01-14T06:00:41Z,28.4585546,77.5058244,2.993,0.64599609375,0,28.458576296291568,77.50580517866227,
2026-01-14T06:00:41Z,28.4585546,77.5058244,2.993,0.5849609375,0,28.458550573439375,77.50583312184125,
2026-01-14T06:00:42Z,28.45854,77.5057989,3.042,0.755859375,0,28.45854954010478,77.50579963170837,
2026-01-14T06:00:42Z,28.45854,77.5057989,3.042,0.62451171875,0,28.458546489112127,77.50580446264557,
2026-01-14T06:00:42Z,28.4585329,77.5057933,3.039,0.8359375,0,28.45855226917464,77.5057673565853,
2026-01-14T06:00:43Z,28.4585329,77.5057933,3.039,0.77099609375,0,28.458544970750786,77.50576489968232,
2026-01-14T06:00:43Z,28.4585329,77.5057933,3.039,0.61767578125,0,28.4585431490731,77.50580068306883,
2026-01-14T06:00:44Z,28.4585329,77.5057933,3.039,0.60400390625,0,28.458549634052126,77.50576345477864,
2026-01-14T06:00:44Z,28.4585329,77.5057933,3.039,0.5498046875,0,28.458532969578798,77.50577423972717,
2026-01-14T06:00:45Z,28.4585329,77.5057933,3.039,0.54296875,0,28.45853567472774,77.5058106260272,
2026-01-14T06:00:45Z,28.4585329,77.5057933,3.039,0.521484375,0,28.4585350727582,77.50579160574193,
2026-01-14T06:00:46Z,28.4585381,77.5057812,3.011,0.75830078125,0,28.458537026721846,77.5057800287202,human_crops/human_1768370446.jpg
2026-01-14T06:00:46Z,28.4585381,77.5057812,3.011,0.75146484375,0,28.458547537581033,77.5057819106634,
2026-01-14T06:00:47Z,28.4585381,77.5057812,3.011,0.70654296875,0,28.458544537953347,77.5057866782705,
2026-01-14T06:00:47Z,28.4585381,77.5057812,3.011,0.61376953125,0,28.458537275288176,77.50576818751945,
2026-01-14T06:00:48Z,28.4585381,77.5057812,3.011,0.5537109375,0,28.458556867894554,77.50574764297646,
2026-01-14T06:00:48Z,28.4585381,77.5057812,3.011,0.5517578125,0,28.458531877479633,77.50578530836903,
2026-01-14T06:00:48Z,28.4585381,77.5057812,3.011,0.5107421875,0,28.458542802800693,77.5057746677072,
2026-01-14T06:00:49Z,28.4585656,77.5058039,3.052,0.759765625,0,28.458564512387547,77.5058027265795,
2026-01-14T06:00:49Z,28.4585656,77.5058039,3.052,0.75390625,0,28.45857516879448,77.50580461011107,
2026-01-14T06:00:50Z,28.4585656,77.5058039,3.052,0.69677734375,0,28.4585721275556,77.50580944217506,
2026-01-14T06:00:50Z,28.4585656,77.5058039,3.052,0.62841796875,0,28.458564767194456,77.50579069740212,
2026-01-14T06:00:51Z,28.4585656,77.5058039,3.052,0.57373046875,0,28.458584636379708,77.50576986127783,
2026-01-14T06:00:51Z,28.4585656,77.5058039,3.052,0.5537109375,0,28.45855929776774,77.50580804737174,
2026-01-14T06:00:52Z,28.4585656,77.5058039,3.052,0.515625,0,28.458570370157307,77.50579726756116,
2026-01-14T06:00:52Z,28.458566,77.5057888,3.001,0.76123046875,0,28.45857541098378,77.50578950156681,human_crops/human_1768370452.jpg
2026-01-14T06:00:53Z,28.458566,77.5057888,3.001,0.759765625,0,28.458564932583204,77.50578764821319,
2026-01-14T06:00:53Z,28.458566,77.5057888,3.001,0.69677734375,0,28.458572415561004,77.50579422449638,
2026-01-14T06:00:54Z,28.458566,77.5057888,3.001,0.6337890625,0,28.45856518427302,77.5057758204852,
2026-01-14T06:00:54Z,28.458566,77.5057888,3.001,0.58984375,0,28.458575819723507,77.50575788719298,
2026-01-14T06:00:54Z,28.458566,77.5057888,3.001,0.57861328125,0,28.458584722838665,77.50575533543947,
2026-01-14T06:00:55Z,28.458566,77.5057888,3.001,0.56689453125,0,28.458559802372,77.50579288459855,
2026-01-14T06:00:55Z,28.458566,77.5057888,3.001,0.56201171875,0,28.458570692958062,77.5057822811337,
2026-01-14T06:00:56Z,28.458566,77.5057888,3.001,0.5048828125,0,28.458570839342688,77.50578964078804,
2026-01-14T06:00:56Z,28.4585678,77.5058018,3.005,0.75732421875,0,28.458566728624927,77.50580065422022,
2026-01-14T06:00:57Z,28.4585678,77.5058018,3.005,0.755859375,0,28.458577221227934,77.50580250661245,
2026-01-14T06:00:57Z,28.4585678,77.5058018,3.005,0.6953125,0,28.45857423235207,77.50580725485646,human_crops/human_1768370457.jpg
2026-01-14T06:00:58Z,28.4585678,77.5058018,3.005,0.61865234375,0,28.4585669777497,77.50578881189348,
2026-01-14T06:00:58Z,28.4585678,77.5058018,3.005,0.56787109375,0,28.45858653125597,77.50576830243416,
2026-01-14T06:00:59Z,28.4585678,77.5058018,3.005,0.55078125,0,28.45856159030042,77.50580590463028,
2026-01-14T06:00:59Z,28.4585678,77.5058018,3.005,0.5205078125,0,28.45857249502034,77.50579527852638,
2026-01-14T06:01:00Z,28.4585959,77.5058294,2.988,0.75732421875,0,28.458594848549982,77.50582825187068,
2026-01-14T06:01:00Z,28.4585959,77.5058294,2.988,0.755859375,0,28.458605278490715,77.50583010372875,
2026-01-14T06:01:00Z,28.4585959,77.5058294,2.988,0.70166015625,0,28.458602306084376,77.50583482562716,
2026-01-14T06:01:01Z,28.4585959,77.5058294,2.988,0.64599609375,0,28.45859509145558,77.50581648713855,
2026-01-14T06:01:01Z,28.4585959,77.5058294,2.988,0.59912109375,0,28.458614554897668,77.50579604602486,
2026-01-14T06:01:02Z,28.4585959,77.5058294,2.988,0.5810546875,0,28.458600577907703,77.50582291627985,
2026-01-14T06:01:02Z,28.4585959,77.5058294,2.988,0.5615234375,0,28.458589737649408,77.5058334775429,
2026-01-14T06:01:03Z,28.4585794,77.5058156,2.997,0.75830078125,0,28.458578339318663,77.50581445417937,human_crops/human_1768370463.jpg
2026-01-14T06:01:03Z,28.4585794,77.5058156,2.997,0.7529296875,0,28.45858880517356,77.50581629991721,
2026-01-14T06:01:04Z,28.4585794,77.5058156,2.997,0.69189453125,0,28.458585819792987,77.50582104650327,
2026-01-14T06:01:04Z,28.4585794,77.5058156,2.997,0.6337890625,0,28.458578586184984,77.5058026428565,
2026-01-14T06:01:05Z,28.4585794,77.5058156,2.997,0.57568359375,0,28.458598135070226,77.50578214964824,
2026-01-14T06:01:05Z,28.4585794,77.5058156,2.997,0.5634765625,0,28.458573213600054,77.5058196963031,
2026-01-14T06:01:05Z,28.4585794,77.5058156,2.997,0.5087890625,0,28.458584089995984,77.50580909132239,
2026-01-14T06:01:06Z,28.4585794,77.5058156,2.997,0.5009765625,0,28.458593485174717,77.50578332325944,
2026-01-14T06:01:06Z,28.458539,77.5057599,2.912,0.75732421875,0,28.458548139586437,77.50576057133277,
2026-01-14T06:01:07Z,28.458539,77.5057599,2.912,0.75732421875,0,28.458537970119846,77.50575878059257,
2026-01-14T06:01:07Z,28.458539,77.5057599,2.912,0.68701171875,0,28.4585452482335,77.50576516394867,
2026-01-14T06:01:08Z,28.458539,77.5057599,2.912,0.62255859375,0,28.45853820759925,77.505747303085,human_crops/human_1768370468.jpg
2026-01-14T06:01:08Z,28.458539,77.5057599,2.912,0.5927734375,0,28.458543556886358,77.50575356805528,
2026-01-14T06:01:09Z,28.458539,77.5057599,2.912,0.59033203125,0,28.458557177041385,77.50572736373626,
2026-01-14T06:01:09Z,28.458539,77.5057599,2.912,0.5576171875,0,28.458532995435384,77.5057638651697,
2026-01-14T06:01:10Z,28.4585256,77.5057277,2.866,0.6884765625,0,28.458524559103488,77.50572660751031,
2026-01-14T06:01:10Z,28.4585256,77.5057277,2.866,0.5302734375,0,28.458519684479356,77.50573156282977,
2026-01-14T06:01:11Z,28.4585256,77.5057277,2.866,0.5234375,0,28.45853172212784,77.5057328527289,
2026-01-14T06:01:11Z,28.4585198,77.5057074,2.889,0.76123046875,0,28.45851877819894,77.50570626798881,
2026-01-14T06:01:12Z,28.4585198,77.5057074,2.889,0.759765625,0,28.45852885751978,77.50570806491977,
2026-01-14T06:01:12Z,28.4585198,77.5057074,2.889,0.6884765625,0,28.458525985021453,77.50571263060041,
2026-01-14T06:01:12Z,28.4585198,77.5057074,2.889,0.640625,0,28.45851899693916,77.50569492032972,
2026-01-14T06:01:13Z,28.4585198,77.5057074,2.889,0.583984375,0,28.458537852640013,77.50567509460521,
2026-01-14T06:01:13Z,28.4585198,77.5057074,2.889,0.55517578125,0,28.458513835680975,77.50571132726395,
2026-01-14T06:01:14Z,28.4585198,77.5057074,2.889,0.55224609375,0,28.458524312186416,77.50570111707745,
2026-01-14T06:01:14Z,28.4585198,77.5057074,2.889,0.50390625,0,28.458533366514562,77.5056762719671,
2026-01-14T06:01:15Z,28.458546,77.5056914,2.892,0.76123046875,0,28.458555070853368,77.50569206613302,human_crops/human_1768370475.jpg
2026-01-14T06:01:15Z,28.458546,77.5056914,2.892,0.75830078125,0,28.458544972459663,77.50569028339616,
2026-01-14T06:01:16Z,28.458546,77.5056914,2.892,0.68017578125,0,28.458552198044906,77.50569662564034,
2026-01-14T06:01:16Z,28.458546,77.5056914,2.892,0.61767578125,0,28.458545212043386,77.50567888396495,
2026-01-14T06:01:17Z,28.458546,77.5056914,2.892,0.58984375,0,28.458564100859917,77.50565906576706,
2026-01-14T06:01:17Z,28.458546,77.5056914,2.892,0.5576171875,0,28.458540036696697,77.505695334742,
2026-01-14T06:01:18Z,28.458546,77.5056914,2.892,0.525390625,0,28.458550522573855,77.50568510906614,
2026-01-14T06:01:18Z,28.458546,77.5056914,2.892,0.513671875,0,28.458550665187577,77.50569220173823,
2026-01-14T06:01:19Z,28.4585683,77.5056848,2.866,0.759765625,0,28.45857730273772,77.50568546785608,
2026-01-14T06:01:19Z,28.4585683,77.5056848,2.866,0.759765625,0,28.458567282199386,77.50568369428453,
2026-01-14T06:01:19Z,28.4585683,77.5056848,2.866,0.68994140625,0,28.458574438816267,77.50568998906853,
2026-01-14T06:01:20Z,28.4585683,77.5056848,2.866,0.640625,0,28.45856751926521,77.50567239747545,human_crops/human_1768370480.jpg
2026-01-14T06:01:20Z,28.4585683,77.5056848,2.866,0.57177734375,0,28.458586195170742,77.50565278062275,
2026-01-14T06:01:21Z,28.4585683,77.5056848,2.866,0.5537109375,0,28.45856238447603,77.50568869675895,
2026-01-14T06:01:21Z,28.4585683,77.5056848,2.866,0.5498046875,0,28.45857279079491,77.50567854667929,
2026-01-14T06:01:22Z,28.4585703,77.5056765,2.916,0.76123046875,0,28.458579443449295,77.5056771784999,
2026-01-14T06:01:22Z,28.4585703,77.5056765,2.916,0.75830078125,0,28.458569265908352,77.50567537085064,
2026-01-14T06:01:23Z,28.4585703,77.5056765,2.916,0.693359375,0,28.458576538416278,77.50568179588913,
2026-01-14T06:01:23Z,28.4585703,77.5056765,2.916,0.64013671875,0,28.458569503286594,77.50566388798703,
2026-01-14T06:01:24Z,28.4585703,77.5056765,2.916,0.56494140625,0,28.458588517541518,77.50564389940577,
2026-01-14T06:01:24Z,28.4585703,77.5056765,2.916,0.556640625,0,28.458564277815224,77.50568047052452,
2026-01-14T06:01:24Z,28.4585703,77.5056765,2.916,0.54296875,0,28.458574857455016,77.50567016405891,
2026-01-14T06:01:25Z,28.4585703,77.5056765,2.916,0.5126953125,0,28.458575001420037,77.5056773151796,
2026-01-14T06:01:25Z,28.4585763,77.5056602,2.946,0.76318359375,0,28.458585542420053,77.50566089729371,human_crops/human_1768370485.jpg
2026-01-14T06:01:26Z,28.4585763,77.5056602,2.946,0.759765625,0,28.458575243787262,77.50565907120647,
2026-01-14T06:01:26Z,28.4585763,77.5056602,2.946,0.68701171875,0,28.458582602786528,77.50566553359054,
2026-01-14T06:01:27Z,28.4585763,77.5056602,2.946,0.64990234375,0,28.458575490253125,77.50564746044573,
2026-01-14T06:01:27Z,28.4585763,77.5056602,2.946,0.59375,0,28.458580898003255,77.50565380253236,
2026-01-14T06:01:28Z,28.4585763,77.5056602,2.946,0.56689453125,0,28.45859468169683,77.50562731902232,
2026-01-14T06:01:28Z,28.4585763,77.5056602,2.946,0.5537109375,0,28.458570211861673,77.50566420216411,
2026-01-14T06:01:29Z,28.4585763,77.5056602,2.946,0.501953125,0,28.458581055371354,77.50566103432726,
2026-01-14T06:01:29Z,28.4585945,77.5056564,2.961,0.759765625,0,28.458603782925184,77.50565709655866,
2026-01-14T06:01:30Z,28.4585945,77.5056564,2.961,0.75732421875,0,28.458593432986905,77.50565525821311,
2026-01-14T06:01:30Z,28.4585945,77.5056564,2.961,0.68701171875,0,28.45860082302509,77.50566176530971,
2026-01-14T06:01:30Z,28.4585945,77.5056564,2.961,0.650390625,0,28.45859367434798,77.50564360732973,human_crops/human_1768370490.jpg
2026-01-14T06:01:31Z,28.4585945,77.5056564,2.961,0.60595703125,0,28.458604179794108,77.5056258969148,
2026-01-14T06:01:31Z,28.4585945,77.5056564,2.961,0.57568359375,0,28.45861299629803,77.50562330689365,
2026-01-14T06:01:32Z,28.4585945,77.5056564,2.961,0.56396484375,0,28.458588369707332,77.50566042412588,
2026-01-14T06:01:32Z,28.4585945,77.5056564,2.961,0.53515625,0,28.45859911724901,77.50564996430158,
2026-01-14T06:01:33Z,28.4585776,77.5056885,2.979,0.76416015625,0,28.45857653028953,77.50568734408908,
2026-01-14T06:01:33Z,28.4585776,77.5056885,2.979,0.76318359375,0,28.458586943397144,77.50568919475421,
2026-01-14T06:01:34Z,28.4585776,77.5056885,2.979,0.6953125,0,28.458583964662914,77.5056938914936,
2026-01-14T06:01:34Z,28.4585776,77.5056885,2.979,0.6416015625,0,28.458576789689612,77.50567560470164,
2026-01-14T06:01:35Z,28.4585776,77.5056885,2.979,0.55419921875,0,28.458571436191566,77.50569254061156,
2026-01-14T06:01:35Z,28.4585776,77.5056885,2.979,0.546875,0,28.458582249890167,77.50568201813493,
2026-01-14T06:01:36Z,28.4585776,77.5056885,2.979,0.509765625,0,28.458582392896275,77.50568932393243,
2026-01-14T06:02:05Z,28.4585732,77.5056545,3.12,0.67138671875,0,28.458577991497272,77.5056323416248,human_crops/human_1768370525.jpg
2026-01-14T06:02:06Z,28.4585746,77.5056447,3.112,0.794921875,0,28.45857950729104,77.50562145357823,
2026-01-14T06:02:06Z,28.4585746,77.5056447,3.112,0.6298828125,0,28.458572965580984,77.5056475917768,
2026-01-14T06:02:07Z,28.4585752,77.5056635,3.139,0.78369140625,0,28.458585105069417,77.50566436780447,
2026-01-14T06:02:07Z,28.4585752,77.5056635,3.139,0.759765625,0,28.458582052080423,77.50566938125257,
2026-01-14T06:02:08Z,28.4585752,77.5056635,3.139,0.73193359375,0,28.458574110707207,77.50566264000271,
2026-01-14T06:02:08Z,28.4585752,77.5056635,3.139,0.63623046875,0,28.4585740933429,77.50565043703648,
2026-01-14T06:02:09Z,28.4585752,77.5056635,3.139,0.56201171875,0,28.458580050434154,77.50565691866308,
2026-01-14T06:02:09Z,28.4585752,77.5056635,3.139,0.546875,0,28.458568806817006,77.50566823787715,
2026-01-14T06:02:10Z,28.4585414,77.5056723,3.123,0.759765625,0,28.458551260459554,77.50567315927748,
2026-01-14T06:02:10Z,28.4585414,77.5056723,3.123,0.7529296875,0,28.458548221946383,77.50567814675173,
2026-01-14T06:02:11Z,28.4585414,77.5056723,3.123,0.71826171875,0,28.458540321720932,77.50567143862078,human_crops/human_1768370531.jpg
2026-01-14T06:02:11Z,28.4585414,77.5056723,3.123,0.64697265625,0,28.45854030575389,77.50565929702061,
2026-01-14T06:02:11Z,28.4585414,77.5056723,3.123,0.60595703125,0,28.458546236856012,77.5056657761868,
2026-01-14T06:02:12Z,28.4585414,77.5056723,3.123,0.5146484375,0,28.45853504466911,77.50567700685457,
2026-01-14T06:02:12Z,28.4585422,77.5056765,3.162,0.7724609375,0,28.458552186642503,77.50567736972242,
2026-01-14T06:02:13Z,28.4585422,77.5056765,3.162,0.75390625,0,28.45854910948546,77.50568241916974,
2026-01-14T06:02:13Z,28.4585422,77.5056765,3.162,0.73046875,0,28.45854111113399,77.50567562621207,
2026-01-14T06:02:14Z,28.4585422,77.5056765,3.162,0.64892578125,0,28.458541096096837,77.50566333278118,
2026-01-14T06:02:14Z,28.4585422,77.5056765,3.162,0.56884765625,0,28.45854711023427,77.50566987201209,
2026-01-14T06:02:15Z,28.458525,77.5056601,3.082,0.76318359375,0,28.45853473865585,77.50566093766399,
2026-01-14T06:02:15Z,28.458525,77.5056601,3.082,0.7529296875,0,28.458531729372442,77.50566587980384,
2026-01-14T06:02:16Z,28.458525,77.5056601,3.082,0.71435546875,0,28.458523932072392,77.505659242712,human_crops/human_1768370536.jpg
2026-01-14T06:02:16Z,28.458525,77.5056601,3.082,0.6103515625,0,28.458523926186906,77.50564726401198,
2026-01-14T06:02:17Z,28.458525,77.5056601,3.082,0.5791015625,0,28.458529778062868,77.50565366017587,
2026-01-14T06:02:17Z,28.458525,77.5056601,3.082,0.5087890625,0,28.45851873479726,77.5056647293262,
2026-01-14T06:02:18Z,28.4585226,77.5057094,3.143,0.76708984375,0,28.45853252220821,77.50571026768968,
2026-01-14T06:02:18Z,28.4585226,77.5057094,3.143,0.7529296875,0,28.45852946124719,77.50571528463783,
2026-01-14T06:02:18Z,28.4585226,77.5057094,3.143,0.71630859375,0,28.458521514546668,77.50570852779178,
2026-01-14T06:02:19Z,28.4585226,77.5057094,3.143,0.64013671875,0,28.458521491298075,77.50569629955363,
2026-01-14T06:02:19Z,28.4585226,77.5057094,3.143,0.55224609375,0,28.458527470976353,77.50570283339461,
2026-01-14T06:02:20Z,28.4585226,77.5057094,3.143,0.529296875,0,28.45851620531429,77.50571411682047,
2026-01-14T06:02:20Z,28.458509,77.5056698,3.152,0.76123046875,0,28.45851894410993,77.50567067386439,
2026-01-14T06:02:21Z,28.458509,77.5056698,3.152,0.74853515625,0,28.45851588831457,77.505675712518,human_crops/human_1768370541.jpg
2026-01-14T06:02:21Z,28.458509,77.5056698,3.152,0.72265625,0,28.45850791530662,77.50566890563262,
2026-01-14T06:02:22Z,28.458509,77.5056698,3.152,0.65234375,0,28.458507898291703,77.50565667240251,
2026-01-14T06:02:22Z,28.458509,77.5056698,3.152,0.541015625,0,28.458513879795827,77.50566321784284,
2026-01-14T06:02:23Z,28.458509,77.5056698,3.152,0.5107421875,0,28.45850256126756,77.50567453450181,
2026-01-14T06:02:23Z,28.4585255,77.505681,3.138,0.75732421875,0,28.458535399518077,77.5056818762054,
2026-01-14T06:02:24Z,28.4585255,77.505681,3.138,0.755859375,0,28.45853234353818,77.50568688477892,
2026-01-14T06:02:24Z,28.4585255,77.505681,3.138,0.72705078125,0,28.458524396074523,77.50568012955277,
2026-01-14T06:02:24Z,28.4585255,77.505681,3.138,0.65869140625,0,28.4585244026298,77.50566793821437,
2026-01-14T06:02:25Z,28.4585255,77.505681,3.138,0.525390625,0,28.458530357368577,77.50567445368824,
2026-01-14T06:02:25Z,28.4585255,77.505681,3.138,0.5068359375,0,28.45851909403926,77.5056857093738,
2026-01-14T06:02:26Z,28.458543,77.5057319,3.168,0.76416015625,0,28.458552999263144,77.50573277832935,human_crops/human_1768370546.jpg
2026-01-14T06:02:26Z,28.458543,77.5057319,3.168,0.74853515625,0,28.45854991373392,77.50573783488616,
2026-01-14T06:02:27Z,28.458543,77.5057319,3.168,0.71826171875,0,28.458541897213127,77.50573101939408,
2026-01-14T06:02:27Z,28.458543,77.5057319,3.168,0.63427734375,0,28.458541896254918,77.5057187065439,
2026-01-14T06:02:28Z,28.458543,77.5057319,3.168,0.505859375,0,28.458536533113552,77.50573665931438,
2026-01-14T06:02:28Z,28.4585394,77.5057292,3.186,0.75390625,0,28.458549458303594,77.50573007961304,
2026-01-14T06:02:29Z,28.4585394,77.5057292,3.186,0.75146484375,0,28.45854635966915,77.5057351538851,
2026-01-14T06:02:29Z,28.4585394,77.5057292,3.186,0.71142578125,0,28.4585383025633,77.5057282885959,
2026-01-14T06:02:30Z,28.4585394,77.5057292,3.186,0.61962890625,0,28.45853828496101,77.50571592291458,
2026-01-14T06:02:30Z,28.4585394,77.5057292,3.186,0.54296875,0,28.458544338693905,77.50572254290579,
2026-01-14T06:02:31Z,28.4584549,77.5053897,3.239,0.59912109375,0,28.45846513304877,77.50539057291724,
2026-01-14T06:04:58Z,28.458579,77.5058632,4.066,0.583984375,0,28.458588418145347,77.50587676387086,
2026-01-14T06:04:59Z,28.4585862,77.5058647,4.076,0.802734375,0,28.45858343731569,77.50588248677121,human_crops/human_1768370699.jpg
2026-01-14T06:04:59Z,28.4585862,77.5058647,4.076,0.75390625,0,28.45859798271704,77.50587404685989,
2026-01-14T06:05:00Z,28.4585862,77.5058647,4.076,0.7138671875,0,28.458591241917336,77.50584558429968,
2026-01-14T06:05:00Z,28.4585862,77.5058647,4.076,0.6162109375,0,28.458589410434755,77.50587822188793,
2026-01-14T06:05:01Z,28.4585826,77.5058587,4.112,0.81005859375,0,28.458589646081435,77.50585452997065,
2026-01-14T06:05:01Z,28.4585831,77.5058557,4.119,0.8037109375,0,28.4585882811211,77.50583644204845,
2026-01-14T06:05:02Z,28.4585831,77.5058557,4.119,0.78515625,0,28.458580316600973,77.50587358772223,
2026-01-14T06:05:02Z,28.4585831,77.5058557,4.119,0.712890625,0,28.45859496206157,77.50586523515967,
2026-01-14T06:05:02Z,28.4585831,77.5058557,4.119,0.6884765625,0,28.45858633961049,77.50586952114818,
2026-01-14T06:05:03Z,28.4585789,77.5058202,4.141,0.78173828125,0,28.45858411387187,77.5058008498648,
2026-01-14T06:05:03Z,28.4585789,77.5058202,4.141,0.76123046875,0,28.458576092780284,77.50583818691119,
2026-01-14T06:05:04Z,28.4585789,77.5058202,4.141,0.703125,0,28.458590854106607,77.50582970599079,human_crops/human_1768370704.jpg
2026-01-14T06:05:04Z,28.4585789,77.5058202,4.141,0.681640625,0,28.458582130009855,77.50583408850612,
2026-01-14T06:05:05Z,28.4585789,77.5058202,4.141,0.625,0,28.458586896271797,77.50579215003388,
2026-01-14T06:05:05Z,28.4585613,77.5057898,4.157,0.78515625,0,28.458566503991438,77.50577036085936,
2026-01-14T06:05:06Z,28.4585613,77.5057898,4.157,0.78173828125,0,28.458558522049206,77.50580787230737,
2026-01-14T06:05:06Z,28.4585613,77.5057898,4.157,0.7392578125,0,28.45857326239466,77.50579942916175,
2026-01-14T06:05:07Z,28.4585613,77.5057898,4.157,0.69873046875,0,28.458564563628514,77.50580374712237,
2026-01-14T06:05:07Z,28.4585613,77.5057898,4.157,0.62451171875,0,28.458569303026316,77.50576166669703,
2026-01-14T06:05:08Z,28.4585666,77.5057849,4.168,0.7724609375,0,28.45856377972327,77.50580299571476,
2026-01-14T06:05:08Z,28.4585666,77.5057849,4.168,0.7724609375,0,28.458571823286103,77.50576540656711,
2026-01-14T06:05:09Z,28.4585666,77.5057849,4.168,0.73681640625,0,28.45857859135576,77.50579456768523,
2026-01-14T06:05:09Z,28.4585666,77.5057849,4.168,0.6953125,0,28.45856987829011,77.50579887450259,human_crops/human_1768370709.jpg
2026-01-14T06:05:09Z,28.4585666,77.5057849,4.168,0.60498046875,0,28.45857463062032,77.50575668872808,
2026-01-14T06:05:10Z,28.4585828,77.5057582,4.193,0.77880859375,0,28.458579957058003,77.50577640536605,
2026-01-14T06:05:10Z,28.4585828,77.5057582,4.193,0.7646484375,0,28.458588056400018,77.50573858038388,
2026-01-14T06:05:11Z,28.4585828,77.5057582,4.193,0.72412109375,0,28.458594868320457,77.50576790393566,
2026-01-14T06:05:11Z,28.4585828,77.5057582,4.193,0.68701171875,0,28.458586055885682,77.50577223574192,
2026-01-14T06:05:12Z,28.4585828,77.5057582,4.193,0.59814453125,0,28.458590903592427,77.50572978558017,
2026-01-14T06:05:12Z,28.4585691,77.505735,4.215,0.7724609375,0,28.45857439599078,77.50571527969967,
2026-01-14T06:05:13Z,28.4585691,77.505735,4.215,0.771484375,0,28.45856624625873,77.50575329835772,
2026-01-14T06:05:13Z,28.4585691,77.505735,4.215,0.71826171875,0,28.45858127302645,77.50574466556381,
2026-01-14T06:05:14Z,28.4585691,77.505735,4.215,0.666015625,0,28.458572376791007,77.50574910688782,
2026-01-14T06:05:14Z,28.4585691,77.505735,4.215,0.61962890625,0,28.458577226517697,77.50570645557644,human_crops/human_1768370714.jpg
2026-01-14T06:05:15Z,28.4585299,77.5055809,4.204,0.7919921875,0,28.458527077390443,77.50559914649139,
2026-01-14T06:05:15Z,28.4585299,77.5055809,4.204,0.771484375,0,28.458535189389718,77.50556124047903,
2026-01-14T06:05:16Z,28.4585299,77.5055809,4.204,0.71630859375,0,28.458541907266476,77.50559084584354,
2026-01-14T06:05:16Z,28.4585299,77.5055809,4.204,0.68994140625,0,28.458533200001288,77.50559500177661,
2026-01-14T06:05:16Z,28.4585299,77.5055809,4.204,0.62060546875,0,28.458538015586008,77.50555240640462,
2026-01-14T06:05:17Z,28.458535,77.5055588,4.213,0.7705078125,0,28.45854027394135,77.50553911872457,
2026-01-14T06:05:17Z,28.458535,77.5055588,4.213,0.767578125,0,28.45853215271461,77.50557708032456,
2026-01-14T06:05:18Z,28.458535,77.5055588,4.213,0.734375,0,28.45854714863726,77.50556851086343,
2026-01-14T06:05:18Z,28.458535,77.5055588,4.213,0.6884765625,0,28.458538293653678,77.5055729165258,
2026-01-14T06:05:19Z,28.458535,77.5055588,4.213,0.62255859375,0,28.458543125740785,77.50553027688355,
2026-01-14T06:05:19Z,28.4585259,77.5055656,4.201,0.787109375,0,28.45852309820978,77.5055838596217,human_crops/human_1768370719.jpg
2026-01-14T06:05:20Z,28.4585259,77.5055656,4.201,0.771484375,0,28.45853119507562,77.50554595622658,
2026-01-14T06:05:20Z,28.4585259,77.5055656,4.201,0.7099609375,0,28.458538024894786,77.5055752689636,
2026-01-14T06:05:21Z,28.4585259,77.5055656,4.201,0.68994140625,0,28.45852921049188,77.50557967943689,
2026-01-14T06:05:21Z,28.4585259,77.5055656,4.201,0.62255859375,0,28.458534020127143,77.50553712840795,
2026-01-14T06:05:22Z,28.4585069,77.505493,4.199,0.77587890625,0,28.45850406526338,77.50551123748657,
2026-01-14T06:05:22Z,28.4585069,77.505493,4.199,0.759765625,0,28.458512175737308,77.50547338443458,
2026-01-14T06:05:23Z,28.4585069,77.505493,4.199,0.712890625,0,28.45851903965101,77.50550263188582,
2026-01-14T06:05:23Z,28.4585069,77.505493,4.199,0.68505859375,0,28.458510194798983,77.50550706617936,
2026-01-14T06:05:23Z,28.4585069,77.505493,4.199,0.59912109375,0,28.45851500846141,77.50546456458659,
2026-01-14T06:05:24Z,28.4585127,77.5054837,4.201,0.77685546875,0,28.45851800498498,77.50546404671697,
2026-01-14T06:05:24Z,28.4585127,77.5054837,4.201,0.7724609375,0,28.4585098774619,77.5055019235222,human_crops/human_1768370724.jpg
2026-01-14T06:05:25Z,28.4585127,77.5054837,4.201,0.69677734375,0,28.458516020637013,77.50549777934833,
2026-01-14T06:05:25Z,28.4585127,77.5054837,4.201,0.69189453125,0,28.458524875936966,77.50549327494727,
2026-01-14T06:05:26Z,28.4585127,77.5054837,4.201,0.61669921875,0,28.45852081723628,77.50545524449092,
2026-01-14T06:05:39Z,28.4585322,77.5053414,4.206,0.63671875,0,28.458535435406525,77.50535567060284,human_crops/human_1768370739.jpg
2026-01-14T06:05:39Z,28.4585271,77.5053325,4.197,0.77685546875,0,28.45853234197825,77.50531292854555,
2026-01-14T06:05:40Z,28.4585271,77.5053325,4.197,0.77001953125,0,28.458524280847474,77.50535073122461,
2026-01-14T06:05:40Z,28.4585271,77.5053325,4.197,0.69189453125,0,28.458539097204007,77.50534242413065,
2026-01-14T06:05:41Z,28.4585271,77.5053325,4.197,0.6884765625,0,28.45853039404749,77.50534659387093,
2026-01-14T06:05:41Z,28.4585271,77.5053325,4.197,0.59765625,0,28.458535195304563,77.50530409292142,
2026-01-14T06:05:42Z,28.4585328,77.505283,4.171,0.77685546875,0,28.45854062778057,77.50526334516472,
2026-01-14T06:05:42Z,28.4585328,77.505283,4.171,0.7431640625,0,28.458531717372292,77.50530114047312,
2026-01-14T06:05:43Z,28.4585328,77.505283,4.171,0.7099609375,0,28.458546903357462,77.50529242712527,
2026-01-14T06:05:43Z,28.4585328,77.505283,4.171,0.703125,0,28.45853811897519,77.50529674762073,
2026-01-14T06:05:44Z,28.4585328,77.505283,4.171,0.513671875,0,28.4585459880997,77.50527795427628,
2026-01-14T06:05:44Z,28.4584955,77.5052751,4.205,0.72021484375,0,28.45850603571036,77.50525264544908,human_crops/human_1768370744.jpg
2026-01-14T06:05:44Z,28.4584955,77.5052751,4.205,0.60400390625,0,28.4585024315242,77.50528701975831,
2026-01-14T06:05:45Z,28.4584955,77.5052751,4.205,0.60400390625,0,28.458511389929413,77.50528279410464,
2026-01-14T06:05:45Z,28.4584955,77.5052751,4.205,0.5234375,0,28.45850921038809,77.50524393245836,
2026-01-14T06:05:46Z,28.4584983,77.5053057,4.185,0.71142578125,0,28.45850878703144,77.50528334994279,
2026-01-14T06:05:46Z,28.4584983,77.5053057,4.185,0.6259765625,0,28.45851409806706,77.50531338514176,
2026-01-14T06:05:47Z,28.4584983,77.5053057,4.185,0.60791015625,0,28.458505188193016,77.50531757467147,
2026-01-14T06:05:47Z,28.4584983,77.5053057,4.185,0.517578125,0,28.458511948141407,77.50527467835448,
2026-01-14T06:05:48Z,28.4584845,77.5052729,4.206,0.71435546875,0,28.458495043941458,77.50525043254405,
2026-01-14T06:05:48Z,28.4584845,77.5052729,4.206,0.60107421875,0,28.458500384583413,77.50528055251206,
2026-01-14T06:05:49Z,28.4584845,77.5052729,4.206,0.5927734375,0,28.458491423336124,77.50528482994224,
2026-01-14T06:05:49Z,28.4584845,77.5052729,4.206,0.5146484375,0,28.458498253450696,77.50524169872487,
2026-01-14T06:05:50Z,28.4584808,77.5052794,4.243,0.73095703125,0,28.458491439953814,77.50525674508907,human_crops/human_1768370750.jpg
2026-01-14T06:05:50Z,28.4584808,77.5052794,4.243,0.59619140625,0,28.458496800882997,77.50528718740469,
2026-01-14T06:05:51Z,28.4584808,77.5052794,4.243,0.56787109375,0,28.458487747028823,77.50529142211542,
2026-01-14T06:05:51Z,28.4584808,77.5052794,4.243,0.51171875,0,28.458494646433202,77.50524795420566,
2026-01-14T06:05:51Z,28.4584737,77.5053185,4.244,0.75146484375,0,28.45848434587987,77.50529584294854,
2026-01-14T06:05:52Z,28.4584737,77.5053185,4.244,0.6162109375,0,28.45848971993793,77.50532619593919,
2026-01-14T06:05:52Z,28.4584737,77.5053185,4.244,0.56884765625,0,28.458480679311222,77.50533055551821,
2026-01-14T06:05:53Z,28.4584737,77.5053185,4.244,0.5048828125,0,28.458489468158263,77.50532677566582,
2026-01-14T06:05:53Z,28.4584726,77.5053039,4.241,0.68994140625,0,28.458483240715882,77.50528126229726,
2026-01-14T06:05:54Z,28.4584726,77.5053039,4.241,0.65380859375,0,28.4584885380768,77.50531164527915,
2026-01-14T06:05:54Z,28.4584726,77.5053039,4.241,0.59619140625,0,28.45848648004527,77.50527245979728,
2026-01-14T06:05:55Z,28.4584855,77.5052867,4.237,0.78173828125,0,28.458497374397957,77.5052801048384,human_crops/human_1768370755.jpg
2026-01-14T06:05:55Z,28.4584789,77.5052708,4.241,0.76708984375,0,28.458490788812085,77.50526419835246,
2026-01-14T06:05:56Z,28.4584832,77.5052642,4.217,0.66552734375,0,28.458495021165422,77.50525763499809,
2026-01-14T06:05:56Z,28.4584826,77.5052515,4.196,0.80517578125,0,28.45849310483196,77.50522916618858,
2026-01-14T06:05:57Z,28.458483,77.5052456,4.217,0.76416015625,0,28.458493585115235,77.50522310006603,
2026-01-14T06:05:57Z,28.458483,77.5052456,4.217,0.6591796875,0,28.45849871402975,77.50525373538444,
2026-01-14T06:05:58Z,28.458483,77.5052456,4.217,0.57470703125,0,28.458489951635805,77.50525755369887,
2026-01-14T06:05:58Z,28.458483,77.5052114,4.256,0.73779296875,0,28.458493684443187,77.50518870058632,
2026-01-14T06:05:59Z,28.458483,77.5052114,4.256,0.60205078125,0,28.458499042836607,77.50521919694502,
2026-01-14T06:05:59Z,28.458483,77.5052114,4.256,0.56005859375,0,28.458489987109296,77.50522348253746,
2026-01-14T06:06:00Z,28.4584876,77.505186,4.306,0.73779296875,0,28.458498406061793,77.50516303696426,
2026-01-14T06:06:00Z,28.4584876,77.505186,4.306,0.65478515625,0,28.458503643303118,77.50519437159336,human_crops/human_1768370760.jpg
2026-01-14T06:06:01Z,28.4584876,77.505186,4.306,0.609375,0,28.458494663672273,77.50519823400359,
2026-01-14T06:06:01Z,28.4584876,77.505186,4.306,0.5888671875,0,28.458503841250494,77.50519375071012,
2026-01-14T06:06:02Z,28.4585077,77.5052178,4.287,0.7451171875,0,28.458518465614468,77.5051949474898,
2026-01-14T06:06:02Z,28.4585077,77.5052178,4.287,0.6611328125,0,28.45852367394333,77.50522621352032,
2026-01-14T06:06:02Z,28.4585077,77.5052178,4.287,0.60107421875,0,28.458523851997004,77.50522569399863,
2026-01-14T06:06:03Z,28.4585077,77.5052178,4.287,0.583984375,0,28.458514706909888,77.50523000752325,
2026-01-14T06:06:03Z,28.458487,77.5051555,4.301,0.74755859375,0,28.45849780527452,77.50513256871577,
2026-01-14T06:06:04Z,28.458487,77.5051555,4.301,0.62060546875,0,28.458503028822705,77.5051638287387,
2026-01-14T06:06:04Z,28.458487,77.5051555,4.301,0.5859375,0,28.458494048170664,77.50516770744585,
2026-01-14T06:06:05Z,28.458487,77.5051555,4.301,0.57568359375,0,28.458503226619214,77.50516320852817,
2026-01-14T06:06:05Z,28.4584859,77.5051283,4.284,0.75537109375,0,28.45849666177335,77.50510544780872,human_crops/human_1768370765.jpg
2026-01-14T06:06:06Z,28.4584859,77.5051283,4.284,0.65234375,0,28.458501864628758,77.50513657188826,
2026-01-14T06:06:06Z,28.4584859,77.5051283,4.284,0.625,0,28.45850207448434,77.50513597972288,
2026-01-14T06:06:07Z,28.4584859,77.5051283,4.284,0.5849609375,0,28.458492945597282,77.50514048458298,
2026-01-14T06:06:07Z,28.4584822,77.505131,4.27,0.74169921875,0,28.45849292755462,77.50510822011913,
2026-01-14T06:06:08Z,28.4584822,77.505131,4.27,0.62353515625,0,28.458498289334205,77.50513872590551,
2026-01-14T06:06:08Z,28.4584822,77.505131,4.27,0.60400390625,0,28.458489199526017,77.50514324862466,
2026-01-14T06:06:09Z,28.4584752,77.5050859,4.253,0.73681640625,0,28.458485871272764,77.50506319811522,
2026-01-14T06:06:09Z,28.4584752,77.5050859,4.253,0.65478515625,0,28.458491211171523,77.50509374720104,
2026-01-14T06:06:09Z,28.4584752,77.5050859,4.253,0.57275390625,0,28.458503123610246,77.50505819638857,
2026-01-14T06:06:10Z,28.4584752,77.5050859,4.253,0.5576171875,0,28.458482226656482,77.50509798253346,
2026-01-14T06:06:10Z,28.4584573,77.5050118,4.254,0.72705078125,0,28.458467989537112,77.50498906476355,human_crops/human_1768370770.jpg
2026-01-14T06:06:11Z,28.4584573,77.5050118,4.254,0.64892578125,0,28.45847331462737,77.50501965091378,
2026-01-14T06:06:11Z,28.4584573,77.5050118,4.254,0.56982421875,0,28.45846429565405,77.50502390431618,
2026-01-14T06:06:12Z,28.4584573,77.5050118,4.254,0.56396484375,0,28.4584852529271,77.50498410392115,
2026-01-14T06:06:12Z,28.4584565,77.5049791,4.272,0.73388671875,0,28.458467247038673,77.50495630438238,
2026-01-14T06:06:13Z,28.4584565,77.5049791,4.272,0.63134765625,0,28.458472645587534,77.50498685054788,
2026-01-14T06:06:13Z,28.4584565,77.5049791,4.272,0.55908203125,0,28.458463511488514,77.50499124217113,
2026-01-14T06:06:14Z,28.4584565,77.5049791,4.272,0.55810546875,0,28.458484580224592,77.50495128010368,
2026-01-14T06:06:14Z,28.4584804,77.5049554,4.187,0.73876953125,0,28.45849091320237,77.50493304496268,
2026-01-14T06:06:15Z,28.4584804,77.5049554,4.187,0.638671875,0,28.45849618747076,77.50496307974957,
2026-01-14T06:06:15Z,28.4584804,77.5049554,4.187,0.58984375,0,28.458487275857042,77.50496729174607,
2026-01-14T06:06:16Z,28.4584804,77.5049554,4.187,0.58251953125,0,28.45850793251411,77.50492810166998,
2026-01-14T06:06:16Z,28.4584971,77.5049493,4.203,0.71630859375,0,28.458507671622424,77.50492682428698,human_crops/human_1768370776.jpg
2026-01-14T06:06:17Z,28.4584971,77.5049493,4.203,0.60107421875,0,28.458512808921387,77.50495740217474,
2026-01-14T06:06:17Z,28.4584971,77.5049493,4.203,0.5849609375,0,28.458504015745675,77.50496122641985,
2026-01-14T06:06:17Z,28.4584971,77.5049493,4.203,0.5458984375,0,28.45851300239339,77.50495679614929,
2026-01-14T06:06:18Z,28.4584971,77.5049493,4.203,0.5458984375,0,28.45852473480806,77.50492191208328,
2026-01-14T06:06:18Z,28.4584901,77.5049441,4.33,0.72900390625,0,28.45850097072678,77.5049209780877,
2026-01-14T06:06:19Z,28.4584901,77.5049441,4.33,0.5859375,0,28.458506487458607,77.50495202978134,
2026-01-14T06:06:19Z,28.4584901,77.5049441,4.33,0.55078125,0,28.458497194649723,77.50495640090035,
2026-01-14T06:06:20Z,28.4584901,77.5049441,4.33,0.5283203125,0,28.458518559070594,77.50491588601552,
2026-01-14T06:06:20Z,28.4584814,77.5049792,4.378,0.77978515625,0,28.45849240058958,77.50495583794483,
2026-01-14T06:06:21Z,28.4584814,77.5049792,4.378,0.60107421875,0,28.458488580045664,77.50499171424381,
2026-01-14T06:06:21Z,28.4584814,77.5049792,4.378,0.5244140625,0,28.458498049357736,77.504987345947,
2026-01-14T06:08:33Z,28.4584636,77.5053256,4.465,0.70068359375,0,28.458473309748197,77.50529087831328,human_crops/human_1768370913.jpg
2026-01-14T06:08:33Z,28.4584636,77.5053256,4.465,0.71630859375,0,28.458473289560427,77.50529086724465,
2026-01-14T06:08:34Z,28.4584636,77.5053256,4.465,0.63623046875,0,28.458490160462862,77.50528435995675,
2026-01-14T06:08:34Z,28.4584636,77.5053256,4.465,0.583984375,0,28.458491279174893,77.50527677878179,
2026-01-14T06:08:34Z,28.4584636,77.5053256,4.465,0.56005859375,0,28.45847426416645,77.50528434633424,
2026-01-14T06:08:35Z,28.4584636,77.5053256,4.465,0.51953125,0,28.458483925866894,77.5053143835723,
2026-01-14T06:08:35Z,28.4584636,77.5053256,4.465,0.5927734375,0,28.458491429362265,77.50527641515346,
2026-01-14T06:08:36Z,28.4584636,77.5053256,4.465,0.56396484375,0,28.458491429362265,77.50527641515346,
2026-01-14T06:08:36Z,28.4584636,77.5053256,4.465,0.515625,0,28.45848410015198,77.50531384060575,
2026-01-14T06:08:37Z,28.4584636,77.5053256,4.465,0.587890625,0,28.458491429362265,77.50527641515346,
2026-01-14T06:08:37Z,28.4584636,77.5053256,4.465,0.5791015625,0,28.458491429362265,77.50527641515346,
2026-01-14T06:08:38Z,28.4584636,77.5053256,4.465,0.5224609375,0,28.45848411276519,77.50531380995263,
2026-01-14T06:08:38Z,28.4584636,77.5053256,4.465,0.5859375,0,28.458491429362265,77.50527641515346,
2026-01-14T06:08:39Z,28.4584636,77.5053256,4.465,0.5107421875,0,28.45848411276519,77.50531380995263,
2026-01-14T06:08:39Z,28.4584636,77.5053256,4.465,0.57080078125,0,28.458491429362265,77.50527641515346,
2026-01-14T06:08:40Z,28.4584636,77.5053256,4.465,0.5107421875,0,28.458484087537375,77.50531387126027,
2026-01-14T06:08:40Z,28.4584636,77.5053256,4.465,0.5810546875,0,28.458491429362265,77.50527641515346,
2026-01-14T06:08:41Z,28.4584636,77.5053256,4.465,0.5029296875,0,28.45848411276519,77.50531380995263,
2026-01-14T06:08:41Z,28.4584636,77.5053256,4.465,0.5791015625,0,28.458491429362265,77.50527641515346,
2026-01-14T06:08:42Z,28.4584636,77.5053256,4.465,0.5068359375,0,28.45848411276519,77.50531380995263,
2026-01-14T06:08:42Z,28.4584636,77.5053256,4.465,0.57080078125,0,28.458491429362265,77.50527641515346,
2026-01-14T06:08:43Z,28.4584636,77.5053256,4.465,0.5166015625,0,28.458484105298076,77.50531376839477,
2026-01-14T06:08:43Z,28.4584636,77.5053256,4.465,0.57763671875,0,28.458491429362265,77.50527641515346,
2026-01-14T06:08:44Z,28.4584636,77.5053256,4.465,0.509765625,0,28.45848410761769,77.50531388216238,
2026-01-14T06:08:44Z,28.4584636,77.5053256,4.465,0.58056640625,0,28.458491429362265,77.50527641515346,
2026-01-14T06:08:45Z,28.4584636,77.5053256,4.465,0.513671875,0,28.45848410015198,77.50531384060575,
2026-01-14T06:08:45Z,28.4584636,77.5053256,4.465,0.5869140625,0,28.458491429362265,77.50527641515346,
2026-01-14T06:08:46Z,28.4584636,77.5053256,4.465,0.5791015625,0,28.458491429362265,77.50527641515346,
2026-01-14T06:08:46Z,28.4584636,77.5053256,4.465,0.5146484375,0,28.45848411276519,77.50531380995263,
2026-01-14T06:08:47Z,28.4584636,77.5053256,4.465,0.5869140625,0,28.458491429362265,77.50527641515346,
2026-01-14T06:08:47Z,28.4584636,77.5053256,4.465,0.505859375,0,28.45848410015198,77.50531384060575,
2026-01-14T06:08:48Z,28.4584636,77.5053256,4.465,0.67431640625,0,28.458484077242765,77.50531401568523,human_crops/human_1768370928.jpg
2026-01-14T06:08:48Z,28.4584636,77.5053256,4.465,0.57568359375,0,28.458491429362265,77.50527641515346,
2026-01-14T06:08:48Z,28.4584636,77.5053256,4.465,0.57080078125,0,28.45847451273936,77.50528380794564,
2026-01-14T06:08:49Z,28.4584636,77.5053256,4.465,0.56787109375,0,28.458474633357202,77.50532025274423,
2026-01-14T06:08:49Z,28.4584636,77.5053256,4.465,0.681640625,0,28.458484077242765,77.50531401568523,
2026-01-14T06:08:50Z,28.4584636,77.5053256,4.465,0.59814453125,0,28.45847451273936,77.50528380794564,
2026-01-14T06:08:50Z,28.4584636,77.5053256,4.465,0.56787109375,0,28.458491429362265,77.50527641515346,
2026-01-14T06:08:51Z,28.4584636,77.5053256,4.465,0.669921875,0,28.458484077242765,77.50531401568523,
2026-01-14T06:08:51Z,28.4584636,77.5053256,4.465,0.58984375,0,28.458491429362265,77.50527641515346,
2026-01-14T06:08:52Z,28.4584636,77.5053256,4.465,0.57568359375,0,28.45847451273936,77.50528380794564,
2026-01-14T06:08:52Z,28.4584636,77.5053256,4.465,0.56689453125,0,28.458474614288253,77.5053202989392,
2026-01-14T06:08:53Z,28.4584636,77.5053256,4.465,0.5234375,0,28.4584881067044,77.50531740249006,
2026-01-14T06:08:53Z,28.4584636,77.5053256,4.465,0.65283203125,0,28.458484077242765,77.50531401568523,human_crops/human_1768370933.jpg
2026-01-14T06:08:54Z,28.4584636,77.5053256,4.465,0.587890625,0,28.458474492572112,77.5052837968488,
2026-01-14T06:08:54Z,28.4584636,77.5053256,4.465,0.57470703125,0,28.458491429362265,77.50527641515346,
2026-01-14T06:08:54Z,28.4584636,77.5053256,4.465,0.5166015625,0,28.458474665136894,77.50532017575392,
2026-01-14T06:08:55Z,28.4584636,77.5053256,4.465,0.66552734375,0,28.458484057163183,77.505314004781,
2026-01-14T06:08:55Z,28.4584636,77.5053256,4.465,0.587890625,0,28.458491429362265,77.50527641515346,
2026-01-14T06:08:56Z,28.4584636,77.5053256,4.465,0.5791015625,0,28.45847451273936,77.50528380794564,
2026-01-14T06:08:56Z,28.4584636,77.5053256,4.465,0.556640625,0,28.458474620644882,77.5053202835399,
2026-01-14T06:08:57Z,28.4584636,77.5053256,4.465,0.509765625,0,28.458488086670272,77.50531739161893,
2026-01-14T06:08:57Z,28.4584636,77.5053256,4.465,0.67822265625,0,28.458474462322595,77.50528378019905,
2026-01-14T06:08:58Z,28.4584636,77.5053256,4.465,0.6748046875,0,28.458467625828494,77.50532696739153,
2026-01-14T06:08:58Z,28.4584636,77.5053256,4.465,0.67431640625,0,28.45847458250722,77.50532037593258,human_crops/human_1768370938.jpg
2026-01-14T06:08:59Z,28.4584636,77.5053256,4.465,0.66552734375,0,28.458484072095626,77.5053140878973,
2026-01-14T06:08:59Z,28.4584636,77.5053256,4.465,0.55078125,0,28.458481558550453,77.5052972728211,
2026-01-14T06:09:04Z,28.4584636,77.5053256,4.465,0.509765625,0,28.458493936927738,77.5052983781328,
2026-01-14T06:09:05Z,28.4584636,77.5053256,4.465,0.7099609375,0,28.458475221700407,77.50528269831318,human_crops/human_1768370945.jpg
2026-01-14T06:09:05Z,28.4584636,77.5053256,4.465,0.681640625,0,28.458484493415956,77.50531300426186,
2026-01-14T06:09:06Z,28.4584636,77.5053256,4.465,0.712890625,0,28.458475231777665,77.50528270386594,
2026-01-14T06:09:06Z,28.4584636,77.5053256,4.465,0.69189453125,0,28.458484480808067,77.5053130349053,
2026-01-14T06:09:07Z,28.4584636,77.5053256,4.465,0.55517578125,0,28.458492188270814,77.50527594286154,
2026-01-14T06:09:07Z,28.4584636,77.5053256,4.465,0.5341796875,0,28.458467610932896,77.50532586389691,
2026-01-14T06:09:08Z,28.4584636,77.5053256,4.465,0.734375,0,28.458484483126536,77.50531314865242,
2026-01-14T06:09:08Z,28.4584636,77.5053256,4.465,0.71728515625,0,28.458475221700407,77.50528269831318,
2026-01-14T06:09:09Z,28.4584636,77.5053256,4.465,0.55517578125,0,28.458467645138658,77.50532590114793,
2026-01-14T06:09:09Z,28.4584636,77.5053256,4.465,0.54736328125,0,28.458492188270814,77.50527594286154,
2026-01-14T06:09:10Z,28.4584636,77.5053256,4.465,0.73681640625,0,28.45848445558908,77.50531309619379,
2026-01-14T06:09:10Z,28.4584636,77.5053256,4.465,0.71435546875,0,28.458475231777665,77.50528270386594,human_crops/human_1768370950.jpg
2026-01-14T06:09:11Z,28.4584636,77.5053256,4.465,0.56396484375,0,28.458492188270814,77.50527594286154,
2026-01-14T06:09:11Z,28.4584636,77.5053256,4.465,0.70703125,0,28.458475198941922,77.50528272327058,
2026-01-14T06:09:12Z,28.4584636,77.5053256,4.465,0.703125,0,28.458484500880513,77.50531304581274,
2026-01-14T06:09:12Z,28.4584636,77.5053256,4.465,0.5400390625,0,28.458492188270814,77.50527594286154,
2026-01-14T06:09:12Z,28.4584636,77.5053256,4.465,0.5146484375,0,28.458488499094322,77.50529576512196,
2026-01-14T06:09:13Z,28.4584636,77.5053256,4.465,0.71435546875,0,28.458484488271683,77.5053130764576,
2026-01-14T06:09:13Z,28.4584636,77.5053256,4.465,0.7041015625,0,28.458475229176294,77.50528273992356,
2026-01-14T06:09:14Z,28.4584636,77.5053256,4.465,0.5263671875,0,28.458492168335695,77.50527593178305,
2026-01-14T06:09:14Z,28.4584636,77.5053256,4.465,0.51953125,0,28.458488479089752,77.50529575413589,
2026-01-14T06:09:15Z,28.4584636,77.5053256,4.465,0.7119140625,0,28.45847524185491,77.50528270941865,
2026-01-14T06:09:15Z,28.4584636,77.5053256,4.465,0.681640625,0,28.458484500880513,77.50531304581274,human_crops/human_1768370955.jpg
2026-01-14T06:09:16Z,28.4584636,77.5053256,4.465,0.5517578125,0,28.458492168335695,77.50527593178305,
2026-01-14T06:09:16Z,28.4584636,77.5053256,4.465,0.72412109375,0,28.45847524185491,77.50528270941865,
2026-01-14T06:09:17Z,28.4584636,77.5053256,4.465,0.69677734375,0,28.458484493415956,77.50531300426186,
2026-01-14T06:09:17Z,28.4584636,77.5053256,4.465,0.56982421875,0,28.458492168335695,77.50527593178305,
2026-01-14T06:09:18Z,28.4584636,77.5053256,4.465,0.5224609375,0,28.45846755754687,77.50532587300974,
2026-01-14T06:09:18Z,28.4584636,77.5053256,4.465,0.71875,0,28.458475221700407,77.50528269831318,
2026-01-14T06:09:19Z,28.4584636,77.5053256,4.465,0.71435546875,0,28.45848445558908,77.50531309619379,
2026-01-14T06:09:19Z,28.4584636,77.5053256,4.465,0.54736328125,0,28.458492168335695,77.50527593178305,
2026-01-14T06:09:20Z,28.4584636,77.5053256,4.465,0.5126953125,0,28.45846750943288,77.50532580940401,
2026-01-14T06:09:20Z,28.4584636,77.5053256,4.465,0.7333984375,0,28.458484468198264,77.50531306554943,
2026-01-14T06:09:20Z,28.4584636,77.5053256,4.465,0.72021484375,0,28.458475231777665,77.50528270386594,human_crops/human_1768370960.jpg
2026-01-14T06:09:21Z,28.4584636,77.5053256,4.465,0.55078125,0,28.458467489131948,77.50532579850496,
2026-01-14T06:09:21Z,28.4584636,77.5053256,4.465,0.5341796875,0,28.458492208207456,77.50527595393783,
2026-01-14T06:09:22Z,28.4584636,77.5053256,4.465,0.7158203125,0,28.458475221700407,77.50528269831318,
2026-01-14T06:09:22Z,28.4584636,77.5053256,4.465,0.705078125,0,28.458484480808067,77.5053130349053,
2026-01-14T06:09:23Z,28.4584636,77.5053256,4.465,0.5341796875,0,28.458492208207456,77.50527595393783,
2026-01-14T06:09:23Z,28.4584636,77.5053256,4.465,0.525390625,0,28.458488499094322,77.50529576512196,
2026-01-14T06:09:24Z,28.4584636,77.5053256,4.465,0.71044921875,0,28.458475209021042,77.50528272881932,
2026-01-14T06:09:24Z,28.4584636,77.5053256,4.465,0.69970703125,0,28.45848445558908,77.50531309619379,
2026-01-14T06:09:25Z,28.4584636,77.5053256,4.465,0.53125,0,28.458492188270814,77.50527594286154,
2026-01-14T06:09:25Z,28.4584636,77.5053256,4.465,0.5126953125,0,28.458488499094322,77.50529576512196,
2026-01-14T06:09:26Z,28.4584636,77.5053256,4.465,0.705078125,0,28.458484480808067,77.5053130349053,human_crops/human_1768370966.jpg
2026-01-14T06:09:26Z,28.4584636,77.5053256,4.465,0.7041015625,0,28.458475209021042,77.50528272881932,
2026-01-14T06:09:27Z,28.4584636,77.5053256,4.465,0.5205078125,0,28.458488499094322,77.50529576512196,
2026-01-14T06:09:27Z,28.4584636,77.5053256,4.465,0.509765625,0,28.458492208207456,77.50527595393783,
2026-01-14T06:09:28Z,28.4584636,77.5053256,4.465,0.71826171875,0,28.458484500880513,77.50531304581274,
2026-01-14T06:09:28Z,28.4584636,77.5053256,4.465,0.7080078125,0,28.458475221700407,77.50528269831318,
2026-01-14T06:09:28Z,28.4584636,77.5053256,4.465,0.537109375,0,28.458492188270814,77.50527594286154,
2026-01-14T06:09:29Z,28.4584636,77.5053256,4.465,0.5126953125,0,28.458488499094322,77.50529576512196,
2026-01-14T06:09:29Z,28.4584636,77.5053256,4.465,0.7509765625,0,28.45846765904468,77.50532592750011,
2026-01-14T06:09:30Z,28.4584636,77.5053256,4.465,0.73681640625,0,28.458475221700407,77.50528269831318,
2026-01-14T06:09:30Z,28.4584636,77.5053256,4.465,0.67578125,0,28.458484371959777,77.50531353822149,
2026-01-14T06:15:28Z,0.0,0.0,0.729,0.67578125,0,1.8239684448910498e-06,-5.990218991767382e-06,human_crops/human_1768371328.jpg
2026-01-14T06:15:29Z,0.0,0.0,0.729,0.587890625,0,3.0708160570086906e-06,-1.5222657258814543e-06,
2026-01-14T06:15:29Z,0.0,0.0,0.729,0.72265625,0,1.8223511162790633e-06,-5.991059437312068e-06,
2026-01-14T06:15:30Z,0.0,0.0,0.729,0.65625,0,3.077303084199894e-06,-1.5352541445491965e-06,
2026-01-14T06:15:30Z,0.0,0.0,0.729,0.587890625,0,4.61488238946248e-06,-6.817373677977993e-06,
2026-01-14T06:15:30Z,0.0,0.0,0.729,0.57373046875,0,2.594226857180761e-07,1.6276199059454344e-07,
2026-01-14T06:15:31Z,0.0,0.0,0.729,0.5439453125,0,1.4731994991741257e-06,-7.197945852682001e-07,
2026-01-14T06:15:31Z,0.0,0.0,0.708,0.73095703125,0,1.7720225356239709e-06,-5.8170712148051986e-06,
2026-01-14T06:15:32Z,0.0,0.0,0.708,0.6845703125,0,2.531704477676958e-07,1.562288809075914e-07,
2026-01-14T06:15:32Z,0.0,0.0,0.708,0.6611328125,0,2.9889500051406654e-06,-1.4905181484763065e-06,
2026-01-14T06:15:33Z,0.0,0.0,0.708,0.615234375,0,4.482549293182066e-06,-6.6201828233657884e-06,
2026-01-14T06:15:33Z,0.0,0.0,0.708,0.5068359375,0,1.4277956389317836e-06,-6.923289541954283e-07,
2026-01-14T06:15:34Z,0.0,0.0,0.735,0.73779296875,0,1.8403916377103248e-06,-6.039499718750148e-06,human_crops/human_1768371334.jpg
2026-01-14T06:15:34Z,0.0,0.0,0.735,0.638671875,0,2.5535822518725357e-07,1.5242101447128583e-07,
2026-01-14T06:15:35Z,0.0,0.0,0.735,0.609375,0,3.1066204225411835e-06,-1.5458724010669114e-06,
2026-01-14T06:15:35Z,0.0,0.0,0.735,0.60400390625,0,4.654618624976667e-06,-6.873224203127621e-06,
2026-01-14T06:15:36Z,0.0,0.0,0.735,0.541015625,0,1.4847518621999091e-06,-7.233891559037658e-07,
2026-01-14T06:15:36Z,0.0,0.0,0.726,0.74169921875,0,1.8172403414804105e-06,-5.966179196798484e-06,
2026-01-14T06:15:37Z,0.0,0.0,0.726,0.64892578125,0,3.068392056211123e-06,-1.5275224299834316e-06,
2026-01-14T06:15:37Z,0.0,0.0,0.726,0.609375,0,2.565280638953428e-07,1.5793928865514976e-07,
2026-01-14T06:15:37Z,0.0,0.0,0.726,0.60498046875,0,4.597019555841453e-06,-6.790028628434767e-06,
2026-01-14T06:15:38Z,0.0,0.0,0.726,0.56982421875,0,1.4664555560314546e-06,-7.149341311896821e-07,
2026-01-14T06:15:38Z,0.0,0.0,0.82,0.7392578125,0,2.04754392765762e-06,-6.7402003373713106e-06,
2026-01-14T06:15:39Z,0.0,0.0,0.82,0.63427734375,0,3.470877367096846e-06,-1.7283746668492954e-06,human_crops/human_1768371339.jpg
2026-01-14T06:15:39Z,0.0,0.0,0.82,0.59912109375,0,2.941120255684644e-07,1.872403145521089e-07,
2026-01-14T06:15:40Z,0.0,0.0,0.82,0.59619140625,0,5.190443359751481e-06,-7.668846343738241e-06,
2026-01-14T06:15:40Z,0.0,0.0,0.82,0.5537109375,0,1.6519834699979754e-06,-8.000723772007408e-07,
2026-01-14T06:15:41Z,0.0,0.0,0.82,0.5302734375,0,5.140891411091838e-06,-2.347350950814893e-06,
2026-01-14T06:15:41Z,0.0,0.0,0.658,0.73095703125,0,1.6423918419401133e-06,-5.409074895209585e-06,
2026-01-14T06:15:42Z,0.0,0.0,0.658,0.693359375,0,2.34320226202193e-07,1.4443614704890198e-07,
2026-01-14T06:15:42Z,0.0,0.0,0.658,0.6259765625,0,2.7765642457595086e-06,-1.386269538008218e-06,
2026-01-14T06:15:43Z,0.0,0.0,0.658,0.60498046875,0,4.164256685454275e-06,-6.153980671422095e-06,
2026-01-14T06:15:43Z,0.0,0.0,0.658,0.51171875,0,4.126208773312229e-06,-1.887699810473224e-06,
2026-01-14T06:15:43Z,0.0,0.0,0.79,0.72265625,0,1.9756655213833355e-06,-6.491264548614734e-06,
2026-01-14T06:15:44Z,0.0,0.0,0.79,0.6259765625,0,3.3339665494976076e-06,-1.6637091995150844e-06,human_crops/human_1768371344.jpg
2026-01-14T06:15:44Z,0.0,0.0,0.79,0.6064453125,0,2.746037765811266e-07,1.7047095201598778e-07,
2026-01-14T06:15:45Z,0.0,0.0,0.79,0.60009765625,0,4.999789762336752e-06,-7.387426231603131e-06,
2026-01-14T06:15:45Z,0.0,0.0,0.79,0.56005859375,0,1.5945958460606703e-06,-7.776469950333903e-07,
2026-01-14T06:15:46Z,0.0,0.0,0.699,0.732421875,0,1.7440782266434233e-06,-5.743799035917962e-06,
2026-01-14T06:15:46Z,0.0,0.0,0.699,0.65283203125,0,2.484603068192574e-07,1.546163668316653e-07,
2026-01-14T06:15:47Z,0.0,0.0,0.699,0.64404296875,0,2.9551073079620586e-06,-1.4681231953423535e-06,
2026-01-14T06:15:47Z,0.0,0.0,0.699,0.59033203125,0,4.422345837131402e-06,-6.534546540148822e-06,
2026-01-14T06:15:48Z,0.0,0.0,0.749,0.73779296875,0,1.8721036778882137e-06,-6.152209189002198e-06,
2026-01-14T06:15:48Z,0.0,0.0,0.749,0.68017578125,0,2.6628144212628665e-07,1.660761338502654e-07,
2026-01-14T06:15:49Z,0.0,0.0,0.749,0.67041015625,0,3.162061065597168e-06,-1.5638294706777887e-06,
2026-01-14T06:15:49Z,0.0,0.0,0.749,0.587890625,0,4.738455545214381e-06,-7.001172166964422e-06,
2026-01-14T06:15:49Z,0.0,0.0,0.523,0.73388671875,0,1.3062083577033696e-06,-4.296410447286426e-06,human_crops/human_1768371349.jpg
2026-01-14T06:15:50Z,0.0,0.0,0.523,0.65234375,0,2.2040866892067807e-06,-1.0944835573645116e-06,
2026-01-14T06:15:50Z,0.0,0.0,0.523,0.5859375,0,3.3089610571436048e-06,-4.889213506480661e-06,
2026-01-14T06:15:51Z,0.0,0.0,0.523,0.56201171875,0,1.8984762722061097e-07,1.2169917786929222e-07,
2026-01-14T06:15:51Z,0.0,0.0,0.523,0.5517578125,0,1.057371595918916e-06,-5.170998294291426e-07,
2026-01-14T06:15:52Z,0.0,0.0,0.717,0.7373046875,0,1.7911174939148681e-06,-5.89078358262944e-06,
2026-01-14T06:15:52Z,0.0,0.0,0.717,0.642578125,0,2.508553515509352e-07,1.562221036941304e-07,
2026-01-14T06:15:53Z,0.0,0.0,0.717,0.62451171875,0,3.0297843992768244e-06,-1.5129041671906052e-06,
2026-01-14T06:15:53Z,0.0,0.0,0.717,0.61962890625,0,4.538911700327368e-06,-6.702962477078224e-06,
2026-01-14T06:16:28Z,0.0,0.0,0.802,0.5458984375,0,3.4332312387390524e-06,-5.2009153782419144e-06,
2026-01-14T06:16:28Z,0.0,0.0,0.955,0.79736328125,0,4.052058350094862e-06,-1.0828675349210505e-05,human_crops/human_1768371388.jpg
2026-01-14T06:16:29Z,0.0,0.0,0.955,0.60888671875,0,1.8464221943432013e-06,-1.192200165351194e-06,
2026-01-14T06:16:29Z,0.0,0.0,0.955,0.56884765625,0,1.408163080466777e-06,3.079077103668488e-06,
2026-01-14T06:16:30Z,0.0,0.0,0.799,0.509765625,0,-1.1474041136580615e-07,-3.682912135446065e-06,
2026-01-14T06:16:31Z,0.0,0.0,0.708,0.5078125,0,1.2461417097080317e-06,3.379342718051856e-06,
2026-01-14T06:16:31Z,0.0,0.0,0.673,0.73681640625,0,3.366152445915995e-06,-5.582306376143058e-06,
2026-01-14T06:16:32Z,0.0,0.0,0.673,0.662109375,0,2.789352125167264e-06,-7.170968013944742e-06,
2026-01-14T06:16:32Z,0.0,0.0,0.673,0.625,0,4.961868747278197e-06,-5.665616864612193e-06,
2026-01-14T06:16:33Z,0.0,0.0,0.673,0.60791015625,0,3.7848127817778522e-06,-6.9027012732955745e-06,
2026-01-14T06:16:33Z,0.0,0.0,0.673,0.56591796875,0,-9.866759473800354e-07,7.54237754987429e-07,
2026-01-14T06:16:34Z,0.0,0.0,0.699,0.67822265625,0,2.1135524991703995e-06,-4.434184560460859e-07,human_crops/human_1768371394.jpg
2026-01-14T06:16:34Z,0.0,0.0,0.699,0.6748046875,0,-3.031438757481742e-07,-8.89346071506107e-07,
2026-01-14T06:16:35Z,0.0,0.0,0.699,0.61328125,0,1.4049648281867045e-06,5.424399429437453e-07,
2026-01-14T06:16:35Z,0.0,0.0,0.699,0.5224609375,0,-1.5188121530925971e-06,2.0819219239905562e-07,
2026-01-14T06:16:36Z,0.0,0.0,0.805,0.70166015625,0,2.4349332013992793e-06,-5.113466440004451e-07,
2026-01-14T06:16:36Z,0.0,0.0,0.805,0.65283203125,0,-3.508048280187563e-07,-1.020086285377472e-06,
2026-01-14T06:16:36Z,0.0,0.0,0.805,0.611328125,0,1.6175853295148603e-06,6.264471798673535e-07,
2026-01-14T06:16:37Z,0.0,0.0,0.805,0.5205078125,0,-1.748322259426879e-06,2.390510458918717e-07,
2026-01-14T06:16:37Z,0.0,0.0,0.938,0.712890625,0,2.83935129233741e-06,-5.984941171909818e-07,
2026-01-14T06:16:38Z,0.0,0.0,0.938,0.64892578125,0,-4.059702688917972e-07,-1.1876144613198353e-06,
2026-01-14T06:16:38Z,0.0,0.0,0.938,0.615234375,0,1.885423534084308e-06,7.300415963343901e-07,
2026-01-14T06:16:39Z,0.0,0.0,0.711,0.6953125,0,2.1533602128056224e-06,-4.5355580317652004e-07,human_crops/human_1768371399.jpg
2026-01-14T06:16:39Z,0.0,0.0,0.711,0.64990234375,0,-3.0119268354281694e-07,-9.187481741182692e-07,
2026-01-14T06:16:40Z,0.0,0.0,0.711,0.6064453125,0,1.430227693752793e-06,5.535140155580887e-07,
2026-01-14T06:16:40Z,0.0,0.0,0.711,0.51171875,0,-1.5410008152551986e-06,2.1192956013073513e-07,
2026-01-14T06:16:41Z,0.0,0.0,0.658,0.7099609375,0,1.9968111648282893e-06,-4.1778486419782564e-07,
2026-01-14T06:16:41Z,0.0,0.0,0.658,0.666015625,0,-2.7822654147830793e-07,-8.455845833114593e-07,
2026-01-14T06:16:42Z,0.0,0.0,0.658,0.615234375,0,1.322405901108211e-06,5.16546004517987e-07,
2026-01-14T06:16:42Z,0.0,0.0,0.658,0.5263671875,0,-1.4272664850469897e-06,1.960772753344905e-07,
2026-01-14T06:16:43Z,0.0,0.0,0.693,0.693359375,0,2.098971918028299e-06,-4.401871309450516e-07,
2026-01-14T06:16:43Z,0.0,0.0,0.693,0.6689453125,0,-2.962138928835346e-07,-8.847118875777453e-07,
2026-01-14T06:16:43Z,0.0,0.0,0.693,0.61376953125,0,1.3929115499068997e-06,5.4344289027832e-07,
2026-01-14T06:16:44Z,0.0,0.0,0.693,0.5146484375,0,-1.5141314847746287e-06,2.1251028002157292e-07,
2026-01-14T06:16:44Z,0.0,0.0,0.923,0.69189453125,0,2.793767116285859e-06,-5.846046163343352e-07,human_crops/human_1768371404.jpg
2026-01-14T06:16:45Z,0.0,0.0,0.923,0.6669921875,0,-3.956981888884973e-07,-1.1828199831146951e-06,
2026-01-14T06:16:45Z,0.0,0.0,0.923,0.61865234375,0,1.8577246124466673e-06,7.173134479421155e-07,
2026-01-14T06:16:46Z,0.0,0.0,0.923,0.515625,0,-2.000791611910676e-06,2.7154457551592674e-07,
2026-01-14T06:16:46Z,0.0,0.0,0.758,0.69970703125,0,2.2977047023122137e-06,-4.787570675293947e-07,
2026-01-14T06:16:47Z,0.0,0.0,0.758,0.67431640625,0,-3.2387989860303993e-07,-9.655069587158074e-07,
2026-01-14T06:16:47Z,0.0,0.0,0.758,0.6103515625,0,1.5233063760494823e-06,5.932319335517829e-07,
2026-01-14T06:16:48Z,0.0,0.0,0.758,0.5048828125,0,-1.6431353073268146e-06,2.2258172017895185e-07,
2026-01-14T06:16:48Z,0.0,0.0,0.546,0.6953125,0,1.6536561648347105e-06,-3.5004792560158866e-07,
2026-01-14T06:16:49Z,0.0,0.0,0.546,0.68505859375,0,-2.3129171525114784e-07,-7.075041487393626e-07,
2026-01-14T06:16:49Z,0.0,0.0,0.546,0.5927734375,0,1.0990087476603537e-06,4.216157763302051e-07,
2026-01-14T06:16:49Z,0.0,0.0,0.546,0.51953125,0,-1.1855199069334211e-06,1.6174413632244608e-07,
2026-01-14T06:16:50Z,0.0,0.0,0.735,0.703125,0,2.2281130880221503e-06,-4.6647063481852975e-07,human_crops/human_1768371410.jpg
2026-01-14T06:16:50Z,0.0,0.0,0.735,0.6591796875,0,-3.1429239215953096e-07,-9.418010371792108e-07,
2026-01-14T06:16:51Z,0.0,0.0,0.735,0.60009765625,0,1.4782701954692057e-06,5.706612933285658e-07,
2026-01-14T06:16:51Z,0.0,0.0,0.735,0.505859375,0,-1.5942784820160733e-06,2.153743402330811e-07,
2026-01-14T06:16:52Z,0.0,0.0,0.808,0.69970703125,0,2.4435398201431875e-06,-5.096439078543418e-07,
2026-01-14T06:16:52Z,0.0,0.0,0.808,0.67431640625,0,-3.5155189824777344e-07,-1.0229927550061421e-06,
2026-01-14T06:16:53Z,0.0,0.0,0.808,0.61669921875,0,1.6240437231655375e-06,6.299595201647118e-07,
2026-01-14T06:16:53Z,0.0,0.0,0.808,0.52734375,0,-1.7567395572715222e-06,2.3639287552772708e-07,
2026-01-14T06:16:54Z,0.0,0.0,0.743,0.71435546875,0,2.247424788557861e-06,-4.775451364274331e-07,
2026-01-14T06:16:54Z,0.0,0.0,0.743,0.67822265625,0,-3.2178846420032177e-07,-9.434747615823957e-07,
2026-01-14T06:16:55Z,0.0,0.0,0.743,0.62158203125,0,1.4948835013266081e-06,5.765100223829343e-07,
2026-01-14T06:16:55Z,0.0,0.0,0.743,0.5068359375,0,-1.6139682239164068e-06,2.2302038089689844e-07,
2026-01-14T06:16:56Z,0.0,0.0,0.829,0.69873046875,0,2.5131244933277775e-06,-5.332476297649417e-07,human_crops/human_1768371416.jpg
2026-01-14T06:16:56Z,0.0,0.0,0.829,0.67578125,0,-3.547042745408849e-07,-1.0507530241230244e-06,
2026-01-14T06:16:56Z,0.0,0.0,0.829,0.6259765625,0,1.6671997621737742e-06,6.458596590893276e-07,
2026-01-14T06:16:57Z,0.0,0.0,0.829,0.529296875,0,-1.7970170402194828e-06,2.425240155969773e-07,
2026-01-14T06:16:57Z,0.0,0.0,0.988,0.6953125,0,2.9952842328146296e-06,-6.234738108364888e-07,
2026-01-14T06:16:58Z,0.0,0.0,0.988,0.6689453125,0,-4.2014663890258374e-07,-1.2722590096812933e-06,
2026-01-14T06:16:58Z,0.0,0.0,0.988,0.60791015625,0,1.991782476599252e-06,7.618917050851053e-07,
2026-01-14T06:16:59Z,0.0,0.0,0.988,0.5107421875,0,-2.1414029572917893e-06,2.903065563281373e-07,
2026-01-14T06:16:59Z,0.0,0.0,0.873,0.7080078125,0,2.6452419424046285e-06,-5.576329206770996e-07,
2026-01-14T06:17:00Z,0.0,0.0,0.873,0.67626953125,0,-3.747269162249829e-07,-1.112312919199002e-06,
2026-01-14T06:17:00Z,0.0,0.0,0.873,0.6162109375,0,1.7545109568026506e-06,6.841078396312312e-07,
2026-01-14T06:17:01Z,0.0,0.0,0.873,0.51953125,0,-1.894324479773327e-06,2.6081650179505084e-07,
2026-01-14T06:17:01Z,0.0,0.0,0.735,0.70654296875,0,2.2269349907828633e-06,-4.700762047525859e-07,human_crops/human_1768371421.jpg
2026-01-14T06:17:02Z,0.0,0.0,0.735,0.67138671875,0,-3.1567013424934075e-07,-9.369808051588082e-07,
2026-01-14T06:17:02Z,0.0,0.0,0.735,0.62255859375,0,1.4792607432934408e-06,5.709959312620519e-07,
2026-01-14T06:17:03Z,0.0,0.0,0.735,0.5087890625,0,-1.5938750247782794e-06,2.1693829501344198e-07,
2026-01-14T06:17:03Z,0.0,0.0,0.87,0.7080078125,0,2.634833212529515e-06,-5.551650135599475e-07,
2026-01-14T06:17:03Z,0.0,0.0,0.87,0.6748046875,0,-3.736054375825652e-07,-1.1099938911695253e-06,
2026-01-14T06:17:04Z,0.0,0.0,0.87,0.61328125,0,1.7512633091123982e-06,6.746651529054531e-07,
2026-01-14T06:17:04Z,0.0,0.0,0.87,0.50390625,0,-1.886358980244338e-06,2.5610368164328053e-07,
2026-01-14T06:17:05Z,0.0,0.0,1.026,0.712890625,0,3.1115190837610473e-06,-6.6074039473526e-07,
2026-01-14T06:17:05Z,0.0,0.0,1.026,0.67236328125,0,-4.4282585835411436e-07,-1.3019994076501842e-06,
2026-01-14T06:17:06Z,0.0,0.0,1.026,0.61962890625,0,2.0666915385717503e-06,7.960000511728213e-07,
2026-01-14T06:17:06Z,0.0,0.0,1.026,0.5146484375,0,-2.2194052039003933e-06,3.0132142365252933e-07,
2026-01-14T06:17:07Z,0.0,0.0,1.011,0.6953125,0,3.0668300223385598e-06,-6.434771142239496e-07,human_crops/human_1768371427.jpg
2026-01-14T06:17:07Z,0.0,0.0,1.011,0.68701171875,0,-4.353788754911793e-07,-1.297868042254033e-06,
2026-01-14T06:17:08Z,0.0,0.0,1.011,0.59033203125,0,2.0390107964866845e-06,7.77637509664982e-07,
2026-01-14T06:17:08Z,0.0,0.0,1.011,0.51171875,0,-2.1913562805976026e-06,2.985047872628626e-07,
2026-01-14T06:17:09Z,0.0,0.0,1.137,0.68701171875,0,-4.865742293705464e-07,-1.4486433754524226e-06,
2026-01-14T06:17:09Z,0.0,0.0,1.137,0.68505859375,0,3.4411253600658683e-06,-7.230374093844191e-07,
2026-01-14T06:17:10Z,0.0,0.0,1.137,0.63671875,0,2.2853519036671162e-06,8.881014617482343e-07,
2026-01-14T06:17:10Z,0.0,0.0,1.137,0.513671875,0,-2.4645685853132505e-06,3.3448031815847177e-07,
2026-01-14T06:17:11Z,0.0,0.0,0.917,0.68359375,0,2.772995192862983e-06,-5.874631283844253e-07,
2026-01-14T06:17:11Z,0.0,0.0,0.917,0.681640625,0,-3.969334915654062e-07,-1.1632879364175068e-06,
2026-01-14T06:17:11Z,0.0,0.0,0.917,0.61865234375,0,1.8422061168794854e-06,7.195469288479192e-07,
2026-01-14T06:17:12Z,0.0,0.0,0.917,0.5009765625,0,-1.9886538252458867e-06,2.679665751746432e-07,
2026-01-14T06:17:12Z,0.0,0.0,0.929,0.68994140625,0,2.80594301377632e-06,-5.980402453211301e-07,human_crops/human_1768371432.jpg
2026-01-14T06:17:13Z,0.0,0.0,0.929,0.67626953125,0,-4.0017457813075986e-07,-1.1811714501814353e-06,
2026-01-14T06:17:13Z,0.0,0.0,0.929,0.6123046875,0,1.8688144591640508e-06,7.2569432576236e-07,
2026-01-14T06:17:14Z,0.0,0.0,0.929,0.7080078125,0,2.8169927694291664e-06,-5.993624780318304e-07,
2026-01-14T06:17:14Z,0.0,0.0,0.929,0.666015625,0,-3.9308667455506047e-07,-1.1950985486674366e-06,
2026-01-14T06:17:15Z,0.0,0.0,0.929,0.59619140625,0,1.8716203023657706e-06,7.201257285400554e-07,
2026-01-14T06:17:15Z,0.0,0.0,0.929,0.5107421875,0,-2.0130257102399093e-06,2.7589184359867244e-07,
2026-01-14T06:17:16Z,0.0,0.0,0.935,0.7080078125,0,2.833901443753036e-06,-6.020369695058869e-07,
2026-01-14T06:17:16Z,0.0,0.0,0.935,0.68505859375,0,-3.9668692636820417e-07,-1.2121061617767549e-06,
2026-01-14T06:17:17Z,0.0,0.0,0.935,0.60205078125,0,1.8854044108069246e-06,7.20346643612872e-07,
2026-01-14T06:17:17Z,0.0,0.0,0.985,0.71435546875,0,2.9817427472701187e-06,-6.283590346015875e-07,
2026-01-14T06:17:18Z,0.0,0.0,0.985,0.66552734375,0,-4.290884901247712e-07,-1.256304941503482e-06,human_crops/human_1768371438.jpg
2026-01-14T06:17:18Z,0.0,0.0,0.985,0.62451171875,0,1.9825370781379225e-06,7.647308844791814e-07,
2026-01-14T06:17:18Z,0.0,0.0,0.985,0.513671875,0,-2.144628728288258e-06,3.045932233456632e-07,
2026-01-14T06:17:19Z,0.0,0.0,1.037,0.69970703125,0,3.1363037718375866e-06,-6.582253848092154e-07,
2026-01-14T06:17:19Z,0.0,0.0,1.037,0.68359375,0,-4.5012160092874483e-07,-1.3167522568413653e-06,
2026-01-14T06:17:20Z,0.0,0.0,1.037,0.6162109375,0,2.0874132075095266e-06,8.022819458576743e-07,
2026-01-14T06:17:20Z,0.0,0.0,1.037,0.541015625,0,1.548038045734445e-06,-2.9345453809558317e-06,
2026-01-14T06:17:21Z,0.0,0.0,1.037,0.5263671875,0,-2.2511980096881355e-06,3.055860277370483e-07,
2026-01-14T06:17:21Z,0.0,0.0,1.076,0.69873046875,0,3.260292580405252e-06,-6.934343416705958e-07,
2026-01-14T06:17:22Z,0.0,0.0,1.076,0.68359375,0,-4.6571486863235984e-07,-1.367140650464986e-06,
2026-01-14T06:17:22Z,0.0,0.0,1.076,0.611328125,0,2.1655942666841983e-06,8.34815514158584e-07,
2026-01-14T06:17:23Z,0.0,0.0,1.076,0.53125,0,-2.350179223274371e-06,3.286694307930053e-07,
2026-01-14T06:17:23Z,0.0,0.0,0.943,0.7099609375,0,2.8557655437595873e-06,-6.047263672829256e-07,human_crops/human_1768371443.jpg
2026-01-14T06:17:24Z,0.0,0.0,0.943,0.67041015625,0,-4.110864292696156e-07,-1.202770479332595e-06,
2026-01-14T06:17:24Z,0.0,0.0,0.943,0.611328125,0,1.8978886583464212e-06,7.318617313496286e-07,
2026-01-14T06:17:24Z,0.0,0.0,0.943,0.5234375,0,-2.043945125187871e-06,2.7858663917664416e-07,
2026-01-14T06:17:25Z,0.0,0.0,1.049,0.7080078125,0,3.172556036875705e-06,-6.666791974702725e-07,
2026-01-14T06:17:25Z,0.0,0.0,1.049,0.69189453125,0,-4.4992953290601297e-07,-1.354326851691045e-06,
2026-01-14T06:17:26Z,0.0,0.0,1.049,0.59619140625,0,2.1118669907098314e-06,8.105361022728781e-07,
2026-01-14T06:17:26Z,0.0,0.0,1.049,0.5048828125,0,-2.277880589910285e-06,3.1539457165593356e-07,
2026-01-14T06:17:27Z,0.0,0.0,0.926,0.69970703125,0,2.8030708670894617e-06,-5.913070990271717e-07,
2026-01-14T06:17:27Z,0.0,0.0,0.926,0.69189453125,0,-3.9921829408815956e-07,-1.1686299550443469e-06,
2026-01-14T06:17:28Z,0.0,0.0,0.926,0.6259765625,0,1.859901595702911e-06,7.267403858292184e-07,
2026-01-14T06:17:28Z,0.0,0.0,1.02,0.705078125,0,3.0862555775959102e-06,-6.489000749150199e-07,human_crops/human_1768371448.jpg
2026-01-14T06:17:29Z,0.0,0.0,1.02,0.67578125,0,-4.4023925828087685e-07,-1.303746362348157e-06,
2026-01-14T06:17:29Z,0.0,0.0,1.02,0.62255859375,0,2.0549385434333837e-06,7.876372177251234e-07,
2026-01-14T06:17:30Z,0.0,0.0,1.02,0.61328125,0,1.5253929296775803e-06,-2.8789229955019832e-06,
2026-01-14T06:17:30Z,0.0,0.0,1.02,0.53125,0,-2.2119115380815126e-06,3.035030639453511e-07,
2026-01-14T06:17:31Z,0.0,0.0,0.988,0.7099609375,0,2.9923020877753525e-06,-6.304476295339498e-07,
2026-01-14T06:17:31Z,0.0,0.0,0.988,0.681640625,0,-4.242483276408007e-07,-1.25872619772039e-06,
2026-01-14T06:17:31Z,0.0,0.0,0.988,0.6162109375,0,1.9853975114484443e-06,7.755513466667865e-07,
2026-01-14T06:17:32Z,0.0,0.0,1.055,0.70166015625,0,3.1941919912306137e-06,-6.702209564410146e-07,
2026-01-14T06:17:32Z,0.0,0.0,1.055,0.68701171875,0,-4.541292273708688e-07,-1.3411006316916865e-06,
2026-01-14T06:17:33Z,0.0,0.0,1.055,0.6123046875,0,2.125321857162966e-06,8.185062590038848e-07,
2026-01-14T06:17:33Z,0.0,0.0,1.055,0.54296875,0,1.580355393157572e-06,-2.977320067245463e-06,
2026-01-14T06:17:34Z,0.0,0.0,1.055,0.537109375,0,-2.2845499546539756e-06,3.0998345018225396e-07,
2026-01-14T06:17:34Z,0.0,0.0,0.926,0.705078125,0,2.8046831641211214e-06,-5.945941976528908e-07,human_crops/human_1768371454.jpg
2026-01-14T06:17:35Z,0.0,0.0,0.926,0.68359375,0,-4.0008520158137656e-07,-1.1784880244105253e-06,
2026-01-14T06:17:35Z,0.0,0.0,0.926,0.63037109375,0,1.862174133372436e-06,7.201758530340329e-07,
2026-01-14T06:17:36Z,0.0,0.0,0.926,0.5341796875,0,-2.011940944193584e-06,2.7503553462012034e-07,
2026-01-14T06:17:36Z,0.0,0.0,0.926,0.5068359375,0,1.3817582039960927e-06,-2.6164854135717165e-06,
2026-01-14T06:17:37Z,0.0,0.0,0.999,0.7080078125,0,3.0247475134176117e-06,-6.43025556066383e-07,
2026-01-14T06:17:37Z,0.0,0.0,0.999,0.68701171875,0,-4.356321162235213e-07,-1.2671576653033108e-06,
2026-01-14T06:17:38Z,0.0,0.0,0.999,0.63037109375,0,2.009307228225971e-06,7.835568994109332e-07,
2026-01-14T06:17:38Z,0.0,0.0,0.999,0.5419921875,0,-2.17848010630635e-06,3.0283741585095717e-07,
2026-01-14T06:17:39Z,0.0,0.0,1.008,0.70166015625,0,3.052466369830537e-06,-6.486968220114167e-07,
2026-01-14T06:17:39Z,0.0,0.0,1.008,0.67822265625,0,-4.360958653589813e-07,-1.2842265828753634e-06,
2026-01-14T06:17:39Z,0.0,0.0,1.008,0.63818359375,0,2.0234679449423677e-06,7.885456612457408e-07,human_crops/human_1768371459.jpg
2026-01-14T06:17:40Z,0.0,0.0,1.008,0.5224609375,0,-2.1953076234799443e-06,3.0722181877797234e-07,
2026-01-14T06:17:40Z,0.0,0.0,1.129,0.6953125,0,3.41745968294889e-06,-7.225171430159997e-07,
2026-01-14T06:17:41Z,0.0,0.0,1.129,0.693359375,0,-4.84802552208859e-07,-1.4318634182562557e-06,
2026-01-14T06:17:41Z,0.0,0.0,1.129,0.63232421875,0,2.266585179431346e-06,8.838526783264049e-07,
2026-01-14T06:17:42Z,0.0,0.0,1.129,0.50390625,0,-2.4508287874135107e-06,3.356355792608908e-07,
2026-01-14T06:17:42Z,0.0,0.0,1.161,0.69970703125,0,3.5113958351380594e-06,-7.383401675696667e-07,
2026-01-14T06:17:43Z,0.0,0.0,1.161,0.6884765625,0,-4.993784641552891e-07,-1.472406388223697e-06,
2026-01-14T06:17:43Z,0.0,0.0,1.161,0.63671875,0,2.331028622051948e-06,9.062369668071889e-07,
2026-01-14T06:17:44Z,0.0,0.0,1.161,0.5458984375,0,-2.5234978301464126e-06,3.481441712644934e-07,
2026-01-14T06:17:44Z,0.0,0.0,0.976,0.72119140625,0,2.9544922274733416e-06,-6.24392854594163e-07,
2026-01-14T06:17:45Z,0.0,0.0,0.976,0.68994140625,0,-4.138168032590388e-07,-1.259245785318244e-06,human_crops/human_1768371465.jpg
2026-01-14T06:17:45Z,0.0,0.0,0.976,0.5849609375,0,1.9634295410814444e-06,7.549060404222022e-07,
2026-01-14T06:17:45Z,0.0,0.0,0.976,0.5185546875,0,-2.120391363433256e-06,2.905169272065025e-07,
2026-01-14T06:17:46Z,0.0,0.0,0.885,0.70166015625,0,2.673054564733885e-06,-5.54923992123917e-07,
2026-01-14T06:17:46Z,0.0,0.0,0.885,0.6884765625,0,-3.838370713068479e-07,-1.1256568536341892e-06,
2026-01-14T06:17:47Z,0.0,0.0,0.885,0.61865234375,0,1.7755879389001598e-06,6.93023600719745e-07,
2026-01-14T06:17:47Z,0.0,0.0,0.885,0.5341796875,0,-1.9300982444695713e-06,2.6178240817994284e-07,
2026-01-14T06:17:48Z,0.0,0.0,1.287,0.71435546875,0,3.885044635078579e-06,-8.287607609087974e-07,
2026-01-14T06:17:48Z,0.0,0.0,1.287,0.68505859375,0,-5.60783484254328e-07,-1.6299462104920708e-06,
2026-01-14T06:17:49Z,0.0,0.0,1.287,0.63623046875,0,2.5814859526739532e-06,1.0111190434007399e-06,
2026-01-14T06:17:49Z,0.0,0.0,1.287,0.525390625,0,-2.8055308166974787e-06,3.8722226034175894e-07,
2026-01-14T06:17:50Z,0.0,0.0,1.085,0.69189453125,0,-4.669013448840657e-07,-1.3716623817704482e-06,human_crops/human_1768371470.jpg
2026-01-14T06:17:50Z,0.0,0.0,1.085,0.6884765625,0,3.2811897635764778e-06,-6.96278588115038e-07,
2026-01-14T06:17:51Z,0.0,0.0,1.085,0.61767578125,0,2.177347636369784e-06,8.523986955323979e-07,
2026-01-14T06:17:51Z,0.0,0.0,1.085,0.5234375,0,-2.356666043117488e-06,3.178274568996045e-07,
2026-01-14T06:17:52Z,0.0,0.0,1.311,0.68505859375,0,3.972642191087211e-06,-8.244247795642048e-07,
2026-01-14T06:17:52Z,0.0,0.0,1.311,0.67236328125,0,-5.627713444408254e-07,-1.6793750153881605e-06,
2026-01-14T06:17:52Z,0.0,0.0,1.311,0.626953125,0,2.6365175249409224e-06,1.0210688514121282e-06,
2026-01-14T06:17:53Z,0.0,0.0,1.311,0.53759765625,0,-2.8447326177524254e-06,3.8720967412916413e-07,
2026-01-14T06:17:53Z,0.0,0.0,1.161,0.705078125,0,3.5160198342279544e-06,-7.39365057213787e-07,
2026-01-14T06:17:54Z,0.0,0.0,1.161,0.68505859375,0,-4.926083722575873e-07,-1.492486213989129e-06,
2026-01-14T06:17:54Z,0.0,0.0,1.161,0.6103515625,0,2.3327424976511697e-06,9.080230481142316e-07,
2026-01-14T06:17:55Z,0.0,0.0,1.161,0.52734375,0,-2.522254156740567e-06,3.4197619299090324e-07,
2026-01-14T06:17:55Z,0.0,0.0,1.085,0.71435546875,0,3.283963932928604e-06,-6.850200000777099e-07,human_crops/human_1768371475.jpg
2026-01-14T06:17:56Z,0.0,0.0,1.085,0.6953125,0,-4.671595321865269e-07,-1.3790408968502385e-06,
2026-01-14T06:17:56Z,0.0,0.0,1.085,0.6259765625,0,2.179903972969547e-06,8.512927243542955e-07,
2026-01-14T06:17:57Z,0.0,0.0,1.085,0.5068359375,0,-2.3549012297618187e-06,3.235264467216804e-07,
2026-01-14T06:17:57Z,0.0,0.0,1.052,0.71923828125,0,3.180481327034063e-06,-6.567212691421354e-07,
2026-01-14T06:17:58Z,0.0,0.0,1.052,0.681640625,0,-4.612580977022075e-07,-1.3319967096896995e-06,
2026-01-14T06:17:58Z,0.0,0.0,1.052,0.61865234375,0,2.1148383751202537e-06,8.234337403024698e-07,
2026-01-14T06:17:59Z,0.0,0.0,1.052,0.5283203125,0,1.5769718698999941e-06,-2.9650221517778134e-06,
2026-01-14T06:17:59Z,0.0,0.0,1.052,0.5263671875,0,-2.2876187619649235e-06,3.108884505097245e-07,
2026-01-14T06:18:00Z,0.0,0.0,1.14,0.68505859375,0,-4.901214399124193e-07,-1.4532197753026774e-06,
2026-01-14T06:18:00Z,0.0,0.0,1.14,0.68359375,0,3.4493069293519585e-06,-7.20503600500147e-07,
2026-01-14T06:18:00Z,0.0,0.0,1.14,0.59765625,0,2.2927391429206354e-06,8.867946962637536e-07,
2026-01-14T06:18:01Z,0.0,0.0,1.14,0.5263671875,0,-2.4753699409758606e-06,3.390716482461982e-07,
2026-01-14T06:18:01Z,0.0,0.0,0.996,0.70654296875,0,3.0152045005204494e-06,-6.334248679971982e-07,human_crops/human_1768371481.jpg
2026-01-14T06:18:02Z,0.0,0.0,0.996,0.681640625,0,-4.296325498393029e-07,-1.267870188859029e-06,
2026-01-14T06:18:02Z,0.0,0.0,0.996,0.626953125,0,2.0015818731729186e-06,7.767320126628316e-07,
2026-01-14T06:18:03Z,0.0,0.0,0.996,0.5224609375,0,-2.1543186736612127e-06,2.897297602388786e-07,
2026-01-14T06:18:03Z,0.0,0.0,1.014,0.71435546875,0,3.0669478518728648e-06,-6.499002778355068e-07,
2026-01-14T06:18:04Z,0.0,0.0,1.014,0.6953125,0,-4.3953331935161125e-07,-1.280339119941356e-06,
2026-01-14T06:18:04Z,0.0,0.0,1.014,0.64404296875,0,2.0363852284211904e-06,7.940751452214174e-07,
2026-01-14T06:18:05Z,0.0,0.0,1.014,0.50390625,0,1.5156216847235032e-06,-2.8632003412506466e-06,
2026-01-14T06:18:05Z,0.0,0.0,1.187,0.68505859375,0,-5.08193739590052e-07,-1.5167066266121557e-06,
2026-01-14T06:18:06Z,0.0,0.0,1.187,0.67236328125,0,3.5918432200214568e-06,-7.501197749930467e-07,
2026-01-14T06:18:06Z,0.0,0.0,1.187,0.60400390625,0,2.385731451137952e-06,9.269778058751141e-07,
2026-01-14T06:18:06Z,0.0,0.0,1.187,0.53125,0,-2.5743931707772415e-06,3.476029477482968e-07,
2026-01-14T06:18:07Z,0.0,0.0,1.123,0.7080078125,0,3.400946155470946e-06,-7.125691768096426e-07,human_crops/human_1768371487.jpg
2026-01-14T06:18:07Z,0.0,0.0,1.123,0.68994140625,0,-4.7461048567168315e-07,-1.444795423269261e-06,
2026-01-14T06:18:08Z,0.0,0.0,1.123,0.58984375,0,2.2580205793637524e-06,8.77415585743728e-07,
2026-01-14T06:18:08Z,0.0,0.0,1.123,0.5244140625,0,-2.4372309518210463e-06,3.3401918956839616e-07,
2026-01-14T06:18:09Z,0.0,0.0,1.029,0.69873046875,0,3.1146021837987747e-06,-6.494117621979337e-07,
2026-01-14T06:18:09Z,0.0,0.0,1.029,0.66015625,0,-4.428061904183826e-07,-1.3082593327112253e-06,
2026-01-14T06:18:10Z,0.0,0.0,1.029,0.60498046875,0,2.07192276173458e-06,7.981723933921326e-07,
2026-01-14T06:18:10Z,0.0,0.0,1.029,0.53759765625,0,-2.2271018593794414e-06,2.9953946005831043e-07,
2026-01-14T06:18:11Z,0.0,0.0,1.108,0.705078125,0,3.356619446984115e-06,-7.06315296602568e-07,
2026-01-14T06:18:11Z,0.0,0.0,1.108,0.68994140625,0,-4.788913047791169e-07,-1.4059147006867973e-06,
2026-01-14T06:18:12Z,0.0,0.0,1.108,0.63623046875,0,2.227173096763527e-06,8.656054266561395e-07,
2026-01-14T06:18:12Z,0.0,0.0,1.108,0.53515625,0,-2.4078177471580184e-06,3.2779039746790117e-07,
2026-01-14T06:18:13Z,0.0,0.0,0.993,0.69970703125,0,3.0073798670384533e-06,-6.313135419308286e-07,human_crops/human_1768371493.jpg
2026-01-14T06:18:13Z,0.0,0.0,0.993,0.68701171875,0,-4.270943842007954e-07,-1.2644166758128257e-06,
2026-01-14T06:18:14Z,0.0,0.0,0.993,0.6416015625,0,1.9890521177534375e-06,7.781535787026179e-07,
2026-01-14T06:18:14Z,0.0,0.0,0.993,0.525390625,0,-2.1573661584039743e-06,2.9225127160407525e-07,
2026-01-14T06:18:14Z,0.0,0.0,0.993,0.517578125,0,1.4869133201480505e-06,-2.796074889277848e-06,
2026-01-14T06:18:15Z,0.0,0.0,1.102,0.71630859375,0,3.3396312090734875e-06,-7.056800797305953e-07,
2026-01-14T06:18:15Z,0.0,0.0,1.102,0.68505859375,0,-4.71883626120161e-07,-1.4084622381224282e-06,
2026-01-14T06:18:16Z,0.0,0.0,1.102,0.61962890625,0,2.2159500230996417e-06,8.576587932211781e-07,
2026-01-14T06:18:16Z,0.0,0.0,1.102,0.5185546875,0,1.6507228839910586e-06,-3.105032922804915e-06,
2026-01-14T06:18:17Z,0.0,0.0,1.102,0.5185546875,0,-2.387894235550862e-06,3.169548372861116e-07,
2026-01-14T06:18:17Z,0.0,0.0,1.102,0.6884765625,0,3.3366759402409162e-06,-6.998839175057318e-07,
2026-01-14T06:18:18Z,0.0,0.0,1.102,0.67822265625,0,-4.7671316272576993e-07,-1.3988970432671542e-06,human_crops/human_1768371498.jpg
2026-01-14T06:18:18Z,0.0,0.0,1.102,0.63427734375,0,2.2098632779051253e-06,8.57822024332187e-07,
2026-01-14T06:18:19Z,0.0,0.0,1.102,0.5205078125,0,-2.3933397472246174e-06,3.222123819795888e-07,
2026-01-14T06:18:19Z,0.0,0.0,1.102,0.5009765625,0,1.64922011267763e-06,-3.1147554185724415e-06,
2026-01-14T06:18:20Z,0.0,0.0,1.114,0.72412109375,0,3.3754646619152332e-06,-7.127466602963802e-07,
2026-01-14T06:18:20Z,0.0,0.0,1.114,0.69677734375,0,-4.774880210357449e-07,-1.4351160726067813e-06,
2026-01-14T06:18:20Z,0.0,0.0,1.114,0.59375,0,2.239877901002698e-06,8.677890288159044e-07,
2026-01-14T06:18:21Z,0.0,0.0,1.114,0.5302734375,0,-2.415942417194885e-06,3.2531824178747253e-07,
2026-01-14T06:18:21Z,0.0,0.0,1.161,0.71435546875,0,3.518976903886686e-06,-7.419029561801977e-07,
2026-01-14T06:18:22Z,0.0,0.0,1.161,0.68017578125,0,-4.993823565800447e-07,-1.4826811962452027e-06,
2026-01-14T06:18:22Z,0.0,0.0,1.161,0.61962890625,0,2.3355648467006173e-06,9.054382938694402e-07,
2026-01-14T06:18:23Z,0.0,0.0,1.161,0.525390625,0,-2.51937025360326e-06,3.3901473600015923e-07,
2026-01-14T06:18:23Z,0.0,0.0,1.199,0.7080078125,0,3.634883524618177e-06,-7.685659573132607e-07,human_crops/human_1768371503.jpg
2026-01-14T06:18:24Z,0.0,0.0,1.199,0.68505859375,0,-5.171352641869912e-07,-1.5290778349373292e-06,
2026-01-14T06:18:24Z,0.0,0.0,1.199,0.63232421875,0,2.412998132699482e-06,9.329939302376964e-07,
2026-01-14T06:18:25Z,0.0,0.0,1.199,0.62158203125,0,1.799625492761644e-06,-3.385389650977112e-06,
2026-01-14T06:18:25Z,0.0,0.0,1.199,0.5146484375,0,-2.60178405274409e-06,3.441402398769441e-07,
2026-01-14T06:18:26Z,0.0,0.0,1.173,0.7080078125,0,3.543936457598398e-06,-7.523667543796766e-07,
2026-01-14T06:18:26Z,0.0,0.0,1.173,0.68701171875,0,-5.053712598582947e-07,-1.4891594985663155e-06,
2026-01-14T06:18:27Z,0.0,0.0,1.173,0.62255859375,0,2.3589686868434313e-06,9.178777441564819e-07,
2026-01-14T06:18:27Z,0.0,0.0,1.173,0.515625,0,1.7620290491870224e-06,-3.314091833243793e-06,
2026-01-14T06:18:28Z,0.0,0.0,1.27,0.69677734375,0,3.84783492855689e-06,-8.110813930361561e-07,
2026-01-14T06:18:28Z,0.0,0.0,1.27,0.67138671875,0,-5.399976681231824e-07,-1.6291008164040898e-06,
2026-01-14T06:18:28Z,0.0,0.0,1.27,0.60302734375,0,2.561530594055196e-06,9.764839751036077e-07,human_crops/human_1768371508.jpg
2026-01-14T06:18:29Z,0.0,0.0,1.27,0.53515625,0,-2.748376826879643e-06,3.647861382581374e-07,
2026-01-14T06:18:29Z,0.0,0.0,1.27,0.52734375,0,1.9030487439404155e-06,-3.5826790625951987e-06,
2026-01-14T06:18:30Z,0.0,0.0,1.396,0.71923828125,0,4.2335311539645605e-06,-8.999933428412968e-07,
2026-01-14T06:18:30Z,0.0,0.0,1.396,0.67431640625,0,-5.980918086588568e-07,-1.797426521372149e-06,
2026-01-14T06:18:31Z,0.0,0.0,1.396,0.62255859375,0,2.8115430699731265e-06,1.081843161392047e-06,
2026-01-14T06:18:31Z,0.0,0.0,1.396,0.5166015625,0,-3.028541583897146e-06,4.088773580205821e-07,
2026-01-14T06:18:32Z,0.0,0.0,1.226,0.703125,0,3.7118931459170034e-06,-7.822193659149293e-07,
2026-01-14T06:18:32Z,0.0,0.0,1.226,0.67626953125,0,-5.330418345685009e-07,-1.5665843859986118e-06,
2026-01-14T06:18:33Z,0.0,0.0,1.226,0.61865234375,0,2.4669809592466445e-06,9.50909574003433e-07,
2026-01-14T06:18:33Z,0.0,0.0,1.226,0.57568359375,0,1.8378249205235896e-06,-3.4645353782430733e-06,
2026-01-14T06:18:33Z,0.0,0.0,1.226,0.5166015625,0,-2.657313271098503e-06,3.5779907933370756e-07,
2026-01-14T06:18:34Z,0.0,0.0,1.364,0.70166015625,0,4.129546067108331e-06,-8.696649801808205e-07,human_crops/human_1768371514.jpg
2026-01-14T06:18:34Z,0.0,0.0,1.364,0.6884765625,0,-5.850804078256306e-07,-1.7278582499662336e-06,
2026-01-14T06:18:35Z,0.0,0.0,1.364,0.62060546875,0,2.7445498993564857e-06,1.0585500813140834e-06,
2026-01-14T06:18:35Z,0.0,0.0,1.364,0.541015625,0,-2.9565621265030654e-06,3.987073521771986e-07,
2026-01-14T06:18:36Z,0.0,0.0,1.349,0.68701171875,0,-5.834871864566787e-07,-1.7299682538121755e-06,
2026-01-14T06:18:36Z,0.0,0.0,1.349,0.67822265625,0,4.088929500827383e-06,-8.553625949191176e-07,
2026-01-14T06:18:37Z,0.0,0.0,1.349,0.5849609375,0,2.7131301050337663e-06,1.0484148034090896e-06,
2026-01-14T06:18:37Z,0.0,0.0,1.349,0.517578125,0,-2.9293660862783412e-06,3.958469977147207e-07,
2026-01-14T06:18:38Z,0.0,0.0,1.155,0.73193359375,0,3.4978930768081316e-06,-7.40345020422864e-07,
2026-01-14T06:18:38Z,0.0,0.0,1.155,0.68505859375,0,-4.971280494284015e-07,-1.487096875555538e-06,
2026-01-14T06:18:39Z,0.0,0.0,1.155,0.60595703125,0,2.325024306189367e-06,8.92046817266061e-07,
2026-01-14T06:18:39Z,0.0,0.0,1.155,0.5185546875,0,-2.506873652382507e-06,3.4100174879810466e-07,
2026-01-14T06:18:40Z,0.0,0.0,1.252,0.712890625,0,3.7935039216634804e-06,-8.044999768776611e-07,human_crops/human_1768371520.jpg
2026-01-14T06:18:40Z,0.0,0.0,1.252,0.68017578125,0,-5.343858185027395e-07,-1.6129079954293345e-06,
2026-01-14T06:18:41Z,0.0,0.0,1.252,0.62353515625,0,2.516096453228114e-06,9.761827167829355e-07,
2026-01-14T06:18:41Z,0.0,0.0,1.252,0.515625,0,-2.718684243952628e-06,3.7277205014860086e-07,
2026-01-14T06:18:41Z,0.0,0.0,1.284,0.705078125,0,3.889570524241595e-06,-8.240767192501354e-07,
2026-01-14T06:18:42Z,0.0,0.0,1.284,0.693359375,0,-5.557516802988495e-07,-1.6324267202062044e-06,
2026-01-14T06:18:42Z,0.0,0.0,1.284,0.62158203125,0,2.581554816126032e-06,9.982459079101424e-07,
2026-01-14T06:18:43Z,0.0,0.0,1.284,0.5390625,0,-2.785038283459225e-06,3.7554885515819275e-07,
2026-01-14T06:18:43Z,0.0,0.0,1.52,0.69189453125,0,4.600421210087129e-06,-9.659493108606836e-07,
2026-01-14T06:18:44Z,0.0,0.0,1.52,0.669921875,0,-6.561766210944847e-07,-1.9428231180029266e-06,
2026-01-14T06:18:44Z,0.0,0.0,1.52,0.62451171875,0,3.0542345237124465e-06,1.1868131196258888e-06,
2026-01-14T06:18:45Z,0.0,0.0,1.52,0.53125,0,-3.2952722746787707e-06,4.427381169967314e-07,
2026-01-14T06:18:45Z,0.0,0.0,1.452,0.705078125,0,4.398664037590746e-06,-9.240625895433113e-07,human_crops/human_1768371525.jpg
2026-01-14T06:18:46Z,0.0,0.0,1.452,0.67626953125,0,-6.221849675981611e-07,-1.851022717170476e-06,
2026-01-14T06:18:46Z,0.0,0.0,1.452,0.61328125,0,2.9236066039406824e-06,1.1282262984988138e-06,
2026-01-14T06:18:47Z,0.0,0.0,1.452,0.517578125,0,-3.1451132944443348e-06,4.2400838140653203e-07,
2026-01-14T06:18:47Z,0.0,0.0,1.455,0.712890625,0,4.405776408547299e-06,-9.212921336313603e-07,
2026-01-14T06:18:48Z,0.0,0.0,1.455,0.6953125,0,-6.264946188539512e-07,-1.8564128336828612e-06,
2026-01-14T06:18:48Z,0.0,0.0,1.455,0.64013671875,0,2.927554682720136e-06,1.135192367817647e-06,
2026-01-14T06:18:48Z,0.0,0.0,1.455,0.57080078125,0,2.184672591555384e-06,-4.109643895836921e-06,
2026-01-14T06:18:49Z,0.0,0.0,1.455,0.5439453125,0,-3.1514704516386682e-06,4.248596496297153e-07,
2026-01-14T06:18:49Z,0.0,0.0,1.243,0.71923828125,0,3.7677514332851258e-06,-7.976342577064216e-07,
2026-01-14T06:18:50Z,0.0,0.0,1.243,0.67626953125,0,-5.338994330633161e-07,-1.58416734155747e-06,
2026-01-14T06:18:50Z,0.0,0.0,1.243,0.62841796875,0,2.4993484306582285e-06,9.702146687871989e-07,human_crops/human_1768371530.jpg
2026-01-14T06:18:51Z,0.0,0.0,1.243,0.54736328125,0,-2.6976410238016066e-06,3.566227310956768e-07,
2026-01-14T06:18:51Z,0.0,0.0,1.364,0.72900390625,0,4.133867719016714e-06,-8.745502727552034e-07,
2026-01-14T06:18:52Z,0.0,0.0,1.364,0.693359375,0,-5.907033235534938e-07,-1.728953164673927e-06,
2026-01-14T06:18:52Z,0.0,0.0,1.364,0.63037109375,0,2.742285543121908e-06,1.0655246430524889e-06,
2026-01-14T06:18:53Z,0.0,0.0,1.364,0.61962890625,0,2.0352391064796953e-06,-3.845945435280914e-06,
2026-01-14T06:18:53Z,0.0,0.0,1.364,0.537109375,0,-2.9628188413673276e-06,3.9694636148026164e-07,
2026-01-14T06:18:54Z,0.0,0.0,1.364,0.703125,0,4.129334395798086e-06,-8.648406042596708e-07,
2026-01-14T06:18:54Z,0.0,0.0,1.364,0.68359375,0,-5.810649681338342e-07,-1.7472700750599464e-06,
2026-01-14T06:18:54Z,0.0,0.0,1.364,0.60791015625,0,2.7459970151980396e-06,1.0591571806647695e-06,
2026-01-14T06:18:55Z,0.0,0.0,1.364,0.53759765625,0,-2.962227402722576e-06,3.973117272263371e-07,
2026-01-14T06:18:55Z,0.0,0.0,1.337,0.69873046875,0,4.050388499894463e-06,-8.504754567320861e-07,human_crops/human_1768371535.jpg
2026-01-14T06:18:56Z,0.0,0.0,1.337,0.6884765625,0,-5.705425639143935e-07,-1.7236274600864704e-06,
2026-01-14T06:18:56Z,0.0,0.0,1.337,0.59912109375,0,2.6959909052358936e-06,1.031109150709807e-06,
2026-01-14T06:18:57Z,0.0,0.0,1.337,0.515625,0,-2.897014354615152e-06,3.844909805519759e-07,
2026-01-14T06:18:57Z,0.0,0.0,1.367,0.69873046875,0,4.138387456618443e-06,-8.646588350606997e-07,
2026-01-14T06:18:58Z,0.0,0.0,1.367,0.69677734375,0,-5.819598539959933e-07,-1.750970019054179e-06,
2026-01-14T06:18:58Z,0.0,0.0,1.367,0.6162109375,0,2.75125428895226e-06,1.0629881739957861e-06,
2026-01-14T06:18:59Z,0.0,0.0,1.367,0.53759765625,0,-2.959843905980958e-06,3.8654818986854216e-07,
2026-01-14T06:18:59Z,0.0,0.0,1.223,0.68701171875,0,-5.249411148744995e-07,-1.549690855936944e-06,
2026-01-14T06:19:00Z,0.0,0.0,1.223,0.68017578125,0,3.704844084370666e-06,-7.768248417671291e-07,
2026-01-14T06:19:00Z,0.0,0.0,1.223,0.64013671875,0,2.4566700361916898e-06,9.487580914856738e-07,
2026-01-14T06:19:01Z,0.0,0.0,1.223,0.537109375,0,1.8364657566822033e-06,-3.4533557673884976e-06,
2026-01-14T06:19:01Z,0.0,0.0,1.223,0.5302734375,0,-2.652145807331976e-06,3.559696122591146e-07,
2026-01-14T06:19:01Z,0.0,0.0,1.22,0.71142578125,0,3.6851681082754316e-06,-7.827355498695967e-07,human_crops/human_1768371541.jpg
2026-01-14T06:19:02Z,0.0,0.0,1.22,0.68359375,0,-5.226545357892759e-07,-1.5560047509480256e-06,
2026-01-14T06:19:02Z,0.0,0.0,1.22,0.63134765625,0,2.4566106885178346e-06,9.47206331012062e-07,
2026-01-14T06:19:03Z,0.0,0.0,1.329,0.7099609375,0,4.030571144965521e-06,-8.570336776820574e-07,
2026-01-14T06:19:03Z,0.0,0.0,1.329,0.6748046875,0,-5.66987192320181e-07,-1.7163537618513516e-06,
2026-01-14T06:19:04Z,0.0,0.0,1.329,0.62060546875,0,2.676389045943368e-06,1.0294019695236225e-06,
2026-01-14T06:19:04Z,0.0,0.0,1.329,0.521484375,0,-2.876136590630217e-06,3.810879265062513e-07,
2026-01-14T06:19:05Z,0.0,0.0,1.211,0.68994140625,0,-5.195201309523324e-07,-1.56367521727816e-06,
2026-01-14T06:19:05Z,0.0,0.0,1.211,0.68505859375,0,3.6689660382714815e-06,-7.726234048372083e-07,
2026-01-14T06:19:06Z,0.0,0.0,1.211,0.60107421875,0,2.4407880842343448e-06,9.356369144198065e-07,
2026-01-14T06:19:06Z,0.0,0.0,1.211,0.5322265625,0,-2.6261686704341624e-06,3.4639917317978623e-07,
2026-01-14T06:19:07Z,0.0,0.0,1.332,0.69677734375,0,4.040276803672469e-06,-8.475096577074978e-07,human_crops/human_1768371547.jpg
2026-01-14T06:19:07Z,0.0,0.0,1.332,0.6953125,0,-5.666034312845334e-07,-1.7172922914270712e-06,
2026-01-14T06:19:08Z,0.0,0.0,1.332,0.5830078125,0,2.6816272465535447e-06,1.032445854343521e-06,
2026-01-14T06:19:08Z,0.0,0.0,1.332,0.53125,0,-2.8937406720450512e-06,3.8879980480323427e-07,
2026-01-14T06:19:09Z,0.0,0.0,1.358,0.693359375,0,-5.838186572188829e-07,-1.7512809685243605e-06,
2026-01-14T06:19:09Z,0.0,0.0,1.358,0.68994140625,0,4.113851803978386e-06,-8.746980140770283e-07,
2026-01-14T06:19:09Z,0.0,0.0,1.358,0.58251953125,0,2.737271204682057e-06,1.0409951032336807e-06,
2026-01-14T06:19:10Z,0.0,0.0,1.358,0.5224609375,0,-2.9511280732836714e-06,3.937164174627071e-07,
2026-01-14T06:19:10Z,0.0,0.0,1.358,0.681640625,0,-5.793525197772436e-07,-1.7430213475952076e-06,
2026-01-14T06:19:11Z,0.0,0.0,1.358,0.68017578125,0,4.1082174500172976e-06,-8.616668872857408e-07,
2026-01-14T06:19:11Z,0.0,0.0,1.358,0.611328125,0,2.7256228334163217e-06,1.0510731111968644e-06,
2026-01-14T06:19:12Z,0.0,0.0,1.358,0.541015625,0,-2.948512482626855e-06,3.9075125852380765e-07,
2026-01-14T06:19:12Z,0.0,0.0,1.446,0.6953125,0,4.368251787467217e-06,-9.37575554032765e-07,human_crops/human_1768371552.jpg
2026-01-14T06:19:13Z,0.0,0.0,1.446,0.68505859375,0,-6.213483139681302e-07,-1.8469847090125778e-06,
2026-01-14T06:19:13Z,0.0,0.0,1.446,0.650390625,0,2.907010189713991e-06,1.1265038387398433e-06,
2026-01-14T06:19:14Z,0.0,0.0,1.446,0.501953125,0,2.1698264804999064e-06,-4.093792275035e-06,
2026-01-14T06:19:14Z,0.0,0.0,1.496,0.7080078125,0,4.514066942126091e-06,-9.604816685451349e-07,
2026-01-14T06:19:15Z,0.0,0.0,1.496,0.693359375,0,-6.502340742128469e-07,-1.8973903339683694e-06,
2026-01-14T06:19:15Z,0.0,0.0,1.496,0.63037109375,0,3.0066125463774414e-06,1.1658499625777486e-06,
2026-01-14T06:19:15Z,0.0,0.0,1.496,0.50390625,0,2.2354904316617616e-06,-4.21715846212905e-06,
2026-01-14T06:19:16Z,0.0,0.0,1.496,0.501953125,0,-3.250907758877194e-06,4.3547669538481237e-07,
2026-01-14T06:19:16Z,0.0,0.0,1.382,0.693359375,0,4.183849410368483e-06,-8.79774495004034e-07,
2026-01-14T06:19:17Z,0.0,0.0,1.382,0.68505859375,0,-5.931316864174798e-07,-1.748142076856692e-06,
2026-01-14T06:19:17Z,0.0,0.0,1.382,0.62158203125,0,2.7707844652840543e-06,1.079368276246988e-06,human_crops/human_1768371557.jpg
2026-01-14T06:19:18Z,0.0,0.0,1.382,0.5263671875,0,-3.001691749101012e-06,4.038383002982158e-07,
2026-01-14T06:19:18Z,0.0,0.0,1.382,0.505859375,0,2.070519518046451e-06,-3.902613259335163e-06,
2026-01-14T06:19:19Z,0.0,0.0,1.405,0.69873046875,0,4.2578177220362876e-06,-8.920088639684741e-07,
2026-01-14T06:19:19Z,0.0,0.0,1.405,0.68994140625,0,-6.055711445439851e-07,-1.800109540710169e-06,
2026-01-14T06:19:20Z,0.0,0.0,1.405,0.5947265625,0,2.8254355981862603e-06,1.091133198857015e-06,
2026-01-14T06:19:20Z,0.0,0.0,1.405,0.5224609375,0,-3.0503830163208153e-06,4.108462886878394e-07,
2026-01-14T06:19:21Z,0.0,0.0,1.273,0.69677734375,0,3.858006614338876e-06,-8.07945034086129e-07,
2026-01-14T06:19:21Z,0.0,0.0,1.273,0.68994140625,0,-5.494345895256547e-07,-1.635781183555048e-06,
2026-01-14T06:19:22Z,0.0,0.0,1.273,0.5947265625,0,2.5641338120248363e-06,9.813245498858421e-07,
2026-01-14T06:19:22Z,0.0,0.0,1.273,0.533203125,0,-2.764456425500535e-06,3.6752461460841117e-07,
2026-01-14T06:19:23Z,0.0,0.0,1.32,0.69677734375,0,-5.669779150811529e-07,-1.7006957769935044e-06,human_crops/human_1768371563.jpg
2026-01-14T06:19:23Z,0.0,0.0,1.32,0.6884765625,0,3.995265157998469e-06,-8.407454858786026e-07,
2026-01-14T06:19:23Z,0.0,0.0,1.32,0.57470703125,0,2.6591894806391192e-06,1.0174299534791294e-06,
2026-01-14T06:19:24Z,0.0,0.0,1.32,0.5361328125,0,-2.8701042616206477e-06,3.8819299793192423e-07,
2026-01-14T06:19:24Z,0.0,0.0,1.543,0.7080078125,0,4.674763109096978e-06,-9.93767422166242e-07,
2026-01-14T06:19:25Z,0.0,0.0,1.543,0.6953125,0,-6.629902454344216e-07,-1.9893273233526303e-06,
2026-01-14T06:19:25Z,0.0,0.0,1.543,0.57470703125,0,3.1084769226100707e-06,1.1876684280780201e-06,
2026-01-14T06:19:26Z,0.0,0.0,1.543,0.5234375,0,-3.3549634480832867e-06,4.527308469061586e-07,
2026-01-14T06:19:26Z,0.0,0.0,1.182,0.7080078125,0,3.578555362758852e-06,-7.615427752782713e-07,
2026-01-14T06:19:27Z,0.0,0.0,1.182,0.69873046875,0,-5.074901511479874e-07,-1.522848304613675e-06,
2026-01-14T06:19:27Z,0.0,0.0,1.182,0.59619140625,0,2.3752963584216806e-06,9.165250897121965e-07,
2026-01-14T06:19:28Z,0.0,0.0,1.182,0.5068359375,0,-2.570582918847672e-06,3.430108825890157e-07,
2026-01-14T06:19:28Z,0.0,0.0,1.517,0.70166015625,0,4.591610992129967e-06,-9.77497994029e-07,human_crops/human_1768371568.jpg
2026-01-14T06:19:29Z,0.0,0.0,1.517,0.6953125,0,-6.511093498224396e-07,-1.9657021346538264e-06,
2026-01-14T06:19:29Z,0.0,0.0,1.517,0.59619140625,0,3.051860049745695e-06,1.166949893479365e-06,
2026-01-14T06:19:29Z,0.0,0.0,1.517,0.525390625,0,-3.296884967130432e-06,4.414386233619523e-07,
2026-01-14T06:19:30Z,0.0,0.0,1.517,0.5185546875,0,2.2635526492771224e-06,-4.277934894703e-06,
2026-01-14T06:19:30Z,0.0,0.0,1.267,0.7099609375,0,3.836283963861919e-06,-8.109170186026181e-07,
2026-01-14T06:19:31Z,0.0,0.0,1.267,0.6669921875,0,-5.409714991448918e-07,-1.6253573074148513e-06,
2026-01-14T06:19:31Z,0.0,0.0,1.267,0.62060546875,0,2.5483604813970655e-06,9.841559369603525e-07,
2026-01-14T06:19:32Z,0.0,0.0,1.267,0.51953125,0,-2.7494402811574823e-06,3.761147288636629e-07,
2026-01-14T06:19:32Z,0.0,0.0,1.267,0.51171875,0,1.893307956999203e-06,-3.5710032523969744e-06,
2026-01-14T06:19:33Z,0.0,0.0,1.546,0.71826171875,0,4.671853088271325e-06,-1.0029331739316063e-06,
2026-01-14T06:19:33Z,0.0,0.0,1.546,0.69873046875,0,-6.700876984619187e-07,-1.961104499017837e-06,human_crops/human_1768371573.jpg
2026-01-14T06:19:34Z,0.0,0.0,1.546,0.642578125,0,3.1095337522747856e-06,1.2040045747354178e-06,
2026-01-14T06:19:34Z,0.0,0.0,1.546,0.54736328125,0,2.3118179278317812e-06,-4.358993614994254e-06,
2026-01-14T06:19:35Z,0.0,0.0,1.546,0.521484375,0,-3.3548262077817982e-06,4.4543168946677976e-07,
2026-01-14T06:19:35Z,0.0,0.0,1.267,0.69970703125,0,-5.457375329019297e-07,-1.6248716322453434e-06,
2026-01-14T06:19:36Z,0.0,0.0,1.267,0.68359375,0,3.837696630563017e-06,-8.081552338571202e-07,
2026-01-14T06:19:36Z,0.0,0.0,1.267,0.591796875,0,2.555504509485815e-06,9.758298899522653e-07,
2026-01-14T06:19:36Z,0.0,0.0,1.267,0.529296875,0,1.8998781672831734e-06,-3.579466895947366e-06,
2026-01-14T06:19:37Z,0.0,0.0,1.267,0.5234375,0,-2.74994176703315e-06,3.692091427278845e-07,
2026-01-14T06:19:37Z,0.0,0.0,1.602,0.6953125,0,-6.899765729583648e-07,-2.0563732533087657e-06,
2026-01-14T06:19:38Z,0.0,0.0,1.602,0.681640625,0,4.857279019958135e-06,-1.0329983671890919e-06,
2026-01-14T06:19:38Z,0.0,0.0,1.602,0.59521484375,0,3.2310789786143187e-06,1.2321596900592636e-06,
2026-01-14T06:19:39Z,0.0,0.0,1.602,0.5322265625,0,-3.4709730820371245e-06,4.618649335277763e-07,
2026-01-14T06:19:39Z,0.0,0.0,1.655,0.68994140625,0,5.017104904860716e-06,-1.051432063487057e-06,human_crops/human_1768371579.jpg
2026-01-14T06:19:40Z,0.0,0.0,1.655,0.68505859375,0,-7.105382502123645e-07,-2.1327189664258533e-06,
2026-01-14T06:19:40Z,0.0,0.0,1.655,0.60888671875,0,3.334806412193031e-06,1.2747809145485352e-06,
2026-01-14T06:19:41Z,0.0,0.0,1.655,0.53515625,0,-3.5952775505929995e-06,4.816455664352229e-07,
2026-01-14T06:19:41Z,0.0,0.0,1.487,0.71142578125,0,4.501750574901967e-06,-9.509485818520488e-07,
2026-01-14T06:19:42Z,0.0,0.0,1.487,0.69677734375,0,-6.365247774681041e-07,-1.9131101136203903e-06,
2026-01-14T06:19:42Z,0.0,0.0,1.487,0.59521484375,0,2.994699443928119e-06,1.14684351556762e-06,
2026-01-14T06:19:43Z,0.0,0.0,1.487,0.52734375,0,-3.2319401866671996e-06,4.340935234095979e-07,
2026-01-14T06:19:43Z,0.0,0.0,1.487,0.515625,0,2.221516826105198e-06,-4.190274602108785e-06,
2026-01-14T06:19:43Z,0.0,0.0,1.723,0.7099609375,0,5.220852620566651e-06,-1.1061863111269657e-06,
2026-01-14T06:19:44Z,0.0,0.0,1.723,0.68505859375,0,-7.341751792330321e-07,-2.2287939612341836e-06,
2026-01-14T06:19:44Z,0.0,0.0,1.723,0.61376953125,0,3.46646461814827e-06,1.3398958443201827e-06,human_crops/human_1768371584.jpg
2026-01-14T06:19:45Z,0.0,0.0,1.723,0.5068359375,0,-3.743094579854394e-06,5.028824228855634e-07,
2026-01-14T06:19:45Z,0.0,0.0,1.643,0.73046875,0,4.974593472259424e-06,-1.0475293156936764e-06,
2026-01-14T06:19:46Z,0.0,0.0,1.643,0.68701171875,0,-6.941877364065835e-07,-2.1375115732084165e-06,
2026-01-14T06:19:46Z,0.0,0.0,1.643,0.59033203125,0,3.306505078503572e-06,1.275262847239375e-06,
2026-01-14T06:19:47Z,0.0,0.0,1.643,0.5849609375,0,2.4626978344122286e-06,-4.6418372983710264e-06,
2026-01-14T06:19:47Z,0.0,0.0,1.643,0.5205078125,0,-3.562090964494959e-06,4.835331816022788e-07,
2026-01-14T06:19:48Z,0.0,0.0,1.426,0.70654296875,0,4.321939452081285e-06,-9.180925182954533e-07,
2026-01-14T06:19:48Z,0.0,0.0,1.426,0.6953125,0,-6.155945930724094e-07,-1.8141173793680328e-06,
2026-01-14T06:19:49Z,0.0,0.0,1.426,0.63134765625,0,2.874064054583432e-06,1.09780574286732e-06,
2026-01-14T06:19:49Z,0.0,0.0,1.426,0.529296875,0,-3.0937483393215534e-06,4.1512280859699575e-07,
2026-01-14T06:19:50Z,0.0,0.0,1.411,0.7099609375,0,4.270083795078881e-06,-9.140363480309731e-07,human_crops/human_1768371590.jpg
2026-01-14T06:19:50Z,0.0,0.0,1.411,0.69189453125,0,-6.113029571642655e-07,-1.809321066928216e-06,
2026-01-14T06:19:50Z,0.0,0.0,1.411,0.6162109375,0,2.8392800516141635e-06,1.0922603557490551e-06,
2026-01-14T06:19:51Z,0.0,0.0,1.411,0.529296875,0,-3.062420439328115e-06,4.0226434719017663e-07,
2026-01-14T06:19:51Z,0.0,0.0,1.411,0.525390625,0,2.108961528755294e-06,-3.992883625166865e-06,
2026-01-14T06:19:52Z,0.0,0.0,1.484,0.69677734375,0,-6.3049066873816e-07,-1.889296715960782e-06,
2026-01-14T06:19:52Z,0.0,0.0,1.484,0.6884765625,0,4.489680525969729e-06,-9.360534425430429e-07,
2026-01-14T06:19:53Z,0.0,0.0,1.484,0.61376953125,0,2.979867861019574e-06,1.1490784611425839e-06,
2026-01-14T06:19:53Z,0.0,0.0,1.484,0.5419921875,0,-3.221563106355327e-06,4.351008583943912e-07,
2026-01-14T06:19:54Z,0.0,0.0,1.484,0.5283203125,0,2.2267661973568254e-06,-4.192468625440061e-06,
2026-01-14T06:19:54Z,0.0,0.0,1.487,0.7099609375,0,4.503634274305592e-06,-9.436305203989325e-07,
2026-01-14T06:19:55Z,0.0,0.0,1.487,0.68505859375,0,-6.365361285944173e-07,-1.9053366438585823e-06,human_crops/human_1768371595.jpg
2026-01-14T06:19:55Z,0.0,0.0,1.487,0.62255859375,0,2.994676956426675e-06,1.153106081896408e-06,
2026-01-14T06:19:55Z,0.0,0.0,1.487,0.58056640625,0,2.232491732579656e-06,-4.198206601096688e-06,
2026-01-14T06:19:56Z,0.0,0.0,1.487,0.521484375,0,-3.226803159012217e-06,4.263664156538161e-07,
2026-01-14T06:19:56Z,0.0,0.0,1.273,0.70166015625,0,3.855657626460991e-06,-8.079708092525338e-07,
2026-01-14T06:19:57Z,0.0,0.0,1.273,0.69873046875,0,-5.467774175255232e-07,-1.6272330840867203e-06,
2026-01-14T06:19:57Z,0.0,0.0,1.273,0.60302734375,0,2.5600873419024268e-06,9.947146335898543e-07,
2026-01-14T06:19:58Z,0.0,0.0,1.273,0.56787109375,0,1.9055297449898413e-06,-3.5969936478305746e-06,
2026-01-14T06:19:58Z,0.0,0.0,1.273,0.5126953125,0,-2.7622126596003014e-06,3.6519821197665666e-07,
2026-01-14T06:19:59Z,0.0,0.0,1.537,0.7080078125,0,4.651245864189334e-06,-9.820343298244318e-07,
2026-01-14T06:19:59Z,0.0,0.0,1.537,0.69873046875,0,-6.609075414180382e-07,-1.9521970287503525e-06,
2026-01-14T06:20:00Z,0.0,0.0,1.537,0.615234375,0,3.0915074253808977e-06,1.2025781680780606e-06,human_crops/human_1768371600.jpg
2026-01-14T06:20:00Z,0.0,0.0,1.537,0.521484375,0,-3.3345771238108286e-06,4.423770816012407e-07,
2026-01-14T06:20:01Z,0.0,0.0,1.561,0.72119140625,0,4.72487366874421e-06,-1.003749890622332e-06,
2026-01-14T06:20:01Z,0.0,0.0,1.561,0.69677734375,0,-6.652893314476369e-07,-1.998734636292519e-06,
2026-01-14T06:20:02Z,0.0,0.0,1.561,0.64599609375,0,3.135971827368649e-06,1.2241761323955232e-06,
2026-01-14T06:20:02Z,0.0,0.0,1.561,0.525390625,0,-3.395246279054881e-06,4.613259625374495e-07,
2026-01-14T06:20:03Z,0.0,0.0,1.499,0.703125,0,-6.452466124221299e-07,-1.9108678496415444e-06,
2026-01-14T06:20:03Z,0.0,0.0,1.499,0.69677734375,0,4.530660949591834e-06,-9.551323357689427e-07,
2026-01-14T06:20:03Z,0.0,0.0,1.499,0.61962890625,0,3.002689894283828e-06,1.1718040218192581e-06,
2026-01-14T06:20:04Z,0.0,0.0,1.499,0.5302734375,0,2.25281067009581e-06,-4.2416169476666335e-06,
2026-01-14T06:20:04Z,0.0,0.0,1.499,0.509765625,0,-3.257773756483962e-06,4.3336924354793214e-07,
2026-01-14T06:20:05Z,0.0,0.0,1.505,0.703125,0,-6.440862633507351e-07,-1.940904655513307e-06,human_crops/human_1768371605.jpg
2026-01-14T06:20:05Z,0.0,0.0,1.505,0.68701171875,0,4.5636534970743934e-06,-9.531142801165789e-07,
2026-01-14T06:20:06Z,0.0,0.0,1.505,0.58056640625,0,3.031937463536931e-06,1.1609544655879246e-06,
2026-01-14T06:20:06Z,0.0,0.0,1.505,0.525390625,0,-3.2659841673497988e-06,4.3597774072867383e-07,
2026-01-14T06:20:07Z,0.0,0.0,1.505,0.50390625,0,2.2586118853336997e-06,-4.250731979320177e-06,
2026-01-14T06:20:07Z,0.0,0.0,1.517,0.71142578125,0,4.598944369104216e-06,-9.730769023496079e-07,
2026-01-14T06:20:08Z,0.0,0.0,1.517,0.693359375,0,-6.390406132353381e-07,-1.9739963204536093e-06,
2026-01-14T06:20:08Z,0.0,0.0,1.517,0.56689453125,0,3.0573010298729904e-06,1.1705075209570795e-06,
2026-01-14T06:20:09Z,0.0,0.0,1.517,0.5244140625,0,-3.2898061229881294e-06,4.4650529709228094e-07,
2026-01-14T06:20:09Z,0.0,0.0,1.417,0.693359375,0,4.289760504043949e-06,-8.936385585769139e-07,
2026-01-14T06:20:09Z,0.0,0.0,1.417,0.68505859375,0,-6.018336466536037e-07,-1.8234546745168857e-06,
2026-01-14T06:20:10Z,0.0,0.0,1.417,0.60302734375,0,2.8558601952555517e-06,1.0957346125292858e-06,human_crops/human_1768371610.jpg
2026-01-14T06:20:10Z,0.0,0.0,1.417,0.5322265625,0,-3.0748139003713505e-06,4.06613991575655e-07,
2026-01-14T06:20:11Z,0.0,0.0,1.652,0.705078125,0,-7.006215131671188e-07,-2.100796823160809e-06,
2026-01-14T06:20:11Z,0.0,0.0,1.652,0.705078125,0,5.008629665381616e-06,-1.056883654713611e-06,
2026-01-14T06:20:12Z,0.0,0.0,1.652,0.61962890625,0,3.3145178087979144e-06,1.2882274796119149e-06,
2026-01-14T06:20:12Z,0.0,0.0,1.652,0.56494140625,0,2.4810752409688962e-06,-4.663119214758816e-06,
2026-01-14T06:20:13Z,0.0,0.0,1.555,0.71142578125,0,4.6970787828614865e-06,-9.991431975044403e-07,
2026-01-14T06:20:13Z,0.0,0.0,1.555,0.69970703125,0,-6.676654372901242e-07,-1.983141696617443e-06,
2026-01-14T06:20:14Z,0.0,0.0,1.555,0.591796875,0,3.1230876327551437e-06,1.2187968844836514e-06,
2026-01-14T06:20:14Z,0.0,0.0,1.555,0.5244140625,0,-3.3830205056713547e-06,4.7529049213078416e-07,
2026-01-14T06:20:15Z,0.0,0.0,1.579,0.70166015625,0,4.7784389616516284e-06,-1.015871684894194e-06,
2026-01-14T06:20:15Z,0.0,0.0,1.579,0.69189453125,0,-6.759750523909503e-07,-2.019029736965039e-06,human_crops/human_1768371615.jpg
2026-01-14T06:20:16Z,0.0,0.0,1.579,0.61376953125,0,3.161207087945515e-06,1.2384267218480004e-06,
2026-01-14T06:20:16Z,0.0,0.0,1.579,0.505859375,0,-3.4344364292762297e-06,4.6164269225471246e-07,
2026-01-14T06:20:16Z,0.0,0.0,1.64,0.7080078125,0,4.96870585688944e-06,-1.0498966365925459e-06,
2026-01-14T06:20:17Z,0.0,0.0,1.64,0.69677734375,0,-7.040189108252389e-07,-2.0950265602314594e-06,
2026-01-14T06:20:17Z,0.0,0.0,1.64,0.642578125,0,3.2989830172037523e-06,1.2720396350582949e-06,
2026-01-14T06:20:18Z,0.0,0.0,1.64,0.505859375,0,-3.5649494013891586e-06,4.7439640389417445e-07,
2026-01-14T06:20:18Z,0.0,0.0,1.64,0.5009765625,0,2.4622518115855627e-06,-4.635331746444811e-06,
2026-01-14T06:20:19Z,0.0,0.0,1.608,0.7099609375,0,4.871090705604795e-06,-1.0302306314583869e-06,
2026-01-14T06:20:19Z,0.0,0.0,1.608,0.70166015625,0,-6.756349105754669e-07,-2.084420249130519e-06,
2026-01-14T06:20:20Z,0.0,0.0,1.608,0.58056640625,0,3.23165266935961e-06,1.2509358274558547e-06,
2026-01-14T06:20:20Z,0.0,0.0,1.608,0.541015625,0,-3.4911237531710685e-06,4.7200713985135223e-07,
2026-01-14T06:20:21Z,0.0,0.0,1.57,0.71923828125,0,4.757278852619313e-06,-1.0034526505086697e-06,human_crops/human_1768371621.jpg
2026-01-14T06:20:21Z,0.0,0.0,1.57,0.69873046875,0,-6.690379972396763e-07,-2.0210527733204153e-06,
2026-01-14T06:20:22Z,0.0,0.0,1.57,0.55810546875,0,3.161066099449024e-06,1.214250476012059e-06,
2026-01-14T06:20:22Z,0.0,0.0,1.57,0.53759765625,0,-3.4075391360838745e-06,4.622520441759555e-07,
2026-01-14T06:20:23Z,0.0,0.0,1.584,0.71826171875,0,4.795305071441881e-06,-1.0022747884301464e-06,
2026-01-14T06:20:23Z,0.0,0.0,1.584,0.6953125,0,-6.758516983427289e-07,-2.0445304431963423e-06,
2026-01-14T06:20:23Z,0.0,0.0,1.584,0.5830078125,0,3.1898089917106717e-06,1.2258994713128494e-06,
2026-01-14T06:20:24Z,0.0,0.0,1.584,0.5224609375,0,-3.437449338051131e-06,4.676558962212607e-07,
2026-01-14T06:20:24Z,0.0,0.0,1.649,0.71142578125,0,4.996106233891886e-06,-1.0516770902840037e-06,
2026-01-14T06:20:25Z,0.0,0.0,1.649,0.70166015625,0,-7.043448814825039e-07,-2.1271284518627186e-06,
2026-01-14T06:20:25Z,0.0,0.0,1.649,0.58056640625,0,3.3197706656291957e-06,1.2776528169934983e-06,
2026-01-14T06:20:26Z,0.0,0.0,1.649,0.5361328125,0,-3.57689973903854e-06,4.830356391866544e-07,
2026-01-14T06:20:26Z,0.0,0.0,1.626,0.7255859375,0,4.925534805500439e-06,-1.038263432076074e-06,human_crops/human_1768371626.jpg
2026-01-14T06:20:27Z,0.0,0.0,1.626,0.69873046875,0,-6.85518039884275e-07,-2.1001327921267546e-06,
2026-01-14T06:20:27Z,0.0,0.0,1.626,0.591796875,0,3.2700136214602406e-06,1.2633367266582802e-06,
2026-01-14T06:20:28Z,0.0,0.0,1.626,0.53515625,0,-3.5230918044215388e-06,4.833194362943477e-07,
2026-01-14T06:20:28Z,0.0,0.0,1.614,0.72265625,0,4.885084965679299e-06,-1.0230111392069872e-06,
2026-01-14T06:20:29Z,0.0,0.0,1.614,0.70166015625,0,-6.897889964410857e-07,-2.0842282144394555e-06,
2026-01-14T06:20:29Z,0.0,0.0,1.614,0.5830078125,0,3.2446349705520586e-06,1.2572332229774119e-06,
2026-01-14T06:20:29Z,0.0,0.0,1.614,0.53125,0,-3.5033437361420007e-06,4.759838955390231e-07,
2026-01-14T06:20:30Z,0.0,0.0,1.776,0.72119140625,0,5.380687459739449e-06,-1.1360836699004394e-06,
2026-01-14T06:20:30Z,0.0,0.0,1.776,0.69677734375,0,-7.563643156826152e-07,-2.2985479622802754e-06,
2026-01-14T06:20:31Z,0.0,0.0,1.776,0.57861328125,0,3.5810034298682123e-06,1.3623432381469623e-06,
2026-01-14T06:20:31Z,0.0,0.0,1.776,0.5439453125,0,-3.844265961175781e-06,5.226748863988627e-07,
2026-01-14T06:20:32Z,0.0,0.0,1.526,0.71923828125,0,4.624953429977379e-06,-9.747721599880344e-07,human_crops/human_1768371632.jpg
2026-01-14T06:20:32Z,0.0,0.0,1.526,0.70166015625,0,-6.495215398277492e-07,-1.9629750513126406e-06,
2026-01-14T06:20:33Z,0.0,0.0,1.526,0.57568359375,0,3.0738015871214074e-06,1.181070706848264e-06,
2026-01-14T06:20:33Z,0.0,0.0,1.526,0.5419921875,0,-3.3015964980399174e-06,4.5000977628876806e-07,
2026-01-14T06:20:34Z,0.0,0.0,1.526,0.5087890625,0,2.295113788398628e-06,-4.315035049567909e-06,
2026-01-14T06:20:34Z,0.0,0.0,1.579,0.72265625,0,4.788144168476367e-06,-1.0096003076503724e-06,
2026-01-14T06:20:35Z,0.0,0.0,1.579,0.69873046875,0,-6.712182878852018e-07,-2.0200561548026475e-06,
2026-01-14T06:20:35Z,0.0,0.0,1.579,0.61328125,0,3.1808590265661836e-06,1.2261641293600744e-06,
2026-01-14T06:20:36Z,0.0,0.0,1.579,0.51953125,0,-3.4256671782996695e-06,4.7169587092341337e-07,
2026-01-14T06:20:36Z,0.0,0.0,1.479,0.71826171875,0,4.473711306205321e-06,-9.404783719386792e-07,
2026-01-14T06:20:36Z,0.0,0.0,1.479,0.69873046875,0,-6.300189010822379e-07,-1.8821495738728983e-06,
2026-01-14T06:20:37Z,0.0,0.0,1.479,0.62841796875,0,2.976866873865322e-06,1.1525728714918277e-06,human_crops/human_1768371637.jpg
2026-01-14T06:20:37Z,0.0,0.0,1.479,0.53759765625,0,2.221782838692001e-06,-4.1744769099704046e-06,
2026-01-14T06:20:38Z,0.0,0.0,1.479,0.5205078125,0,-3.2055398102667064e-06,4.344069465937886e-07,
2026-01-14T06:20:38Z,0.0,0.0,1.452,0.705078125,0,4.3951493316944925e-06,-9.136166127738762e-07,
2026-01-14T06:20:39Z,0.0,0.0,1.452,0.68994140625,0,-6.185232094793711e-07,-1.872621848823909e-06,
2026-01-14T06:20:39Z,0.0,0.0,1.452,0.60400390625,0,2.923337568077862e-06,1.1292478273054768e-06,
2026-01-14T06:20:40Z,0.0,0.0,1.452,0.5419921875,0,-3.1472343565669406e-06,4.2619359963727997e-07,
2026-01-14T06:20:40Z,0.0,0.0,1.47,0.693359375,0,4.45446923468469e-06,-9.354147060473898e-07,
2026-01-14T06:20:41Z,0.0,0.0,1.47,0.69189453125,0,-6.282926735053352e-07,-1.8764148471144662e-06,
2026-01-14T06:20:41Z,0.0,0.0,1.47,0.6162109375,0,2.9599548068287173e-06,1.141594195704401e-06,
2026-01-14T06:20:42Z,0.0,0.0,1.47,0.529296875,0,-3.181308935018236e-06,4.211417467707455e-07,
2026-01-14T06:20:42Z,0.0,0.0,1.446,0.72265625,0,4.380155680532793e-06,-9.288222283510595e-07,human_crops/human_1768371642.jpg
2026-01-14T06:20:43Z,0.0,0.0,1.446,0.70166015625,0,-6.113108849382018e-07,-1.8550965540735187e-06,
2026-01-14T06:20:43Z,0.0,0.0,1.446,0.61669921875,0,2.912060218664479e-06,1.1264211074575205e-06,
2026-01-14T06:20:43Z,0.0,0.0,1.446,0.57568359375,0,2.171507603688329e-06,-4.078118622644598e-06,
2026-01-14T06:20:44Z,0.0,0.0,1.446,0.51171875,0,-3.1344179260536253e-06,4.1263693889298875e-07,
2026-01-14T06:20:44Z,0.0,0.0,1.652,0.69970703125,0,5.0070699395031285e-06,-1.048349074987336e-06,
2026-01-14T06:20:45Z,0.0,0.0,1.652,0.69873046875,0,-6.976486355551403e-07,-2.101661419029141e-06,
2026-01-14T06:20:45Z,0.0,0.0,1.652,0.6123046875,0,3.3252160582117955e-06,1.290910514937887e-06,
2026-01-14T06:20:46Z,0.0,0.0,1.652,0.541015625,0,2.4790114310824353e-06,-4.654610885153392e-06,
2026-01-14T06:20:46Z,0.0,0.0,1.652,0.53759765625,0,-3.577841013917945e-06,4.841171084412002e-07,
2026-01-14T06:20:47Z,0.0,0.0,1.543,0.712890625,0,4.673694686804651e-06,-9.822696622421627e-07,
2026-01-14T06:20:47Z,0.0,0.0,1.543,0.69677734375,0,-6.631449882694059e-07,-1.9826307043333586e-06,human_crops/human_1768371647.jpg
2026-01-14T06:20:48Z,0.0,0.0,1.543,0.56689453125,0,3.1078287561539337e-06,1.1931570819171983e-06,
2026-01-14T06:20:48Z,0.0,0.0,1.543,0.53759765625,0,-3.3480251566687293e-06,4.5582667996430884e-07,
2026-01-14T06:20:49Z,0.0,0.0,1.446,0.69873046875,0,4.372290600115572e-06,-9.123999854498163e-07,
2026-01-14T06:20:49Z,0.0,0.0,1.446,0.69677734375,0,-6.178880689753009e-07,-1.8552976078163741e-06,
2026-01-14T06:20:50Z,0.0,0.0,1.446,0.59033203125,0,2.8985380739821985e-06,1.1228887247056962e-06,
2026-01-14T06:20:50Z,0.0,0.0,1.446,0.5458984375,0,-3.136182752850633e-06,4.1786857937421725e-07,
2026-01-14T06:20:50Z,0.0,0.0,1.487,0.703125,0,-6.413091279090634e-07,-1.893225261168518e-06,
2026-01-14T06:20:51Z,0.0,0.0,1.487,0.6953125,0,4.49523187632175e-06,-9.497402034939987e-07,
2026-01-14T06:20:51Z,0.0,0.0,1.487,0.6162109375,0,2.9886323188203025e-06,1.159078756465025e-06,
2026-01-14T06:20:52Z,0.0,0.0,1.487,0.5205078125,0,-3.2262172918700996e-06,4.357149068890629e-07,
2026-01-14T06:20:52Z,0.0,0.0,1.746,0.71923828125,0,5.289423957070672e-06,-1.1132973947908464e-06,human_crops/human_1768371652.jpg
2026-01-14T06:20:53Z,0.0,0.0,1.746,0.69970703125,0,-7.447155750909943e-07,-2.234821246605318e-06,
2026-01-14T06:20:53Z,0.0,0.0,1.746,0.61962890625,0,3.5126585739369622e-06,1.3591802375780335e-06,
2026-01-14T06:20:54Z,0.0,0.0,1.746,0.5224609375,0,-3.78334928623115e-06,5.079065962749893e-07,
2026-01-14T06:20:54Z,0.0,0.0,1.67,0.71923828125,0,5.063229264119354e-06,-1.0711770241238458e-06,
2026-01-14T06:20:55Z,0.0,0.0,1.67,0.6953125,0,-7.112153430245032e-07,-2.1374249855860654e-06,
2026-01-14T06:20:55Z,0.0,0.0,1.67,0.6298828125,0,3.3617718581383585e-06,1.299148353647554e-06,
2026-01-14T06:20:56Z,0.0,0.0,1.67,0.5341796875,0,-3.627060411533292e-06,4.972930352417528e-07,
2026-01-14T06:20:56Z,0.0,0.0,1.396,0.703125,0,4.2320753892183194e-06,-8.977386073595338e-07,
2026-01-14T06:20:57Z,0.0,0.0,1.396,0.70166015625,0,-5.950478583118454e-07,-1.7886428178098062e-06,
2026-01-14T06:20:57Z,0.0,0.0,1.396,0.61865234375,0,2.809899198469777e-06,1.0837938376624536e-06,
2026-01-14T06:20:57Z,0.0,0.0,1.396,0.57373046875,0,2.0944615600849675e-06,-3.944082729319452e-06,
2026-01-14T06:20:58Z,0.0,0.0,1.396,0.5458984375,0,-3.0322028825285367e-06,4.0614263094221374e-07,
2026-01-14T06:20:58Z,0.0,0.0,1.696,0.703125,0,5.135932018031864e-06,-1.0845748676467776e-06,human_crops/human_1768371658.jpg
2026-01-14T06:20:59Z,0.0,0.0,1.696,0.68994140625,0,-7.211089132998499e-07,-2.181070530186632e-06,
2026-01-14T06:20:59Z,0.0,0.0,1.696,0.6162109375,0,3.413580536176894e-06,1.312981067650714e-06,
2026-01-14T06:21:00Z,0.0,0.0,1.696,0.52734375,0,-3.685372036157214e-06,4.9364415862567e-07,
2026-01-14T06:21:00Z,0.0,0.0,1.696,0.515625,0,2.535888130171805e-06,-4.799363085837818e-06,
2026-01-14T06:21:01Z,0.0,0.0,1.508,0.69873046875,0,-6.362058751408701e-07,-1.9378679539437787e-06,
2026-01-14T06:21:01Z,0.0,0.0,1.508,0.68505859375,0,4.575187828340405e-06,-9.617085886307196e-07,
2026-01-14T06:21:02Z,0.0,0.0,1.508,0.6123046875,0,3.0371113287183785e-06,1.1668564938281319e-06,
2026-01-14T06:21:02Z,0.0,0.0,1.508,0.55517578125,0,2.262963189544024e-06,-4.264572641407716e-06,
2026-01-14T06:21:03Z,0.0,0.0,1.508,0.5498046875,0,-3.265818486800812e-06,4.3773910958059317e-07,
2026-01-14T06:21:03Z,0.0,0.0,1.473,0.71923828125,0,4.465189539415317e-06,-9.448308320334244e-07,
2026-01-14T06:21:04Z,0.0,0.0,1.473,0.69189453125,0,-6.205931718702059e-07,-1.908186617044261e-06,human_crops/human_1768371664.jpg
2026-01-14T06:21:04Z,0.0,0.0,1.473,0.60205078125,0,2.9712260854464847e-06,1.1329697026378647e-06,
2026-01-14T06:21:04Z,0.0,0.0,1.473,0.52734375,0,-3.194308581536609e-06,4.372516375011698e-07,
2026-01-14T06:21:05Z,0.0,0.0,1.473,0.5126953125,0,2.2070702507336664e-06,-4.154843307055813e-06,
2026-01-14T06:21:05Z,0.0,0.0,1.529,0.7255859375,0,4.635018083263551e-06,-9.845387815062043e-07,
2026-01-14T06:21:06Z,0.0,0.0,1.529,0.6953125,0,-6.401694223029007e-07,-1.984109636989605e-06,
2026-01-14T06:21:06Z,0.0,0.0,1.529,0.59814453125,0,3.0769449489876088e-06,1.185510294706378e-06,
2026-01-14T06:21:07Z,0.0,0.0,1.529,0.5302734375,0,-3.314660706061198e-06,4.458173117863672e-07,
2026-01-14T06:21:07Z,0.0,0.0,1.681,0.69189453125,0,-7.158620441084749e-07,-2.166743555545971e-06,
2026-01-14T06:21:08Z,0.0,0.0,1.681,0.69189453125,0,5.097702049307764e-06,-1.0678910180513632e-06,
2026-01-14T06:21:08Z,0.0,0.0,1.681,0.5849609375,0,3.3852501789068774e-06,1.2992093009951837e-06,
2026-01-14T06:21:09Z,0.0,0.0,1.681,0.5458984375,0,-3.6418454471274067e-06,4.868425436020128e-07,
2026-01-14T06:21:09Z,0.0,0.0,1.432,0.7099609375,0,4.330063732963246e-06,-9.210608274325115e-07,human_crops/human_1768371669.jpg
2026-01-14T06:21:10Z,0.0,0.0,1.432,0.6953125,0,-6.106598742993493e-07,-1.8400437251165944e-06,
2026-01-14T06:21:10Z,0.0,0.0,1.432,0.64892578125,0,2.879951949173833e-06,1.1105398870852525e-06,
2026-01-14T06:21:10Z,0.0,0.0,1.432,0.50390625,0,-3.1074628227959043e-06,4.2127160235373277e-07,
2026-01-14T06:21:11Z,0.0,0.0,1.905,0.71435546875,0,5.770247680291627e-06,-1.2202445442887228e-06,
2026-01-14T06:21:11Z,0.0,0.0,1.905,0.693359375,0,-8.197219932431136e-07,-2.4301228707708995e-06,
2026-01-14T06:21:12Z,0.0,0.0,1.905,0.60595703125,0,3.8383157283139736e-06,1.4666625115032012e-06,
2026-01-14T06:21:12Z,0.0,0.0,1.905,0.533203125,0,-4.128119323656403e-06,5.522462749414435e-07,
2026-01-14T06:21:13Z,0.0,0.0,1.905,0.5263671875,0,2.85615370928725e-06,-5.382939459178284e-06,
2026-01-14T06:21:13Z,0.0,0.0,1.146,0.69677734375,0,3.473254701051168e-06,-7.361387361922807e-07,
2026-01-14T06:21:14Z,0.0,0.0,1.146,0.6884765625,0,-4.893452893222455e-07,-1.467230782304404e-06,
2026-01-14T06:21:14Z,0.0,0.0,1.146,0.58056640625,0,2.30943899304695e-06,8.837181969322394e-07,
2026-01-14T06:21:15Z,0.0,0.0,1.146,0.5322265625,0,-2.48485279555413e-06,3.4375833077860717e-07,
2026-01-14T06:21:15Z,0.0,0.0,1.567,0.705078125,0,4.741151076654106e-06,-9.888701087073275e-07,human_crops/human_1768371675.jpg
2026-01-14T06:21:16Z,0.0,0.0,1.567,0.68359375,0,-6.762957867713684e-07,-1.9991655587398414e-06,
2026-01-14T06:21:16Z,0.0,0.0,1.567,0.60009765625,0,2.3505627874763855e-06,-4.426627910953995e-06,
2026-01-14T06:21:17Z,0.0,0.0,1.567,0.59765625,0,3.159287583432548e-06,1.207557059809273e-06,
2026-01-14T06:21:17Z,0.0,0.0,1.567,0.529296875,0,-3.3937971470592584e-06,4.561207850601316e-07,
2026-01-14T06:21:17Z,0.0,0.0,1.673,0.705078125,0,5.063862656652434e-06,-1.0660156375299952e-06,
2026-01-14T06:21:18Z,0.0,0.0,1.673,0.703125,0,-7.121538206206602e-07,-2.140954815806596e-06,
2026-01-14T06:21:18Z,0.0,0.0,1.673,0.62158203125,0,3.3650622828186467e-06,1.2988732286034183e-06,
2026-01-14T06:21:19Z,0.0,0.0,1.673,0.5322265625,0,-3.6352892278915455e-06,5.043228562185724e-07,
2026-01-14T06:21:19Z,0.0,0.0,1.593,0.70166015625,0,4.814801947047302e-06,-1.0208136074875864e-06,
2026-01-14T06:21:20Z,0.0,0.0,1.593,0.69873046875,0,-6.817880533589543e-07,-2.041485863186732e-06,
2026-01-14T06:21:20Z,0.0,0.0,1.593,0.60107421875,0,3.2046843828666776e-06,1.2349392776199914e-06,human_crops/human_1768371680.jpg
2026-01-14T06:21:21Z,0.0,0.0,1.593,0.5615234375,0,-3.4803666451053427e-06,4.820045675311296e-07,
2026-01-14T06:21:21Z,0.0,0.0,1.393,0.68994140625,0,4.218434018197671e-06,-8.91773404507707e-07,
2026-01-14T06:21:22Z,0.0,0.0,1.393,0.68359375,0,-6.00565013688863e-07,-1.7747570207900637e-06,
2026-01-14T06:21:22Z,0.0,0.0,1.393,0.62158203125,0,2.8023460621208155e-06,1.0818123308387202e-06,
2026-01-14T06:21:23Z,0.0,0.0,1.393,0.529296875,0,-3.0285881252646086e-06,4.0999223368768126e-07,
2026-01-14T06:21:23Z,28.458417,77.5058715,1.579,0.70166015625,0,28.458421779937208,77.5058703596926,
2026-01-14T06:21:24Z,28.458417,77.5058715,1.579,0.6953125,0,28.458416316496287,77.50586921294607,
2026-01-14T06:21:24Z,28.458417,77.5058715,1.579,0.59033203125,0,28.45842017928079,77.50587289329677,
2026-01-14T06:21:24Z,28.458417,77.5058715,1.579,0.56982421875,0,28.458419354251106,77.50586643744701,
2026-01-14T06:21:25Z,28.458417,77.5058715,1.579,0.537109375,0,28.458413579441903,77.50587202458082,
2026-01-14T06:21:25Z,28.4584857,77.5058069,1.805,0.69970703125,0,28.45849116398068,77.50580558949773,human_crops/human_1768371685.jpg
2026-01-14T06:21:26Z,28.4584857,77.5058069,1.805,0.693359375,0,28.45848492720983,77.50580428502997,
2026-01-14T06:21:26Z,28.4584857,77.5058069,1.805,0.6064453125,0,28.458489323898885,77.5058085173302,
2026-01-14T06:21:27Z,28.4584857,77.5058069,1.805,0.529296875,0,28.458481782294662,77.50580750577005,
2026-01-14T06:21:27Z,28.4585012,77.5057907,1.417,0.68701171875,0,28.45850549188146,77.50578968919483,
2026-01-14T06:21:28Z,28.4585012,77.5057907,1.417,0.68359375,0,28.458500603526364,77.50578862621731,
2026-01-14T06:21:28Z,28.4585012,77.5057907,1.417,0.60009765625,0,28.458504047363935,77.50579196284623,
2026-01-14T06:21:29Z,28.4585012,77.5057907,1.417,0.54736328125,0,28.45849812778643,77.50579116106019,
2026-01-14T06:21:29Z,28.4585149,77.5057771,1.599,0.70166015625,0,28.458514229402123,77.50577477470371,
2026-01-14T06:21:30Z,28.4585149,77.5057771,1.599,0.6884765625,0,28.458519744617014,77.50577596177608,
2026-01-14T06:21:30Z,28.4585149,77.5057771,1.599,0.587890625,0,28.458518116377526,77.5057785142014,
2026-01-14T06:21:30Z,28.4585149,77.5057771,1.599,0.5361328125,0,28.45851143635579,77.50577761272336,
2026-01-14T06:21:31Z,28.4585149,77.5057771,1.599,0.521484375,0,28.45851730803719,77.50577196666083,
2026-01-14T06:21:31Z,28.4585111,77.5057773,1.599,0.703125,0,28.45851595216846,77.50577615788987,human_crops/human_1768371691.jpg
2026-01-14T06:21:32Z,28.4585111,77.5057773,1.599,0.69873046875,0,28.458510426614534,77.50577494733594,
2026-01-14T06:21:32Z,28.4585111,77.5057773,1.599,0.57470703125,0,28.458514317748016,77.50577873338914,
2026-01-14T06:21:33Z,28.4585111,77.5057773,1.599,0.53759765625,0,28.458507628169528,77.50577781409116,
2026-01-14T06:21:33Z,28.458515,77.5057681,1.855,0.6884765625,0,28.458520635036482,77.50576680039703,
2026-01-14T06:21:34Z,28.458515,77.5057681,1.855,0.68505859375,0,28.458514231977674,77.50576537423339,
2026-01-14T06:21:34Z,28.458515,77.5057681,1.855,0.57275390625,0,28.458518730336472,77.50576975069322,
2026-01-14T06:21:35Z,28.458515,77.5057681,1.855,0.53125,0,28.458510977893493,77.50576868077326,
2026-01-14T06:21:35Z,28.4585161,77.5057617,1.787,0.693359375,0,28.458515358208416,77.50575908668077,
2026-01-14T06:21:36Z,28.4585161,77.5057617,1.787,0.6884765625,0,28.458521530764894,77.50576045648577,
2026-01-14T06:21:36Z,28.4585161,77.5057617,1.787,0.56689453125,0,28.458519692988865,77.5057632962666,
2026-01-14T06:21:36Z,28.4585161,77.5057617,1.787,0.525390625,0,28.458512228559304,77.50576224960706,
2026-01-14T06:21:37Z,28.4585181,77.5057563,1.667,0.68994140625,0,28.458517417702794,77.50575386746725,human_crops/human_1768371697.jpg
2026-01-14T06:21:37Z,28.4585181,77.5057563,1.667,0.67578125,0,28.45852315993797,77.50575514219581,
2026-01-14T06:21:38Z,28.4585181,77.5057563,1.667,0.56787109375,0,28.458521448369424,77.50575779962958,
2026-01-14T06:21:38Z,28.4585181,77.5057563,1.667,0.5341796875,0,28.458514483247832,77.50575682200444,
2026-01-14T06:21:39Z,28.4585241,77.5057475,1.664,0.6953125,0,28.45852341634694,77.50574505593983,
2026-01-14T06:21:39Z,28.4585241,77.5057475,1.664,0.693359375,0,28.458529160323177,77.50574635808586,
2026-01-14T06:21:40Z,28.4585241,77.5057475,1.664,0.57080078125,0,28.458527451806617,77.50574900291338,
2026-01-14T06:21:40Z,28.4585241,77.5057475,1.664,0.53125,0,28.458520500300835,77.50574801793556,
2026-01-14T06:21:41Z,28.4585286,77.5057438,1.667,0.70654296875,0,28.458533665219523,77.50574265260474,
2026-01-14T06:21:41Z,28.4585286,77.5057438,1.667,0.69677734375,0,28.458527923181958,77.50574134845823,
2026-01-14T06:21:42Z,28.4585286,77.5057438,1.667,0.5810546875,0,28.45853194886452,77.50574530595532,
2026-01-14T06:21:42Z,28.4585286,77.5057438,1.667,0.5029296875,0,28.458524989277116,77.50574431381028,
2026-01-14T06:21:43Z,28.4585312,77.5057417,1.773,0.71142578125,0,28.458536583601802,77.50574049201077,human_crops/human_1768371703.jpg
2026-01-14T06:21:43Z,28.4585312,77.5057417,1.773,0.69873046875,0,28.4585304754194,77.50573908146127,
2026-01-14T06:21:43Z,28.4585312,77.5057417,1.773,0.5859375,0,28.458534758574213,77.50574330601229,
2026-01-14T06:21:44Z,28.4585312,77.5057417,1.773,0.5029296875,0,28.45852735333345,77.50574224033664,
2026-01-14T06:21:44Z,28.4585331,77.5057403,1.555,0.6953125,0,28.458537819971323,77.50573924379401,
2026-01-14T06:21:45Z,28.4585331,77.5057403,1.555,0.6884765625,0,28.458532465919976,77.50573801679167,
2026-01-14T06:21:45Z,28.4585331,77.5057403,1.555,0.55517578125,0,28.458536217851062,77.50574171034988,
2026-01-14T06:21:46Z,28.4585331,77.5057403,1.555,0.5283203125,0,28.458529723732344,77.50574077032879,
2026-01-14T06:21:46Z,28.4585344,77.50574,1.543,0.69677734375,0,28.458539079478534,77.50573894482113,
2026-01-14T06:21:47Z,28.4585344,77.50574,1.543,0.693359375,0,28.458533770514965,77.50573774484373,
2026-01-14T06:21:47Z,28.4585344,77.50574,1.543,0.62451171875,0,28.458537483027193,77.50574142124267,
2026-01-14T06:21:48Z,28.4585344,77.50574,1.543,0.501953125,0,28.458531051653853,77.50574045723782,
2026-01-14T06:21:48Z,28.4585351,77.5057397,1.643,0.705078125,0,28.458540087057095,77.50573859091523,human_crops/human_1768371708.jpg
2026-01-14T06:21:49Z,28.4585351,77.5057397,1.643,0.6953125,0,28.458534427111722,77.50573729329544,
2026-01-14T06:21:49Z,28.4585351,77.5057397,1.643,0.62353515625,0,28.45853838479361,77.50574120442401,
2026-01-14T06:21:50Z,28.4585361,77.505739,1.587,0.6953125,0,28.458540917121354,77.50573793850106,
2026-01-14T06:21:50Z,28.4585361,77.505739,1.587,0.68505859375,0,28.45853545330177,77.50573667459116,
2026-01-14T06:21:50Z,28.4585361,77.505739,1.587,0.59765625,0,28.45853927336837,77.5057404560915,
2026-01-14T06:21:51Z,28.4585361,77.505739,1.587,0.5234375,0,28.458532656537308,77.50573946755777,
2026-01-14T06:21:51Z,28.4585361,77.505739,1.587,0.50390625,0,28.458538548105352,77.50573394127832,
2026-01-14T06:21:52Z,28.4585373,77.5057369,1.696,0.705078125,0,28.458542454375383,77.5057357597156,
2026-01-14T06:21:52Z,28.4585373,77.5057369,1.696,0.68701171875,0,28.458536616133014,77.50573442368058,
2026-01-14T06:21:53Z,28.4585373,77.5057369,1.696,0.59765625,0,28.45854068728309,77.50573846524793,
2026-01-14T06:21:53Z,28.4585373,77.5057369,1.696,0.5537109375,0,28.458533589814166,77.50573740626432,
2026-01-14T06:21:54Z,28.4585378,77.5057372,1.717,0.71435546875,0,28.45854302540045,77.50573606018867,human_crops/human_1768371714.jpg
2026-01-14T06:21:54Z,28.4585378,77.5057372,1.717,0.68359375,0,28.45853710583525,77.50573468146445,
2026-01-14T06:21:55Z,28.4585378,77.5057372,1.717,0.60400390625,0,28.45854123218949,77.50573878148941,
2026-01-14T06:21:55Z,28.4585378,77.5057372,1.717,0.5224609375,0,28.458534071285268,77.50573769450865,
2026-01-14T06:21:56Z,28.4585374,77.5057377,1.564,0.7099609375,0,28.45854215822964,77.5057366522451,
2026-01-14T06:21:56Z,28.4585374,77.5057377,1.564,0.67578125,0,28.45853676887032,77.50573540748162,
2026-01-14T06:21:57Z,28.4585374,77.5057377,1.564,0.60107421875,0,28.458540525609916,77.50573914466031,
2026-01-14T06:21:57Z,28.4585374,77.5057377,1.564,0.5244140625,0,28.45853400678097,77.50573815224793,
2026-01-14T06:21:57Z,28.4585354,77.5057387,1.496,0.7080078125,0,28.458539947415662,77.50573771369666,
2026-01-14T06:21:58Z,28.4585354,77.5057387,1.496,0.67578125,0,28.458534803188613,77.5057364973946,
2026-01-14T06:21:58Z,28.4585354,77.5057387,1.496,0.6103515625,0,28.458538391188288,77.50574008087666,
2026-01-14T06:21:59Z,28.4585354,77.5057387,1.496,0.51953125,0,28.45853215746715,77.50573913199723,
2026-01-14T06:21:59Z,28.4585332,77.5057405,1.761,0.71142578125,0,28.458538552110845,77.50573934752495,human_crops/human_1768371719.jpg
2026-01-14T06:22:00Z,28.4585332,77.5057405,1.761,0.68701171875,0,28.458532500534904,77.50573790522712,
2026-01-14T06:22:00Z,28.4585332,77.5057405,1.761,0.60107421875,0,28.458536726591063,77.5057421373016,
2026-01-14T06:22:01Z,28.4585332,77.5057405,1.761,0.513671875,0,28.45852937181932,77.50574101958902,
2026-01-14T06:22:01Z,28.4585321,77.5057418,1.676,0.7080078125,0,28.458537195467706,77.5057407038429,
2026-01-14T06:22:02Z,28.4585321,77.5057418,1.676,0.68505859375,0,28.45853142412809,77.50573936438842,
2026-01-14T06:22:02Z,28.4585321,77.5057418,1.676,0.60302734375,0,28.458535444195284,77.50574336491891,
2026-01-14T06:22:03Z,28.4585321,77.5057418,1.676,0.5068359375,0,28.458528454886054,77.50574229641167,
2026-01-14T06:22:03Z,28.4585312,77.5057422,1.773,0.71630859375,0,28.45853659863352,77.5057410541872,
2026-01-14T06:22:04Z,28.4585312,77.5057422,1.773,0.6884765625,0,28.458530484854897,77.50573961955952,
2026-01-14T06:22:04Z,28.4585312,77.5057422,1.773,0.60205078125,0,28.45853473916864,77.50574385726873,
2026-01-14T06:22:04Z,28.4585312,77.5057422,1.773,0.529296875,0,28.458527354580823,77.5057427032528,
2026-01-14T06:22:05Z,28.4585311,77.5057418,1.408,0.71630859375,0,28.458535381565326,77.50574088250022,human_crops/human_1768371725.jpg
2026-01-14T06:22:05Z,28.4585311,77.5057418,1.408,0.6884765625,0,28.458530534219523,77.50573975064474,
2026-01-14T06:22:06Z,28.4585311,77.5057418,1.408,0.60888671875,0,28.458533912352,77.50574310656373,
2026-01-14T06:22:06Z,28.4585311,77.5057418,1.408,0.53125,0,28.458528038597965,77.50574219903761,
2026-01-14T06:22:07Z,28.4585309,77.5057417,1.552,0.72265625,0,28.45853562812343,77.50574068737775,
2026-01-14T06:22:07Z,28.4585309,77.5057417,1.552,0.69677734375,0,28.458530281210827,77.50573942775408,
2026-01-14T06:22:08Z,28.4585309,77.5057417,1.552,0.6162109375,0,28.458533998480387,77.50574313911271,
2026-01-14T06:22:08Z,28.4585309,77.5057417,1.552,0.5283203125,0,28.458527526371654,77.5057421505336,
2026-01-14T06:22:09Z,28.4585298,77.5057435,1.567,0.6953125,0,28.45853456148579,77.50574248355348,
2026-01-14T06:22:09Z,28.4585298,77.5057435,1.567,0.68505859375,0,28.458529172544793,77.50574120899189,
2026-01-14T06:22:10Z,28.4585298,77.5057435,1.567,0.5869140625,0,28.458532917378584,77.50574497325579,
2026-01-14T06:22:10Z,28.4585298,77.5057435,1.567,0.53125,0,28.458526390911263,77.50574393708361,
2026-01-14T06:22:11Z,28.4585298,77.5057435,1.567,0.51171875,0,28.458532237321343,77.50573853583973,
2026-01-14T06:22:11Z,28.4585275,77.5057467,1.452,0.72265625,0,28.45853191687569,77.50574575403158,human_crops/human_1768371731.jpg
2026-01-14T06:22:11Z,28.4585275,77.5057467,1.452,0.69189453125,0,28.458526922416926,77.50574458135935,
2026-01-14T06:22:12Z,28.4585275,77.5057467,1.452,0.62890625,0,28.458530392024397,77.50574806003159,
2026-01-14T06:22:12Z,28.4585268,77.5057468,1.808,0.703125,0,28.458532289323763,77.50574564222391,
2026-01-14T06:22:13Z,28.4585268,77.5057468,1.808,0.693359375,0,28.458526071236182,77.50574415787625,
2026-01-14T06:22:13Z,28.4585268,77.5057468,1.808,0.60205078125,0,28.458530401783815,77.50574848894287,
2026-01-14T06:22:14Z,28.4585268,77.5057468,1.808,0.544921875,0,28.45852962209609,77.5057410607018,
2026-01-14T06:22:14Z,28.4585268,77.5057468,1.808,0.5205078125,0,28.458522876223935,77.50574730108299,
2026-01-14T06:22:15Z,28.4585248,77.5057478,1.643,0.705078125,0,28.458529793589985,77.50574673959363,
2026-01-14T06:22:15Z,28.4585248,77.5057478,1.643,0.6884765625,0,28.458524143491754,77.50574538852037,
2026-01-14T06:22:16Z,28.4585248,77.5057478,1.643,0.6103515625,0,28.458528067237836,77.50574934793904,
2026-01-14T06:22:16Z,28.4585231,77.505749,1.767,0.71435546875,0,28.458528479446013,77.50574786506886,human_crops/human_1768371736.jpg
2026-01-14T06:22:17Z,28.4585231,77.505749,1.767,0.6884765625,0,28.458522395318344,77.50574640585228,
2026-01-14T06:22:17Z,28.4585231,77.505749,1.767,0.59814453125,0,28.458526620051337,77.5057506532026,
2026-01-14T06:22:18Z,28.4585231,77.505749,1.767,0.5185546875,0,28.458519265696154,77.50574948775316,
2026-01-14T06:22:18Z,28.4585218,77.5057501,1.702,0.69970703125,0,28.458526975655268,77.50574900457461,
2026-01-14T06:22:19Z,28.4585218,77.5057501,1.702,0.69189453125,0,28.45852112310476,77.50574760143269,
2026-01-14T06:22:19Z,28.4585218,77.5057501,1.702,0.60009765625,0,28.458525191272592,77.50575169411651,
2026-01-14T06:22:19Z,28.4585218,77.5057501,1.702,0.53515625,0,28.458518067119044,77.505750592354,
2026-01-14T06:22:20Z,28.4585204,77.5057507,1.764,0.71923828125,0,28.458525764800747,77.50574956704385,
2026-01-14T06:22:20Z,28.4585204,77.5057507,1.764,0.69189453125,0,28.45851970697448,77.50574811711358,
2026-01-14T06:22:21Z,28.4585204,77.5057507,1.764,0.615234375,0,28.458523918054727,77.50575234849114,
2026-01-14T06:22:21Z,28.4585204,77.5057507,1.764,0.5185546875,0,28.45851656589477,77.505751182615,
2026-01-14T06:22:22Z,28.4585195,77.5057519,1.826,0.703125,0,28.45852506362763,77.50575073497173,human_crops/human_1768371742.jpg
2026-01-14T06:22:22Z,28.4585195,77.5057519,1.826,0.69873046875,0,28.45851878088934,77.50574922542836,
2026-01-14T06:22:23Z,28.4585195,77.5057519,1.826,0.60107421875,0,28.45852314054558,77.5057536150825,
2026-01-14T06:22:23Z,28.4585195,77.5057519,1.826,0.5341796875,0,28.458515534511477,77.50575239733422,
2026-01-14T06:22:24Z,28.4585188,77.5057535,1.611,0.70654296875,0,28.458523712659552,77.50575246915716,
2026-01-14T06:22:24Z,28.4585188,77.5057535,1.611,0.68359375,0,28.45851816716631,77.5057511420767,
2026-01-14T06:22:25Z,28.4585188,77.5057535,1.611,0.62158203125,0,28.458522018285354,77.50575500454879,
2026-01-14T06:22:25Z,28.4585188,77.5057535,1.611,0.5166015625,0,28.458515297595614,77.50575395098691,
2026-01-14T06:22:25Z,28.4585181,77.5057542,1.576,0.69873046875,0,28.458522896946427,77.50575319487947,
2026-01-14T06:22:26Z,28.4585181,77.5057542,1.576,0.68017578125,0,28.458517481562716,77.50575189440465,
2026-01-14T06:22:26Z,28.4585181,77.5057542,1.576,0.62158203125,0,28.458521248370918,77.50575567381372,
2026-01-14T06:22:27Z,28.4585181,77.5057542,1.576,0.525390625,0,28.458514669350343,77.50575463197927,
2026-01-14T06:22:27Z,28.4585176,77.5057544,1.802,0.71630859375,0,28.458523086846668,77.5057532429131,human_crops/human_1768371747.jpg
2026-01-14T06:22:28Z,28.4585176,77.5057544,1.802,0.703125,0,28.458516896152798,77.50575176406396,
2026-01-14T06:22:28Z,28.4585176,77.5057544,1.802,0.6064453125,0,28.45852119318046,77.50575609534832,
2026-01-14T06:22:29Z,28.4585176,77.5057544,1.802,0.505859375,0,28.458513675844298,77.50575491486737,
2026-01-14T06:22:29Z,28.4585172,77.5057551,1.496,0.69873046875,0,28.458516611948802,77.50575292168519,
2026-01-14T06:22:30Z,28.4585172,77.5057551,1.496,0.69873046875,0,28.458521753741735,77.50575414523145,
2026-01-14T06:22:30Z,28.4585172,77.5057551,1.496,0.61962890625,0,28.45852018125682,77.50575651307358,
2026-01-14T06:22:31Z,28.4585174,77.5057555,1.84,0.71923828125,0,28.458523007147914,77.50575431375891,
2026-01-14T06:22:31Z,28.4585174,77.5057555,1.84,0.693359375,0,28.458516683153277,77.50575280833654,
2026-01-14T06:22:32Z,28.4585174,77.5057555,1.84,0.63232421875,0,28.458521067081502,77.50575723827497,
2026-01-14T06:22:32Z,28.4585174,77.5057555,1.84,0.5458984375,0,28.458513369027173,77.50575603338464,
2026-01-14T06:22:32Z,28.4585173,77.5057568,0.094,0.71630859375,0,28.458517586521527,77.5057567394771,human_crops/human_1768371752.jpg
2026-01-14T06:22:33Z,28.4585173,77.5057568,0.094,0.68017578125,0,28.45851726324098,77.50575666240529,
2026-01-14T06:22:33Z,28.4585173,77.5057568,0.094,0.61376953125,0,28.458517487393525,77.50575688887288,
2026-01-14T06:22:34Z,28.4585173,77.5057568,0.094,0.537109375,0,28.45851709513806,77.50575682685874,
2026-01-14T06:22:34Z,28.4585173,77.5057572,0.023,0.71435546875,0,28.458517370056157,77.5057571852734,
2026-01-14T06:22:35Z,28.4585173,77.5057572,0.023,0.68017578125,0,28.45851729104458,77.50575716636844,
2026-01-14T06:22:35Z,28.4585173,77.5057572,0.023,0.61376953125,0,28.45851734583828,77.50575722174976,
2026-01-14T06:22:36Z,28.4585173,77.5057572,0.023,0.517578125,0,28.45851724993077,77.50575720656764,
2026-01-14T06:22:36Z,28.4585175,77.5057572,-0.037,0.68994140625,0,28.458517514506834,77.5057572538937,
2026-01-14T06:22:37Z,28.4585175,77.5057572,-0.037,0.68994140625,0,28.458517387432515,77.50575722299942,
2026-01-14T06:22:37Z,28.4585175,77.5057572,-0.037,0.60498046875,0,28.458517426251028,77.50575716504808,
2026-01-14T06:22:38Z,28.4585175,77.5057572,-0.037,0.505859375,0,28.458517580419564,77.5057571897345,
2026-01-14T06:22:38Z,28.4585185,77.5057561,-0.081,0.693359375,0,28.45851853205549,77.50575621857227,human_crops/human_1768371758.jpg
2026-01-14T06:22:39Z,28.4585185,77.5057561,-0.081,0.69189453125,0,28.458518253817232,77.5057561501605,
2026-01-14T06:22:39Z,28.4585185,77.5057561,-0.081,0.56982421875,0,28.45851833876263,77.50575602331122,
2026-01-14T06:22:39Z,28.4585185,77.5057561,-0.081,0.5498046875,0,28.458518676473112,77.50575607694762,
2026-01-14T06:22:40Z,28.4585185,77.5057564,-0.078,0.7099609375,0,28.45851826203886,77.50575645039685,
2026-01-14T06:22:40Z,28.4585185,77.5057564,-0.078,0.68701171875,0,28.458518530162504,77.50575651562221,
2026-01-14T06:22:41Z,28.4585185,77.5057564,-0.078,0.57080078125,0,28.458518343945986,77.50575632721322,
2026-01-14T06:22:41Z,28.4585183,77.5057565,0.011,0.69873046875,0,28.458518295733345,77.50575648389251,
2026-01-14T06:22:42Z,28.4585183,77.5057565,0.011,0.69873046875,0,28.458518333518768,77.50575649308024,
2026-01-14T06:22:42Z,28.4585183,77.5057565,0.011,0.6123046875,0,28.4585183219362,77.50575651038389,
2026-01-14T06:22:43Z,28.4585183,77.5057565,0.011,0.515625,0,28.458518276140023,77.50575650296632,
2026-01-14T06:22:43Z,28.4585184,77.5057564,0.116,0.703125,0,28.458518754115694,77.50575632613712,human_crops/human_1768371763.jpg
2026-01-14T06:22:44Z,28.4585184,77.5057564,0.116,0.67138671875,0,28.45851835518786,77.5057562294551,
2026-01-14T06:22:44Z,28.4585184,77.5057564,0.116,0.583984375,0,28.45851863175991,77.50575650900129,
2026-01-14T06:22:45Z,28.4585184,77.5057564,0.116,0.5185546875,0,28.458518148643765,77.50575643113133,
2026-01-14T06:22:45Z,28.4585186,77.5057563,0.201,0.7099609375,0,28.458519212675277,77.50575617092264,
2026-01-14T06:22:46Z,28.4585186,77.5057563,0.201,0.6953125,0,28.458518521539858,77.50575600675998,
2026-01-14T06:22:46Z,28.4585186,77.5057563,0.201,0.615234375,0,28.45851900119654,77.50575648893903,
2026-01-14T06:22:47Z,28.4585185,77.5057563,0.214,0.69677734375,0,28.458519152117155,77.50575616290485,
2026-01-14T06:22:47Z,28.4585185,77.5057563,0.214,0.6884765625,0,28.458518417295487,77.50575598588232,
2026-01-14T06:22:47Z,28.4585185,77.5057563,0.214,0.61376953125,0,28.45851892724482,77.50575650075145,
2026-01-14T06:22:48Z,28.4585185,77.5057563,0.214,0.5439453125,0,28.458518034722147,77.50575635695624,
2026-01-14T06:22:48Z,28.4585186,77.5057564,0.236,0.7080078125,0,28.458519319389058,77.50575625103727,human_crops/human_1768371768.jpg
2026-01-14T06:22:49Z,28.4585186,77.5057564,0.236,0.69189453125,0,28.458518508239187,77.50575605315007,
2026-01-14T06:22:49Z,28.4585186,77.5057564,0.236,0.5859375,0,28.45851907144238,77.50575662056112,
2026-01-14T06:22:50Z,28.4585186,77.5057564,0.236,0.5224609375,0,28.45851808824558,77.50575646248197,
2026-01-14T06:22:50Z,28.4585193,77.5057559,0.245,0.705078125,0,28.458520046718945,77.50575574299181,
2026-01-14T06:22:51Z,28.4585193,77.5057559,0.245,0.68505859375,0,28.458519204607363,77.50575554056896,
2026-01-14T06:22:51Z,28.4585193,77.5057559,0.245,0.60888671875,0,28.458519789223356,77.50575612969128,
2026-01-14T06:22:52Z,28.4585193,77.5057559,0.245,0.5283203125,0,28.458518768287753,77.50575596743204,
2026-01-14T06:22:52Z,28.4585191,77.505756,0.246,0.703125,0,28.45851985130483,77.50575584087933,
2026-01-14T06:22:53Z,28.4585191,77.505756,0.246,0.67822265625,0,28.45851900523405,77.505755638491,
2026-01-14T06:22:53Z,28.4585191,77.505756,0.246,0.59521484375,0,28.458519592285548,77.50575623003137,
2026-01-14T06:22:53Z,28.4585191,77.505756,0.246,0.5341796875,0,28.458518568150705,77.50575606660517,
2026-01-14T06:22:54Z,28.4585197,77.5057555,0.217,0.7099609375,0,28.45852036227177,77.50575536242492,human_crops/human_1768371774.jpg
2026-01-14T06:22:54Z,28.4585197,77.5057555,0.217,0.67626953125,0,28.458519617631623,77.50575517925596,
2026-01-14T06:22:55Z,28.4585197,77.5057555,0.217,0.5888671875,0,28.45852013360242,77.50575570364255,
2026-01-14T06:22:55Z,28.4585197,77.5057555,0.217,0.51953125,0,28.458519229201745,77.50575555894281,
2026-01-14T06:22:56Z,28.4585205,77.5057547,0.183,0.71435546875,0,28.458521057544594,77.50575458330933,
2026-01-14T06:22:56Z,28.4585205,77.5057547,0.183,0.693359375,0,28.458520430433673,77.50575442935303,
2026-01-14T06:22:57Z,28.4585205,77.5057547,0.183,0.5869140625,0,28.45852086497767,77.50575487278012,
2026-01-14T06:22:57Z,28.4585205,77.5057547,0.183,0.5244140625,0,28.45852010325753,77.5057547498052,
2026-01-14T06:22:58Z,28.4585217,77.505753,0.167,0.72900390625,0,28.458522208634474,77.50575289405671,
2026-01-14T06:22:58Z,28.4585217,77.505753,0.167,0.693359375,0,28.458521635358768,77.50575275375024,
2026-01-14T06:22:59Z,28.4585217,77.505753,0.167,0.5810546875,0,28.458522034227663,77.50575315756808,
2026-01-14T06:22:59Z,28.4585217,77.505753,0.167,0.509765625,0,28.458521337170275,77.50575304644678,
2026-01-14T06:23:00Z,28.4585226,77.5057523,0.131,0.68701171875,0,28.458522998669483,77.50575221709421,human_crops/human_1768371780.jpg
2026-01-14T06:23:00Z,28.4585226,77.5057523,0.131,0.681640625,0,28.45852254952254,77.50575210739656,
2026-01-14T06:23:00Z,28.4585226,77.5057523,0.131,0.60302734375,0,28.458522861254252,77.50575242345343,
2026-01-14T06:23:01Z,28.4585226,77.5057523,0.131,0.52734375,0,28.458522315680195,77.50575233533097,
2026-01-14T06:23:01Z,28.4585233,77.5057517,0.126,0.71142578125,0,28.458523684063774,77.50575161901725,
2026-01-14T06:23:02Z,28.4585233,77.5057517,0.126,0.6748046875,0,28.458523251058025,77.50575151562508,
2026-01-14T06:23:02Z,28.4585233,77.5057517,0.126,0.60009765625,0,28.45852355129867,77.50575181876779,
2026-01-14T06:23:03Z,28.4585233,77.5057517,0.126,0.53125,0,28.45852302545063,77.50575173554753,
2026-01-14T06:23:03Z,28.4585239,77.5057513,0.143,0.7099609375,0,28.45852433576782,77.50575120785113,
2026-01-14T06:23:04Z,28.4585239,77.5057513,0.143,0.6884765625,0,28.458523844105713,77.50575109105152,
2026-01-14T06:23:04Z,28.4585239,77.5057513,0.143,0.61669921875,0,28.45852418511358,77.50575143456733,
2026-01-14T06:23:05Z,28.4585239,77.5057513,0.143,0.5234375,0,28.458523587991856,77.50575134000947,
2026-01-14T06:23:05Z,28.4585247,77.5057503,0.134,0.703125,0,28.458525108520817,77.50575021318818,human_crops/human_1768371785.jpg
2026-01-14T06:23:06Z,28.4585247,77.5057503,0.134,0.69677734375,0,28.458524647976606,77.50575010335493,
2026-01-14T06:23:06Z,28.4585247,77.5057503,0.134,0.6123046875,0,28.458524967347138,77.50575042566226,
2026-01-14T06:23:07Z,28.4585247,77.5057503,0.134,0.54736328125,0,28.45852440802396,77.50575033668215,
2026-01-14T06:23:07Z,28.4585249,77.5057506,0.172,0.7080078125,0,28.45852542529814,77.5057504893514,
2026-01-14T06:23:07Z,28.4585249,77.5057506,0.172,0.69189453125,0,28.45852483357932,77.50575034730439,
2026-01-14T06:23:08Z,28.4585249,77.5057506,0.172,0.583984375,0,28.45852524379446,77.50575076047666,
2026-01-14T06:23:08Z,28.4585249,77.5057506,0.172,0.5244140625,0,28.458524526688713,77.50575064557243,
2026-01-14T06:23:09Z,28.4585253,77.5057507,0.17,0.712890625,0,28.458525819091548,77.50575059067828,
2026-01-14T06:23:09Z,28.4585253,77.5057507,0.17,0.67822265625,0,28.45852523427289,77.50575045023096,
2026-01-14T06:23:10Z,28.4585253,77.5057507,0.17,0.60302734375,0,28.458525639687092,77.5057508586314,
2026-01-14T06:23:10Z,28.4585253,77.5057507,0.17,0.525390625,0,28.45852493199257,77.50575074380026,
2026-01-14T06:23:11Z,28.4585268,77.5057493,0.092,0.71826171875,0,28.458527080660097,77.5057492411347,human_crops/human_1768371791.jpg
2026-01-14T06:23:11Z,28.4585268,77.5057493,0.092,0.66796875,0,28.458526764499158,77.50574916449837,
2026-01-14T06:23:12Z,28.4585268,77.5057493,0.092,0.60009765625,0,28.458526983593366,77.50574938613258,
2026-01-14T06:23:12Z,28.4585268,77.5057493,0.092,0.5341796875,0,28.458526600711938,77.50574932485826,
2026-01-14T06:23:13Z,28.4585271,77.5057489,0.079,0.705078125,0,28.458527341067974,77.5057488487895,
2026-01-14T06:23:13Z,28.4585271,77.5057489,0.079,0.693359375,0,28.45852706966275,77.50574878374067,
2026-01-14T06:23:13Z,28.4585271,77.5057489,0.079,0.60595703125,0,28.458527257811035,77.50574897405215,
2026-01-14T06:23:14Z,28.4585271,77.5057489,0.079,0.5341796875,0,28.458526928981467,77.50574892106623,
2026-01-14T06:23:14Z,28.4585271,77.5057509,0.154,0.71826171875,0,28.45852757161925,77.50575079786132,
2026-01-14T06:23:15Z,28.4585271,77.5057509,0.154,0.6884765625,0,28.4585270428708,77.50575066808797,
2026-01-14T06:23:15Z,28.4585271,77.5057509,0.154,0.57080078125,0,28.458527410320283,77.50575104149748,
2026-01-14T06:23:16Z,28.4585271,77.5057509,0.154,0.525390625,0,28.458526766921963,77.50575093873235,
2026-01-14T06:23:16Z,28.4585266,77.5057511,0.221,0.68994140625,0,28.458527277071084,77.50575095732103,human_crops/human_1768371796.jpg
2026-01-14T06:23:17Z,28.4585266,77.5057511,0.221,0.68505859375,0,28.458526516644614,77.50575077197023,
2026-01-14T06:23:17Z,28.4585266,77.5057511,0.221,0.56005859375,0,28.458527045373515,77.50575130486881,
2026-01-14T06:23:18Z,28.4585266,77.5057511,0.221,0.515625,0,28.458526122650778,77.50575115867832,
2026-01-14T06:23:18Z,28.4585276,77.5057506,0.175,0.71142578125,0,28.458528134433656,77.5057504867258,
2026-01-14T06:23:19Z,28.4585276,77.5057506,0.175,0.68701171875,0,28.4585275325721,77.50575034383789,
2026-01-14T06:23:19Z,28.4585276,77.5057506,0.175,0.62451171875,0,28.45852795022948,77.50575076365243,
2026-01-14T06:23:20Z,28.4585276,77.5057506,0.175,0.50390625,0,28.45852722072451,77.5057506475214,
2026-01-14T06:23:20Z,28.4585293,77.505748,0.148,0.7080078125,0,28.458529751100723,77.5057479077747,
2026-01-14T06:23:20Z,28.4585293,77.505748,0.148,0.68994140625,0,28.458529242240107,77.50574778521634,
2026-01-14T06:23:21Z,28.4585293,77.505748,0.148,0.60888671875,0,28.458529595537215,77.50574814011298,
2026-01-14T06:23:21Z,28.4585293,77.505748,0.148,0.5224609375,0,28.458528979439265,77.50574804105449,
2026-01-14T06:23:22Z,28.4585301,77.505748,0.115,0.72265625,0,28.458530450793035,77.505747926947,human_crops/human_1768371802.jpg
2026-01-14T06:23:22Z,28.4585301,77.505748,0.115,0.68994140625,0,28.458530055864173,77.50574783006383,
2026-01-14T06:23:23Z,28.4585301,77.505748,0.115,0.59521484375,0,28.458530330615933,77.50574810741529,
2026-01-14T06:23:23Z,28.4585301,77.505748,0.115,0.5146484375,0,28.458529850583155,77.50574803122673,
2026-01-14T06:23:24Z,28.4585308,77.5057498,0.078,0.69873046875,0,28.45853103834868,77.50574974956318,
2026-01-14T06:23:24Z,28.4585308,77.5057498,0.078,0.68359375,0,28.458530770441005,77.5057496842655,
2026-01-14T06:23:25Z,28.4585308,77.5057498,0.078,0.5859375,0,28.458530956438807,77.5057498717902,
2026-01-14T06:23:25Z,28.4585308,77.5057498,0.078,0.537109375,0,28.4585306313409,77.50574982011511,
2026-01-14T06:23:26Z,28.4585321,77.5057499,0.066,0.712890625,0,28.45853230140528,77.50574985697315,
2026-01-14T06:23:26Z,28.4585321,77.5057499,0.066,0.68701171875,0,28.458532074628767,77.5057498027763,
2026-01-14T06:23:27Z,28.4585321,77.5057499,0.066,0.60888671875,0,28.458532231687098,77.50574996211346,
2026-01-14T06:23:27Z,28.4585338,77.5057488,0.055,0.703125,0,28.45853396782088,77.50574876449984,human_crops/human_1768371807.jpg
2026-01-14T06:23:27Z,28.4585338,77.5057488,0.055,0.681640625,0,28.45853377882258,77.50574871812549,
2026-01-14T06:23:28Z,28.4585338,77.5057488,0.055,0.59375,0,28.458533909684718,77.50574885159334,
2026-01-14T06:23:28Z,28.4585338,77.5057488,0.055,0.5302734375,0,28.458533680436467,77.50574881482487,
2026-01-14T06:23:29Z,28.4585354,77.5057475,0.038,0.67822265625,0,28.458535385031574,77.50574744445044,
2026-01-14T06:23:29Z,28.4585354,77.5057475,0.038,0.67626953125,0,28.45853551570497,77.50574747603844,
2026-01-14T06:23:30Z,28.4585354,77.5057475,0.038,0.57666015625,0,28.45853547579321,77.50574753570488,
2026-01-14T06:23:30Z,28.4585354,77.5057475,0.038,0.53515625,0,28.458535317451833,77.50574751043288,
2026-01-14T06:23:31Z,28.4585366,77.5057456,0.081,0.69873046875,0,28.458536847376788,77.50574554832852,
2026-01-14T06:23:31Z,28.4585366,77.5057456,0.081,0.67578125,0,28.458536568821046,77.50574548038571,
2026-01-14T06:23:32Z,28.4585366,77.5057456,0.081,0.5859375,0,28.45853676237866,77.50574567527872,
2026-01-14T06:23:32Z,28.4585366,77.5057456,0.081,0.537109375,0,28.458536424319597,77.50574562162365,
2026-01-14T06:23:33Z,28.4585364,77.5057461,0.076,0.69873046875,0,28.458536632386526,77.50574605111393,human_crops/human_1768371813.jpg
2026-01-14T06:23:33Z,28.4585364,77.5057461,0.076,0.68017578125,0,28.458536370933942,77.5057459879778,
2026-01-14T06:23:33Z,28.4585364,77.5057461,0.076,0.57763671875,0,28.458536552499478,77.50574617048734,
2026-01-14T06:23:34Z,28.4585364,77.5057461,0.076,0.5361328125,0,28.45853623565291,77.50574612034428,
2026-01-14T06:23:34Z,28.4585397,77.5057421,0.012,0.705078125,0,28.458539736583152,77.50574209244539,
2026-01-14T06:23:35Z,28.4585397,77.5057421,0.012,0.69873046875,0,28.458539695342555,77.50574208255637,
2026-01-14T06:23:35Z,28.4585397,77.5057421,0.012,0.6162109375,0,28.458539723978888,77.50574211129373,
2026-01-14T06:23:36Z,28.4585397,77.5057421,0.012,0.5166015625,0,28.458539674004253,77.50574210326438,
2026-01-14T06:23:36Z,28.4585407,77.5057407,-0.078,0.705078125,0,28.45854046252126,77.50574074954119,
2026-01-14T06:23:37Z,28.4585407,77.5057407,-0.078,0.68701171875,0,28.458540730239463,77.50574081356265,
2026-01-14T06:23:37Z,28.4585407,77.5057407,-0.078,0.609375,0,28.458540544204546,77.50574062654297,
2026-01-14T06:23:38Z,28.4585407,77.5057407,-0.078,0.5361328125,0,28.458540869238124,77.50574067827695,
2026-01-14T06:23:38Z,28.4585417,77.5057388,-0.088,0.69677734375,0,28.458541432295974,77.5057388556206,human_crops/human_1768371818.jpg
2026-01-14T06:23:39Z,28.4585417,77.5057388,-0.088,0.68359375,0,28.458541734445614,77.505738928656,
2026-01-14T06:23:39Z,28.4585417,77.5057388,-0.088,0.611328125,0,28.458541524298706,77.50573871714323,
2026-01-14T06:23:40Z,28.4585417,77.5057388,-0.088,0.544921875,0,28.458541891401246,77.50573877571442,
2026-01-14T06:23:40Z,28.4585429,77.5057371,-0.067,0.71435546875,0,28.45854269587323,77.50573714272026,
2026-01-14T06:23:40Z,28.4585429,77.5057371,-0.067,0.68017578125,0,28.458542926475232,77.50573719750372,
2026-01-14T06:23:41Z,28.4585429,77.5057371,-0.067,0.611328125,0,28.45854276619842,77.50573703747474,
2026-01-14T06:23:41Z,28.4585429,77.5057371,-0.067,0.521484375,0,28.458543045611894,77.50573708140482,
2026-01-14T06:23:42Z,28.4585431,77.5057367,-0.092,0.71142578125,0,28.45854281934003,77.50573675931021,
2026-01-14T06:23:42Z,28.4585431,77.5057367,-0.092,0.68505859375,0,28.45854313614664,77.50573683418023,
2026-01-14T06:23:43Z,28.4585431,77.5057367,-0.092,0.6123046875,0,28.458542916474837,77.50573661354044,
2026-01-14T06:23:43Z,28.4585431,77.5057367,-0.092,0.5322265625,0,28.458543300158954,77.50573667380512,
2026-01-14T06:23:44Z,28.4585435,77.5057353,-0.12,0.705078125,0,28.458543133482916,77.50573537828706,human_crops/human_1768371824.jpg
2026-01-14T06:23:44Z,28.4585435,77.5057353,-0.12,0.69189453125,0,28.458543546434868,77.50573547667985,
2026-01-14T06:23:45Z,28.4585435,77.5057353,-0.12,0.60595703125,0,28.458543259858054,77.5057351889154,
2026-01-14T06:23:45Z,28.4585435,77.5057353,-0.12,0.53125,0,28.458543760460017,77.50573526780961,
2026-01-14T06:23:46Z,28.4585438,77.5057343,-0.112,0.72119140625,0,28.458543457954967,77.50573437337634,
2026-01-14T06:23:46Z,28.4585438,77.5057343,-0.112,0.68359375,0,28.458543843075525,77.50573446643027,
2026-01-14T06:23:47Z,28.4585438,77.5057343,-0.112,0.57861328125,0,28.45854357554645,77.50573419593859,
2026-01-14T06:23:47Z,28.4585438,77.5057343,-0.112,0.5166015625,0,28.458544042602384,77.50573426986134,
2026-01-14T06:23:48Z,28.4585439,77.5057327,-0.071,0.69189453125,0,28.458543683520638,77.50573274546923,
2026-01-14T06:23:48Z,28.4585439,77.5057327,-0.071,0.6884765625,0,28.45854392774826,77.50573280384343,
2026-01-14T06:23:48Z,28.4585439,77.5057327,-0.071,0.62158203125,0,28.45854375792208,77.50573263411587,
2026-01-14T06:23:49Z,28.4585439,77.5057327,-0.071,0.53759765625,0,28.458544053911638,77.5057326807289,
2026-01-14T06:23:49Z,28.4585432,77.5057326,-0.044,0.703125,0,28.45854321702564,77.50573266470647,human_crops/human_1768371829.jpg
2026-01-14T06:23:50Z,28.4585432,77.5057326,-0.044,0.68505859375,0,28.45854306570739,77.50573262896809,
2026-01-14T06:23:50Z,28.4585432,77.5057326,-0.044,0.61328125,0,28.458543111905527,77.5057325592391,
2026-01-14T06:23:51Z,28.4585429,77.5057328,-0.045,0.71435546875,0,28.458542762618166,77.50573282972384,
2026-01-14T06:23:51Z,28.4585429,77.5057328,-0.045,0.68701171875,0,28.458542917284767,77.50573286619499,
2026-01-14T06:23:52Z,28.4585429,77.5057328,-0.045,0.60205078125,0,28.45854280986492,77.50573275840316,
2026-01-14T06:23:52Z,28.4585429,77.5057328,-0.045,0.5400390625,0,28.458542998038872,77.50573278804967,
2026-01-14T06:23:53Z,28.4585412,77.505734,0.021,0.693359375,0,28.458541264091256,77.50573398610906,
2026-01-14T06:23:53Z,28.4585412,77.505734,0.021,0.68505859375,0,28.45854119192965,77.5057339689207,
2026-01-14T06:23:54Z,28.4585412,77.505734,0.021,0.61865234375,0,28.458541242165374,77.50573401937915,
2026-01-14T06:23:54Z,28.4585412,77.505734,0.021,0.5068359375,0,28.458541154468396,77.50573400543415,
2026-01-14T06:23:54Z,28.4585387,77.5057361,0.072,0.693359375,0,28.458538672926483,77.50573599291809,human_crops/human_1768371834.jpg
2026-01-14T06:23:55Z,28.4585387,77.5057361,0.072,0.6884765625,0,28.458538920441367,77.50573605220444,
2026-01-14T06:23:55Z,28.4585387,77.5057361,0.072,0.61328125,0,28.45853884468821,77.50573616565511,
2026-01-14T06:23:56Z,28.4585387,77.5057361,0.072,0.533203125,0,28.45853854478839,77.50573611795697,
2026-01-14T06:23:56Z,28.4585375,77.5057367,0.133,0.68505859375,0,28.458537449450002,77.50573650243052,
2026-01-14T06:23:57Z,28.4585375,77.5057367,0.133,0.68359375,0,28.4585379066511,77.50573661267973,
2026-01-14T06:23:57Z,28.4585375,77.5057367,0.133,0.6064453125,0,28.458537766956443,77.50573682174853,
2026-01-14T06:23:58Z,28.4585375,77.5057367,0.133,0.5205078125,0,28.458537212542407,77.50573673442075,
2026-01-14T06:23:58Z,28.4585379,77.5057347,0.104,0.70166015625,0,28.458537859863764,77.50573454757583,
2026-01-14T06:23:59Z,28.4585379,77.5057347,0.104,0.69677734375,0,28.458538216970616,77.50573463315501,
2026-01-14T06:23:59Z,28.4585379,77.5057347,0.104,0.60791015625,0,28.458538107987497,77.50573479625801,
2026-01-14T06:24:00Z,28.4585379,77.5057347,0.104,0.5283203125,0,28.45853767459721,77.50573472763432,
2026-01-14T06:24:00Z,28.4585385,77.5057331,0.142,0.69970703125,0,28.458538931995303,77.50573300745036,human_crops/human_1768371840.jpg
2026-01-14T06:24:01Z,28.4585385,77.5057331,0.142,0.69677734375,0,28.458538444251364,77.50573289296605,
2026-01-14T06:24:01Z,28.4585385,77.5057331,0.142,0.62255859375,0,28.45853878282803,77.50573323290216,
2026-01-14T06:24:01Z,28.4585385,77.5057331,0.142,0.5078125,0,28.45853819039803,77.50573313894793,
2026-01-14T06:24:02Z,28.4585389,77.5057295,0.076,0.70166015625,0,28.458539131184153,77.50572945143583,
2026-01-14T06:24:02Z,28.4585389,77.5057295,0.076,0.69873046875,0,28.45853887004141,77.5057293894491,
2026-01-14T06:24:03Z,28.4585389,77.5057295,0.076,0.60888671875,0,28.45853905137275,77.50572957113074,
2026-01-14T06:24:03Z,28.4585389,77.5057295,0.076,0.52734375,0,28.45853873475985,77.50572952079466,
2026-01-14T06:24:04Z,28.4585398,77.5057274,0.008,0.68701171875,0,28.458539824285868,77.50572739495678,
2026-01-14T06:24:04Z,28.4585398,77.5057274,0.008,0.6669921875,0,28.458539796792703,77.50572738836125,
2026-01-14T06:24:05Z,28.4585398,77.5057274,0.008,0.5810546875,0,28.458539815917163,77.50572740750228,
2026-01-14T06:24:05Z,28.4585398,77.5057274,0.008,0.5302734375,0,28.45853978256134,77.50572740226468,
2026-01-14T06:24:06Z,28.4585407,77.5057249,-0.038,0.703125,0,28.458540715136877,77.50572495507934,human_crops/human_1768371846.jpg
2026-01-14T06:24:06Z,28.4585407,77.5057249,-0.038,0.69677734375,0,28.458540584638722,77.50572492399704,
2026-01-14T06:24:07Z,28.4585407,77.5057249,-0.038,0.59814453125,0,28.458540624454287,77.50572486427073,
2026-01-14T06:24:07Z,28.4585407,77.5057249,-0.038,0.505859375,0,28.458540782833726,77.5057248892586,
2026-01-14T06:24:08Z,28.4585412,77.5057222,-0.085,0.703125,0,28.458540941619425,77.50572225394498,
2026-01-14T06:24:08Z,28.4585412,77.5057222,-0.085,0.68994140625,0,28.458541233669553,77.50572232322008,
2026-01-14T06:24:08Z,28.4585412,77.5057222,-0.085,0.60791015625,0,28.45854103083977,77.50572212006553,
2026-01-14T06:24:09Z,28.4585412,77.5057222,-0.085,0.5341796875,0,28.458541385170218,77.50572217586799,
2026-01-14T06:24:09Z,28.4585418,77.5057208,-0.073,0.69873046875,0,28.458541828964904,77.50572090623925,
2026-01-14T06:24:10Z,28.4585418,77.5057208,-0.073,0.69677734375,0,28.458541578250216,77.50572084651509,
2026-01-14T06:24:10Z,28.4585418,77.5057208,-0.073,0.62060546875,0,28.45854165476417,77.50572073177743,
2026-01-14T06:24:11Z,28.4585418,77.5057208,-0.073,0.5439453125,0,28.458541959006855,77.50572077979287,
2026-01-14T06:24:11Z,28.4585421,77.5057204,-0.085,0.6953125,0,28.458542133729004,77.50572052385637,human_crops/human_1768371851.jpg
2026-01-14T06:24:12Z,28.4585421,77.5057204,-0.085,0.6953125,0,28.4585418417963,77.5057204543176,
2026-01-14T06:24:12Z,28.4585421,77.5057204,-0.085,0.63232421875,0,28.458541930891407,77.50572032071793,
2026-01-14T06:24:13Z,28.4585421,77.5057204,-0.085,0.53515625,0,28.458542285143857,77.50572037661846,
2026-01-14T06:24:13Z,28.4585417,77.5057191,0.002,0.70654296875,0,28.45854170609828,77.50571909868347,
2026-01-14T06:24:14Z,28.4585417,77.5057191,0.002,0.681640625,0,28.458541699219833,77.50571909706134,
2026-01-14T06:24:14Z,28.4585417,77.5057191,0.002,0.61328125,0,28.458541704002375,77.50571910184689,
2026-01-14T06:24:14Z,28.4585417,77.5057191,0.002,0.517578125,0,28.458541695660287,77.5057191005226,
2026-01-14T06:24:15Z,28.4585409,77.5057183,0.035,0.7080078125,0,28.458541006789357,77.50571827712106,
2026-01-14T06:24:15Z,28.4585409,77.5057183,0.035,0.69677734375,0,28.45854088659089,77.50571824856526,
2026-01-14T06:24:16Z,28.4585409,77.5057183,0.035,0.61328125,0,28.458540970320175,77.50571833246795,
2026-01-14T06:24:16Z,28.4585409,77.5057183,0.035,0.5458984375,0,28.45854082420481,77.50571830915281,
2026-01-14T06:24:17Z,28.4585407,77.5057181,0.029,0.70166015625,0,28.458540788700606,77.50571808090451,human_crops/human_1768371857.jpg
2026-01-14T06:24:17Z,28.4585407,77.5057181,0.029,0.67333984375,0,28.45854068879624,77.50571805719595,
2026-01-14T06:24:18Z,28.4585407,77.5057181,0.029,0.591796875,0,28.45854075830806,77.50571812678758,
2026-01-14T06:24:18Z,28.4585407,77.5057181,0.029,0.517578125,0,28.458540637311895,77.50571810733655,
2026-01-14T06:24:19Z,28.458539,77.5057196,0.085,0.71142578125,0,28.458539260235003,77.50571954346907,
2026-01-14T06:24:19Z,28.458539,77.5057196,0.085,0.67236328125,0,28.458538967826534,77.50571947355799,
2026-01-14T06:24:20Z,28.458539,77.5057196,0.085,0.59033203125,0,28.458539170758353,77.50571967774519,
2026-01-14T06:24:20Z,28.458539,77.5057196,0.085,0.5341796875,0,28.458538816467723,77.50571962210223,
2026-01-14T06:24:21Z,28.4585381,77.5057206,0.144,0.7255859375,0,28.458538541527084,77.50572050304986,
2026-01-14T06:24:21Z,28.4585381,77.5057206,0.144,0.681640625,0,28.458538046318825,77.50572038416072,
2026-01-14T06:24:21Z,28.4585381,77.5057206,0.144,0.587890625,0,28.458538390997674,77.50572072997225,
2026-01-14T06:24:22Z,28.4585381,77.5057206,0.144,0.5224609375,0,28.45853778959779,77.50572063656575,
2026-01-14T06:24:22Z,28.4585365,77.505722,0.161,0.6884765625,0,28.45853699255581,77.5057218942866,human_crops/human_1768371862.jpg
2026-01-14T06:24:23Z,28.4585365,77.505722,0.161,0.68701171875,0,28.45853643930105,77.50572176154495,
2026-01-14T06:24:23Z,28.4585365,77.505722,0.161,0.58984375,0,28.458536823580083,77.50572214754465,
2026-01-14T06:24:24Z,28.4585365,77.505722,0.161,0.5390625,0,28.45853615289631,77.50572204131112,
2026-01-14T06:24:24Z,28.4585325,77.5057266,0.272,0.69873046875,0,28.458533334182476,77.50572641831072,
2026-01-14T06:24:25Z,28.4585325,77.5057266,0.272,0.68701171875,0,28.458532398319516,77.50572619604108,
2026-01-14T06:24:25Z,28.4585325,77.5057266,0.272,0.59765625,0,28.458533049734026,77.505726847028,
2026-01-14T06:24:26Z,28.4585325,77.5057266,0.272,0.5302734375,0,28.458531915510342,77.50572666696571,
2026-01-14T06:24:26Z,28.4585286,77.5057304,0.366,0.68994140625,0,28.458529722352342,77.50573015614056,
2026-01-14T06:24:27Z,28.4585286,77.5057304,0.366,0.68505859375,0,28.45852846168665,77.5057298558791,
2026-01-14T06:24:27Z,28.4585286,77.5057304,0.366,0.55224609375,0,28.45852934087854,77.50573073044448,
2026-01-14T06:24:28Z,28.4585286,77.5057304,0.366,0.5322265625,0,28.45852781209018,77.50573049113763,
2026-01-14T06:24:28Z,28.4585265,77.5057319,0.331,0.69970703125,0,28.45852751295048,77.5057316849512,human_crops/human_1768371868.jpg
2026-01-14T06:24:28Z,28.4585265,77.5057319,0.331,0.681640625,0,28.458526373326077,77.5057314092592,
2026-01-14T06:24:29Z,28.4585265,77.5057319,0.331,0.5634765625,0,28.458527166318984,77.5057322044846,
2026-01-14T06:24:29Z,28.4585265,77.5057319,0.331,0.5244140625,0,28.458525784124234,77.50573198714712,
2026-01-14T06:24:30Z,28.458526,77.5057325,0.225,0.70166015625,0,28.45852668554053,77.50573235232395,
2026-01-14T06:24:30Z,28.458526,77.5057325,0.225,0.69970703125,0,28.45852591190538,77.50573217129869,
2026-01-14T06:24:31Z,28.458526,77.5057325,0.225,0.61328125,0,28.458526449996967,77.50573270829969,
2026-01-14T06:24:31Z,28.458526,77.5057325,0.225,0.515625,0,28.4585255118813,77.50573256156291,
2026-01-14T06:24:32Z,28.4585265,77.5057302,0.119,0.7080078125,0,28.458526860531467,77.50573012425777,
2026-01-14T06:24:32Z,28.4585265,77.5057302,0.119,0.69873046875,0,28.45852645118032,77.50573002884434,
2026-01-14T06:24:33Z,28.4585265,77.5057302,0.119,0.611328125,0,28.458526735661184,77.50573031368334,
2026-01-14T06:24:33Z,28.4585265,77.5057302,0.119,0.501953125,0,28.458526239871773,77.50573023524115,
2026-01-14T06:24:34Z,28.4585236,77.5057333,0.144,0.69677734375,0,28.458524037494335,77.50573320848612,human_crops/human_1768371874.jpg
2026-01-14T06:24:34Z,28.4585236,77.5057333,0.144,0.68505859375,0,28.458523542217282,77.50573309071656,
2026-01-14T06:24:35Z,28.4585236,77.5057333,0.144,0.611328125,0,28.458523887360492,77.50573343534246,
2026-01-14T06:24:35Z,28.4585236,77.5057333,0.144,0.5126953125,0,28.458523286087203,77.50573333986065,
2026-01-14T06:24:35Z,28.4585168,77.5057416,0.395,0.70654296875,0,28.45851800757843,77.50574133629854,
2026-01-14T06:24:36Z,28.4585168,77.5057416,0.395,0.6689453125,0,28.458516648520032,77.50574101687832,
2026-01-14T06:24:36Z,28.4585168,77.5057416,0.395,0.59033203125,0,28.458517593662197,77.50574196147673,
2026-01-14T06:24:37Z,28.4585168,77.5057416,0.395,0.5341796875,0,28.458515949903628,77.50574170243354,
2026-01-14T06:24:37Z,28.4585138,77.5057448,0.487,0.71826171875,0,28.458515289700262,77.50574447787787,
2026-01-14T06:24:38Z,28.4585138,77.5057448,0.487,0.68701171875,0,28.45851361397662,77.50574407316968,
2026-01-14T06:24:38Z,28.4585138,77.5057448,0.487,0.57861328125,0,28.458514780384693,77.50574524693491,
2026-01-14T06:24:39Z,28.4585138,77.5057448,0.487,0.51171875,0,28.45851274626388,77.50574493149645,
2026-01-14T06:24:39Z,28.4585131,77.5057456,0.465,0.69677734375,0,28.45851452033639,77.50574530049559,human_crops/human_1768371879.jpg
2026-01-14T06:24:40Z,28.4585131,77.5057456,0.465,0.67626953125,0,28.458512919169582,77.50574491730552,
2026-01-14T06:24:40Z,28.4585131,77.5057456,0.465,0.58251953125,0,28.458514034497757,77.50574602880104,
2026-01-14T06:24:41Z,28.4585131,77.5057456,0.465,0.525390625,0,28.45851209291041,77.5057457261725,
2026-01-14T06:24:41Z,28.458514,77.5057452,0.363,0.6953125,0,28.4585151018905,77.50574496695599,
2026-01-14T06:24:42Z,28.458514,77.5057452,0.363,0.68505859375,0,28.458513853398454,77.50574467487003,
2026-01-14T06:24:42Z,28.458514,77.5057452,0.363,0.6259765625,0,28.45851472351524,77.50574554346677,
2026-01-14T06:24:42Z,28.4585148,77.5057451,0.299,0.705078125,0,28.4585157057934,77.50574490988124,
2026-01-14T06:24:43Z,28.4585148,77.5057451,0.299,0.68994140625,0,28.458514680410858,77.50574466330762,
2026-01-14T06:24:43Z,28.4585148,77.5057451,0.299,0.5927734375,0,28.45851539473412,77.50574538371703,
2026-01-14T06:24:44Z,28.4585148,77.5057451,0.299,0.51953125,0,28.45851414723789,77.5057451870633,
2026-01-14T06:24:44Z,28.4585154,77.5057448,0.245,0.69873046875,0,28.45851529997939,77.50574444774931,human_crops/human_1768371884.jpg
2026-01-14T06:24:45Z,28.4585154,77.5057448,0.245,0.693359375,0,28.458516141171778,77.5057446458395,
2026-01-14T06:24:45Z,28.4585154,77.5057448,0.245,0.62841796875,0,28.458515885776702,77.50574503269412,
2026-01-14T06:24:46Z,28.4585154,77.5057448,0.245,0.5087890625,0,28.4585148638389,77.50574487268575,
2026-01-14T06:24:46Z,28.4585162,77.5057457,0.169,0.69970703125,0,28.458516713100327,77.50574559342029,
2026-01-14T06:24:47Z,28.4585162,77.5057457,0.169,0.68701171875,0,28.458516130901533,77.5057454557846,
2026-01-14T06:24:47Z,28.4585162,77.5057457,0.169,0.61865234375,0,28.458516536453487,77.50574585930232,
2026-01-14T06:24:48Z,28.4585162,77.5057457,0.169,0.53125,0,28.458515830518824,77.50574574922625,
2026-01-14T06:24:48Z,28.4585161,77.5057471,0.094,0.68994140625,0,28.458516061959333,77.50574696290772,
2026-01-14T06:24:49Z,28.4585161,77.5057471,0.094,0.68701171875,0,28.458516385537834,77.505747040059,
2026-01-14T06:24:49Z,28.4585161,77.5057471,0.094,0.57861328125,0,28.458516288097623,77.50574718847658,
2026-01-14T06:24:49Z,28.4585161,77.5057471,0.094,0.533203125,0,28.45851589509589,77.50574712746814,
2026-01-14T06:24:50Z,28.4585158,77.5057489,0.105,0.69677734375,0,28.45851611900845,77.50574883249993,human_crops/human_1768371890.jpg
2026-01-14T06:24:50Z,28.4585158,77.5057489,0.105,0.681640625,0,28.458515757933693,77.50574874795933,
2026-01-14T06:24:51Z,28.4585158,77.5057489,0.105,0.62158203125,0,28.458516009330303,77.50574899873192,
2026-01-14T06:24:51Z,28.4585158,77.5057489,0.105,0.509765625,0,28.45851557154036,77.50574892992863,
2026-01-14T06:24:52Z,28.4585157,77.50575,0.079,0.705078125,0,28.458515940427716,77.50574994941952,
2026-01-14T06:24:52Z,28.4585157,77.50575,0.079,0.68359375,0,28.458515668513446,77.50574988533586,
2026-01-14T06:24:53Z,28.4585157,77.50575,0.079,0.61962890625,0,28.45851585826138,77.50575007369797,
2026-01-14T06:24:53Z,28.4585157,77.50575,0.079,0.513671875,0,28.458515528400394,77.50575002249005,
2026-01-14T06:24:54Z,28.4585154,77.5057514,0.037,0.7080078125,0,28.458515512829102,77.50575137588136,
2026-01-14T06:24:54Z,28.4585154,77.5057514,0.037,0.681640625,0,28.458515385471404,77.50575134587719,
2026-01-14T06:24:55Z,28.4585154,77.5057514,0.037,0.60205078125,0,28.458515473949987,77.5057514344906,
2026-01-14T06:24:55Z,28.4585154,77.5057514,0.037,0.548828125,0,28.458515319815533,77.50575141065715,
2026-01-14T06:24:56Z,28.4585154,77.5057524,-0.008,0.70166015625,0,28.458515375610784,77.50575240520668,human_crops/human_1768371896.jpg
2026-01-14T06:24:56Z,28.4585154,77.5057524,-0.008,0.6884765625,0,28.458515403146414,77.50575241179565,
2026-01-14T06:24:56Z,28.4585154,77.5057524,-0.008,0.57177734375,0,28.458515383957284,77.50575239256622,
2026-01-14T06:24:57Z,28.4585154,77.5057524,-0.008,0.5283203125,0,28.458515417373473,77.50575239772085,
2026-01-14T06:24:57Z,28.4585148,77.5057531,-0.014,0.68994140625,0,28.458514805543345,77.50575312025951,
2026-01-14T06:24:58Z,28.4585148,77.5057531,-0.014,0.68017578125,0,28.458514757351743,77.50575310915609,
2026-01-14T06:24:58Z,28.4585148,77.5057531,-0.014,0.61962890625,0,28.458514772025875,77.50575308689199,
2026-01-14T06:24:59Z,28.4585141,77.5057541,0.027,0.69873046875,0,28.458514182348818,77.5057540824702,
2026-01-14T06:24:59Z,28.4585141,77.5057541,0.027,0.66796875,0,28.458514089647675,77.50575406003848,
2026-01-14T06:25:00Z,28.4585141,77.5057541,0.027,0.60400390625,0,28.45851415404935,77.5057541250657,
2026-01-14T06:25:00Z,28.4585141,77.5057541,0.027,0.51953125,0,28.458514041438637,77.50575410747945,
2026-01-14T06:25:01Z,28.458498,77.5057716,0.526,0.6884765625,0,28.45849962305875,77.50577124142703,human_crops/human_1768371901.jpg
2026-01-14T06:25:01Z,28.458498,77.5057716,0.526,0.68359375,0,28.458497811407526,77.50577081122165,
2026-01-14T06:25:02Z,28.458498,77.5057716,0.526,0.59912109375,0,28.4584990705443,77.50577207007376,
2026-01-14T06:25:02Z,28.458498,77.5057716,0.526,0.5361328125,0,28.458496878524734,77.50577172715268,
2026-01-14T06:25:03Z,28.4584927,77.5057751,0.449,0.71826171875,0,28.45849407696527,77.50577480167665,
2026-01-14T06:25:03Z,28.4584927,77.5057751,0.449,0.68359375,0,28.458492532686428,77.50577443697021,
2026-01-14T06:25:03Z,28.4584927,77.5057751,0.449,0.60888671875,0,28.458493607951855,77.50577550993427,
2026-01-14T06:25:04Z,28.4584927,77.5057751,0.449,0.5390625,0,28.45849173769176,77.50577521483525,
2026-01-14T06:25:04Z,28.4584913,77.5057757,0.221,0.6953125,0,28.458491973441994,77.5057755578125,
2026-01-14T06:25:05Z,28.4584913,77.5057757,0.221,0.67431640625,0,28.45849121262913,77.50577537726227,
2026-01-14T06:25:05Z,28.4584913,77.5057757,0.221,0.57763671875,0,28.45849174214483,77.5057759055708,
2026-01-14T06:25:06Z,28.4584913,77.5057757,0.221,0.51171875,0,28.458490820564244,77.50577576223466,
2026-01-14T06:25:06Z,28.4584914,77.5057756,-0.113,0.69189453125,0,28.458491447462656,77.50577576071652,human_crops/human_1768371906.jpg
2026-01-14T06:25:07Z,28.4584914,77.5057756,-0.113,0.68017578125,0,28.458491059332154,77.5057756707244,
2026-01-14T06:25:07Z,28.4584914,77.5057756,-0.113,0.62158203125,0,28.45849117751564,77.50577549117791,
2026-01-14T06:25:08Z,28.4584914,77.5057756,-0.113,0.505859375,0,28.45849164880446,77.5057755657377,
2026-01-14T06:25:08Z,28.4584907,77.5057763,-0.187,0.712890625,0,28.458490135958197,77.50577641619915,
2026-01-14T06:25:09Z,28.4584907,77.5057763,-0.187,0.68701171875,0,28.458490778970905,77.50577656797792,
2026-01-14T06:25:09Z,28.4584907,77.5057763,-0.187,0.60009765625,0,28.458490330292587,77.50577612159866,
2026-01-14T06:25:09Z,28.4584907,77.5057763,-0.187,0.5322265625,0,28.458491111666955,77.50577624295026,
2026-01-14T06:25:10Z,28.4584867,77.5057784,-0.122,0.7080078125,0,28.458486331677097,77.50577847584691,
2026-01-14T06:25:10Z,28.4584867,77.5057784,-0.122,0.681640625,0,28.45848675105387,77.50577857509336,
2026-01-14T06:25:11Z,28.4584867,77.5057784,-0.122,0.59765625,0,28.458486458800365,77.5057782827565,
2026-01-14T06:25:11Z,28.4584867,77.5057784,-0.122,0.537109375,0,28.458486967689588,77.50577836143144,
2026-01-14T06:25:12Z,28.458485,77.5057796,-0.045,0.69970703125,0,28.4584848639091,77.50577962834883,human_crops/human_1768371912.jpg
2026-01-14T06:25:12Z,28.458485,77.5057796,-0.045,0.68017578125,0,28.458485018285455,77.50577966563284,
2026-01-14T06:25:13Z,28.458485,77.5057796,-0.045,0.57470703125,0,28.45848491099366,77.5057795572149,
2026-01-14T06:25:13Z,28.458485,77.5057796,-0.045,0.5361328125,0,28.458485098696098,77.50577958643352,
2026-01-14T06:25:14Z,28.4584823,77.5057808,0.103,0.68994140625,0,28.458482258052264,77.50578065165655,
2026-01-14T06:25:14Z,28.4584823,77.5057808,0.103,0.68701171875,0,28.458482611980642,77.50578073410556,
2026-01-14T06:25:15Z,28.4584823,77.5057808,0.103,0.62451171875,0,28.458482504592872,77.50578089724452,
2026-01-14T06:25:15Z,28.4584823,77.5057808,0.103,0.51171875,0,28.458482075132345,77.50578083069391,
2026-01-14T06:25:16Z,28.4584796,77.5057832,0.254,0.7080078125,0,28.458480371855728,77.50578303586175,
2026-01-14T06:25:16Z,28.4584796,77.5057832,0.254,0.69189453125,0,28.458479497839384,77.50578282995517,
2026-01-14T06:25:17Z,28.4584796,77.5057832,0.254,0.59814453125,0,28.458480106500275,77.50578343589653,
2026-01-14T06:25:17Z,28.4584796,77.5057832,0.254,0.53515625,0,28.458479046800488,77.50578327037977,
2026-01-14T06:25:17Z,28.4584778,77.5057843,0.326,0.71435546875,0,28.458478792322108,77.50578408424408,human_crops/human_1768371917.jpg
2026-01-14T06:25:18Z,28.4584778,77.5057843,0.326,0.681640625,0,28.45847767231814,77.5057838199326,
2026-01-14T06:25:18Z,28.4584778,77.5057843,0.326,0.60400390625,0,28.45847845303217,77.50578460282462,
2026-01-14T06:25:19Z,28.4584778,77.5057843,0.326,0.5576171875,0,28.458477092657304,77.50578439322065,
2026-01-14T06:25:19Z,28.4584734,77.5057869,0.446,0.71142578125,0,28.458474764140945,77.50578659800985,
2026-01-14T06:25:20Z,28.4584734,77.5057869,0.446,0.68359375,0,28.458473228465742,77.50578623679763,
2026-01-14T06:25:20Z,28.4584734,77.5057869,0.446,0.556640625,0,28.458474302113114,77.50578730740045,
2026-01-14T06:25:21Z,28.4584734,77.5057869,0.446,0.509765625,0,28.45847243648957,77.50578701963867,
2026-01-14T06:25:21Z,28.4584699,77.5057881,0.472,0.6884765625,0,28.458471343654562,77.50578778631068,
2026-01-14T06:25:22Z,28.4584699,77.5057881,0.472,0.68505859375,0,28.458469720093785,77.50578740064688,
2026-01-14T06:25:22Z,28.4584699,77.5057881,0.472,0.57568359375,0,28.458470849921838,77.50578852998851,
2026-01-14T06:25:23Z,28.4584699,77.5057881,0.472,0.5322265625,0,28.45846887895615,77.50578822930859,
2026-01-14T06:25:23Z,28.4584656,77.5057918,0.664,0.69873046875,0,28.458465347145022,77.50579081451139,human_crops/human_1768371923.jpg
2026-01-14T06:25:24Z,28.4584656,77.5057918,0.664,0.6884765625,0,28.458467630763234,77.50579135072748,
2026-01-14T06:25:24Z,28.4584656,77.5057918,0.664,0.62060546875,0,28.458466938760356,77.50579239882265,
2026-01-14T06:25:24Z,28.4584656,77.5057918,0.664,0.51171875,0,28.458464168208156,77.50579197567716,
2026-01-14T06:25:25Z,28.4584628,77.5057923,0.612,0.71630859375,0,28.458464669369448,77.50579189616101,
2026-01-14T06:25:25Z,28.4584628,77.5057923,0.612,0.69873046875,0,28.45846256228965,77.50579140030523,
2026-01-14T06:25:26Z,28.4584628,77.5057923,0.612,0.60302734375,0,28.45846403016605,77.50579285837036,
2026-01-14T06:25:26Z,28.4584628,77.5057923,0.612,0.5341796875,0,28.458461466559868,77.50579247446895,
2026-01-14T06:25:27Z,28.4584629,77.505791,0.513,0.712890625,0,28.458464464840183,77.50579066242831,
2026-01-14T06:25:27Z,28.4584629,77.505791,0.513,0.68994140625,0,28.45846269842391,77.50579024850231,
2026-01-14T06:25:28Z,28.4584629,77.505791,0.513,0.5927734375,0,28.4584639301973,77.5057914736474,
2026-01-14T06:25:28Z,28.4584629,77.505791,0.513,0.544921875,0,28.45846178911805,77.50579114447939,
2026-01-14T06:25:29Z,28.4584647,77.5057869,0.235,0.69970703125,0,28.458465412577677,77.50578674926754,human_crops/human_1768371929.jpg
2026-01-14T06:25:29Z,28.4584647,77.5057869,0.235,0.6953125,0,28.45846460426644,77.50578655599823,
2026-01-14T06:25:30Z,28.4584647,77.5057869,0.235,0.5634765625,0,28.45846517021749,77.50578711904802,
2026-01-14T06:25:30Z,28.4584647,77.5057869,0.235,0.521484375,0,28.458464186258418,77.5057869693075,
2026-01-14T06:25:31Z,28.4584661,77.5057839,0.078,0.705078125,0,28.458466068031587,77.50578378688577,
2026-01-14T06:25:31Z,28.4584661,77.5057839,0.078,0.703125,0,28.45846633591625,77.50578384946199,
2026-01-14T06:25:31Z,28.4584661,77.5057839,0.078,0.615234375,0,28.45846625441662,77.50578397355184,
2026-01-14T06:25:32Z,28.4584661,77.5057839,0.078,0.5029296875,0,28.458465929185603,77.50578392284011,
2026-01-14T06:25:32Z,28.4584673,77.5057818,-0.078,0.71435546875,0,28.458467064258837,77.50578185067755,
2026-01-14T06:25:33Z,28.4584673,77.5057818,-0.078,0.693359375,0,28.458467332426295,77.50578191310501,
2026-01-14T06:25:33Z,28.4584673,77.5057818,-0.078,0.59814453125,0,28.45846714538672,77.50578172738552,
2026-01-14T06:25:34Z,28.4584673,77.5057818,-0.078,0.5302734375,0,28.458467471345397,77.50578177701168,
2026-01-14T06:25:34Z,28.4584689,77.5057787,-0.186,0.7099609375,0,28.458468337899014,77.50577882089384,human_crops/human_1768371934.jpg
2026-01-14T06:25:35Z,28.4584689,77.5057787,-0.186,0.67626953125,0,28.458468976843935,77.50577897092832,
2026-01-14T06:25:35Z,28.4584689,77.5057787,-0.186,0.611328125,0,28.458468530251963,77.5057785269819,
2026-01-14T06:25:36Z,28.4584689,77.5057787,-0.186,0.5634765625,0,28.458469306239948,77.50577864565926,
2026-01-14T06:25:36Z,28.4584706,77.5057765,-0.159,0.69189453125,0,28.458470665391363,77.5057767320524,
2026-01-14T06:25:37Z,28.4584706,77.5057765,-0.159,0.68994140625,0,28.458470118252343,77.50577660187317,
2026-01-14T06:25:37Z,28.4584706,77.5057765,-0.159,0.57177734375,0,28.45847028432335,77.5057763529621,
2026-01-14T06:25:38Z,28.4584706,77.5057765,-0.159,0.5263671875,0,28.458470948504658,77.50577645458921,
2026-01-14T06:25:38Z,28.4584711,77.5057748,-0.144,0.71630859375,0,28.458470661016197,77.50577489487775,
2026-01-14T06:25:38Z,28.4584711,77.5057748,-0.144,0.68994140625,0,28.458471157711312,77.50577501077187,
2026-01-14T06:25:39Z,28.4584711,77.5057748,-0.144,0.6103515625,0,28.458470812046354,77.50577466838642,
2026-01-14T06:25:39Z,28.4584711,77.5057748,-0.144,0.5283203125,0,28.458471412871496,77.50577476005094,
2026-01-14T06:25:40Z,28.4584757,77.5057682,-0.371,0.7255859375,0,28.458474567425817,77.50576845057942,human_crops/human_1768371940.jpg
2026-01-14T06:25:40Z,28.4584757,77.5057682,-0.371,0.71435546875,0,28.458475848716866,77.50576874470026,
2026-01-14T06:25:41Z,28.4584757,77.5057682,-0.371,0.55419921875,0,28.45847650759533,77.50576810134937,
2026-01-14T06:25:41Z,28.4584757,77.5057682,-0.371,0.54296875,0,28.458474954093145,77.5057678629107,
2026-01-14T06:25:42Z,28.4584816,77.5057621,-0.488,0.72119140625,0,28.458480112079823,77.50576242839516,
2026-01-14T06:25:42Z,28.4584816,77.5057621,-0.488,0.7080078125,0,28.458481795232547,77.50576281371767,
2026-01-14T06:25:43Z,28.4584816,77.5057621,-0.488,0.56396484375,0,28.458480622081286,77.50576165206458,
2026-01-14T06:25:43Z,28.4584816,77.5057621,-0.488,0.5458984375,0,28.45848266402632,77.50576196863759,
2026-01-14T06:25:44Z,28.4584816,77.5057621,-0.488,0.5390625,0,28.458478915301626,77.505763083018,
2026-01-14T06:25:44Z,28.4584858,77.5057571,-0.443,0.71630859375,0,28.458484442666276,77.50575740115778,
2026-01-14T06:25:45Z,28.4584858,77.5057571,-0.443,0.703125,0,28.458485974375456,77.50575774934545,
2026-01-14T06:25:45Z,28.4584858,77.5057571,-0.443,0.5517578125,0,28.45848490592151,77.50575670201393,
2026-01-14T06:25:45Z,28.4584858,77.5057571,-0.443,0.541015625,0,28.458486761085002,77.50575698892465,
2026-01-14T06:25:46Z,28.4584879,77.5057543,-0.333,0.72900390625,0,28.45848687886393,77.50575452828713,human_crops/human_1768371946.jpg
2026-01-14T06:25:46Z,28.4584879,77.5057543,-0.333,0.7080078125,0,28.458488027517692,77.50575478837698,
2026-01-14T06:25:47Z,28.4584879,77.5057543,-0.333,0.56591796875,0,28.458488620849497,77.50575421665609,
2026-01-14T06:25:47Z,28.4584879,77.5057543,-0.333,0.541015625,0,28.45848722796686,77.50575399732693,
2026-01-14T06:25:48Z,28.4584879,77.5057543,-0.333,0.5087890625,0,28.45848737735227,77.50575535952908,
2026-01-14T06:25:48Z,28.458492,77.5057497,-0.239,0.7392578125,0,28.458491265358518,77.50574986717189,
2026-01-14T06:25:49Z,28.458492,77.5057497,-0.239,0.70654296875,0,28.45849209033095,77.50575005203126,
2026-01-14T06:25:49Z,28.458492,77.5057497,-0.239,0.609375,0,28.458491515562173,77.50574948458068,
2026-01-14T06:25:50Z,28.458492,77.5057497,-0.239,0.5419921875,0,28.458492516462627,77.5057496409353,
2026-01-14T06:25:50Z,28.4584935,77.5057482,-0.045,0.7451171875,0,28.45849336098628,77.50574823187183,
2026-01-14T06:25:51Z,28.4584935,77.5057482,-0.045,0.69970703125,0,28.458493516428415,77.50574826713115,
2026-01-14T06:25:51Z,28.4584935,77.5057482,-0.045,0.583984375,0,28.458493408014174,77.50574816013027,
2026-01-14T06:25:51Z,28.4584935,77.5057482,-0.045,0.5439453125,0,28.4584935966165,77.50574818952838,
2026-01-14T06:25:52Z,28.4584935,77.5057482,-0.045,0.537109375,0,28.458493250332754,77.50574829234614,
2026-01-14T06:25:52Z,28.4584834,77.5057633,0.612,0.73681640625,0,28.45848532298204,77.50576282751354,human_crops/human_1768371952.jpg
2026-01-14T06:25:53Z,28.4584834,77.5057633,0.612,0.71923828125,0,28.458483206983384,77.50576233483588,
2026-01-14T06:25:53Z,28.4584834,77.5057633,0.612,0.57666015625,0,28.458484677531185,77.5057638082251,
2026-01-14T06:25:54Z,28.4584834,77.5057633,0.612,0.5302734375,0,28.45848211657208,77.50576339995744,
2026-01-14T06:25:54Z,28.4584695,77.5057798,1.167,0.72705078125,0,28.458473197943114,77.50577887648554,
2026-01-14T06:25:55Z,28.4584695,77.5057798,1.167,0.71435546875,0,28.458469158249827,77.50577795821077,
2026-01-14T06:25:55Z,28.4584695,77.5057798,1.167,0.57275390625,0,28.458471961509737,77.50578073575295,
2026-01-14T06:25:56Z,28.4584695,77.5057798,1.167,0.5361328125,0,28.458467081715842,77.50577995365032,
2026-01-14T06:25:56Z,28.4584695,77.5057798,1.167,0.53125,0,28.458476105035793,77.50577730307039,
2026-01-14T06:25:57Z,28.4584503,77.5058046,1.711,0.72265625,0,28.45844982154176,77.50580186056816,
2026-01-14T06:25:57Z,28.4584503,77.5058046,1.711,0.71826171875,0,28.458455758315015,77.50580321260402,
2026-01-14T06:25:58Z,28.4584503,77.5058046,1.711,0.57080078125,0,28.45845393923531,77.50580593794889,
2026-01-14T06:25:58Z,28.4584503,77.5058046,1.711,0.56201171875,0,28.458460034682894,77.5058009058446,
2026-01-14T06:25:58Z,28.4584503,77.5058046,1.711,0.5029296875,0,28.458453209201963,77.50579888167789,
2026-01-14T06:25:59Z,28.4584503,77.5058046,1.711,0.501953125,0,28.458446787518167,77.50580479010148,
2026-01-14T06:25:59Z,28.4584196,77.5058435,1.345,0.72119140625,0,28.458423936136544,77.50584236942397,human_crops/human_1768371959.jpg
2026-01-14T06:26:00Z,28.4584196,77.5058435,1.345,0.71630859375,0,28.4584192665059,77.50584129585866,
2026-01-14T06:26:00Z,28.4584196,77.5058435,1.345,0.57275390625,0,28.458422494910995,77.50584452081954,
2026-01-14T06:26:01Z,28.4584196,77.5058435,1.345,0.5341796875,0,28.458416873806947,77.50584360333961,
2026-01-14T06:26:01Z,28.4584196,77.5058435,1.345,0.513671875,0,28.458427314546785,77.50584055466878,
2026-01-14T06:26:02Z,28.4583709,77.5059032,0.454,0.7392578125,0,28.45837238586851,77.5059027975803,
2026-01-14T06:26:02Z,28.4583709,77.5059032,0.454,0.72119140625,0,28.45837080822301,77.5059024360807,
2026-01-14T06:26:03Z,28.4583709,77.5059032,0.454,0.5859375,0,28.458371896314564,77.50590352415736,
2026-01-14T06:26:03Z,28.4583709,77.5059032,0.454,0.55419921875,0,28.458369996730244,77.50590321181247,
2026-01-14T06:26:04Z,28.4583709,77.5059032,0.454,0.513671875,0,28.458373534292825,77.5059021834278,
2026-01-14T06:26:04Z,28.4582909,77.5059907,-0.043,0.7333984375,0,28.45829075507135,77.5059907411224,
2026-01-14T06:26:05Z,28.4582909,77.5059907,-0.043,0.69970703125,0,28.458290905004056,77.50599077617576,human_crops/human_1768371965.jpg
2026-01-14T06:26:05Z,28.4582909,77.5059907,-0.043,0.5791015625,0,28.458290801583008,77.50599067196306,
2026-01-14T06:26:05Z,28.4582909,77.5059907,-0.043,0.53515625,0,28.4582909814566,77.50599070200857,
2026-01-14T06:26:06Z,28.4582909,77.5059907,-0.043,0.521484375,0,28.458290645047914,77.5059907997461,
2026-01-14T06:26:06Z,28.4582313,77.5060494,-0.262,0.744140625,0,28.45823041893601,77.50604963894109,
2026-01-14T06:26:07Z,28.4582313,77.5060494,-0.262,0.71142578125,0,28.458231331215142,77.506049856922,
2026-01-14T06:26:07Z,28.4582313,77.5060494,-0.262,0.56689453125,0,28.458230704514207,77.50604922076093,
2026-01-14T06:26:08Z,28.4582313,77.5060494,-0.262,0.54736328125,0,28.45823179748091,77.50604940612138,
2026-01-14T06:26:08Z,28.4582298,77.506044,-0.3,0.7099609375,0,28.45822883965259,77.50604422144946,
2026-01-14T06:26:09Z,28.4582298,77.506044,-0.3,0.7080078125,0,28.458229878282776,77.5060444685275,
2026-01-14T06:26:09Z,28.4582298,77.506044,-0.3,0.56591796875,0,28.45823041475969,77.50604395796533,
2026-01-14T06:26:10Z,28.4582298,77.506044,-0.3,0.56591796875,0,28.458229161494305,77.50604374636711,
2026-01-14T06:26:10Z,28.4582674,77.5060013,-0.182,0.7392578125,0,28.458266864013392,77.5060013900154,human_crops/human_1768371970.jpg
2026-01-14T06:26:11Z,28.4582674,77.5060013,-0.182,0.7099609375,0,28.458267488631122,77.50600153980776,
2026-01-14T06:26:11Z,28.4582674,77.5060013,-0.182,0.58251953125,0,28.45826705604079,77.50600110108016,
2026-01-14T06:26:12Z,28.4582674,77.5060013,-0.182,0.525390625,0,28.458267817999303,77.50600123021528,
2026-01-14T06:26:12Z,28.4582898,77.5059782,-0.322,0.74072265625,0,28.458288887153117,77.50597832958549,
2026-01-14T06:26:12Z,28.4582898,77.5059782,-0.322,0.7080078125,0,28.45828998794229,77.5059785916638,
2026-01-14T06:26:13Z,28.4582898,77.5059782,-0.322,0.61669921875,0,28.458288219983903,77.50598163497789,
2026-01-14T06:26:13Z,28.4582898,77.5059782,-0.322,0.57568359375,0,28.4582892225422,77.50597782113562,
2026-01-14T06:26:14Z,28.4582898,77.5059782,-0.322,0.5419921875,0,28.458290571420168,77.50597804928427,
2026-01-14T06:26:14Z,28.4582898,77.5059782,-0.322,0.5107421875,0,28.458288117484887,77.50597874379507,
2026-01-14T06:26:15Z,28.4583226,77.5059488,-0.223,0.7255859375,0,28.458321971716373,77.5059488924236,
2026-01-14T06:26:15Z,28.4583226,77.5059488,-0.223,0.71923828125,0,28.458322734942016,77.50594907412777,human_crops/human_1768371975.jpg
2026-01-14T06:26:16Z,28.4583226,77.5059488,-0.223,0.57373046875,0,28.45832220299488,77.50594853974597,
2026-01-14T06:26:16Z,28.4583226,77.5059488,-0.223,0.55078125,0,28.458323139455736,77.50594869099056,
2026-01-14T06:26:17Z,28.4583226,77.5059488,-0.223,0.51171875,0,28.458321439151298,77.50594917998855,
2026-01-14T06:26:17Z,28.4583431,77.5059292,-0.271,0.7392578125,0,28.458342317484618,77.50592933415334,
2026-01-14T06:26:18Z,28.4583431,77.5059292,-0.271,0.6953125,0,28.458343247049196,77.5059295481525,
2026-01-14T06:26:18Z,28.4583431,77.5059292,-0.271,0.57763671875,0,28.458342598773232,77.50592890510488,
2026-01-14T06:26:18Z,28.4583431,77.5059292,-0.271,0.5341796875,0,28.45834373445412,77.50592908613793,
2026-01-14T06:40:11Z,28.4585955,77.505699,1.426,0.51171875,0,28.45860552960466,77.50568486023417,
2026-01-14T06:40:12Z,28.458596,77.5056988,1.402,0.6591796875,0,28.45860584925617,77.50568490851532,human_crops/human_1768372812.jpg
2026-01-14T06:40:12Z,28.4585965,77.5056986,1.362,0.64013671875,0,28.458606061990068,77.50568511192827,
2026-01-14T06:40:13Z,28.4585968,77.5056984,1.316,0.625,0,28.458606035424715,77.50568537175927,
2026-01-14T06:40:13Z,28.4585968,77.5056984,1.316,0.638671875,0,28.458606034762813,77.50568537627218,
2026-01-14T06:40:14Z,28.4585966,77.5056983,1.282,0.650390625,0,28.45860560409564,77.50568560458849,
2026-01-14T06:40:14Z,28.4585965,77.5056984,1.263,0.638671875,0,28.458605369882317,77.50568589517995,
2026-01-14T06:40:15Z,28.4585964,77.5056984,1.255,0.63134765625,0,28.458605216399526,77.50568597045348,
2026-01-14T06:40:15Z,28.458596,77.5056989,1.237,0.63232421875,0,28.458604699712303,77.50568663574637,
2026-01-14T06:40:16Z,28.4585955,77.5056997,1.235,0.64306640625,0,28.458604188310083,77.50568745201434,
2026-01-14T06:40:17Z,28.4585945,77.5057011,1.287,0.68505859375,0,28.4585968173907,77.5056997158421,human_crops/human_1768372817.jpg
2026-01-14T06:40:18Z,28.458594,77.5057019,1.308,0.63232421875,0,28.45859634936843,77.50570048964717,
2026-01-14T06:40:18Z,28.458594,77.5057019,1.308,0.5634765625,0,28.458594933377437,77.50570062726653,
2026-01-14T06:40:19Z,28.4585931,77.5057034,1.34,0.56494140625,0,28.458591857741023,77.50570237554261,
2026-01-14T06:40:19Z,28.4585926,77.5057045,1.353,0.7119140625,0,28.458591335487206,77.50570342839632,
2026-01-14T06:40:20Z,28.4585926,77.5057045,1.353,0.7099609375,0,28.4585941665606,77.50570152603609,
2026-01-14T06:40:20Z,28.4585926,77.5057045,1.353,0.67138671875,0,28.45859667633519,77.50570576451337,
2026-01-14T06:40:21Z,28.4585926,77.5057045,1.353,0.63134765625,0,28.458598404408132,77.50570376709315,
2026-01-14T06:40:21Z,28.4585926,77.5057045,1.353,0.55517578125,0,28.458597087020483,77.50569985599556,
2026-01-14T06:40:25Z,28.4585874,77.5057098,1.563,0.76123046875,0,28.458597582928135,77.50569834033256,human_crops/human_1768372825.jpg
2026-01-14T06:40:26Z,28.4585874,77.5057098,1.563,0.6591796875,0,28.45859074663186,77.50571372406806,
2026-01-14T06:40:26Z,28.4585874,77.5057098,1.563,0.5244140625,0,28.458593959514577,77.50571195025277,
2026-01-14T06:40:26Z,28.4585871,77.5057101,1.567,0.8115234375,0,28.45859124013191,77.50570789946664,
2026-01-14T06:40:27Z,28.4585871,77.5057101,1.567,0.67041015625,0,28.458595989290796,77.50569364205246,
2026-01-14T06:40:27Z,28.4585871,77.5057101,1.567,0.64892578125,0,28.45859741984909,77.50570464323762,
2026-01-14T06:40:28Z,28.4585874,77.5057097,1.523,0.77392578125,0,28.458591427370443,77.50570757248181,
2026-01-14T06:40:28Z,28.4585874,77.5057097,1.523,0.64794921875,0,28.458596044492673,77.5056936970502,
2026-01-14T06:40:29Z,28.4585874,77.5057097,1.523,0.61962890625,0,28.458597428466454,77.50570440316807,
2026-01-14T06:40:32Z,28.4585853,77.5057122,1.66,0.537109375,0,28.458585990033452,77.50572017913946,
2026-01-14T06:40:33Z,28.4585853,77.5057123,1.634,0.63037109375,0,28.458589553689997,77.50571843898246,human_crops/human_1768372833.jpg
2026-01-14T06:40:33Z,28.4585853,77.5057123,1.634,0.5927734375,0,28.458597581243648,77.50569922064219,
2026-01-14T06:40:33Z,28.4585853,77.5057123,1.634,0.55078125,0,28.45859435529042,77.50570022505303,
2026-01-14T06:40:34Z,28.4585853,77.5057131,1.526,0.6416015625,0,28.458596769885844,77.50570086898733,
2026-01-14T06:40:34Z,28.4585853,77.5057131,1.526,0.63525390625,0,28.458589278260686,77.50571879963607,
2026-01-14T06:40:35Z,28.4585853,77.5057131,1.526,0.57177734375,0,28.458593756181816,77.50570180745993,
2026-01-14T06:40:35Z,28.4585854,77.5057137,1.492,0.6689453125,0,28.458596609630767,77.50570171741559,
2026-01-14T06:40:36Z,28.4585854,77.5057137,1.492,0.63818359375,0,28.45858928768411,77.50571927379781,
2026-01-14T06:40:36Z,28.4585854,77.5057137,1.492,0.60205078125,0,28.458593652736944,77.50570269113815,
2026-01-14T06:40:37Z,28.4585854,77.5057137,1.492,0.546875,0,28.45859095910089,77.50570419573691,
2026-01-14T06:40:47Z,28.4585811,77.505721,1.547,0.5009765625,0,28.458590775697353,77.50571398108359,
2026-01-14T06:40:48Z,28.4585809,77.505721,1.554,0.7470703125,0,28.458582419514283,77.5057233408886,human_crops/human_1768372848.jpg
2026-01-14T06:40:48Z,28.4585809,77.505721,1.554,0.64599609375,0,28.45858538140631,77.5057231351019,
2026-01-14T06:40:49Z,28.4585809,77.505721,1.554,0.626953125,0,28.458585550724976,77.50572117645754,
2026-01-14T06:40:49Z,28.4585809,77.505721,1.554,0.5859375,0,28.458579516800295,77.50572558874023,
2026-01-14T06:40:49Z,28.4585809,77.505721,1.554,0.5400390625,0,28.458585745283255,77.50572686856545,
2026-01-14T06:40:50Z,28.4585809,77.505721,1.554,0.515625,0,28.458583772049668,77.50571008320347,
2026-01-14T06:40:57Z,28.4585795,77.5057204,1.523,0.61376953125,0,28.45857586896767,77.50572676684287,human_crops/human_1768372857.jpg
2026-01-14T06:40:57Z,28.4585797,77.5057205,1.531,0.6611328125,0,28.458583284143813,77.50571402865431,
2026-01-14T06:41:02Z,28.4585819,77.5057197,1.407,0.7080078125,0,28.45858555343705,77.50571459270225,human_crops/human_1768372862.jpg
2026-01-14T06:41:04Z,28.4585876,77.5057116,1.076,0.5048828125,0,28.45859028681462,77.50570871323744,
2026-01-14T06:41:06Z,28.45859,77.5057089,1.004,0.5830078125,0,28.45858871058171,77.5057136531895,
2026-01-14T06:44:31Z,28.4585756,77.5057278,2.273,0.73046875,0,28.458578022970716,77.50574054148079,human_crops/human_1768373071.jpg
2026-01-14T06:44:32Z,28.4585759,77.5057276,2.278,0.67578125,0,28.45858483512426,77.50570233025194,
2026-01-14T06:44:32Z,28.4585763,77.5057271,2.286,0.82666015625,0,28.458585336860796,77.50570185639674,
2026-01-14T06:45:31Z,28.458569,77.5057395,2.589,0.6416015625,0,28.458567103704965,77.50575239317607,human_crops/human_1768373131.jpg
2026-01-14T06:45:45Z,28.4585758,77.5057322,2.562,0.55908203125,0,28.458567816105457,77.50574109290524,
2026-01-14T06:45:52Z,28.4585719,77.5057442,2.509,0.5810546875,0,28.458564852233117,77.50575379137132,
2026-01-14T06:46:10Z,28.4585634,77.5057712,2.612,0.8330078125,0,28.458568973335986,77.50577796251551,human_crops/human_1768373170.jpg
2026-01-14T06:46:11Z,28.458563,77.5057719,2.612,0.57373046875,0,28.458576787208724,77.5057652325599,
2026-01-14T06:46:12Z,28.4585628,77.5057719,2.582,0.59521484375,0,28.45857653108221,77.5057652232263,
2026-01-14T06:46:13Z,28.4585631,77.5057707,2.448,0.55517578125,0,28.458576071240067,77.50576443110982,
2026-01-14T06:46:14Z,28.4585625,77.505771,2.44,0.705078125,0,28.458575440385445,77.50576473770508,
2026-01-14T06:46:14Z,28.4585625,77.505771,2.44,0.537109375,0,28.458574847597635,77.50575552316265,
2026-01-14T06:46:15Z,28.4585618,77.5057715,2.412,0.73193359375,0,28.458574602986697,77.50576530734158,
2026-01-14T06:46:15Z,28.4585618,77.5057715,2.412,0.61865234375,0,28.458574022881297,77.50575615784177,
2026-01-14T06:46:16Z,28.4585618,77.5057715,2.412,0.56884765625,0,28.45856938939675,77.50576807357416,
2026-01-14T06:46:16Z,28.4585618,77.5057715,2.412,0.5615234375,0,28.458570799020197,77.5057485446847,
2026-01-14T06:46:17Z,28.4585611,77.5057705,2.411,0.693359375,0,28.458573878685698,77.50576430553835,human_crops/human_1768373177.jpg
2026-01-14T06:46:17Z,28.4585611,77.5057705,2.411,0.6611328125,0,28.458570096955004,77.50574756673464,
2026-01-14T06:46:18Z,28.4585616,77.5057698,2.449,0.7080078125,0,28.458574578692662,77.50576351056729,
2026-01-14T06:46:18Z,28.4585616,77.5057698,2.449,0.64990234375,0,28.45857070413759,77.50574643887737,
2026-01-14T06:46:19Z,28.4585629,77.5057691,2.456,0.77001953125,0,28.45857592610299,77.50576276872344,
2026-01-14T06:46:19Z,28.4585629,77.5057691,2.456,0.767578125,0,28.45857202472827,77.50574567788355,
2026-01-14T06:46:19Z,28.4585629,77.5057691,2.456,0.625,0,28.45856638238281,77.50576902334156,
2026-01-14T06:46:20Z,28.4585629,77.5057691,2.456,0.611328125,0,28.458575302133504,77.50575347520738,
2026-01-14T06:46:20Z,28.4585629,77.5057691,2.456,0.57373046875,0,28.458570604527594,77.50576559073318,
2026-01-14T06:46:21Z,28.458565,77.5057628,2.643,0.787109375,0,28.458578982521466,77.50575602921194,
2026-01-14T06:46:21Z,28.458565,77.5057628,2.643,0.75927734375,0,28.458574834135128,77.50573759131335,
2026-01-14T06:46:22Z,28.458565,77.5057628,2.643,0.744140625,0,28.458568738598945,77.50576276314516,human_crops/human_1768373182.jpg
2026-01-14T06:46:22Z,28.458565,77.5057628,2.643,0.68359375,0,28.458573241876103,77.50575921649691,
2026-01-14T06:46:23Z,28.458565,77.5057628,2.643,0.60302734375,0,28.458578360710398,77.5057460201351,
2026-01-14T06:46:23Z,28.458565,77.5057628,2.643,0.5302734375,0,28.458581985087033,77.50574599370634,
2026-01-14T06:46:24Z,28.4585657,77.5057564,2.767,0.7724609375,0,28.458580390579304,77.50574932497454,
2026-01-14T06:46:24Z,28.4585657,77.5057564,2.767,0.7578125,0,28.45857601235375,77.50572999080107,
2026-01-14T06:46:25Z,28.4585657,77.5057564,2.767,0.71435546875,0,28.458569629719143,77.5057563695505,
2026-01-14T06:46:25Z,28.4585657,77.5057564,2.767,0.669921875,0,28.45857435724453,77.50575260295224,
2026-01-14T06:46:25Z,28.4585657,77.5057564,2.767,0.62353515625,0,28.458579693629883,77.50573881014088,
2026-01-14T06:46:26Z,28.4585676,77.5057532,2.644,0.7783203125,0,28.458581653480447,77.50574638580572,
2026-01-14T06:46:26Z,28.4585676,77.5057532,2.644,0.763671875,0,28.458577491774292,77.50572790667859,
2026-01-14T06:46:27Z,28.4585676,77.5057532,2.644,0.72900390625,0,28.458571391560596,77.50575312175637,human_crops/human_1768373187.jpg
2026-01-14T06:46:27Z,28.4585676,77.5057532,2.644,0.705078125,0,28.458575846924447,77.50574956296568,
2026-01-14T06:46:28Z,28.4585676,77.5057532,2.644,0.59765625,0,28.458581011512322,77.50573635769192,
2026-01-14T06:46:28Z,28.4585694,77.5057495,2.494,0.73681640625,0,28.458582668224167,77.50574304998936,
2026-01-14T06:46:29Z,28.4585694,77.5057495,2.494,0.71142578125,0,28.458578731631988,77.50572558103484,
2026-01-14T06:46:29Z,28.4585694,77.5057495,2.494,0.6943359375,0,28.45857297732073,77.50574941028952,
2026-01-14T06:46:30Z,28.4585694,77.5057495,2.494,0.611328125,0,28.45858205164071,77.50573359038393,
2026-01-14T06:46:30Z,28.4585694,77.5057495,2.494,0.55908203125,0,28.458577186639435,77.5057460462124,
2026-01-14T06:46:31Z,28.4585695,77.5057482,2.403,0.78173828125,0,28.458572974270247,77.50574806864893,
2026-01-14T06:46:31Z,28.4585695,77.5057482,2.403,0.74853515625,0,28.458578535423605,77.5057250951811,
2026-01-14T06:46:32Z,28.4585695,77.5057482,2.403,0.7470703125,0,28.458582315586792,77.50574195454921,
2026-01-14T06:46:32Z,28.4585695,77.5057482,2.403,0.65869140625,0,28.458581726091214,77.50573280311137,human_crops/human_1768373192.jpg
2026-01-14T06:46:32Z,28.4585695,77.5057482,2.403,0.626953125,0,28.458577018315506,77.50574485916415,
2026-01-14T06:46:33Z,28.4585695,77.5057456,2.357,0.76318359375,0,28.458578402544482,77.50572295684078,
2026-01-14T06:46:33Z,28.4585695,77.5057456,2.357,0.73046875,0,28.45857288559494,77.50574549747115,
2026-01-14T06:46:34Z,28.4585695,77.5057456,2.357,0.70654296875,0,28.45858203466836,77.50573951389252,
2026-01-14T06:46:34Z,28.4585695,77.5057456,2.357,0.681640625,0,28.45857687208193,77.50574234235718,
2026-01-14T06:46:35Z,28.4585695,77.5057456,2.357,0.5126953125,0,28.458581534138958,77.50573052265402,
2026-01-14T06:46:35Z,28.4585667,77.5057459,2.387,0.81640625,0,28.458570159799365,77.505745793043,
2026-01-14T06:46:36Z,28.4585667,77.5057459,2.387,0.77392578125,0,28.458579460976246,77.50573970839042,
2026-01-14T06:46:36Z,28.4585667,77.5057459,2.387,0.70703125,0,28.45857570482166,77.50572295330268,
2026-01-14T06:46:37Z,28.4585667,77.5057459,2.387,0.68505859375,0,28.458574234101352,77.50574255739826,
2026-01-14T06:46:37Z,28.4585667,77.5057459,2.387,0.6103515625,0,28.458578878839113,77.5057305629784,human_crops/human_1768373197.jpg
2026-01-14T06:46:38Z,28.4585668,77.5057448,2.435,0.75146484375,0,28.458579769225906,77.50573849436964,
2026-01-14T06:46:38Z,28.4585668,77.5057448,2.435,0.5458984375,0,28.45857922611303,77.50572924152755,
2026-01-14T06:46:38Z,28.458567,77.5057447,2.436,0.74853515625,0,28.45857999704739,77.50573839365103,
2026-01-14T06:46:39Z,28.458567,77.5057447,2.436,0.59814453125,0,28.458579424578126,77.50572914154085,
2026-01-14T06:46:39Z,28.458567,77.5057447,2.436,0.5419921875,0,28.458574693197004,77.50574118575791,
2026-01-14T06:46:40Z,28.458567,77.5057447,2.436,0.5205078125,0,28.458576219785833,77.50572133242945,
2026-01-14T06:46:40Z,28.4585684,77.5057441,2.442,0.77392578125,0,28.458581400303604,77.50573780365039,
2026-01-14T06:46:41Z,28.4585684,77.5057441,2.442,0.64697265625,0,28.458580827906747,77.50572853825621,
2026-01-14T06:46:41Z,28.4585684,77.5057441,2.442,0.60400390625,0,28.458576109790624,77.50574061060779,
2026-01-14T06:46:42Z,28.4585684,77.5057441,2.442,0.5947265625,0,28.458577631294432,77.50572072348825,
2026-01-14T06:47:22Z,28.4585779,77.5057382,2.905,0.5830078125,0,28.458577933984458,77.50575449929278,
2026-01-14T06:47:30Z,28.4585803,77.5057349,2.7,0.59912109375,0,28.45858074006477,77.5057499237889,
2026-01-14T06:47:30Z,28.4585803,77.5057349,2.7,0.52734375,0,28.45857329939693,77.50574463292561,
2026-01-14T06:57:04Z,28.4585477,77.5057757,3.895,0.60302734375,0,28.458572690517485,77.50574643249897,human_crops/human_1768373824.jpg
2026-01-14T06:57:05Z,28.4585477,77.5057757,3.895,0.70654296875,0,28.45854924153085,77.50574671103544,
2026-01-14T06:57:05Z,28.4585477,77.5057757,3.895,0.69970703125,0,28.458562875472083,77.50575096594581,
2026-01-14T06:57:06Z,28.4585477,77.5057757,3.895,0.64404296875,0,28.458572561877087,77.50574643241028,
2026-01-14T06:57:06Z,28.4585477,77.5057757,3.895,0.63525390625,0,28.45855734090769,77.50574007210592,
2026-01-14T06:57:07Z,28.4585477,77.5057757,3.895,0.6103515625,0,28.458573875405985,77.50572909399897,
2026-01-14T06:57:07Z,28.4585477,77.5057757,3.895,0.60205078125,0,28.458562438936145,77.50573460537031,
2026-01-14T06:57:08Z,28.4585491,77.5057703,3.939,0.7080078125,0,28.45856443807219,77.50574535573432,
2026-01-14T06:57:08Z,28.4585491,77.5057703,3.939,0.70654296875,0,28.458550669148508,77.50574100976499,
2026-01-14T06:57:09Z,28.4585491,77.5057703,3.939,0.68017578125,0,28.4585754053575,77.50572375315414,
2026-01-14T06:57:09Z,28.4585491,77.5057703,3.939,0.67041015625,0,28.458574214636126,77.50574083694457,
2026-01-14T06:57:10Z,28.4585491,77.5057703,3.939,0.63671875,0,28.458558866660468,77.50573432992583,human_crops/human_1768373830.jpg
2026-01-14T06:57:10Z,28.4585503,77.5057661,3.882,0.60888671875,0,28.458565428959673,77.5057414852129,
2026-01-14T06:57:10Z,28.4585503,77.5057661,3.882,0.59765625,0,28.458551865161336,77.50573728580387,
2026-01-14T06:57:11Z,28.4585503,77.5057661,3.882,0.59375,0,28.458576254606452,77.5057202285358,
2026-01-14T06:57:11Z,28.4585503,77.5057661,3.882,0.55908203125,0,28.458575115013186,77.50573709721095,
2026-01-14T06:57:12Z,28.4585503,77.5057661,3.882,0.55224609375,0,28.458559946890503,77.50573064208577,
2026-01-14T06:57:12Z,28.4585512,77.5057618,3.802,0.5947265625,0,28.458576670384623,77.50571693832461,
2026-01-14T06:57:13Z,28.4585512,77.5057618,3.802,0.5927734375,0,28.458552766961986,77.50573361213048,
2026-01-14T06:57:13Z,28.4585512,77.5057618,3.802,0.5849609375,0,28.458566055199235,77.50573773571082,
2026-01-14T06:57:14Z,28.4585512,77.5057618,3.802,0.56396484375,0,28.458575546265557,77.5057334466755,
2026-01-14T06:57:14Z,28.4585512,77.5057618,3.802,0.513671875,0,28.458560660164313,77.50572723235067,
2026-01-14T06:57:15Z,28.4585517,77.5057599,3.698,0.60498046875,0,28.458566163929117,77.50573650506902,human_crops/human_1768373835.jpg
2026-01-14T06:57:15Z,28.4585517,77.5057599,3.698,0.60107421875,0,28.458576500600973,77.5057162838048,
2026-01-14T06:57:16Z,28.4585517,77.5057599,3.698,0.59765625,0,28.458553260102843,77.50573246348347,
2026-01-14T06:57:16Z,28.4585517,77.5057599,3.698,0.57470703125,0,28.45857539811754,77.50573233987588,
2026-01-14T06:57:16Z,28.4585517,77.5057599,3.698,0.5517578125,0,28.45856095466492,77.5057261764697,
2026-01-14T06:57:17Z,28.4585548,77.5057568,3.65,0.615234375,0,28.458569070261237,77.50573375534223,
2026-01-14T06:57:17Z,28.4585548,77.5057568,3.65,0.6103515625,0,28.458579298173504,77.5057137935361,
2026-01-14T06:57:18Z,28.4585548,77.5057568,3.65,0.60009765625,0,28.458556340683277,77.5057297447962,
2026-01-14T06:57:18Z,28.4585548,77.5057568,3.65,0.5869140625,0,28.458578194049117,77.5057296349912,
2026-01-14T06:57:19Z,28.4585548,77.5057568,3.65,0.5390625,0,28.458563961087947,77.50572350136173,
2026-01-14T06:57:19Z,28.4585571,77.5057561,3.761,0.61865234375,0,28.458571850207043,77.50573230972601,
2026-01-14T06:57:20Z,28.4585571,77.5057561,3.761,0.60888671875,0,28.458558719919807,77.50572818979006,human_crops/human_1768373840.jpg
2026-01-14T06:57:20Z,28.4585571,77.5057561,3.761,0.60595703125,0,28.45858240990617,77.50571175058921,
2026-01-14T06:57:21Z,28.4585571,77.5057561,3.761,0.57666015625,0,28.45858125229778,77.50572809399736,
2026-01-14T06:57:21Z,28.4585571,77.5057561,3.761,0.5322265625,0,28.458566582019838,77.50572175611111,
2026-01-14T06:57:22Z,28.4585578,77.5057568,4.017,0.6259765625,0,28.45858488251228,77.50570945207224,
2026-01-14T06:57:22Z,28.4585578,77.5057568,4.017,0.615234375,0,28.458573587359894,77.5057314064207,
2026-01-14T06:57:23Z,28.4585578,77.5057568,4.017,0.6064453125,0,28.458559575567044,77.50572697116029,
2026-01-14T06:57:23Z,28.4585578,77.5057568,4.017,0.57080078125,0,28.45858363598074,77.50572690841105,
2026-01-14T06:57:23Z,28.4585578,77.5057568,4.017,0.53759765625,0,28.4585679548785,77.50572016090811,
2026-01-14T06:57:24Z,28.4585578,77.5057597,4.108,0.61865234375,0,28.45858558944887,77.50571118134407,
2026-01-14T06:57:24Z,28.4585578,77.5057597,4.108,0.6162109375,0,28.458559645097434,77.50572916200441,
2026-01-14T06:57:25Z,28.4585578,77.5057597,4.108,0.60400390625,0,28.45857398450612,77.50573370791005,human_crops/human_1768373845.jpg
2026-01-14T06:57:25Z,28.4585578,77.5057597,4.108,0.5849609375,0,28.458584291120353,77.50572907399092,
2026-01-14T06:57:26Z,28.4585578,77.5057597,4.108,0.5341796875,0,28.458568229624895,77.50572215306462,
2026-01-14T06:57:26Z,28.4585598,77.5057607,4.096,0.615234375,0,28.458575922013022,77.50573484242626,
2026-01-14T06:57:27Z,28.4585598,77.5057607,4.096,0.60595703125,0,28.4585874620135,77.505712483924,
2026-01-14T06:57:27Z,28.4585598,77.5057607,4.096,0.60302734375,0,28.45856163105911,77.5057303252628,
2026-01-14T06:57:28Z,28.4585598,77.5057607,4.096,0.56689453125,0,28.45858617090712,77.50573027480296,
2026-01-14T06:57:28Z,28.4585598,77.5057607,4.096,0.53125,0,28.458570157249902,77.50572348935536,
2026-01-14T06:57:29Z,28.4585603,77.5057617,4.106,0.62255859375,0,28.458576456688924,77.50573584324997,
2026-01-14T06:57:29Z,28.4585603,77.5057617,4.106,0.61328125,0,28.45856214298032,77.50573130460515,
2026-01-14T06:57:30Z,28.4585603,77.5057617,4.106,0.609375,0,28.45858801773295,77.50571347970113,
2026-01-14T06:57:30Z,28.4585603,77.5057617,4.106,0.57763671875,0,28.458586722499373,77.50573128149138,
2026-01-14T06:57:30Z,28.4585603,77.5057617,4.106,0.55810546875,0,28.458570687284396,77.50572447101503,
2026-01-14T06:57:31Z,28.4585628,77.5057596,3.999,0.626953125,0,28.458578501177396,77.50573451307929,human_crops/human_1768373851.jpg
2026-01-14T06:57:31Z,28.4585628,77.5057596,3.999,0.60595703125,0,28.458564578721866,77.50573008871248,
2026-01-14T06:57:32Z,28.4585628,77.5057596,3.999,0.60009765625,0,28.45858972845594,77.50571280919291,
2026-01-14T06:57:32Z,28.4585628,77.5057596,3.999,0.5869140625,0,28.45858848021718,77.50573009007601,
2026-01-14T06:57:33Z,28.4585628,77.5057596,3.999,0.5498046875,0,28.458572936382247,77.50572331305965,
2026-01-14T06:57:33Z,28.4585624,77.5057625,3.92,0.6123046875,0,28.458577861967214,77.50573782696276,
2026-01-14T06:57:34Z,28.4585624,77.5057625,3.92,0.60302734375,0,28.45858891697466,77.50571647613519,
2026-01-14T06:57:34Z,28.4585624,77.5057625,3.92,0.60205078125,0,28.458564196483657,77.50573348926908,
2026-01-14T06:57:35Z,28.4585624,77.5057625,3.92,0.57080078125,0,28.45858767065715,77.5057334745287,
2026-01-14T06:57:35Z,28.4585624,77.5057625,3.92,0.548828125,0,28.458572395229574,77.50572682048613,
2026-01-14T06:57:36Z,28.4585596,77.5057672,3.955,0.62353515625,0,28.45857527408904,77.50574228365356,
2026-01-14T06:57:36Z,28.4585596,77.5057672,3.955,0.61865234375,0,28.458586461182364,77.50572070244984,human_crops/human_1768373856.jpg
2026-01-14T06:57:36Z,28.4585596,77.5057672,3.955,0.60107421875,0,28.458561476157993,77.50573791262312,
2026-01-14T06:57:37Z,28.4585596,77.5057672,3.955,0.56884765625,0,28.458585180029353,77.50573790871957,
2026-01-14T06:57:37Z,28.4585596,77.5057672,3.955,0.56689453125,0,28.45856975477857,77.50573120543237,
2026-01-14T06:57:38Z,28.4585585,77.5057713,3.988,0.63037109375,0,28.458574273831637,77.50574624390555,
2026-01-14T06:57:38Z,28.4585585,77.5057713,3.988,0.615234375,0,28.45858555354377,77.50572449079183,
2026-01-14T06:57:39Z,28.4585585,77.5057713,3.988,0.59912109375,0,28.45856038096857,77.50574180174455,
2026-01-14T06:57:39Z,28.4585585,77.5057713,3.988,0.56591796875,0,28.458584275566086,77.50574178827856,
2026-01-14T06:57:40Z,28.4585585,77.5057713,3.988,0.55224609375,0,28.45856872508984,77.50573505163298,
2026-01-14T06:57:40Z,28.4585592,77.5057747,3.981,0.626953125,0,28.45857492100387,77.50574971464354,
2026-01-14T06:57:41Z,28.4585592,77.5057747,3.981,0.61376953125,0,28.458586148175726,77.50572807870677,
2026-01-14T06:57:41Z,28.4585592,77.5057747,3.981,0.60595703125,0,28.458561054050293,77.5057453006047,human_crops/human_1768373861.jpg
2026-01-14T06:57:42Z,28.4585592,77.5057747,3.981,0.57470703125,0,28.45858487903792,77.50574531034786,
2026-01-14T06:57:42Z,28.4585592,77.5057747,3.981,0.5498046875,0,28.45856934157331,77.50573869665007,
2026-01-14T06:57:43Z,28.4585607,77.505774,3.944,0.63232421875,0,28.458576195320987,77.5057493215636,
2026-01-14T06:57:43Z,28.4585607,77.505774,3.944,0.6064453125,0,28.458562493654167,77.50574495499323,
2026-01-14T06:57:43Z,28.4585607,77.505774,3.944,0.5947265625,0,28.458587293438953,77.50572797234645,
2026-01-14T06:57:44Z,28.4585607,77.505774,3.944,0.58056640625,0,28.45858605420044,77.50574498662456,
2026-01-14T06:57:44Z,28.4585607,77.505774,3.944,0.53515625,0,28.45857073529925,77.50573832530544,
2026-01-14T06:57:45Z,28.4585631,77.5057714,3.775,0.62841796875,0,28.458577908424164,77.50574786495868,
2026-01-14T06:57:45Z,28.4585631,77.5057714,3.775,0.615234375,0,28.458588477089762,77.50572748341571,
2026-01-14T06:57:46Z,28.4585631,77.5057714,3.775,0.60498046875,0,28.458564791035446,77.50574367953243,
2026-01-14T06:57:46Z,28.4585631,77.5057714,3.775,0.58056640625,0,28.458587308975403,77.50574371935727,
2026-01-14T06:57:47Z,28.4585631,77.5057714,3.775,0.53759765625,0,28.458572667531545,77.50573735220293,
2026-01-14T06:57:47Z,28.4585621,77.5057696,3.705,0.6103515625,0,28.45857667817202,77.5057464707721,human_crops/human_1768373867.jpg
2026-01-14T06:57:48Z,28.4585621,77.5057696,3.705,0.6103515625,0,28.45858707118541,77.50572643067461,
2026-01-14T06:57:48Z,28.4585621,77.5057696,3.705,0.60888671875,0,28.458563794567432,77.50574236980658,
2026-01-14T06:57:49Z,28.4585621,77.5057696,3.705,0.56591796875,0,28.458585918563077,77.50574239035076,
2026-01-14T06:57:49Z,28.4585621,77.5057696,3.705,0.55908203125,0,28.458571521945228,77.50573614314462,
2026-01-14T06:57:50Z,28.4585611,77.505773,3.759,0.61962890625,0,28.4585759285488,77.50574940411562,
2026-01-14T06:57:50Z,28.4585611,77.505773,3.759,0.6064453125,0,28.45858652569934,77.50572897791798,
2026-01-14T07:00:36Z,28.4585588,77.5057797,4.306,0.6162109375,0,28.45858642593817,77.50574750476764,human_crops/human_1768374036.jpg
2026-01-14T07:00:36Z,28.4585588,77.5057797,4.306,0.5263671875,0,28.458560576104478,77.50574780383003,
2026-01-14T07:00:37Z,28.4585564,77.5057828,4.265,0.5869140625,0,28.458573061743984,77.50575575500119,
2026-01-14T07:00:37Z,28.4585564,77.5057828,4.265,0.583984375,0,28.458584999985863,77.5057323358385,
2026-01-14T07:00:37Z,28.4585564,77.5057828,4.265,0.5791015625,0,28.45855816321339,77.50575110765814,
2026-01-14T07:00:38Z,28.4585564,77.5057828,4.265,0.5419921875,0,28.458583719914223,77.5057509280745,
2026-01-14T07:09:00Z,28.4585464,77.5057503,5.486,0.615234375,0,28.45852741523805,77.50576921788863,human_crops/human_1768374540.jpg
2026-01-14T07:09:10Z,28.4585465,77.5057493,5.435,0.5166015625,0,28.458527004870177,77.50576792546993,
2026-01-14T07:09:11Z,28.4585467,77.5057491,5.435,0.5205078125,0,28.458527280292245,77.50576775024079,
2026-01-14T07:09:12Z,28.4585471,77.5057488,5.421,0.5078125,0,28.458527694996455,77.50576739318645,
2026-01-14T07:09:12Z,28.4585474,77.5057485,5.397,0.587890625,0,28.45852815624161,77.50576703276352,
2026-01-14T07:09:13Z,28.4585476,77.5057483,5.369,0.59912109375,0,28.458528451395544,77.50576675133154,
2026-01-14T07:09:13Z,28.4585475,77.5057485,5.346,0.60009765625,0,28.458528442348356,77.50576685881997,human_crops/human_1768374553.jpg
2026-01-14T07:09:14Z,28.4585478,77.5057486,5.352,0.5634765625,0,28.458528722503385,77.5057669651631,
2026-01-14T07:09:14Z,28.4585482,77.5057483,5.341,0.57763671875,0,28.45852913863342,77.50576665364197,
2026-01-14T07:09:15Z,28.4585482,77.5057482,5.331,0.59765625,0,28.45852918754082,77.50576649297506,
2026-01-14T07:09:15Z,28.4585484,77.5057479,5.347,0.521484375,0,28.458529384708537,77.50576625806731,
2026-01-14T07:09:17Z,28.4585486,77.505747,5.395,0.63427734375,0,28.458543145701356,77.50572862627035,
2026-01-14T07:09:18Z,28.4585486,77.505747,5.395,0.56689453125,0,28.458550475199477,77.50573930071488,
2026-01-14T07:09:18Z,28.4585481,77.5057476,5.348,0.5390625,0,28.458542282148855,77.50572821917844,
2026-01-14T07:09:27Z,28.4585485,77.5057461,5.434,0.609375,0,28.45855215675993,77.50577604832051,human_crops/human_1768374567.jpg
2026-01-14T07:09:31Z,28.4585464,77.5057496,5.475,0.541015625,0,28.45856849699677,77.50575649542377,
2026-01-14T07:09:32Z,28.4585451,77.5057502,5.407,0.5029296875,0,28.45856891198034,77.50567914589325,
2026-01-14T07:32:53Z,28.4585639,77.5057589,8.723,0.57177734375,0,28.458602202756634,77.50564736278865,
2026-01-14T07:32:53Z,28.4585639,77.5057589,8.723,0.591796875,0,28.45860219471396,77.50564756058913,
2026-01-14T07:32:54Z,28.4585639,77.5057589,8.723,0.5615234375,0,28.45862326547529,77.50567803269512,
2026-01-14T07:32:54Z,28.458564,77.5057588,8.719,0.61669921875,0,28.458602202228057,77.50564770579402,human_crops/human_1768375974.jpg
2026-01-14T07:32:55Z,28.458564,77.5057588,8.719,0.56494140625,0,28.458623305669402,77.50567802808112,
2026-01-14T07:32:55Z,28.4585637,77.5057591,8.672,0.625,0,28.458601780580192,77.50564852161415,
2026-01-14T07:32:56Z,28.4585637,77.5057591,8.672,0.5634765625,0,28.458622766145737,77.50567868512952,
2026-01-14T07:32:56Z,28.4585634,77.5057595,8.652,0.62255859375,0,28.458601381454713,77.5056492036595,
2026-01-14T07:32:56Z,28.4585634,77.5057595,8.652,0.5615234375,0,28.45862231686172,77.50567929065411,
2026-01-14T07:32:57Z,28.4585634,77.5057595,8.652,0.60595703125,0,28.458601362975315,77.50564928775023,
2026-01-14T07:32:57Z,28.4585634,77.5057595,8.652,0.56689453125,0,28.458622293473894,77.50567935360152,
2026-01-14T07:32:58Z,28.4585626,77.5057603,8.534,0.60595703125,0,28.458600027703028,77.50565166863316,
2026-01-14T07:32:58Z,28.4585626,77.5057603,8.534,0.5537109375,0,28.458620669126006,77.50568130380707,
2026-01-14T07:32:59Z,28.4585625,77.5057603,8.526,0.62890625,0,28.458599904144794,77.50565177712974,
2026-01-14T07:32:59Z,28.4585625,77.5057603,8.526,0.5498046875,0,28.458620525460326,77.50568138416594,
2026-01-14T07:33:00Z,28.4585627,77.5057603,8.539,0.609375,0,28.458600112152432,77.5056516518572,human_crops/human_1768375980.jpg
2026-01-14T07:33:00Z,28.4585627,77.5057603,8.539,0.57373046875,0,28.458620751717984,77.50568130357233,
2026-01-14T07:33:01Z,28.4585634,77.5057599,8.521,0.57763671875,0,28.45860066880856,77.50565155708966,
2026-01-14T07:33:01Z,28.4585634,77.5057599,8.521,0.5068359375,0,28.4586211785638,77.5056810892543,
2026-01-14T07:33:02Z,28.4585637,77.5057594,8.509,0.5810546875,0,28.45860094182336,77.50565114045364,
2026-01-14T07:33:02Z,28.4585637,77.5057594,8.509,0.5361328125,0,28.45862144510037,77.50568077892302,
2026-01-14T07:33:03Z,28.4585629,77.50576,8.51,0.5859375,0,28.458600260263573,77.50565150485276,
2026-01-14T07:33:03Z,28.4585629,77.50576,8.51,0.544921875,0,28.458620792338543,77.50568119205025,
2026-01-14T07:33:04Z,28.4585624,77.5057605,8.445,0.57763671875,0,28.45859950743745,77.50565274591249,
2026-01-14T07:33:04Z,28.4585624,77.5057605,8.445,0.55419921875,0,28.458619889252287,77.50568222767342,
2026-01-14T07:33:05Z,28.4585622,77.5057606,8.417,0.60107421875,0,28.458599232239397,77.50565314730389,
2026-01-14T07:33:05Z,28.4585622,77.5057606,8.417,0.5322265625,0,28.458619552707823,77.5056825444202,
2026-01-14T07:33:06Z,28.4585617,77.5057612,8.393,0.59521484375,0,28.458598656154113,77.50565400291593,
2026-01-14T07:33:06Z,28.4585617,77.5057612,8.393,0.54736328125,0,28.458618925225764,77.5056833261677,
2026-01-14T07:33:07Z,28.4585611,77.5057618,8.446,0.5283203125,0,28.458618648722428,77.50568348887357,
2026-01-14T07:33:07Z,28.458561,77.5057618,8.476,0.56787109375,0,28.458618688258134,77.50568327744962,
2026-01-14T07:33:07Z,28.458561,77.5057618,8.476,0.533203125,0,28.458598234070777,77.50565353018635,
2026-01-14T07:33:08Z,28.4585607,77.5057619,8.501,0.5537109375,0,28.45861859041615,77.50568306040766,
2026-01-14T07:33:08Z,28.4585604,77.505762,8.481,0.53515625,0,28.458618140339432,77.50568349524951,
2026-01-14T07:33:09Z,28.4585602,77.5057621,8.479,0.54296875,0,28.458617900887443,77.50568364537703,
2026-01-14T07:33:09Z,28.4585602,77.505762,8.495,0.544921875,0,28.458617945786713,77.50568349442118,
2026-01-14T07:33:10Z,28.4585604,77.5057617,8.521,0.55810546875,0,28.458618353015904,77.50568286443885,
2026-01-14T07:33:11Z,28.4585605,77.5057614,8.555,0.5458984375,0,28.45861865288605,77.5056822835844,
2026-01-14T07:33:11Z,28.4585606,77.5057612,8.585,0.54736328125,0,28.45861893309867,77.50568183161498,
2026-01-14T07:33:12Z,28.4585609,77.5057607,8.598,0.5419921875,0,28.458619299462406,77.50568124054944,
2026-01-14T07:33:12Z,28.4585609,77.5057607,8.598,0.5087890625,0,28.458598552019804,77.5056512438741,
2026-01-14T07:33:12Z,28.4585611,77.5057599,8.589,0.56005859375,0,28.458619386367786,77.50568068474104,
2026-01-14T07:33:13Z,28.4585613,77.5057593,8.574,0.55224609375,0,28.458619533506297,77.50568010089539,
2026-01-14T07:33:13Z,28.4585613,77.5057593,8.574,0.5048828125,0,28.458598844812535,77.50565020358096,
2026-01-14T07:33:14Z,28.4585617,77.5057585,8.53,0.56494140625,0,28.458619586657992,77.50567981859838,
2026-01-14T07:33:14Z,28.4585617,77.5057585,8.53,0.5361328125,0,28.458619616998313,77.50567971758913,
2026-01-14T07:33:15Z,28.4585617,77.5057585,8.53,0.56396484375,0,28.458619616998313,77.50567971758913,
2026-01-14T07:33:15Z,28.4585617,77.5057585,8.53,0.529296875,0,28.458619532313495,77.50567981180419,
2026-01-14T07:33:16Z,28.4585617,77.5057585,8.53,0.56884765625,0,28.458619570244903,77.50567983260659,
2026-01-14T07:33:16Z,28.4585633,77.5057567,8.469,0.5361328125,0,28.458620778764185,77.50567854543593,
2026-01-14T07:33:17Z,28.4585637,77.5057564,8.476,0.5498046875,0,28.45862123807623,77.50567816623526,
2026-01-14T07:33:17Z,28.4585642,77.5057561,8.487,0.56494140625,0,28.458621857484115,77.50567764335922,
2026-01-14T07:33:18Z,28.4585647,77.5057556,8.512,0.57177734375,0,28.458622525784016,77.50567691875311,
2026-01-14T07:33:18Z,28.4585647,77.5057556,8.512,0.5029296875,0,28.458601954177812,77.50564718182105,
2026-01-14T07:33:19Z,28.458565,77.5057549,8.513,0.5537109375,0,28.458622856631827,77.5056760967225,
2026-01-14T07:33:19Z,28.4585651,77.5057546,8.52,0.54736328125,0,28.458623068027666,77.50567583800519,
2026-01-14T07:33:20Z,28.4585652,77.5057544,8.53,0.5087890625,0,28.45862319561916,77.50567549052505,
2026-01-14T07:33:20Z,28.4585652,77.5057544,8.537,0.5419921875,0,28.458623251049143,77.50567534885433,
2026-01-14T07:33:21Z,28.4585651,77.5057544,8.531,0.5263671875,0,28.45862317023565,77.50567540875761,
2026-01-14T07:33:21Z,28.4585651,77.5057544,8.531,0.5244140625,0,28.458602603583635,77.50564548923472,
2026-01-14T07:33:22Z,28.4585653,77.5057545,8.545,0.5576171875,0,28.45862352168103,77.50567534587832,
2026-01-14T07:33:22Z,28.4585656,77.5057543,8.583,0.5498046875,0,28.458624040508344,77.50567460412088,
2026-01-14T07:33:23Z,28.4585657,77.5057543,8.609,0.55908203125,0,28.45862438495841,77.50567448783714,
2026-01-14T07:33:23Z,28.4585659,77.5057543,8.623,0.56005859375,0,28.458624667895272,77.50567436320934,
2026-01-14T07:33:24Z,28.4585659,77.5057543,8.623,0.50390625,0,28.45860386986696,77.50564404562475,
2026-01-14T07:33:24Z,28.4585659,77.5057544,8.618,0.5400390625,0,28.458624667040645,77.50567448099805,
2026-01-14T07:33:25Z,28.4585659,77.5057544,8.618,0.5068359375,0,28.45860383756565,77.50564415237393,
2026-01-14T07:33:25Z,28.4585659,77.5057544,8.618,0.55224609375,0,28.458624628591203,77.50567445992301,
2026-01-14T07:33:26Z,28.4585659,77.5057544,8.618,0.56201171875,0,28.458624667040645,77.50567448099805,
2026-01-14T07:33:26Z,28.4585659,77.5057544,8.618,0.5302734375,0,28.45860383756565,77.50564415237393,
2026-01-14T07:33:27Z,28.4585688,77.5057519,8.535,0.54736328125,0,28.458626824184297,77.5056729627471,
2026-01-14T07:33:27Z,28.4585694,77.5057513,8.522,0.57568359375,0,28.458627306126186,77.50567247536846,
2026-01-14T07:33:28Z,28.4585694,77.5057513,8.522,0.5458984375,0,28.458606793358395,77.5056425829175,
2026-01-14T07:33:28Z,28.4585699,77.5057509,8.502,0.54296875,0,28.458627724656928,77.50567203010796,
2026-01-14T07:33:29Z,28.4585699,77.5057509,8.502,0.5400390625,0,28.458607213670124,77.50564231930645,
2026-01-14T07:33:29Z,28.4585702,77.5057512,8.494,0.587890625,0,28.458607551230386,77.50564268018596,
2026-01-14T07:33:30Z,28.4585702,77.5057512,8.494,0.57666015625,0,28.458628073686306,77.50567240933034,
2026-01-14T07:33:30Z,28.4585708,77.5057513,8.522,0.55810546875,0,28.45860834209906,77.50564241415711,
2026-01-14T07:33:30Z,28.4585708,77.5057513,8.522,0.55419921875,0,28.458628888778108,77.50567236309742,
2026-01-14T07:33:31Z,28.45857,77.5057528,8.556,0.57861328125,0,28.458628499898893,77.50567334897816,
2026-01-14T07:33:31Z,28.45857,77.5057528,8.556,0.56982421875,0,28.45860784302886,77.5056432247875,
2026-01-14T07:33:32Z,28.4585696,77.5057539,8.611,0.5537109375,0,28.45862841511486,77.50567395918266,
2026-01-14T07:33:32Z,28.4585696,77.5057539,8.611,0.52734375,0,28.458607631898612,77.50564365021484,
2026-01-14T07:33:33Z,28.4585688,77.5057551,8.62,0.56494140625,0,28.45862783602454,77.50567493355571,
2026-01-14T07:33:33Z,28.4585688,77.5057551,8.62,0.5068359375,0,28.458606970543688,77.50564459182677,
2026-01-14T07:33:34Z,28.4585683,77.5057564,8.622,0.56494140625,0,28.458627348140404,77.50567622633152,
2026-01-14T07:33:34Z,28.4585682,77.5057568,8.635,0.56005859375,0,28.458627295805908,77.50567655794542,
2026-01-14T07:33:35Z,28.4585682,77.5057568,8.635,0.5361328125,0,28.458627257232084,77.5056765368201,
2026-01-14T07:33:35Z,28.4585682,77.5057568,8.635,0.51953125,0,28.45860648586476,77.50564632706504,
2026-01-14T07:33:36Z,28.4585682,77.5057568,8.635,0.55224609375,0,28.458606293896697,77.50564691044505,
2026-01-14T07:33:42Z,28.4585695,77.5057578,8.558,0.5341796875,0,28.45860721481641,77.50564908931868,
2026-01-14T07:33:42Z,28.4585698,77.5057568,8.565,0.5419921875,0,28.458607525723565,77.50564797959062,
2026-01-14T07:33:43Z,28.4585698,77.5057568,8.565,0.529296875,0,28.458628255201557,77.50567803306595,
2026-01-14T07:33:43Z,28.4585712,77.5057525,8.614,0.52734375,0,28.458629735168525,77.50567358742208,
2026-01-14T07:33:44Z,28.4585722,77.5057504,8.617,0.56982421875,0,28.458632520912165,77.50566940658702,
2026-01-14T07:33:44Z,28.4585722,77.5057504,8.617,0.56494140625,0,28.45863215190166,77.50566949404548,
2026-01-14T07:33:45Z,28.4585722,77.5057504,8.617,0.5615234375,0,28.458630612362683,77.50567115436156,
2026-01-14T07:33:45Z,28.4585722,77.5057504,8.617,0.513671875,0,28.458609981371566,77.50564090030358,
2026-01-14T07:33:46Z,28.4585768,77.5057456,8.584,0.57373046875,0,28.458632560299264,77.50567009542397,
2026-01-14T07:33:46Z,28.4585778,77.5057447,8.586,0.57763671875,0,28.45863545286144,77.50566561300289,
2026-01-14T07:33:47Z,28.458579,77.5057436,8.581,0.703125,0,28.45863685123414,77.50566447485504,human_crops/human_1768376027.jpg
2026-01-14T07:33:47Z,28.4585801,77.5057423,8.561,0.640625,0,28.45863778098245,77.50566336062803,
2026-01-14T07:33:48Z,28.4585816,77.5057408,8.555,0.60400390625,0,28.458639233468773,77.50566175013368,
2026-01-14T07:33:48Z,28.4585828,77.5057404,8.551,0.63427734375,0,28.45864044221215,77.5056614661077,
2026-01-14T07:33:49Z,28.4585839,77.5057419,8.546,0.626953125,0,28.458641552430272,77.50566286541951,
2026-01-14T07:33:49Z,28.4585851,77.5057422,8.556,0.64990234375,0,28.458642816960367,77.50566303720574,
2026-01-14T07:33:50Z,28.4585862,77.505742,8.57,0.63427734375,0,28.45864401514636,77.5056626851975,
2026-01-14T07:33:50Z,28.4585875,77.5057399,8.585,0.62255859375,0,28.458645357934596,77.5056603391059,
2026-01-14T07:33:51Z,28.4585898,77.5057357,8.595,0.63671875,0,28.45864762329657,77.50565632137831,
2026-01-14T07:33:51Z,28.4585928,77.5057305,8.596,0.6298828125,0,28.45865056307412,77.50565127901659,
2026-01-14T07:33:52Z,28.4585966,77.505724,8.603,0.65576171875,0,28.45865430294466,77.50564485660996,
2026-01-14T07:33:52Z,28.458602,77.5057141,8.619,0.64404296875,0,28.458659626421454,77.50563506926885,human_crops/human_1768376032.jpg
2026-01-14T07:33:53Z,28.4586072,77.5057045,8.605,0.63525390625,0,28.458664589308032,77.50562579086731,
2026-01-14T07:33:53Z,28.4586117,77.5056962,8.589,0.63818359375,0,28.458668839740085,77.50561775420289,
2026-01-14T07:33:54Z,28.4586117,77.5056962,8.589,0.64892578125,0,28.45866887743984,77.50561777498473,
2026-01-14T07:33:54Z,28.4586117,77.5056962,8.589,0.6416015625,0,28.45866887743984,77.50561777498473,
2026-01-14T07:33:55Z,28.4586117,77.5056962,8.589,0.63525390625,0,28.45866887743984,77.50561777498473,
2026-01-14T07:33:55Z,28.458632,77.5056487,8.655,0.63818359375,0,28.45868913526846,77.50557029620467,
2026-01-14T07:33:56Z,28.4586376,77.5056379,8.669,0.650390625,0,28.458694780682563,77.50555946389422,
2026-01-14T07:33:56Z,28.4586414,77.5056286,8.688,0.5400390625,0,28.458698265188197,77.50554909951488,
2026-01-14T07:34:12Z,28.4587382,77.5058139,8.672,0.611328125,0,28.458713097087895,77.50584534449052,human_crops/human_1768376052.jpg
2026-01-14T07:34:13Z,28.4587434,77.5058255,8.654,0.65625,0,28.458764621344397,77.50577596428664,
2026-01-14T07:34:13Z,28.4587476,77.5058344,8.667,0.56982421875,0,28.458711780376593,77.50584470716326,
2026-01-14T07:34:14Z,28.4587476,77.5058344,8.667,0.548828125,0,28.458762355555567,77.5057906465287,
2026-01-14T07:34:14Z,28.4587476,77.5058344,8.667,0.62841796875,0,28.458756233274833,77.50579567051709,
2026-01-14T07:34:15Z,28.4587476,77.5058344,8.667,0.52734375,0,28.45881863298277,77.50579130003314,
2026-01-14T07:34:15Z,28.458761,77.5058763,8.661,0.72705078125,0,28.458723099351516,77.50588652572168,
2026-01-14T07:34:16Z,28.458761,77.5058763,8.661,0.5087890625,0,28.458769508107185,77.50583824380597,
2026-01-14T07:34:16Z,28.4587632,77.5059,8.635,0.71142578125,0,28.45872516915051,77.50591015802897,
2026-01-14T07:34:17Z,28.4587632,77.5059,8.635,0.5947265625,0,28.458834295521275,77.50585702661425,
2026-01-14T07:34:17Z,28.4587639,77.5059303,8.592,0.59619140625,0,28.45879730021232,77.50588304768266,
2026-01-14T07:34:18Z,28.4587632,77.5059445,8.566,0.5185546875,0,28.458799740246363,77.50589768143136,
2026-01-14T07:34:19Z,28.4587592,77.5059556,8.557,0.669921875,0,28.45879731191627,77.50590803550287,human_crops/human_1768376059.jpg
2026-01-14T07:34:19Z,28.4587532,77.5059722,8.565,0.5224609375,0,28.458808096641715,77.50594913664023,
2026-01-14T07:34:20Z,28.4587441,77.5059727,8.584,0.7021484375,0,28.458763363828485,77.50594751597139,
2026-01-14T07:34:21Z,28.4587389,77.5059683,8.633,0.57080078125,0,28.45877771219444,77.50592115651928,
2026-01-14T07:34:28Z,28.4589234,77.506214,8.611,0.55224609375,0,28.458922449883886,77.5062529449415,
2026-01-14T07:34:29Z,28.4589389,77.5062394,8.621,0.82568359375,0,28.458918808533763,77.5062762527016,human_crops/human_1768376069.jpg
2026-01-14T07:34:29Z,28.4589389,77.5062394,8.621,0.626953125,0,28.45893904458892,77.50625235910702,
2026-01-14T07:34:30Z,28.4589389,77.5062394,8.621,0.60009765625,0,28.458979799503435,77.50620449005007,
2026-01-14T07:34:30Z,28.4589389,77.5062394,8.621,0.513671875,0,28.459007467935994,77.5061586924674,
2026-01-14T07:34:31Z,28.4589703,77.5063232,8.666,0.74951171875,0,28.458949740372205,77.50635929570755,
2026-01-14T07:34:31Z,28.4589703,77.5063232,8.666,0.68017578125,0,28.45898223283271,77.5063507710443,
2026-01-14T07:34:31Z,28.4589703,77.5063232,8.666,0.55224609375,0,28.458970031843393,77.50633599587213,
2026-01-14T07:34:32Z,28.4589862,77.5063948,8.678,0.7666015625,0,28.45899676252104,77.50642289820541,
2026-01-14T07:34:32Z,28.4589862,77.5063948,8.678,0.71923828125,0,28.45896535862186,77.50643042490502,
2026-01-14T07:34:33Z,28.4589862,77.5063948,8.678,0.65234375,0,28.458986080463117,77.50640700375074,
2026-01-14T07:34:33Z,28.4589862,77.5063948,8.678,0.64697265625,0,28.459026916079683,77.50635980942515,
2026-01-14T07:34:34Z,28.4589862,77.5063948,8.678,0.640625,0,28.45905490851225,77.50631393724954,human_crops/human_1768376074.jpg
2026-01-14T07:34:34Z,28.4590274,77.5065208,8.699,0.78173828125,0,28.459037878045265,77.50654899477108,
2026-01-14T07:34:35Z,28.4590274,77.5065208,8.699,0.69189453125,0,28.459006436417457,77.50655634181508,
2026-01-14T07:34:35Z,28.4590274,77.5065208,8.699,0.6513671875,0,28.459027202010496,77.50653292062971,
2026-01-14T07:34:36Z,28.4590274,77.5065208,8.699,0.63818359375,0,28.459068183063444,77.50648572470823,
2026-01-14T07:34:36Z,28.4590274,77.5065208,8.699,0.62158203125,0,28.459096320754476,77.50643965435972,
2026-01-14T07:34:37Z,28.4590621,77.506632,8.74,0.77880859375,0,28.45907259284769,77.50666018151799,
2026-01-14T07:34:37Z,28.4590621,77.506632,8.74,0.68896484375,0,28.459040962113463,77.50666768704271,
2026-01-14T07:34:38Z,28.4590621,77.506632,8.74,0.650390625,0,28.459061894086343,77.50664414399536,
2026-01-14T07:34:38Z,28.4590621,77.506632,8.74,0.642578125,0,28.459131513311405,77.50655043043659,
2026-01-14T07:34:38Z,28.4590621,77.506632,8.74,0.6123046875,0,28.459103124836478,77.50659670394846,
2026-01-14T07:34:39Z,28.4591076,77.5067851,8.741,0.78173828125,0,28.459118107318034,77.5068132787138,human_crops/human_1768376079.jpg
2026-01-14T07:34:39Z,28.4591076,77.5067851,8.741,0.70166015625,0,28.45908647308156,77.50682055866764,
2026-01-14T07:34:40Z,28.4591076,77.5067851,8.741,0.63427734375,0,28.459177339588457,77.50670330747647,
2026-01-14T07:34:40Z,28.4591076,77.5067851,8.741,0.63232421875,0,28.459107298709924,77.50679716102692,
2026-01-14T07:34:41Z,28.4591076,77.5067851,8.741,0.61962890625,0,28.459148571626198,77.5067498375314,
2026-01-14T07:34:41Z,28.4591552,77.5069538,8.741,0.7802734375,0,28.459165590220618,77.50698182981729,
2026-01-14T07:34:42Z,28.4591552,77.5069538,8.741,0.6943359375,0,28.45913396192562,77.50698918580292,
2026-01-14T07:34:42Z,28.4591552,77.5069538,8.741,0.64794921875,0,28.459154878903107,77.5069657609929,
2026-01-14T07:34:43Z,28.4591552,77.5069538,8.741,0.63134765625,0,28.459196263845964,77.50691843992337,
2026-01-14T07:34:43Z,28.4591552,77.5069538,8.741,0.60205078125,0,28.459224936481093,77.50687193227584,
2026-01-14T07:34:44Z,28.4591952,77.5071016,8.679,0.76806640625,0,28.4592055129154,77.50712930105206,
2026-01-14T07:34:44Z,28.4591952,77.5071016,8.679,0.69873046875,0,28.459174175869407,77.50713657065073,human_crops/human_1768376084.jpg
2026-01-14T07:34:44Z,28.4591952,77.5071016,8.679,0.64501953125,0,28.45919491918709,77.50711332066416,
2026-01-14T07:34:45Z,28.4591952,77.5071016,8.679,0.63232421875,0,28.45923608958525,77.50706635454291,
2026-01-14T07:34:45Z,28.4591952,77.5071016,8.679,0.62451171875,0,28.459264655233582,77.50702018075056,
2026-01-14T07:34:46Z,28.4592408,77.5072752,8.684,0.77685546875,0,28.459251055413116,77.50730292497884,
2026-01-14T07:34:46Z,28.4592408,77.5072752,8.684,0.70068359375,0,28.459219622371,77.50731010156109,
2026-01-14T07:34:47Z,28.4592408,77.5072752,8.684,0.640625,0,28.459240425675087,77.5072869110295,
2026-01-14T07:34:47Z,28.4592408,77.5072752,8.684,0.62890625,0,28.45928170168434,77.50723994623108,
2026-01-14T07:34:48Z,28.4592408,77.5072752,8.684,0.62158203125,0,28.459310412828827,77.50719369947826,
2026-01-14T07:34:48Z,28.4592408,77.5072752,8.795,0.77587890625,0,28.45925124203127,77.50730409078767,
2026-01-14T07:34:49Z,28.4592408,77.5072752,8.795,0.69189453125,0,28.45921940186268,77.50731140178713,
2026-01-14T07:34:49Z,28.4592408,77.5072752,8.795,0.65380859375,0,28.45924057681032,77.50728775381911,human_crops/human_1768376089.jpg
2026-01-14T07:34:50Z,28.4592408,77.5072752,8.795,0.62890625,0,28.4593110508441,77.50719392808423,
2026-01-14T07:34:50Z,28.4592408,77.5072752,8.795,0.61962890625,0,28.45928217336595,77.50724041930327,
2026-01-14T07:34:51Z,28.4592408,77.5072752,8.832,0.77685546875,0,28.45925161605991,77.5073056972989,
2026-01-14T07:34:51Z,28.4592408,77.5072752,8.832,0.69189453125,0,28.459219371514976,77.50731307265804,
2026-01-14T07:34:51Z,28.4592408,77.5072752,8.832,0.65234375,0,28.459240768288065,77.50728917573613,
2026-01-14T07:34:52Z,28.4592408,77.5072752,8.832,0.640625,0,28.459310520737464,77.50719594643164,
2026-01-14T07:34:52Z,28.4592408,77.5072752,8.832,0.63427734375,0,28.4592823791237,77.5072416937601,
2026-01-14T07:34:53Z,28.4592408,77.5072752,8.844,0.7802734375,0,28.459251746404213,77.50730584600677,
2026-01-14T07:34:53Z,28.4592408,77.5072752,8.844,0.68603515625,0,28.459219358896334,77.50731338385772,
2026-01-14T07:34:54Z,28.4592408,77.5072752,8.844,0.6513671875,0,28.459240804155318,77.50728940929103,
2026-01-14T07:34:54Z,28.4592408,77.5072752,8.844,0.64697265625,0,28.45928247483323,77.507241819599,human_crops/human_1768376094.jpg
2026-01-14T07:34:55Z,28.4592408,77.5072752,8.844,0.60888671875,0,28.459310489145754,77.50719613156228,
2026-01-14T07:34:55Z,28.4592408,77.5072752,8.835,0.78564453125,0,28.459251845189915,77.50730632336482,
2026-01-14T07:34:56Z,28.4592408,77.5072752,8.835,0.68896484375,0,28.45921945589356,77.50731381398978,
2026-01-14T07:34:56Z,28.4592408,77.5072752,8.835,0.638671875,0,28.45924078621227,77.50728977548448,
2026-01-14T07:34:57Z,28.4592408,77.5072752,8.835,0.62841796875,0,28.45928225913681,77.50724225431891,
2026-01-14T07:34:57Z,28.4592408,77.5072752,8.835,0.615234375,0,28.459310114372492,77.50719671610625,
2026-01-14T07:34:58Z,28.4592408,77.5072752,8.848,0.77685546875,0,28.459251824151814,77.50730636460673,
2026-01-14T07:34:58Z,28.4592408,77.5072752,8.848,0.71630859375,0,28.45921959590998,77.50731386710311,
2026-01-14T07:34:58Z,28.4592408,77.5072752,8.848,0.640625,0,28.45924089933413,77.50728984010931,
2026-01-14T07:34:59Z,28.4592408,77.5072752,8.848,0.62158203125,0,28.459282381740202,77.50724209358953,
2026-01-14T07:34:59Z,28.4592408,77.5072752,8.848,0.61865234375,0,28.459310121963178,77.50719655810941,human_crops/human_1768376099.jpg
2026-01-14T07:35:00Z,28.4592408,77.5072752,8.82,0.78173828125,0,28.459251998999946,77.50730615991743,
2026-01-14T07:35:00Z,28.4592408,77.5072752,8.82,0.6953125,0,28.459219674960995,77.50731393834573,
2026-01-14T07:35:01Z,28.4592408,77.5072752,8.82,0.6572265625,0,28.459240924642646,77.50728979110758,
2026-01-14T07:35:01Z,28.4592408,77.5072752,8.82,0.6259765625,0,28.45930998925454,77.50719648894892,
2026-01-14T07:35:02Z,28.4592408,77.5072752,8.82,0.6103515625,0,28.459282088386523,77.50724225998928,
2026-01-14T07:35:02Z,28.4592408,77.5072752,8.868,0.77587890625,0,28.45925195426271,77.50730642576968,
2026-01-14T07:35:03Z,28.4592408,77.5072752,8.868,0.69189453125,0,28.45921962518934,77.5073140063361,
2026-01-14T07:35:03Z,28.4592408,77.5072752,8.868,0.64794921875,0,28.459240915161462,77.5072898155957,
2026-01-14T07:35:04Z,28.4592408,77.5072752,8.868,0.64501953125,0,28.45928251895548,77.50724180009045,
2026-01-14T07:35:04Z,28.4592408,77.5072752,8.868,0.61376953125,0,28.45931021479474,77.50719602859677,
2026-01-14T07:35:05Z,28.4592408,77.5072752,8.93,0.775390625,0,28.459252115448603,77.50730649839548,human_crops/human_1768376105.jpg
2026-01-14T07:35:05Z,28.4592408,77.5072752,8.93,0.69091796875,0,28.459219477153685,77.50731439458035,
2026-01-14T07:35:05Z,28.4592408,77.5072752,8.93,0.6513671875,0,28.45924096806584,77.50728993322852,
2026-01-14T07:35:06Z,28.4592408,77.5072752,8.93,0.63427734375,0,28.459310760921422,77.50719528279554,
2026-01-14T07:35:06Z,28.4592408,77.5072752,8.93,0.62255859375,0,28.459282508953404,77.5072417341717,
2026-01-14T07:35:07Z,28.4592408,77.5072752,8.966,0.779296875,0,28.459252107606638,77.50730664739481,
2026-01-14T07:35:07Z,28.4592408,77.5072752,8.966,0.69970703125,0,28.459219466628518,77.50731442942512,
2026-01-14T07:35:08Z,28.4592408,77.5072752,8.966,0.64599609375,0,28.45924092742914,77.50729000741225,
2026-01-14T07:35:08Z,28.4592408,77.5072752,8.966,0.64306640625,0,28.459310793746365,77.50719499970279,
2026-01-14T07:35:09Z,28.4592408,77.5072752,8.966,0.60888671875,0,28.45928265017076,77.50724152918323,
2026-01-14T07:35:09Z,28.4592408,77.5072752,8.952,0.77099609375,0,28.45925213749832,77.50730653206983,
2026-01-14T07:35:10Z,28.4592408,77.5072752,8.952,0.68701171875,0,28.45921942846046,77.50731444279604,human_crops/human_1768376110.jpg
2026-01-14T07:35:10Z,28.4592408,77.5072752,8.952,0.64404296875,0,28.45924101327845,77.50728988492303,
2026-01-14T07:35:10Z,28.4592408,77.5072752,8.952,0.61962890625,0,28.459310620022556,77.50719506571275,
2026-01-14T07:35:11Z,28.4592408,77.5072752,8.952,0.60888671875,0,28.45928264076629,77.50724145494712,
2026-01-14T07:35:11Z,28.4592408,77.5072752,8.949,0.77587890625,0,28.45925209555712,77.50730655442233,
2026-01-14T07:35:12Z,28.4592408,77.5072752,8.949,0.69873046875,0,28.45921943109906,77.50731444819552,
2026-01-14T07:35:12Z,28.4592408,77.5072752,8.949,0.6572265625,0,28.459282707084036,77.50724135764482,
2026-01-14T07:35:13Z,28.4592408,77.5072752,8.949,0.64794921875,0,28.45924092284941,77.50728996141385,
2026-01-14T07:35:13Z,28.4592408,77.5072752,8.949,0.609375,0,28.45931055665639,77.5071950356222,
2026-01-14T07:35:14Z,28.4592408,77.5072752,8.854,0.78271484375,0,28.459252012178688,77.50730623312252,
2026-01-14T07:35:14Z,28.4592408,77.5072752,8.854,0.6962890625,0,28.45921966701786,77.50731404980941,
2026-01-14T07:35:15Z,28.4592408,77.5072752,8.854,0.66259765625,0,28.45928212097492,77.50724174478431,human_crops/human_1768376115.jpg
2026-01-14T07:35:15Z,28.4592408,77.5072752,8.854,0.6591796875,0,28.45924098603788,77.50728972768954,
2026-01-14T07:35:16Z,28.4592408,77.5072752,8.854,0.6123046875,0,28.45930972430309,77.50719580209513,
2026-01-14T07:35:16Z,28.4592408,77.5072752,8.819,0.78271484375,0,28.45925190200618,77.5073061000676,
2026-01-14T07:35:17Z,28.4592408,77.5072752,8.819,0.693359375,0,28.45921978411974,77.50731388086429,
2026-01-14T07:35:17Z,28.4592408,77.5072752,8.819,0.6572265625,0,28.459240889182635,77.50728968820103,
2026-01-14T07:35:17Z,28.4592408,77.5072752,8.819,0.6298828125,0,28.45928181824078,77.50724189233905,
2026-01-14T07:35:18Z,28.4592408,77.5072752,8.819,0.62060546875,0,28.459309439178604,77.5071961091839,
2026-01-14T07:35:18Z,28.4592408,77.5072752,8.799,0.77392578125,0,28.45925189346157,77.50730601103497,
2026-01-14T07:35:19Z,28.4592408,77.5072752,8.799,0.69775390625,0,28.459219826250667,77.50731381605225,
2026-01-14T07:35:19Z,28.4592408,77.5072752,8.799,0.65576171875,0,28.459241000766657,77.50728967864798,
2026-01-14T07:35:20Z,28.4592408,77.5072752,8.799,0.63818359375,0,28.459281927218417,77.50724180129679,human_crops/human_1768376120.jpg
2026-01-14T07:35:20Z,28.4592408,77.5072752,8.799,0.61767578125,0,28.4593092500515,77.50719620671877,
2026-01-14T07:35:21Z,28.4592408,77.5072752,8.789,0.7802734375,0,28.45925198351821,77.50730592362356,
2026-01-14T07:35:21Z,28.4592408,77.5072752,8.789,0.69287109375,0,28.459219875655585,77.50731373766304,
2026-01-14T07:35:22Z,28.4592408,77.5072752,8.789,0.65478515625,0,28.45924102271827,77.50728955811121,
2026-01-14T07:35:22Z,28.4592408,77.5072752,8.789,0.650390625,0,28.45928169785597,77.5072419725128,
2026-01-14T07:35:23Z,28.4592408,77.5072752,8.789,0.60009765625,0,28.459309147454235,77.50719619977752,
2026-01-14T07:35:23Z,28.4592408,77.5072752,8.745,0.7783203125,0,28.459251860890337,77.5073057652502,
2026-01-14T07:35:24Z,28.4592408,77.5072752,8.745,0.693359375,0,28.4592200125115,77.5073135332714,
2026-01-14T07:35:24Z,28.4592408,77.5072752,8.745,0.6513671875,0,28.45924099834506,77.50728950641096,
2026-01-14T07:35:24Z,28.4592408,77.5072752,8.745,0.63818359375,0,28.459281728425605,77.50724187716631,
2026-01-14T07:35:25Z,28.4592408,77.5072752,8.745,0.59912109375,0,28.45930891605299,77.50719643988926,
2026-01-14T07:35:25Z,28.4592408,77.5072752,8.769,0.77392578125,0,28.459251954645595,77.5073058087872,human_crops/human_1768376125.jpg
2026-01-14T07:35:26Z,28.4592408,77.5072752,8.769,0.6875,0,28.459219975957694,77.50731365835829,
2026-01-14T07:35:26Z,28.4592408,77.5072752,8.769,0.64794921875,0,28.45924096359693,77.50728959554168,
2026-01-14T07:35:27Z,28.4592408,77.5072752,8.769,0.63427734375,0,28.459281694018138,77.50724189638426,
2026-01-14T07:35:27Z,28.4592408,77.5072752,8.769,0.61328125,0,28.45930918841188,77.50719615000034,
2026-01-14T07:35:28Z,28.4592408,77.5072752,8.743,0.78173828125,0,28.459251915350055,77.50730569328908,
2026-01-14T07:35:28Z,28.4592408,77.5072752,8.743,0.6962890625,0,28.459220035535175,77.50731353251041,
2026-01-14T07:35:29Z,28.4592408,77.5072752,8.743,0.66357421875,0,28.459281639429985,77.50724187888109,
2026-01-14T07:35:29Z,28.4592408,77.5072752,8.743,0.6513671875,0,28.45924102168757,77.50728947087954,
2026-01-14T07:35:30Z,28.4592408,77.5072752,8.743,0.61669921875,0,28.45930874396687,77.50719646781394,
2026-01-14T07:35:30Z,28.4592408,77.5072752,8.736,0.7939453125,0,28.459235259642746,77.5073084854405,
2026-01-14T07:35:31Z,28.4592408,77.5072752,8.736,0.61767578125,0,28.459254285480824,77.50731835036825,human_crops/human_1768376131.jpg
2026-01-14T07:35:31Z,28.4592408,77.5072752,8.736,0.59033203125,0,28.45930560579466,77.50720105242797,
2026-01-14T07:35:32Z,28.4592408,77.5072752,8.736,0.78173828125,0,28.459235339228112,77.5073084111727,
2026-01-14T07:35:32Z,28.4592408,77.5072752,8.736,0.64599609375,0,28.459254246620354,77.50731832282258,
2026-01-14T07:35:32Z,28.4592408,77.5072752,8.736,0.6162109375,0,28.45930560579466,77.50720105242797,
2026-01-14T07:35:33Z,28.4592408,77.5072752,8.726,0.7744140625,0,28.45925136475894,77.50730673644885,
2026-01-14T07:35:33Z,28.4592408,77.5072752,8.726,0.70068359375,0,28.4592399591496,77.50729079025614,
2026-01-14T07:35:34Z,28.4592408,77.5072752,8.726,0.662109375,0,28.459220158685685,77.5073135189944,
2026-01-14T07:35:34Z,28.4592408,77.5072752,8.726,0.56005859375,0,28.45930894684714,77.50719808381541,
2026-01-14T07:35:35Z,28.4592408,77.5072752,8.746,0.77099609375,0,28.45925136365574,77.50730682851727,
2026-01-14T07:35:35Z,28.4592408,77.5072752,8.746,0.705078125,0,28.459239951737764,77.50729082761043,
2026-01-14T07:35:36Z,28.4592408,77.5072752,8.746,0.67138671875,0,28.459220102188485,77.50731362104678,human_crops/human_1768376136.jpg
2026-01-14T07:35:36Z,28.4592408,77.5072752,8.746,0.591796875,0,28.459309176996644,77.50719783641587,
2026-01-14T07:35:37Z,28.4592408,77.5072752,8.758,0.78173828125,0,28.459251457738272,77.50730680815388,
2026-01-14T07:35:37Z,28.4592408,77.5072752,8.758,0.70654296875,0,28.459239955948075,77.50729085414714,
2026-01-14T07:35:38Z,28.4592408,77.5072752,8.758,0.66796875,0,28.459219999457083,77.50731364165618,
2026-01-14T07:35:38Z,28.4592408,77.5072752,8.758,0.56494140625,0,28.459309134281987,77.50719776965707,
2026-01-14T07:35:39Z,28.4592408,77.5072752,8.769,0.77880859375,0,28.459251367702564,77.50730694776074,
2026-01-14T07:35:39Z,28.4592408,77.5072752,8.769,0.68994140625,0,28.459240007695367,77.50729082760871,
2026-01-14T07:35:39Z,28.4592408,77.5072752,8.769,0.662109375,0,28.459220035091178,77.50731370852994,
2026-01-14T07:35:40Z,28.4592408,77.5072752,8.769,0.61328125,0,28.459309215593695,77.5071976459025,
2026-01-14T07:35:40Z,28.4592408,77.5072752,8.753,0.77392578125,0,28.45925139319637,77.50730688351632,
2026-01-14T07:35:41Z,28.4592408,77.5072752,8.753,0.705078125,0,28.45923993601471,77.50729089986174,human_crops/human_1768376141.jpg
2026-01-14T07:35:41Z,28.4592408,77.5072752,8.753,0.66455078125,0,28.45922012755117,77.50731369404984,
2026-01-14T07:35:42Z,28.4592408,77.5072752,8.753,0.5927734375,0,28.459309181038147,77.50719769921557,
2026-01-14T07:35:42Z,28.4592408,77.5072752,8.688,0.76171875,0,28.459251267490316,77.50730658506913,
2026-01-14T07:35:43Z,28.4592408,77.5072752,8.688,0.7099609375,0,28.459240013847435,77.50729073587642,
2026-01-14T07:35:43Z,28.4592408,77.5072752,8.688,0.6611328125,0,28.459220243715926,77.50731334430739,
2026-01-14T07:35:44Z,28.4592408,77.5072752,8.688,0.60009765625,0,28.4593086333253,77.50719834602874,
2026-01-14T07:35:44Z,28.4592408,77.5072752,8.7,0.7783203125,0,28.459251473720872,77.50730658180733,
2026-01-14T07:35:45Z,28.4592408,77.5072752,8.7,0.68994140625,0,28.45924010445376,77.5072906754355,
2026-01-14T07:35:45Z,28.4592408,77.5072752,8.7,0.65625,0,28.459220131039746,77.50731335303601,
2026-01-14T07:35:45Z,28.4592408,77.5072752,8.7,0.5830078125,0,28.459308634901507,77.5071982411239,
2026-01-14T07:35:46Z,28.4592408,77.5072752,8.779,0.72119140625,0,28.45924925330512,77.50730817198551,human_crops/human_1768376146.jpg
2026-01-14T07:35:46Z,28.4592408,77.5072752,8.779,0.65380859375,0,28.459238063467293,77.50729249089531,
2026-01-14T07:35:47Z,28.4592408,77.5072752,8.779,0.61962890625,0,28.459220065177753,77.50731347535104,
2026-01-14T07:35:47Z,28.4592408,77.5072752,8.779,0.6103515625,0,28.459307273237958,77.50719885646275,
2026-01-14T07:35:48Z,28.4592408,77.5072752,8.788,0.7890625,0,28.459220060187157,77.50731331641524,
2026-01-14T07:35:48Z,28.4592408,77.5072752,8.788,0.68359375,0,28.45925339998693,77.5073045080301,
2026-01-14T07:35:49Z,28.4592408,77.5072752,8.788,0.57470703125,0,28.459242587582114,77.50728777161314,
2026-01-14T07:35:49Z,28.4592408,77.5072752,8.788,0.5390625,0,28.459310904118094,77.50719609537983,
2026-01-14T07:35:50Z,28.4592408,77.5072752,8.792,0.6962890625,0,28.459286513489335,77.50723757473114,
2026-01-14T07:35:50Z,28.4592408,77.5072752,8.792,0.693359375,0,28.459314513112012,77.50719313679403,
2026-01-14T07:35:51Z,28.4592408,77.5072752,8.792,0.69189453125,0,28.459222857689724,77.5073104647477,
2026-01-14T07:35:51Z,28.4592408,77.5072752,8.792,0.68359375,0,28.459258450543214,77.50729947472618,human_crops/human_1768376151.jpg
2026-01-14T07:35:52Z,28.4592408,77.5072752,8.792,0.62255859375,0,28.459247841156397,77.50728243635747,
2026-01-14T07:35:52Z,28.4592408,77.5072752,8.775,0.71044921875,0,28.45928686660369,77.50723743745642,
2026-01-14T07:35:52Z,28.4592408,77.5072752,8.775,0.7021484375,0,28.459222949654585,77.50731028390237,
2026-01-14T07:35:53Z,28.4592408,77.5072752,8.775,0.68359375,0,28.459314568557893,77.50719334502466,
2026-01-14T07:35:53Z,28.4592408,77.5072752,8.775,0.6513671875,0,28.45925841791569,77.5072995039805,
2026-01-14T07:35:54Z,28.4592408,77.5072752,8.775,0.62890625,0,28.459247749376164,77.50728244462873,
2026-01-14T07:35:54Z,28.4592408,77.5072752,8.707,0.703125,0,28.45922295371884,77.50731001481948,
2026-01-14T07:35:55Z,28.4592408,77.5072752,8.707,0.67822265625,0,28.459314029889935,77.50719427654559,
2026-01-14T07:35:55Z,28.4592408,77.5072752,8.707,0.67431640625,0,28.459286153166754,77.5072381046453,
2026-01-14T07:35:56Z,28.4592408,77.5072752,8.707,0.6591796875,0,28.45925819157009,77.50729927695296,
2026-01-14T07:35:56Z,28.4592408,77.5072752,8.707,0.62451171875,0,28.459247706763186,77.5072824496213,human_crops/human_1768376156.jpg
2026-01-14T07:35:57Z,28.4592408,77.5072752,8.709,0.703125,0,28.459222945775608,77.50730998827072,
2026-01-14T07:35:57Z,28.4592408,77.5072752,8.709,0.7021484375,0,28.459314050350606,77.50719430292405,
2026-01-14T07:35:58Z,28.4592408,77.5072752,8.709,0.70166015625,0,28.45928663884113,77.50723776062371,
2026-01-14T07:35:58Z,28.4592408,77.5072752,8.709,0.68505859375,0,28.459258174014703,77.50729938021276,
2026-01-14T07:35:59Z,28.4592408,77.5072752,8.709,0.62841796875,0,28.459247765932727,77.50728241319943,
2026-01-14T07:35:59Z,28.4592408,77.5072752,8.784,0.7041015625,0,28.459222780031922,77.50731025826332,
2026-01-14T07:35:59Z,28.4592408,77.5072752,8.784,0.68896484375,0,28.459314773229682,77.50719374888727,
2026-01-14T07:36:00Z,28.4592408,77.5072752,8.784,0.67822265625,0,28.45928643829737,77.50723809577185,
2026-01-14T07:36:00Z,28.4592408,77.5072752,8.784,0.669921875,0,28.459258342634104,77.50729952513731,
2026-01-14T07:36:01Z,28.4592408,77.5072752,8.784,0.63525390625,0,28.459247797720757,77.50728251998271,
2026-01-14T07:36:01Z,28.4592408,77.5072752,8.843,0.71044921875,0,28.45928742604423,77.50723731913108,human_crops/human_1768376161.jpg
2026-01-14T07:36:02Z,28.4592408,77.5072752,8.843,0.708984375,0,28.459315346678522,77.50719327024561,
2026-01-14T07:36:02Z,28.4592408,77.5072752,8.843,0.69921875,0,28.45922267307389,77.50731042278404,
2026-01-14T10:47:18Z,28.4223831,77.5261389,0.057,0.58251953125,0,28.422384754295756,77.52613874991995,
2026-01-14T11:01:14Z,28.4222902,77.5262407,8.177,0.5244140625,0,28.422271655610306,77.52627445901253,
2026-01-14T11:01:14Z,28.4222902,77.5262399,8.678,0.53125,0,28.422289817291794,77.52625753839955,
2026-01-14T11:01:15Z,28.4222899,77.5262396,9.184,0.591796875,0,28.422299148730172,77.5262444731091,
2026-01-14T11:01:15Z,28.4222893,77.5262396,9.685,0.57373046875,0,28.42231111461895,77.52622284499174,
2026-01-14T11:01:16Z,28.4222889,77.5262397,10.21,0.546875,0,28.422321249165417,77.52621392447284,
2026-01-14T11:01:16Z,28.4222888,77.5262394,10.739,0.669921875,0,28.42233431495408,77.5261952897415,human_crops/human_1768388476.jpg
2026-01-14T11:01:17Z,28.4222894,77.5262394,11.709,0.68701171875,0,28.422348960685,77.52618459619126,
2026-01-14T11:01:18Z,28.4222896,77.5262396,12.199,0.66357421875,0,28.4223482428782,77.52618645665385,
2026-01-14T11:01:18Z,28.4222896,77.5262396,12.702,0.61865234375,0,28.422351053342307,77.52618083817113,
2026-01-14T11:01:19Z,28.4222896,77.5262396,12.702,0.65234375,0,28.422348544617236,77.52618119855453,
2026-01-14T11:01:19Z,28.4222896,77.5262396,12.702,0.61669921875,0,28.422344757724087,77.52618659136517,
2026-01-14T11:01:20Z,28.4222894,77.5262398,14.207,0.60205078125,0,28.42235414610007,77.52618087953802,
2026-01-14T11:01:20Z,28.4222889,77.5262398,14.597,0.5263671875,0,28.42235167030095,77.52617174482279,
2026-01-14T11:01:21Z,28.4222888,77.5262402,14.841,0.626953125,0,28.422348060733775,77.52617405537079,
2026-01-14T11:01:21Z,28.4222887,77.5262407,14.958,0.69677734375,0,28.422334627040655,77.52618288693996,
2026-01-14T11:01:22Z,28.4222887,77.5262407,14.958,0.513671875,0,28.422225341920424,77.52629412397886,
2026-01-14T11:01:22Z,28.4222894,77.5262389,14.957,0.56494140625,0,28.422332515135743,77.52618739400732,
2026-01-14T11:01:23Z,28.4222901,77.5262358,15.0,0.74267578125,0,28.422341712611,77.52617962337236,human_crops/human_1768388483.jpg
2026-01-14T11:01:23Z,28.422291,77.5262316,15.015,0.67626953125,0,28.42234488563976,77.52617859694568,
2026-01-14T11:01:24Z,28.4222925,77.5262263,15.025,0.712890625,0,28.422346674222,77.52617713772415,
2026-01-14T11:01:24Z,28.4222947,77.5262193,15.048,0.7099609375,0,28.422355097205852,77.52617740371619,
2026-01-14T11:01:25Z,28.4222977,77.5262105,15.068,0.69677734375,0,28.42237123376508,77.52617733207093,
2026-01-14T11:01:25Z,28.4223013,77.5261995,15.081,0.71923828125,0,28.422388556613235,77.52617429682935,
2026-01-14T11:01:26Z,28.4223052,77.5261862,15.067,0.759765625,0,28.422408897466028,77.52616532004267,
2026-01-14T11:01:26Z,28.4223092,77.5261708,15.07,0.56689453125,0,28.422431936840937,77.5261471061204,
2026-01-14T11:01:35Z,28.4223154,77.5261972,14.854,0.55908203125,0,28.42230553644225,77.52625621842698,
2026-01-14T11:01:35Z,28.4223124,77.5262156,14.891,0.76123046875,0,28.4224239992832,77.52618900253871,human_crops/human_1768388495.jpg
2026-01-14T11:01:36Z,28.4223092,77.5262339,14.902,0.80126953125,0,28.42238857948556,77.52621030442526,
2026-01-14T11:01:36Z,28.4223061,77.5262519,14.907,0.7470703125,0,28.422354049787565,77.52622615450976,
2026-01-14T11:01:37Z,28.4223031,77.5262696,14.94,0.5078125,0,28.42232306217104,77.52624184000294,
2026-01-14T11:01:50Z,28.4223473,77.5265367,15.146,0.5078125,0,28.42229179106861,77.52656642313858,
2026-01-14T11:01:50Z,28.4223519,77.5265269,15.11,0.537109375,0,28.422316288980447,77.5265660035564,
2026-01-14T11:01:51Z,28.4223549,77.5265149,15.089,0.67626953125,0,28.42234150205875,77.52653893409239,human_crops/human_1768388511.jpg
2026-01-14T11:01:51Z,28.4223571,77.5265009,15.054,0.64306640625,0,28.4223573577282,77.52651962474273,
2026-01-14T11:01:52Z,28.4223601,77.5264847,15.054,0.61767578125,0,28.42239581285955,77.5265098064796,
2026-01-14T11:01:58Z,28.4223979,77.5262553,14.936,0.5390625,0,28.422429399053236,77.5262239734809,
2026-01-14T11:01:59Z,28.4224007,77.5262373,14.943,0.6689453125,0,28.422459960009572,77.52620368744462,human_crops/human_1768388519.jpg
2026-01-14T11:02:00Z,28.4224067,77.5262024,14.866,0.54736328125,0,28.422496645147994,77.52617055398838,
2026-01-14T11:02:01Z,28.4224159,77.5261502,14.819,0.6298828125,0,28.422495290999098,77.52601939351713,
2026-01-14T11:02:02Z,28.422421,77.526123,14.795,0.525390625,0,28.422526256545375,77.52599148078387,
2026-01-14T11:02:06Z,28.4224604,77.5260942,14.816,0.5810546875,0,28.422580404415797,77.52607016742036,
2026-01-14T11:02:14Z,28.4224831,77.5262994,15.132,0.5341796875,0,28.422612779678808,77.5261373620287,
2026-01-14T11:02:14Z,28.4224803,77.5263172,15.132,0.6669921875,0,28.422586663699107,77.52615419645615,human_crops/human_1768388534.jpg
2026-01-14T11:02:24Z,28.4224803,77.5265836,14.921,0.55517578125,0,28.422568027934176,77.52645080320755,
2026-01-14T11:02:26Z,28.4224911,77.5265858,14.986,0.556640625,0,28.422548767125214,77.52651962106707,
2026-01-14T11:02:26Z,28.4225173,77.52658,15.179,0.61865234375,0,28.42258178964171,77.52655544816524,human_crops/human_1768388546.jpg
2026-01-14T11:02:27Z,28.4225237,77.5265731,15.203,0.529296875,0,28.422597538470026,77.52655836486971,
2026-01-14T11:02:28Z,28.4225324,77.5265531,15.111,0.5859375,0,28.42262546940613,77.526549665837,
2026-01-14T11:02:28Z,28.4225351,77.5265394,15.076,0.55419921875,0,28.422639093912807,77.5265245579184,
2026-01-14T11:02:32Z,28.4225544,77.5264174,14.895,0.5205078125,0,28.422480239803154,77.5264462692089,
2026-01-14T11:02:33Z,28.4225632,77.5263646,14.936,0.6513671875,0,28.422550576987916,77.52639933717876,human_crops/human_1768388553.jpg
2026-01-14T11:02:34Z,28.4225657,77.5263473,14.937,0.57373046875,0,28.422578197865686,77.52637351351878,
2026-01-14T11:02:37Z,28.4225833,77.5262409,14.946,0.5263671875,0,28.42252437164707,77.52625012442216,
2026-01-14T11:02:37Z,28.4225862,77.5262233,14.964,0.5009765625,0,28.42255495119812,77.52623148898616,
2026-01-14T11:02:38Z,28.4225891,77.5262059,14.964,0.56689453125,0,28.42262673262967,77.52620161122601,
2026-01-14T11:02:39Z,28.4225943,77.526175,15.017,0.51171875,0,28.42266409024879,77.52616854652163,
2026-01-14T11:02:49Z,28.4225483,77.5261484,16.876,0.513671875,0,28.422696993148257,77.52604335508383,
2026-01-14T11:02:53Z,28.4224589,77.5261797,16.938,0.5068359375,0,28.422475809554605,77.5261572579309,
2026-01-14T11:02:53Z,28.422444,77.5261846,16.922,0.521484375,0,28.422456747586086,77.52611676611272,
2026-01-14T11:02:54Z,28.422444,77.5261846,16.922,0.54736328125,0,28.42259679393132,77.52614627579342,
2026-01-14T11:02:55Z,28.4223827,77.5262049,16.859,0.5859375,0,28.422525291016886,77.5261393034334,
2026-01-14T11:02:55Z,28.4223677,77.5262105,16.856,0.55078125,0,28.422507889432296,77.52611303051121,
2026-01-14T11:02:56Z,28.4223529,77.5262166,16.801,0.60302734375,0,28.42243073997709,77.52624386617589,human_crops/human_1768388576.jpg
2026-01-14T11:02:56Z,28.4223395,77.5262228,16.749,0.77001953125,0,28.422417349518952,77.52623658442829,
2026-01-14T11:02:57Z,28.4223281,77.5262276,16.731,0.75390625,0,28.422403047199367,77.52620587688979,
2026-01-14T11:02:57Z,28.4223177,77.5262314,16.734,0.65869140625,0,28.42238920653754,77.52617455543663,
2026-01-14T11:02:58Z,28.4223084,77.526234,16.722,0.51171875,0,28.42237884742965,77.52615107078368,
2026-01-14T11:02:59Z,28.4222946,77.5262369,16.682,0.501953125,0,28.422238380366075,77.52621907350665,
2026-01-14T11:02:59Z,28.4222908,77.5262377,16.662,0.5419921875,0,28.422376987257014,77.52608076636,
2026-01-14T11:03:00Z,28.4222891,77.5262386,16.595,0.62841796875,0,28.422377289816616,77.5260853556736,
2026-01-14T11:03:00Z,28.4222888,77.5262392,16.566,0.583984375,0,28.422392201788192,77.52608263187233,
2026-01-14T11:03:01Z,28.4222886,77.5262396,16.573,0.75146484375,0,28.422388735652024,77.52608091997631,
2026-01-14T11:03:03Z,28.4222891,77.5262403,16.654,0.5029296875,0,28.42223893011748,77.52623158276437,
2026-01-14T11:03:03Z,28.4222891,77.5262403,16.654,0.5146484375,0,28.422202829820304,77.52626391747327,
2026-01-14T11:03:06Z,28.4222904,77.5262393,16.74,0.501953125,0,28.422246657907795,77.52628165176552,
2026-01-14T11:03:06Z,28.4222904,77.5262394,16.55,0.5009765625,0,28.42224378128886,77.5262873648345,
2026-01-14T11:03:08Z,28.4222902,77.5262396,15.459,0.52734375,0,28.422239577827327,77.52623090405751,
2026-01-14T11:03:09Z,28.4222905,77.5262399,14.759,0.56689453125,0,28.422238547971915,77.52623683622465,
2026-01-14T11:03:09Z,28.4222908,77.5262399,14.407,0.5283203125,0,28.422244015017135,77.52629317346607,
2026-01-14T11:03:10Z,28.4222906,77.5262397,13.709,0.517578125,0,28.422238448505674,77.52623958409862,
2026-01-14T11:11:29Z,28.4222851,77.5262387,13.416,0.591796875,0,28.42223667213227,77.52627927620324,
2026-01-14T11:11:29Z,28.4222846,77.526239,13.909,0.5322265625,0,28.4222276177864,77.52628027482153,
2026-01-14T11:11:30Z,28.422284,77.5262395,14.391,0.517578125,0,28.422225805000387,77.52628060454776,
2026-01-14T11:11:30Z,28.4222838,77.5262395,14.727,0.515625,0,28.422229161518914,77.52627744091546,
2026-01-14T11:11:31Z,28.4222838,77.5262392,14.873,0.60400390625,0,28.422222887304482,77.52628024073394,human_crops/human_1768389091.jpg
2026-01-14T11:11:33Z,28.4222838,77.5262392,14.873,0.5390625,0,28.42222290106622,77.52629110238446,
2026-01-14T11:11:33Z,28.4222883,77.5262285,15.003,0.56396484375,0,28.422225699356673,77.52629218171651,
2026-01-14T11:11:34Z,28.4222904,77.5262217,15.026,0.533203125,0,28.42223666784214,77.52628393681466,
2026-01-14T11:11:34Z,28.422293,77.5262127,15.04,0.70068359375,0,28.422250053293038,77.52627594506718,
2026-01-14T11:11:35Z,28.4222961,77.5262025,15.056,0.55517578125,0,28.422265844284095,77.52627903056883,
2026-01-14T11:11:36Z,28.4223001,77.5261905,15.095,0.5322265625,0,28.422285209623816,77.52627755969507,
2026-01-14T11:11:36Z,28.4223046,77.5261765,15.088,0.5537109375,0,28.422318242035377,77.52626130090675,
2026-01-14T11:11:44Z,28.4223193,77.5261808,15.152,0.5458984375,0,28.422329580187355,77.52628028001767,
2026-01-14T11:11:47Z,28.422307,77.5262118,16.652,0.5439453125,0,28.422314956927565,77.52628502008207,
2026-01-14T11:11:48Z,28.4223021,77.5262174,16.669,0.5224609375,0,28.42228661490837,77.52627292938278,
2026-01-14T11:11:49Z,28.4222925,77.5262284,16.701,0.55908203125,0,28.422243831443463,77.52626518006477,
2026-01-14T11:11:49Z,28.4222892,77.5262328,16.694,0.55810546875,0,28.422238675962287,77.52626975026324,
2026-01-14T11:11:50Z,28.4222869,77.5262364,16.685,0.5078125,0,28.422220510318084,77.52628139646883,
2026-01-14T11:11:51Z,28.4222841,77.5262386,16.757,0.54296875,0,28.42223639742652,77.52621925337573,
2026-01-14T11:11:52Z,28.4222837,77.5262395,16.857,0.56494140625,0,28.422235911866654,77.52621043817516,
2026-01-14T11:11:54Z,28.4222829,77.5262397,16.766,0.5107421875,0,28.422246327478952,77.52623589918768,
2026-01-14T11:11:56Z,28.4222851,77.5262401,16.85,0.55224609375,0,28.42222987192549,77.52629605946986,
2026-01-14T11:11:57Z,28.4222861,77.5262403,16.855,0.50390625,0,28.422227658440715,77.52628825415609,
2026-01-14T11:11:57Z,28.422285,77.5262394,16.167,0.548828125,0,28.422243087644766,77.52627056123285,
2026-01-14T11:11:58Z,28.422284,77.5262382,15.457,0.525390625,0,28.422219793456314,77.52626559690195,
2026-01-14T11:12:00Z,28.4222862,77.5262375,14.437,0.57470703125,0,28.422229797060364,77.526278565386,
2026-01-14T11:26:13Z,28.4222879,77.5262181,12.323,0.57763671875,0,28.42223251753414,77.52624185140485,
2026-01-14T11:26:14Z,28.4222881,77.5262181,12.81,0.59814453125,0,28.422237879889366,77.52624700206567,
2026-01-14T11:26:15Z,28.4222887,77.5262183,13.727,0.59765625,0,28.42223889457276,77.52625143752344,
2026-01-14T11:26:16Z,28.4222886,77.5262183,14.227,0.5029296875,0,28.422239078351407,77.52624373438795,
2026-01-14T11:26:18Z,28.4222907,77.5262137,15.063,0.5068359375,0,28.422228525904348,77.52626033389625,
2026-01-14T11:26:18Z,28.4222919,77.5262089,15.065,0.513671875,0,28.4222309190399,77.52625670423424,
2026-01-14T11:26:30Z,28.4223161,77.5261926,14.588,0.5576171875,0,28.422294631006785,77.5262466061833,
2026-01-14T11:26:34Z,28.4222893,77.5263519,14.803,0.5830078125,0,28.422334669540067,77.52637050756816,
2026-01-14T11:27:03Z,28.4225063,77.5261215,14.725,0.5537109375,0,28.422626561305464,77.5260942953018,
2026-01-14T11:27:04Z,28.4225063,77.5261215,14.725,0.57177734375,0,28.422608512067992,77.52611232708406,
2026-01-14T11:27:05Z,28.4225074,77.5261549,14.769,0.5341796875,0,28.422554748871196,77.52612479075921,
2026-01-14T11:27:41Z,28.4226018,77.5261287,16.623,0.63037109375,0,28.42271403654999,77.52608866930022,human_crops/human_1768390061.jpg
2026-01-14T11:27:42Z,28.4225984,77.5261295,16.733,0.501953125,0,28.42271306869182,77.52606791636329,
2026-01-14T11:27:46Z,28.4225033,77.5261552,16.969,0.548828125,0,28.422585276863064,77.52609202992087,
2026-01-14T11:27:51Z,28.4223364,77.5262009,16.932,0.68017578125,0,28.422330661352092,77.52626945964876,human_crops/human_1768390071.jpg
2026-01-14T11:27:52Z,28.4223364,77.5262009,16.932,0.5830078125,0,28.422315107954294,77.52623690423172,
2026-01-14T11:27:53Z,28.4223066,77.52621,16.824,0.56591796875,0,28.422277408258484,77.52622642293984,
2026-01-14T11:27:54Z,28.4223,77.5262116,16.802,0.62890625,0,28.422269381685336,77.52620036118714,
2026-01-14T11:27:58Z,28.422292,77.5262135,16.72,0.5185546875,0,28.422278157098837,77.52619883641968,
2026-01-14T11:27:59Z,28.4222921,77.5262132,16.732,0.5029296875,0,28.422278570967233,77.52619626131175,
2026-01-14T11:27:59Z,28.4222922,77.5262133,16.758,0.67724609375,0,28.422273474410314,77.52620395668322,human_crops/human_1768390079.jpg
2026-01-14T11:28:00Z,28.4222923,77.5262133,16.77,0.5947265625,0,28.422274401452977,77.5261974574158,
2026-01-14T11:28:00Z,28.4222923,77.5262133,16.778,0.5107421875,0,28.422281082007746,77.52619903055322,
2026-01-14T11:28:01Z,28.4222921,77.5262138,16.712,0.57275390625,0,28.42226207337345,77.52620001541703,
2026-01-14T11:28:02Z,28.4222921,77.5262138,16.712,0.50390625,0,28.42226187061798,77.52621024766633,
2026-01-14T11:28:03Z,28.4222921,77.5262138,16.712,0.5166015625,0,28.42226177325715,77.52621245240763,
2026-01-14T11:28:04Z,28.422293,77.5262142,14.97,0.626953125,0,28.422267789402813,77.52621480783053,
2026-01-14T11:28:04Z,28.4222931,77.526214,14.255,0.57275390625,0,28.42226851084457,77.52621684016755,
2026-01-14T11:28:05Z,28.4222931,77.5262136,13.89,0.67333984375,0,28.422269540772735,77.5262153858745,human_crops/human_1768390085.jpg
2026-01-14T11:48:15Z,28.4222756,77.5262181,11.877,0.5107421875,0,28.422224242133463,77.52622816030417,
2026-01-14T11:49:14Z,28.4225048,77.5263663,15.095,0.60595703125,0,28.42246363023676,77.52642643007995,human_crops/human_1768391354.jpg
2026-01-14T11:49:41Z,28.4222752,77.5262186,16.94,0.625,0,28.422252010799024,77.5261963288366,human_crops/human_1768391381.jpg
2026-01-14T11:49:46Z,28.4222749,77.5262193,16.959,0.505859375,0,28.422248915083816,77.52623687550873,
2026-01-14T11:49:48Z,28.4222762,77.5262206,16.703,0.5107421875,0,28.422249492959764,77.52623175333903,
2026-01-14T11:49:54Z,28.4222764,77.52622,12.863,0.53125,0,28.422244023448815,77.52625363067281,
2026-01-14T11:49:55Z,28.4222762,77.5262196,12.151,0.55419921875,0,28.422241382778736,77.5262515514544,
2026-01-14T11:49:56Z,28.4222757,77.5262195,11.037,0.56982421875,0,28.422236311770522,77.52625329843401,
2026-01-15T07:54:54Z,28.4223101,77.5262225,10.935,0.5615234375,0,28.42235190108467,77.52622803744512,
2026-01-15T07:54:55Z,28.4223111,77.5262229,11.905,0.5166015625,0,28.42235919620698,77.52622477649234,
2026-01-15T07:54:55Z,28.4223117,77.5262235,12.419,0.56787109375,0,28.42235356299511,77.52623040921137,
2026-01-15T07:55:18Z,28.4225792,77.526114,15.065,0.5537109375,0,28.422658409745438,77.52603846782283,
2026-01-15T07:55:19Z,28.4225997,77.5261182,15.082,0.517578125,0,28.42266742508356,77.52607335558973,
2026-01-15T07:55:54Z,28.4226137,77.526207,15.057,0.529296875,0,28.42255622919919,77.5262519070849,
2026-01-15T07:56:16Z,28.4224449,77.5262459,15.143,0.61962890625,0,28.42248635654209,77.52613848598693,human_crops/human_1768463776.jpg
2026-01-15T07:56:16Z,28.4224562,77.5262483,15.058,0.5205078125,0,28.422495736573595,77.52616730069668,
2026-01-15T07:56:17Z,28.4224676,77.5262509,15.054,0.5244140625,0,28.422503543443227,77.52620665114235,
2026-01-15T07:56:17Z,28.4224789,77.5262536,15.04,0.625,0,28.422505971107938,77.52623742478222,
2026-01-15T07:56:22Z,28.4225765,77.5262797,14.911,0.642578125,0,28.42265049177274,77.52617727572799,human_crops/human_1768463782.jpg
2026-01-15T07:56:22Z,28.4225765,77.5262797,14.911,0.6748046875,0,28.422644888637166,77.526202139771,
2026-01-15T07:56:23Z,28.4225765,77.5262797,14.911,0.62451171875,0,28.422641303300914,77.52621459750986,
2026-01-15T07:56:23Z,28.4225765,77.5262797,14.911,0.662109375,0,28.42263344587766,77.52623302251548,
2026-01-15T07:56:24Z,28.4226186,77.5262915,14.88,0.591796875,0,28.422663393370705,77.52627272376422,
2026-01-15T07:56:24Z,28.4226297,77.5262946,14.887,0.509765625,0,28.42266937909618,77.52631418892518,
2026-01-15T07:57:02Z,28.4224783,77.5263394,15.047,0.60498046875,0,28.422567674296793,77.52627912159865,human_crops/human_1768463822.jpg
2026-01-15T07:57:03Z,28.4224674,77.5263369,15.069,0.60400390625,0,28.42255466688,77.52625764353193,
2026-01-15T07:57:03Z,28.4224565,77.5263343,15.123,0.5126953125,0,28.422543950259612,77.52623445896444,
2026-01-15T07:58:16Z,28.4223655,77.5262741,17.053,0.54736328125,0,28.422343775498717,77.52622568788952,
2026-01-15T07:58:16Z,28.4223571,77.5262661,17.079,0.5947265625,0,28.422351894296614,77.52618570780488,
2026-01-15T07:58:17Z,28.4223485,77.526258,17.056,0.548828125,0,28.42234589417094,77.52615290047615,
2026-01-15T07:58:18Z,28.4223314,77.5262419,17.029,0.529296875,0,28.42235395625614,77.52606873354199,
2026-01-15T07:58:18Z,28.422325,77.5262355,17.03,0.64501953125,0,28.422360720078334,77.52607101063616,human_crops/human_1768463898.jpg
2026-01-15T07:58:19Z,28.4223194,77.5262304,17.024,0.5439453125,0,28.42236434626781,77.52603826695642,
2026-01-15T07:58:19Z,28.4223149,77.5262263,16.988,0.59814453125,0,28.42236646487726,77.52626093474083,
2026-01-15T07:58:20Z,28.4223119,77.5262236,16.927,0.5537109375,0,28.422363181995696,77.5262503807624,
2026-01-15T07:58:20Z,28.4223103,77.5262222,16.896,0.55810546875,0,28.42236025477255,77.52625541053824,
2026-01-15T07:58:21Z,28.4223101,77.5262215,16.915,0.544921875,0,28.422367113967343,77.52627403903355,
2026-01-15T07:58:22Z,28.42231,77.5262212,16.923,0.5166015625,0,28.42236688678023,77.52625904443947,
2026-01-15T07:58:22Z,28.42231,77.5262212,16.923,0.72900390625,0,28.422381838836113,77.52609262353413,
2026-01-15T07:58:22Z,28.42231,77.5262212,16.923,0.5234375,0,28.422365299933507,77.52626335095877,
2026-01-15T07:58:23Z,28.4223109,77.5262226,17.015,0.61962890625,0,28.422385969243457,77.52612819985258,
2026-01-15T07:58:23Z,28.422311,77.5262229,17.05,0.5439453125,0,28.42238745626497,77.52613426177402,
2026-01-15T07:58:24Z,28.4223113,77.5262228,17.102,0.6513671875,0,28.42239192065617,77.52615467299431,human_crops/human_1768463904.jpg
2026-01-15T07:58:25Z,28.4223116,77.5262228,17.142,0.537109375,0,28.42236923367615,77.5262775268773,
2026-01-15T07:58:25Z,28.4223121,77.5262228,17.157,0.66552734375,0,28.42238210371641,77.52608878398357,
2026-01-15T07:58:26Z,28.4223121,77.5262228,17.157,0.5361328125,0,28.42239748294235,77.52610783529059,
2026-01-15T07:58:26Z,28.4223126,77.5262237,17.136,0.5263671875,0,28.422385346422086,77.52622080282477,
2026-01-15T07:58:27Z,28.4223126,77.5262237,16.847,0.57861328125,0,28.422388257477717,77.52613559513618,
2026-01-15T07:58:27Z,28.4223123,77.5262237,16.43,0.61669921875,0,28.422410223323734,77.52615030696094,
2026-01-15T07:58:28Z,28.422311,77.5262238,15.705,0.5107421875,0,28.422380165040224,77.52616428952585,
2026-01-15T07:58:29Z,28.4223108,77.5262231,15.365,0.5244140625,0,28.42238469246445,77.52617939027714,
2026-01-15T07:58:29Z,28.4223106,77.5262224,15.012,0.5244140625,0,28.42239042086834,77.5261890973189,
2026-01-15T08:07:09Z,28.4225294,77.5260996,14.848,0.50390625,0,28.422573873795773,77.52601451864584,
2026-01-15T08:07:10Z,28.4225628,77.5261093,14.859,0.513671875,0,28.4226000487233,77.52608474314621,
2026-01-15T08:07:11Z,28.4225733,77.5261117,14.933,0.537109375,0,28.42260133066459,77.52609579634412,
2026-01-15T08:08:13Z,28.4225411,77.5262699,14.891,0.54296875,0,28.422578873071753,77.52607877316063,
2026-01-15T08:08:13Z,28.4225523,77.5262733,14.901,0.5517578125,0,28.422586596883907,77.52610554864604,
2026-01-15T08:08:14Z,28.4225633,77.5262769,14.913,0.63232421875,0,28.422586922371202,77.52614575790004,human_crops/human_1768464494.jpg
2026-01-15T08:08:14Z,28.422574,77.5262806,14.946,0.56689453125,0,28.42258815582393,77.52616720087988,
2026-01-15T08:08:15Z,28.4225843,77.526284,14.949,0.5166015625,0,28.422589671865783,77.5261901756374,
2026-01-15T08:08:15Z,28.4225946,77.5262868,14.924,0.56591796875,0,28.422598208879744,77.52621089109017,
2026-01-15T08:08:16Z,28.4226054,77.526289,14.888,0.5185546875,0,28.422606582429587,77.52624085040648,
2026-01-15T08:08:17Z,28.4226164,77.5262911,14.968,0.5126953125,0,28.422618378259504,77.52628541550006,
2026-01-15T08:08:21Z,28.4227271,77.5263218,14.966,0.5078125,0,28.422804840818475,77.5261664239787,
2026-01-15T08:08:23Z,28.4227697,77.5263331,14.964,0.5517578125,0,28.422845235899768,77.526236507452,
2026-01-15T08:08:23Z,28.4227805,77.5263358,14.945,0.5029296875,0,28.422861754010533,77.52625006804307,
2026-01-15T08:08:24Z,28.4227805,77.5263358,14.945,0.61962890625,0,28.42285435113001,77.52627657617148,human_crops/human_1768464504.jpg
2026-01-15T08:08:24Z,28.4227913,77.5263387,14.93,0.64599609375,0,28.422855479776587,77.52630514167559,
2026-01-15T08:08:25Z,28.4228137,77.5263442,14.912,0.546875,0,28.422876582680356,77.52634810605475,
2026-01-15T08:08:40Z,28.4227951,77.5264235,15.07,0.55078125,0,28.422763668076694,77.5264643601598,
2026-01-15T08:08:52Z,28.422533,77.5263528,15.074,0.53515625,0,28.42260957141903,77.52632541306832,
2026-01-15T08:08:53Z,28.4225211,77.5263511,15.049,0.50390625,0,28.42258915471144,77.52628439927047,
2026-01-15T08:08:57Z,28.4224261,77.5263225,15.111,0.56982421875,0,28.42240723221224,77.52631527540521,
2026-01-15T08:09:09Z,28.4223023,77.5262165,17.103,0.51171875,0,28.42235132593453,77.52625393078856,
2026-01-15T08:09:10Z,28.4223016,77.5262161,17.149,0.5244140625,0,28.422349309482986,77.52628079528553,
2026-01-15T08:09:13Z,28.4223015,77.5262154,17.067,0.5615234375,0,28.422357409023807,77.5262579134659,
2026-01-15T08:09:13Z,28.4223017,77.5262157,17.076,0.5517578125,0,28.422361918549317,77.5262851459064,
2026-01-15T08:09:14Z,28.4223022,77.5262159,17.142,0.5927734375,0,28.42235984418674,77.52627256404824,
2026-01-15T08:09:15Z,28.4223025,77.526216,17.157,0.5849609375,0,28.422364201518217,77.52628981683071,
2026-01-15T08:09:16Z,28.422303,77.5262175,16.425,0.509765625,0,28.422355493136287,77.52628942251837,
2026-01-15T08:09:17Z,28.4223031,77.5262187,16.015,0.544921875,0,28.42234816873118,77.52629217591237,
2026-01-15T08:35:21Z,28.4227187,77.5261964,12.075,0.591796875,0,28.422789152063487,77.52605814946932,
2026-01-15T08:35:34Z,28.4226114,77.5262511,12.048,0.50390625,0,28.42264252648481,77.52622389197565,
2026-01-15T08:35:35Z,28.4226001,77.526248,12.044,0.59033203125,0,28.422637442133915,77.52618791273787,
2026-01-15T08:35:35Z,28.4225889,77.526245,12.025,0.7392578125,0,28.42262919731825,77.52615582430441,human_crops/human_1768466135.jpg
2026-01-15T08:35:36Z,28.422578,77.5262422,11.999,0.62353515625,0,28.422623032621132,77.52612842512096,
2026-01-15T08:35:36Z,28.4225671,77.5262393,11.968,0.61328125,0,28.422626091681163,77.52609683922218,
2026-01-15T08:41:41Z,28.4223089,77.5262198,9.137,0.57080078125,0,28.422336784635274,77.52622481300997,
2026-01-15T08:41:42Z,28.4223089,77.5262198,9.68,0.541015625,0,28.422332641006605,77.52621561138805,
2026-01-15T08:41:42Z,28.4223087,77.5262199,10.172,0.55517578125,0,28.422331984590244,77.52620154696756,
2026-01-15T08:41:43Z,28.4223087,77.52622,10.672,0.6103515625,0,28.422329235575113,77.5262023652721,human_crops/human_1768466503.jpg
2026-01-15T08:41:44Z,28.4223089,77.5262204,11.689,0.5185546875,0,28.42233103713154,77.52620103160092,
2026-01-15T08:41:44Z,28.4223089,77.5262202,11.952,0.533203125,0,28.42233402314153,77.52620093322224,
2026-01-15T08:41:45Z,28.4223089,77.5262202,11.952,0.63671875,0,28.42233068718119,77.52619827570398,
2026-01-15T08:41:45Z,28.4223089,77.5262202,11.952,0.62890625,0,28.422325685547342,77.52619899312327,
2026-01-15T08:41:46Z,28.4223089,77.5262202,11.952,0.6591796875,0,28.42232431903983,77.52619240564584,
2026-01-15T08:41:46Z,28.422309,77.5262183,12.023,0.59912109375,0,28.422324107880065,77.52620152485954,
2026-01-15T08:41:47Z,28.4223123,77.5262113,12.078,0.61767578125,0,28.422328376323502,77.52620819736572,
2026-01-15T08:41:48Z,28.4223145,77.5262053,12.087,0.509765625,0,28.42233733983958,77.52620169199709,
2026-01-15T08:42:10Z,28.4227277,77.5261992,11.802,0.5126953125,0,28.42277664079897,77.52606655185006,
2026-01-15T08:42:16Z,28.4227564,77.5262844,11.947,0.521484375,0,28.422843724696627,77.52621773333203,
2026-01-15T08:42:44Z,28.4224002,77.5262803,12.095,0.556640625,0,28.422399604879164,77.52618062259721,
2026-01-15T08:42:44Z,28.422444,77.5262915,12.23,0.533203125,0,28.422451424043672,77.52623397692803,
2026-01-15T08:42:45Z,28.4224667,77.5262978,12.204,0.5126953125,0,28.422467375947516,77.52626957323449,
2026-01-15T08:43:15Z,28.4224939,77.5263881,11.848,0.5498046875,0,28.42253677571767,77.52638747781728,
2026-01-15T08:43:16Z,28.4224722,77.5263829,11.96,0.59814453125,0,28.42252155608455,77.52633695756866,
2026-01-15T08:43:33Z,28.4224633,77.526464,11.875,0.529296875,0,28.422486157232605,77.52638529718352,
2026-01-15T08:43:34Z,28.4224742,77.5264668,11.917,0.533203125,0,28.422495577591235,77.52640923402672,
2026-01-15T08:43:55Z,28.422638,77.5265951,12.026,0.55419921875,0,28.422716872033067,77.52646538949973,
2026-01-15T08:44:30Z,28.4223072,77.526219,13.926,0.5107421875,0,28.42233691993918,77.52630125741463,
2026-01-15T08:44:32Z,28.4223079,77.5262195,13.925,0.53759765625,0,28.422349142702977,77.52630050768944,
2026-01-15T08:44:33Z,28.4223071,77.5262202,14.046,0.5068359375,0,28.42233877230157,77.52629399550632,
2026-01-15T08:44:34Z,28.4223067,77.5262211,13.987,0.5107421875,0,28.42233357545679,77.52628092160988,
